razlicica,vzs,naziv,horizont,model,izvor,cilj,y_true,y_pred,cez_vrzel,mase_scale,ae,se,ase
izhodiscna,1010P,Dermatološki pregled - prvi,1,naivni,2025-04-09,2025-04-16,29052.0,28616.0,False,199.3529,436.0,190096.0,2.1871
izhodiscna,1010P,Dermatološki pregled - prvi,1,lin,2025-04-09,2025-04-16,29052.0,29422.638,False,199.3529,370.638,137372.5338,1.8592
izhodiscna,1010P,Dermatološki pregled - prvi,1,ar1,2025-04-09,2025-04-16,29052.0,28624.6838,False,199.3529,427.3162,182599.1071,2.1435
izhodiscna,1010P,Dermatološki pregled - prvi,1,naivni,2025-04-16,2025-04-23,29251.0,29052.0,False,203.9038,199.0,39601.0,0.976
izhodiscna,1010P,Dermatološki pregled - prvi,1,lin,2025-04-16,2025-04-23,29251.0,29466.3578,False,203.9038,215.3578,46378.9669,1.0562
izhodiscna,1010P,Dermatološki pregled - prvi,1,ar1,2025-04-16,2025-04-23,29251.0,29047.3906,False,203.9038,203.6094,41456.8009,0.9986
izhodiscna,1010P,Dermatološki pregled - prvi,1,naivni,2025-04-23,2025-04-30,29477.0,29251.0,False,203.8113,226.0,51076.0,1.1089
izhodiscna,1010P,Dermatološki pregled - prvi,1,lin,2025-04-23,2025-04-30,29477.0,29521.3208,False,203.8113,44.3208,1964.3293,0.2175
izhodiscna,1010P,Dermatološki pregled - prvi,1,ar1,2025-04-23,2025-04-30,29477.0,29243.4171,False,203.8113,233.5829,54560.9864,1.1461
izhodiscna,1010P,Dermatološki pregled - prvi,1,naivni,2025-04-30,2025-05-07,29399.0,29477.0,False,204.2222,78.0,6084.0,0.3819
izhodiscna,1010P,Dermatološki pregled - prvi,1,lin,2025-04-30,2025-05-07,29399.0,29588.5778,False,204.2222,189.5778,35939.7338,0.9283
izhodiscna,1010P,Dermatološki pregled - prvi,1,ar1,2025-04-30,2025-05-07,29399.0,29468.0989,False,204.2222,69.0989,4774.6519,0.3384
izhodiscna,1010P,Dermatološki pregled - prvi,1,naivni,2025-05-07,2025-05-14,29670.0,29399.0,False,201.9273,271.0,73441.0,1.3421
izhodiscna,1010P,Dermatološki pregled - prvi,1,lin,2025-05-07,2025-05-14,29670.0,29645.4305,False,201.9273,24.5695,603.6594,0.1217
izhodiscna,1010P,Dermatološki pregled - prvi,1,ar1,2025-05-07,2025-05-14,29670.0,29390.8264,False,201.9273,279.1736,77937.9075,1.3825
izhodiscna,1010P,Dermatološki pregled - prvi,1,naivni,2025-05-14,2025-05-21,29970.0,29670.0,False,203.1607,300.0,90000.0,1.4767
izhodiscna,1010P,Dermatološki pregled - prvi,1,lin,2025-05-14,2025-05-21,29970.0,29717.1924,False,203.1607,252.8076,63911.7049,1.2444
izhodiscna,1010P,Dermatološki pregled - prvi,1,ar1,2025-05-14,2025-05-21,29970.0,29661.1932,False,203.1607,308.8068,95361.6573,1.52
izhodiscna,1010P,Dermatološki pregled - prvi,1,naivni,2025-05-21,2025-05-28,30268.0,29970.0,False,204.8596,298.0,88804.0,1.4547
izhodiscna,1010P,Dermatološki pregled - prvi,1,lin,2025-05-21,2025-05-28,30268.0,29804.7096,False,204.8596,463.2904,214637.9772,2.2615
izhodiscna,1010P,Dermatološki pregled - prvi,1,ar1,2025-05-21,2025-05-28,30268.0,29964.3048,False,204.8596,303.6952,92230.7699,1.4825
izhodiscna,1010P,Dermatološki pregled - prvi,1,naivni,2025-05-28,2025-06-04,30363.0,30268.0,False,206.4655,95.0,9025.0,0.4601
izhodiscna,1010P,Dermatološki pregled - prvi,1,lin,2025-05-28,2025-06-04,30363.0,29906.6447,False,206.4655,456.3553,208260.2034,2.2103
izhodiscna,1010P,Dermatološki pregled - prvi,1,ar1,2025-05-28,2025-06-04,30363.0,30269.4317,False,206.4655,93.5683,8755.0259,0.4532
izhodiscna,1010P,Dermatološki pregled - prvi,1,naivni,2025-06-04,2025-06-11,27205.0,30363.0,False,204.5763,3158.0,9972964.0,15.4368
izhodiscna,1010P,Dermatološki pregled - prvi,1,lin,2025-06-04,2025-06-11,27205.0,30008.3791,False,204.5763,2803.3791,7858934.3561,13.7033
izhodiscna,1010P,Dermatološki pregled - prvi,1,ar1,2025-06-04,2025-06-11,27205.0,30367.3922,False,204.5763,3162.3922,10000724.729,15.4583
izhodiscna,1010P,Dermatološki pregled - prvi,1,naivni,2025-06-11,2025-06-18,30935.0,27205.0,False,253.8,3730.0,13912900.0,14.6966
izhodiscna,1010P,Dermatološki pregled - prvi,1,lin,2025-06-11,2025-06-18,30935.0,29896.6098,False,253.8,1038.3902,1078254.1326,4.0914
izhodiscna,1010P,Dermatološki pregled - prvi,1,ar1,2025-06-11,2025-06-18,30935.0,27314.5744,False,253.8,3620.4256,13107481.2387,14.2649
izhodiscna,1010P,Dermatološki pregled - prvi,1,naivni,2025-06-18,2025-07-02,31670.0,30935.0,True,310.7869,735.0,540225.0,2.365
izhodiscna,1010P,Dermatološki pregled - prvi,1,lin,2025-06-18,2025-07-02,31670.0,30031.2142,True,310.7869,1638.7858,2685618.9888,5.273
izhodiscna,1010P,Dermatološki pregled - prvi,1,ar1,2025-06-18,2025-07-02,31670.0,30668.6532,True,310.7869,1001.3468,1002695.3728,3.222
izhodiscna,1010P,Dermatološki pregled - prvi,1,naivni,2025-07-02,2025-07-09,31780.0,31670.0,False,317.629,110.0,12100.0,0.3463
izhodiscna,1010P,Dermatološki pregled - prvi,1,lin,2025-07-02,2025-07-09,31780.0,30204.4706,False,317.629,1575.5294,2482293.0222,4.9603
izhodiscna,1010P,Dermatološki pregled - prvi,1,ar1,2025-07-02,2025-07-09,31780.0,31419.4082,False,317.629,360.5918,130026.4575,1.1353
izhodiscna,1010P,Dermatološki pregled - prvi,1,naivni,2025-07-09,2025-07-16,31700.0,31780.0,False,314.3333,80.0,6400.0,0.2545
izhodiscna,1010P,Dermatološki pregled - prvi,1,lin,2025-07-09,2025-07-16,31700.0,30374.5863,False,314.3333,1325.4137,1756721.4509,4.2166
izhodiscna,1010P,Dermatološki pregled - prvi,1,ar1,2025-07-09,2025-07-16,31700.0,31559.6257,False,314.3333,140.3743,19704.9519,0.4466
izhodiscna,1010P,Dermatološki pregled - prvi,1,naivni,2025-07-16,2025-07-23,31383.0,31700.0,False,310.6719,317.0,100489.0,1.0204
izhodiscna,1010P,Dermatološki pregled - prvi,1,lin,2025-07-16,2025-07-23,31383.0,30530.0678,False,310.6719,852.9322,727493.3575,2.7454
izhodiscna,1010P,Dermatološki pregled - prvi,1,ar1,2025-07-16,2025-07-23,31383.0,31500.9662,False,310.6719,117.9662,13916.0203,0.3797
izhodiscna,1010P,Dermatološki pregled - prvi,1,naivni,2025-07-23,2025-07-30,31320.0,31383.0,False,310.7692,63.0,3969.0,0.2027
izhodiscna,1010P,Dermatološki pregled - prvi,1,lin,2025-07-23,2025-07-30,31320.0,30657.5319,False,310.7692,662.4681,438863.9375,2.1317
izhodiscna,1010P,Dermatološki pregled - prvi,1,ar1,2025-07-23,2025-07-30,31320.0,31200.6784,False,310.7692,119.3216,14237.6513,0.384
izhodiscna,1010P,Dermatološki pregled - prvi,1,naivni,2025-07-30,2025-08-06,31705.0,31320.0,False,307.0152,385.0,148225.0,1.254
izhodiscna,1010P,Dermatološki pregled - prvi,1,lin,2025-07-30,2025-08-06,31705.0,30774.0109,False,307.0152,930.9891,866740.7884,3.0324
izhodiscna,1010P,Dermatološki pregled - prvi,1,ar1,2025-07-30,2025-08-06,31705.0,31151.7087,False,307.0152,553.2913,306131.2851,1.8022
izhodiscna,1010P,Dermatološki pregled - prvi,1,naivni,2025-08-06,2025-08-13,31763.0,31705.0,False,308.1791,58.0,3364.0,0.1882
izhodiscna,1010P,Dermatološki pregled - prvi,1,lin,2025-08-06,2025-08-13,31763.0,30906.5759,False,308.1791,856.4241,733462.164,2.779
izhodiscna,1010P,Dermatološki pregled - prvi,1,ar1,2025-08-06,2025-08-13,31763.0,31544.1213,False,308.1791,218.8787,47907.8929,0.7102
izhodiscna,1010P,Dermatološki pregled - prvi,1,naivni,2025-08-13,2025-08-20,31629.0,31763.0,False,304.5,134.0,17956.0,0.4401
izhodiscna,1010P,Dermatološki pregled - prvi,1,lin,2025-08-13,2025-08-20,31629.0,31035.2153,False,304.5,593.7847,352580.3174,1.95
izhodiscna,1010P,Dermatološki pregled - prvi,1,ar1,2025-08-13,2025-08-20,31629.0,31613.9973,False,304.5,15.0027,225.0818,0.0493
izhodiscna,1010P,Dermatološki pregled - prvi,1,naivni,2025-08-20,2025-08-27,31624.0,31629.0,False,302.029,5.0,25.0,0.0166
izhodiscna,1010P,Dermatološki pregled - prvi,1,lin,2025-08-20,2025-08-27,31624.0,31149.2012,False,302.029,474.7988,225433.8604,1.572
izhodiscna,1010P,Dermatološki pregled - prvi,1,ar1,2025-08-20,2025-08-27,31624.0,31490.6722,False,302.029,133.3278,17776.2961,0.4414
izhodiscna,1010P,Dermatološki pregled - prvi,1,naivni,2025-08-27,2025-09-03,31639.0,31624.0,False,297.7857,15.0,225.0,0.0504
izhodiscna,1010P,Dermatološki pregled - prvi,1,lin,2025-08-27,2025-09-03,31639.0,31256.7227,False,297.7857,382.2773,146135.9063,1.2837
izhodiscna,1010P,Dermatološki pregled - prvi,1,ar1,2025-08-27,2025-09-03,31639.0,31494.2638,False,297.7857,144.7362,20948.5627,0.486
izhodiscna,1010P,Dermatološki pregled - prvi,1,naivni,2025-09-03,2025-09-10,31563.0,31639.0,False,293.8028,76.0,5776.0,0.2587
izhodiscna,1010P,Dermatološki pregled - prvi,1,lin,2025-09-03,2025-09-10,31563.0,31359.2899,False,293.8028,203.7101,41497.8024,0.6934
izhodiscna,1010P,Dermatološki pregled - prvi,1,ar1,2025-09-03,2025-09-10,31563.0,31516.6519,False,293.8028,46.3481,2148.1437,0.1578
izhodiscna,1010P,Dermatološki pregled - prvi,1,naivni,2025-09-10,2025-09-17,31723.0,31563.0,False,290.7778,160.0,25600.0,0.5502
izhodiscna,1010P,Dermatološki pregled - prvi,1,lin,2025-09-10,2025-09-17,31723.0,31452.218,False,290.7778,270.782,73322.8717,0.9312
izhodiscna,1010P,Dermatološki pregled - prvi,1,ar1,2025-09-10,2025-09-17,31723.0,31448.3363,False,290.7778,274.6637,75440.128,0.9446
izhodiscna,1010P,Dermatološki pregled - prvi,1,naivni,2025-09-17,2025-09-24,31872.0,31723.0,False,288.9863,149.0,22201.0,0.5156
izhodiscna,1010P,Dermatološki pregled - prvi,1,lin,2025-09-17,2025-09-24,31872.0,31548.8471,False,288.9863,323.1529,104427.8009,1.1182
izhodiscna,1010P,Dermatološki pregled - prvi,1,ar1,2025-09-17,2025-09-24,31872.0,31611.9802,False,288.9863,260.0198,67610.2867,0.8998
izhodiscna,1010P,Dermatološki pregled - prvi,1,naivni,2025-09-24,2025-10-01,31771.0,31872.0,False,287.0946,101.0,10201.0,0.3518
izhodiscna,1010P,Dermatološki pregled - prvi,1,lin,2025-09-24,2025-10-01,31771.0,31648.3668,False,287.0946,122.6332,15038.8903,0.4272
izhodiscna,1010P,Dermatološki pregled - prvi,1,ar1,2025-09-24,2025-10-01,31771.0,31765.3122,False,287.0946,5.6878,32.3516,0.0198
izhodiscna,1010P,Dermatološki pregled - prvi,1,naivni,2025-10-01,2025-10-08,31646.0,31771.0,False,284.6133,125.0,15625.0,0.4392
izhodiscna,1010P,Dermatološki pregled - prvi,1,lin,2025-10-01,2025-10-08,31646.0,31737.4463,False,284.6133,91.4463,8362.4287,0.3213
izhodiscna,1010P,Dermatološki pregled - prvi,1,ar1,2025-10-01,2025-10-08,31646.0,31670.7781,False,284.6133,24.7781,613.9558,0.0871
izhodiscna,1010P,Dermatološki pregled - prvi,1,naivni,2025-10-08,2025-10-15,31631.0,31646.0,False,282.5132,15.0,225.0,0.0531
izhodiscna,1010P,Dermatološki pregled - prvi,1,lin,2025-10-08,2025-10-15,31631.0,31815.4467,False,282.5132,184.4467,34020.5796,0.6529
izhodiscna,1010P,Dermatološki pregled - prvi,1,ar1,2025-10-08,2025-10-15,31631.0,31552.2639,False,282.5132,78.7361,6199.377,0.2787
izhodiscna,1010P,Dermatološki pregled - prvi,1,naivni,2025-10-15,2025-10-22,31599.0,31631.0,False,279.039,32.0,1024.0,0.1147
izhodiscna,1010P,Dermatološki pregled - prvi,1,lin,2025-10-15,2025-10-22,31599.0,31888.6474,False,279.039,289.6474,83895.5889,1.038
izhodiscna,1010P,Dermatološki pregled - prvi,1,ar1,2025-10-15,2025-10-22,31599.0,31541.5661,False,279.039,57.4339,3298.6552,0.2058
izhodiscna,1010P,Dermatološki pregled - prvi,1,naivni,2025-10-22,2025-10-29,31664.0,31599.0,False,275.8718,65.0,4225.0,0.2356
izhodiscna,1010P,Dermatološki pregled - prvi,1,lin,2025-10-22,2025-10-29,31664.0,31956.4615,False,275.8718,292.4615,85533.7515,1.0601
izhodiscna,1010P,Dermatološki pregled - prvi,1,ar1,2025-10-22,2025-10-29,31664.0,31513.8444,False,275.8718,150.1556,22546.697,0.5443
izhodiscna,1010P,Dermatološki pregled - prvi,1,naivni,2025-10-29,2025-11-05,31420.0,31664.0,False,273.2025,244.0,59536.0,0.8931
izhodiscna,1010P,Dermatološki pregled - prvi,1,lin,2025-10-29,2025-11-05,31420.0,32024.0434,False,273.2025,604.0434,364868.374,2.211
izhodiscna,1010P,Dermatološki pregled - prvi,1,ar1,2025-10-29,2025-11-05,31420.0,31580.8685,False,273.2025,160.8685,25878.6602,0.5888
izhodiscna,1010P,Dermatološki pregled - prvi,1,naivni,2025-11-05,2025-11-12,31411.0,31420.0,False,272.8375,9.0,81.0,0.033
izhodiscna,1010P,Dermatološki pregled - prvi,1,lin,2025-11-05,2025-11-12,31411.0,32076.1481,False,272.8375,665.1481,442422.059,2.4379
izhodiscna,1010P,Dermatološki pregled - prvi,1,ar1,2025-11-05,2025-11-12,31411.0,31345.335,False,272.8375,65.665,4311.8906,0.2407
izhodiscna,1010P,Dermatološki pregled - prvi,1,naivni,2025-11-12,2025-11-19,31276.0,31411.0,False,269.5802,135.0,18225.0,0.5008
izhodiscna,1010P,Dermatološki pregled - prvi,1,lin,2025-11-12,2025-11-19,31276.0,32125.0903,False,269.5802,849.0903,720954.3957,3.1497
izhodiscna,1010P,Dermatološki pregled - prvi,1,ar1,2025-11-12,2025-11-19,31276.0,31339.0549,False,269.5802,63.0549,3975.9189,0.2339
izhodiscna,1010P,Dermatološki pregled - prvi,1,naivni,2025-11-19,2025-11-26,31343.0,31276.0,False,267.939,67.0,4489.0,0.2501
izhodiscna,1010P,Dermatološki pregled - prvi,1,lin,2025-11-19,2025-11-26,31343.0,32164.9724,False,267.939,821.9724,675638.5891,3.0678
izhodiscna,1010P,Dermatološki pregled - prvi,1,ar1,2025-11-19,2025-11-26,31343.0,31210.1409,False,267.939,132.8591,17651.5443,0.4959
izhodiscna,1010P,Dermatološki pregled - prvi,1,naivni,2025-11-26,2025-12-03,31108.0,31343.0,False,265.5181,235.0,55225.0,0.8851
izhodiscna,1010P,Dermatološki pregled - prvi,1,lin,2025-11-26,2025-12-03,31108.0,32205.9022,False,265.5181,1097.9022,1205389.1972,4.1349
izhodiscna,1010P,Dermatološki pregled - prvi,1,ar1,2025-11-26,2025-12-03,31108.0,31277.0579,False,265.5181,169.0579,28580.5903,0.6367
izhodiscna,1010P,Dermatološki pregled - prvi,1,naivni,2025-12-03,2025-12-10,30893.0,31108.0,False,265.1548,215.0,46225.0,0.8108
izhodiscna,1010P,Dermatološki pregled - prvi,1,lin,2025-12-03,2025-12-10,30893.0,32233.6168,False,265.1548,1340.6168,1797253.4225,5.056
izhodiscna,1010P,Dermatološki pregled - prvi,1,ar1,2025-12-03,2025-12-10,30893.0,31051.2826,False,265.1548,158.2826,25053.3927,0.5969
izhodiscna,1010P,Dermatološki pregled - prvi,1,naivni,2025-12-10,2025-12-17,30842.0,30893.0,False,264.5647,51.0,2601.0,0.1928
izhodiscna,1010P,Dermatološki pregled - prvi,1,lin,2025-12-10,2025-12-17,30842.0,32249.742,False,264.5647,1407.742,1981737.5309,5.321
izhodiscna,1010P,Dermatološki pregled - prvi,1,ar1,2025-12-10,2025-12-17,30842.0,30845.4199,False,264.5647,3.4199,11.6954,0.0129
izhodiscna,1010P,Dermatološki pregled - prvi,1,naivni,2025-12-17,2026-01-07,30948.0,30842.0,True,262.0814,106.0,11236.0,0.4045
izhodiscna,1010P,Dermatološki pregled - prvi,1,lin,2025-12-17,2026-01-07,30948.0,32262.4226,True,262.0814,1314.4226,1727706.8089,5.0153
izhodiscna,1010P,Dermatološki pregled - prvi,1,ar1,2025-12-17,2026-01-07,30948.0,30797.4685,True,262.0814,150.5315,22659.7307,0.5744
izhodiscna,1010P,Dermatološki pregled - prvi,1,naivni,2026-01-07,2026-01-14,30875.0,30948.0,False,260.2874,73.0,5329.0,0.2805
izhodiscna,1010P,Dermatološki pregled - prvi,1,lin,2026-01-07,2026-01-14,30875.0,32278.9773,False,260.2874,1403.9773,1971152.1823,5.394
izhodiscna,1010P,Dermatološki pregled - prvi,1,ar1,2026-01-07,2026-01-14,30875.0,30900.2852,False,260.2874,25.2852,639.3411,0.0971
izhodiscna,1010P,Dermatološki pregled - prvi,1,naivni,2026-01-14,2026-01-21,30830.0,30875.0,False,258.1591,45.0,2025.0,0.1743
izhodiscna,1010P,Dermatološki pregled - prvi,1,lin,2026-01-14,2026-01-21,30830.0,32291.1713,False,258.1591,1461.1713,2135021.7091,5.66
izhodiscna,1010P,Dermatološki pregled - prvi,1,ar1,2026-01-14,2026-01-21,30830.0,30831.1538,False,258.1591,1.1538,1.3313,0.0045
izhodiscna,1010P,Dermatološki pregled - prvi,1,naivni,2026-01-21,2026-01-28,30715.0,30830.0,False,255.764,115.0,13225.0,0.4496
izhodiscna,1010P,Dermatološki pregled - prvi,1,lin,2026-01-21,2026-01-28,30715.0,32300.4729,False,255.764,1585.4729,2513724.3447,6.199
izhodiscna,1010P,Dermatološki pregled - prvi,1,ar1,2026-01-21,2026-01-28,30715.0,30788.859,False,255.764,73.859,5455.1471,0.2888
izhodiscna,1010P,Dermatološki pregled - prvi,1,naivni,2026-01-28,2026-02-04,30714.0,30715.0,False,254.2,1.0,1.0,0.0039
izhodiscna,1010P,Dermatološki pregled - prvi,1,lin,2026-01-28,2026-02-04,30714.0,32303.9538,False,254.2,1589.9538,2527953.2329,6.2547
izhodiscna,1010P,Dermatološki pregled - prvi,1,ar1,2026-01-28,2026-02-04,30714.0,30679.3955,False,254.2,34.6045,1197.4701,0.1361
izhodiscna,1010P,Dermatološki pregled - prvi,1,naivni,2026-02-04,2026-02-11,30555.0,30714.0,False,251.4176,159.0,25281.0,0.6324
izhodiscna,1010P,Dermatološki pregled - prvi,1,lin,2026-02-04,2026-02-11,30555.0,32306.8612,False,251.4176,1751.8612,3069017.6781,6.9679
izhodiscna,1010P,Dermatološki pregled - prvi,1,ar1,2026-02-04,2026-02-11,30555.0,30679.1001,False,251.4176,124.1001,15400.8328,0.4936
izhodiscna,1010P,Dermatološki pregled - prvi,1,naivni,2026-02-11,2026-02-18,30201.0,30555.0,False,250.413,354.0,125316.0,1.4137
izhodiscna,1010P,Dermatološki pregled - prvi,1,lin,2026-02-11,2026-02-18,30201.0,32302.4331,False,250.413,2101.4331,4416021.2685,8.3919
izhodiscna,1010P,Dermatološki pregled - prvi,1,ar1,2026-02-11,2026-02-18,30201.0,30527.5956,False,250.413,326.5956,106664.6763,1.3042
izhodiscna,1010P,Dermatološki pregled - prvi,1,naivni,2026-02-18,2026-02-25,30066.0,30201.0,False,251.5269,135.0,18225.0,0.5367
izhodiscna,1010P,Dermatološki pregled - prvi,1,lin,2026-02-18,2026-02-25,30066.0,32282.7289,False,251.5269,2216.7289,4913886.9939,8.8131
izhodiscna,1010P,Dermatološki pregled - prvi,1,ar1,2026-02-18,2026-02-25,30066.0,30190.333,False,251.5269,124.333,15458.7052,0.4943
izhodiscna,1010P,Dermatološki pregled - prvi,1,naivni,2026-02-25,2026-03-04,30035.0,30066.0,False,250.2872,31.0,961.0,0.1239
izhodiscna,1010P,Dermatološki pregled - prvi,1,lin,2026-02-25,2026-03-04,30035.0,32257.6994,False,250.2872,2222.6994,4940392.801,8.8806
izhodiscna,1010P,Dermatološki pregled - prvi,1,ar1,2026-02-25,2026-03-04,30035.0,30062.0942,False,250.2872,27.0942,734.0931,0.1083
izhodiscna,1010P,Dermatološki pregled - prvi,1,naivni,2026-03-04,2026-03-11,29977.0,30035.0,False,247.9789,58.0,3364.0,0.2339
izhodiscna,1010P,Dermatološki pregled - prvi,1,lin,2026-03-04,2026-03-11,29977.0,32231.9351,False,247.9789,2254.9351,5084732.2498,9.0933
izhodiscna,1010P,Dermatološki pregled - prvi,1,ar1,2026-03-04,2026-03-11,29977.0,30032.6942,False,247.9789,55.6942,3101.8427,0.2246
izhodiscna,1010P,Dermatološki pregled - prvi,1,naivni,2026-03-11,2026-03-18,29945.0,29977.0,False,246.0,32.0,1024.0,0.1301
izhodiscna,1010P,Dermatološki pregled - prvi,1,lin,2026-03-11,2026-03-18,29945.0,32204.364,False,246.0,2259.364,5104725.8941,9.1844
izhodiscna,1010P,Dermatološki pregled - prvi,1,ar1,2026-03-11,2026-03-18,29945.0,29977.648,False,246.0,32.648,1065.8909,0.1327
izhodiscna,1010P,Dermatološki pregled - prvi,1,naivni,2026-03-18,2026-03-25,30229.0,29945.0,False,243.7938,284.0,80656.0,1.1649
izhodiscna,1010P,Dermatološki pregled - prvi,1,lin,2026-03-18,2026-03-25,30229.0,32176.1378,False,243.7938,1947.1378,3791345.6422,7.9868
izhodiscna,1010P,Dermatološki pregled - prvi,1,ar1,2026-03-18,2026-03-25,30229.0,29947.2695,False,243.7938,281.7305,79372.0787,1.1556
izhodiscna,1010P,Dermatološki pregled - prvi,1,naivni,2026-03-25,2026-04-08,29859.0,30229.0,True,244.2041,370.0,136900.0,1.5151
izhodiscna,1010P,Dermatološki pregled - prvi,1,lin,2026-03-25,2026-04-08,29859.0,32160.061,True,244.2041,2301.061,5294881.8102,9.4227
izhodiscna,1010P,Dermatološki pregled - prvi,1,ar1,2026-03-25,2026-04-08,29859.0,30216.8706,True,244.2041,357.8706,128071.3967,1.4655
izhodiscna,1010P,Dermatološki pregled - prvi,1,naivni,2026-04-08,2026-04-15,29864.0,29859.0,False,245.4747,5.0,25.0,0.0204
izhodiscna,1010P,Dermatološki pregled - prvi,1,lin,2026-04-08,2026-04-15,29864.0,32129.4339,False,245.4747,2265.4339,5132190.9338,9.2288
izhodiscna,1010P,Dermatološki pregled - prvi,1,ar1,2026-04-08,2026-04-15,29864.0,29865.6684,False,245.4747,1.6684,2.7836,0.0068
izhodiscna,1010P,Dermatološki pregled - prvi,1,naivni,2026-04-15,2026-04-29,30164.0,29864.0,True,243.07,300.0,90000.0,1.2342
izhodiscna,1010P,Dermatološki pregled - prvi,1,lin,2026-04-15,2026-04-29,30164.0,32099.7622,True,243.07,1935.7622,3747175.2106,7.9638
izhodiscna,1010P,Dermatološki pregled - prvi,1,ar1,2026-04-15,2026-04-29,30164.0,29870.3308,True,243.07,293.6692,86241.5816,1.2082
izhodiscna,1010P,Dermatološki pregled - prvi,1,naivni,2026-04-29,2026-05-06,30026.0,30164.0,False,243.6337,138.0,19044.0,0.5664
izhodiscna,1010P,Dermatološki pregled - prvi,1,lin,2026-04-29,2026-05-06,30026.0,32082.5789,False,243.6337,2056.5789,4229516.8407,8.4413
izhodiscna,1010P,Dermatološki pregled - prvi,1,ar1,2026-04-29,2026-05-06,30026.0,30154.7138,False,243.6337,128.7138,16567.2422,0.5283
izhodiscna,1010P,Dermatološki pregled - prvi,1,naivni,2026-05-06,2026-05-13,30346.0,30026.0,False,242.598,320.0,102400.0,1.3191
izhodiscna,1010P,Dermatološki pregled - prvi,1,lin,2026-05-06,2026-05-13,30346.0,32060.3352,False,242.598,1714.3352,2938945.3048,7.0666
izhodiscna,1010P,Dermatološki pregled - prvi,1,ar1,2026-05-06,2026-05-13,30346.0,30023.8623,False,242.598,322.1377,103772.7106,1.3279
izhodiscna,1010P,Dermatološki pregled - prvi,1,naivni,2026-05-13,2026-05-20,30447.0,30346.0,False,243.3495,101.0,10201.0,0.415
izhodiscna,1010P,Dermatološki pregled - prvi,1,lin,2026-05-13,2026-05-20,30447.0,32050.8708,False,243.3495,1603.8708,2572401.5402,6.5908
izhodiscna,1010P,Dermatološki pregled - prvi,1,ar1,2026-05-13,2026-05-20,30447.0,30327.5518,False,243.3495,119.4482,14267.8639,0.4909
izhodiscna,1010P,Dermatološki pregled - prvi,1,naivni,2026-05-20,2026-05-27,30870.0,30447.0,False,241.9808,423.0,178929.0,1.7481
izhodiscna,1010P,Dermatološki pregled - prvi,1,lin,2026-05-20,2026-05-27,30870.0,32045.3005,False,241.9808,1175.3005,1381331.3815,4.857
izhodiscna,1010P,Dermatološki pregled - prvi,1,ar1,2026-05-20,2026-05-27,30870.0,30423.8271,False,241.9808,446.1729,199070.2193,1.8438
izhodiscna,1010P,Dermatološki pregled - prvi,1,naivni,2026-05-27,2026-06-03,30293.0,30870.0,False,243.7048,577.0,332929.0,2.3676
izhodiscna,1010P,Dermatološki pregled - prvi,1,lin,2026-05-27,2026-06-03,30293.0,32055.6146,False,243.7048,1762.6146,3106810.0704,7.2326
izhodiscna,1010P,Dermatološki pregled - prvi,1,ar1,2026-05-27,2026-06-03,30293.0,30827.1197,False,243.7048,534.1197,285283.8344,2.1917
izhodiscna,1010P,Dermatološki pregled - prvi,1,naivni,2026-06-03,2026-06-17,30068.0,30293.0,True,246.8491,225.0,50625.0,0.9115
izhodiscna,1010P,Dermatološki pregled - prvi,1,lin,2026-06-03,2026-06-17,30068.0,32043.7656,True,246.8491,1975.7656,3903649.9029,8.0039
izhodiscna,1010P,Dermatološki pregled - prvi,1,ar1,2026-06-03,2026-06-17,30068.0,30277.7739,True,246.8491,209.7739,44005.0746,0.8498
izhodiscna,1010P,Dermatološki pregled - prvi,1,naivni,2026-06-17,2026-06-24,29952.0,30068.0,False,246.6449,116.0,13456.0,0.4703
izhodiscna,1010P,Dermatološki pregled - prvi,1,lin,2026-06-17,2026-06-24,29952.0,32023.7172,False,246.6449,2071.7172,4292012.17,8.3996
izhodiscna,1010P,Dermatološki pregled - prvi,1,ar1,2026-06-17,2026-06-24,29952.0,30064.527,False,246.6449,112.527,12662.3154,0.4562
izhodiscna,1010P,Dermatološki pregled - prvi,1,naivni,2026-06-24,2026-07-01,29643.0,29952.0,False,245.4352,309.0,95481.0,1.259
izhodiscna,1010P,Dermatološki pregled - prvi,1,lin,2026-06-24,2026-07-01,29643.0,31999.8119,False,245.4352,2356.8119,5554562.4574,9.6026
izhodiscna,1010P,Dermatološki pregled - prvi,1,ar1,2026-06-24,2026-07-01,29643.0,29954.6976,False,245.4352,311.6976,97155.4013,1.27
izhodiscna,1010P,Dermatološki pregled - prvi,1,naivni,2026-07-01,2026-07-08,29577.0,29643.0,False,246.0183,66.0,4356.0,0.2683
izhodiscna,1010P,Dermatološki pregled - prvi,1,lin,2026-07-01,2026-07-08,29577.0,31965.194,False,246.0183,2388.194,5703470.5577,9.7074
izhodiscna,1010P,Dermatološki pregled - prvi,1,ar1,2026-07-01,2026-07-08,29577.0,29662.3587,False,246.0183,85.3587,7286.1062,0.347
izhodiscna,1010P,Dermatološki pregled - prvi,1,naivni,2026-07-08,2026-07-15,29233.0,29577.0,False,244.3818,344.0,118336.0,1.4076
izhodiscna,1010P,Dermatološki pregled - prvi,1,lin,2026-07-08,2026-07-15,29233.0,31929.0591,False,244.3818,2696.0591,7268734.8425,11.0322
izhodiscna,1010P,Dermatološki pregled - prvi,1,ar1,2026-07-08,2026-07-15,29233.0,29599.8101,False,244.3818,366.8101,134549.6442,1.501
izhodiscna,1010P,Dermatološki pregled - prvi,4,naivni,2025-04-09,2025-05-07,29399.0,28616.0,False,199.3529,783.0,613089.0,3.9277
izhodiscna,1010P,Dermatološki pregled - prvi,4,lin,2025-04-09,2025-05-07,29399.0,29637.7153,False,199.3529,238.7153,56985.0022,1.1975
izhodiscna,1010P,Dermatološki pregled - prvi,4,ar1,2025-04-09,2025-05-07,29399.0,28647.3815,False,199.3529,751.6185,564930.3157,3.7703
izhodiscna,1010P,Dermatološki pregled - prvi,4,naivni,2025-04-16,2025-05-14,29670.0,29052.0,False,203.9038,618.0,381924.0,3.0308
izhodiscna,1010P,Dermatološki pregled - prvi,4,lin,2025-04-16,2025-05-14,29670.0,29679.104,False,203.9038,9.104,82.8831,0.0446
izhodiscna,1010P,Dermatološki pregled - prvi,4,ar1,2025-04-16,2025-05-14,29670.0,29035.2125,False,203.9038,634.7875,402955.1925,3.1132
izhodiscna,1010P,Dermatološki pregled - prvi,4,naivni,2025-04-23,2025-05-21,29970.0,29251.0,False,203.8113,719.0,516961.0,3.5278
izhodiscna,1010P,Dermatološki pregled - prvi,4,lin,2025-04-23,2025-05-21,29970.0,29732.7618,False,203.8113,237.2382,56281.9603,1.164
izhodiscna,1010P,Dermatološki pregled - prvi,4,ar1,2025-04-23,2025-05-21,29970.0,29223.2458,False,203.8113,746.7542,557641.8301,3.6639
izhodiscna,1010P,Dermatološki pregled - prvi,4,naivni,2025-04-30,2025-05-28,30268.0,29477.0,False,204.2222,791.0,625681.0,3.8732
izhodiscna,1010P,Dermatološki pregled - prvi,4,lin,2025-04-30,2025-05-28,30268.0,29799.7598,False,204.2222,468.2402,219248.8733,2.2928
izhodiscna,1010P,Dermatološki pregled - prvi,4,ar1,2025-04-30,2025-05-28,30268.0,29444.2207,False,204.2222,823.7793,678612.386,4.0337
izhodiscna,1010P,Dermatološki pregled - prvi,4,naivni,2025-05-07,2025-06-04,30363.0,29399.0,False,201.9273,964.0,929296.0,4.774
izhodiscna,1010P,Dermatološki pregled - prvi,4,lin,2025-05-07,2025-06-04,30363.0,29855.5435,False,201.9273,507.4565,257512.0928,2.5131
izhodiscna,1010P,Dermatološki pregled - prvi,4,ar1,2025-05-07,2025-06-04,30363.0,29368.9585,False,201.9273,994.0415,988118.4805,4.9228
izhodiscna,1010P,Dermatološki pregled - prvi,4,naivni,2025-05-14,2025-06-11,27205.0,29670.0,False,203.1607,2465.0,6076225.0,12.1333
izhodiscna,1010P,Dermatološki pregled - prvi,4,lin,2025-05-14,2025-06-11,27205.0,29927.4391,False,203.1607,2722.4391,7411674.735,13.4004
izhodiscna,1010P,Dermatološki pregled - prvi,4,ar1,2025-05-14,2025-06-11,27205.0,29637.3977,False,203.1607,2432.3977,5916558.5429,11.9728
izhodiscna,1010P,Dermatološki pregled - prvi,4,naivni,2025-05-21,2025-06-18,30935.0,29970.0,False,204.8596,965.0,931225.0,4.7105
izhodiscna,1010P,Dermatološki pregled - prvi,4,lin,2025-05-21,2025-06-18,30935.0,30016.2862,False,204.8596,918.7138,844035.1071,4.4846
izhodiscna,1010P,Dermatološki pregled - prvi,4,ar1,2025-05-21,2025-06-18,30935.0,29948.7331,False,204.8596,986.2669,972722.4764,4.8144
izhodiscna,1010P,Dermatološki pregled - prvi,4,naivni,2025-05-28,2025-07-02,31670.0,30268.0,True,206.4655,1402.0,1965604.0,6.7905
izhodiscna,1010P,Dermatološki pregled - prvi,4,lin,2025-05-28,2025-07-02,31670.0,30120.5769,True,206.4655,1549.4231,2400711.8992,7.5045
izhodiscna,1010P,Dermatološki pregled - prvi,4,ar1,2025-05-28,2025-07-02,31670.0,30273.3957,True,206.4655,1396.6043,1950503.6189,6.7643
izhodiscna,1010P,Dermatološki pregled - prvi,4,naivni,2025-06-04,2025-07-09,31780.0,30363.0,True,204.5763,1417.0,2007889.0,6.9265
izhodiscna,1010P,Dermatološki pregled - prvi,4,lin,2025-06-04,2025-07-09,31780.0,30224.5557,True,204.5763,1555.4443,2419406.8819,7.6032
izhodiscna,1010P,Dermatološki pregled - prvi,4,ar1,2025-06-04,2025-07-09,31780.0,30379.6026,True,204.5763,1400.3974,1961112.8613,6.8454
izhodiscna,1010P,Dermatološki pregled - prvi,4,naivni,2025-06-11,2025-07-16,31700.0,27205.0,True,253.8,4495.0,20205025.0,17.7108
izhodiscna,1010P,Dermatološki pregled - prvi,4,lin,2025-06-11,2025-07-16,31700.0,30099.4441,True,253.8,1600.5559,2561779.1773,6.3064
izhodiscna,1010P,Dermatološki pregled - prvi,4,ar1,2025-06-11,2025-07-16,31700.0,27580.5515,True,253.8,4119.4485,16969855.8551,16.2311
izhodiscna,1010P,Dermatološki pregled - prvi,4,naivni,2025-06-18,2025-07-23,31383.0,30935.0,True,310.7869,448.0,200704.0,1.4415
izhodiscna,1010P,Dermatološki pregled - prvi,4,lin,2025-06-18,2025-07-23,31383.0,30238.8336,True,310.7869,1144.1664,1309116.6408,3.6815
izhodiscna,1010P,Dermatološki pregled - prvi,4,ar1,2025-06-18,2025-07-23,31383.0,30045.7486,True,310.7869,1337.2514,1788241.3547,4.3028
izhodiscna,1010P,Dermatološki pregled - prvi,4,naivni,2025-07-02,2025-07-30,31320.0,31670.0,False,317.629,350.0,122500.0,1.1019
izhodiscna,1010P,Dermatološki pregled - prvi,4,lin,2025-07-02,2025-07-30,31320.0,30419.406,False,317.629,900.594,811069.4772,2.8354
izhodiscna,1010P,Dermatološki pregled - prvi,4,ar1,2025-07-02,2025-07-30,31320.0,30803.6934,False,317.629,516.3066,266572.4553,1.6255
izhodiscna,1010P,Dermatološki pregled - prvi,4,naivni,2025-07-09,2025-08-06,31705.0,31780.0,False,314.3333,75.0,5625.0,0.2386
izhodiscna,1010P,Dermatološki pregled - prvi,4,lin,2025-07-09,2025-08-06,31705.0,30596.339,False,314.3333,1108.661,1229129.2393,3.527
izhodiscna,1010P,Dermatološki pregled - prvi,4,ar1,2025-07-09,2025-08-06,31705.0,31007.5751,False,314.3333,697.4249,486401.4731,2.2187
izhodiscna,1010P,Dermatološki pregled - prvi,4,naivni,2025-07-16,2025-08-13,31763.0,31700.0,False,310.6719,63.0,3969.0,0.2028
izhodiscna,1010P,Dermatološki pregled - prvi,4,lin,2025-07-16,2025-08-13,31763.0,30757.3816,False,310.6719,1005.6184,1011268.2792,3.2369
izhodiscna,1010P,Dermatološki pregled - prvi,4,ar1,2025-07-16,2025-08-13,31763.0,30998.9141,False,310.6719,764.0859,583827.2801,2.4595
izhodiscna,1010P,Dermatološki pregled - prvi,4,naivni,2025-07-23,2025-08-20,31629.0,31383.0,False,310.7692,246.0,60516.0,0.7916
izhodiscna,1010P,Dermatološki pregled - prvi,4,lin,2025-07-23,2025-08-20,31629.0,30888.3177,False,310.7692,740.6823,548610.2722,2.3834
izhodiscna,1010P,Dermatološki pregled - prvi,4,ar1,2025-07-23,2025-08-20,31629.0,30743.1535,False,310.7692,885.8465,784723.9942,2.8505
izhodiscna,1010P,Dermatološki pregled - prvi,4,naivni,2025-07-30,2025-08-27,31624.0,31320.0,False,307.0152,304.0,92416.0,0.9902
izhodiscna,1010P,Dermatološki pregled - prvi,4,lin,2025-07-30,2025-08-27,31624.0,31007.4139,False,307.0152,616.5861,380178.3944,2.0083
izhodiscna,1010P,Dermatološki pregled - prvi,4,ar1,2025-07-30,2025-08-27,31624.0,30727.517,False,307.0152,896.483,803681.8192,2.92
izhodiscna,1010P,Dermatološki pregled - prvi,4,naivni,2025-08-06,2025-09-03,31639.0,31705.0,False,308.1791,66.0,4356.0,0.2142
izhodiscna,1010P,Dermatološki pregled - prvi,4,lin,2025-08-06,2025-09-03,31639.0,31143.5506,False,308.1791,495.4494,245470.1295,1.6077
izhodiscna,1010P,Dermatološki pregled - prvi,4,ar1,2025-08-06,2025-09-03,31639.0,31130.9406,False,308.1791,508.0594,258124.3081,1.6486
izhodiscna,1010P,Dermatološki pregled - prvi,4,naivni,2025-08-13,2025-09-10,31563.0,31763.0,False,304.5,200.0,40000.0,0.6568
izhodiscna,1010P,Dermatološki pregled - prvi,4,lin,2025-08-13,2025-09-10,31563.0,31275.3815,False,304.5,287.6185,82724.3803,0.9446
izhodiscna,1010P,Dermatološki pregled - prvi,4,ar1,2025-08-13,2025-09-10,31563.0,31228.3725,False,304.5,334.6275,111975.5847,1.0989
izhodiscna,1010P,Dermatološki pregled - prvi,4,naivni,2025-08-20,2025-09-17,31723.0,31629.0,False,302.029,94.0,8836.0,0.3112
izhodiscna,1010P,Dermatološki pregled - prvi,4,lin,2025-08-20,2025-09-17,31723.0,31391.518,False,302.029,331.482,109880.2849,1.0975
izhodiscna,1010P,Dermatološki pregled - prvi,4,ar1,2025-08-20,2025-09-17,31723.0,31132.497,False,302.029,590.503,348693.8259,1.9551
izhodiscna,1010P,Dermatološki pregled - prvi,4,naivni,2025-08-27,2025-09-24,31872.0,31624.0,False,297.7857,248.0,61504.0,0.8328
izhodiscna,1010P,Dermatološki pregled - prvi,4,lin,2025-08-27,2025-09-24,31872.0,31500.7114,False,297.7857,371.2886,137855.2481,1.2468
izhodiscna,1010P,Dermatološki pregled - prvi,4,ar1,2025-08-27,2025-09-24,31872.0,31156.9968,False,297.7857,715.0032,511229.6107,2.4011
izhodiscna,1010P,Dermatološki pregled - prvi,4,naivni,2025-09-03,2025-10-01,31771.0,31639.0,False,293.8028,132.0,17424.0,0.4493
izhodiscna,1010P,Dermatološki pregled - prvi,4,lin,2025-09-03,2025-10-01,31771.0,31604.5877,False,293.8028,166.4123,27693.0514,0.5664
izhodiscna,1010P,Dermatološki pregled - prvi,4,ar1,2025-09-03,2025-10-01,31771.0,31197.2994,False,293.8028,573.7006,329132.3729,1.9527
izhodiscna,1010P,Dermatološki pregled - prvi,4,naivni,2025-09-10,2025-10-08,31646.0,31563.0,False,290.7778,83.0,6889.0,0.2854
izhodiscna,1010P,Dermatološki pregled - prvi,4,lin,2025-09-10,2025-10-08,31646.0,31698.1946,False,290.7778,52.1946,2724.2783,0.1795
izhodiscna,1010P,Dermatološki pregled - prvi,4,ar1,2025-09-10,2025-10-08,31646.0,31148.673,False,290.7778,497.327,247334.1144,1.7103
izhodiscna,1010P,Dermatološki pregled - prvi,4,naivni,2025-09-17,2025-10-15,31631.0,31723.0,False,288.9863,92.0,8464.0,0.3184
izhodiscna,1010P,Dermatološki pregled - prvi,4,lin,2025-09-17,2025-10-15,31631.0,31795.7019,False,288.9863,164.7019,27126.712,0.5699
izhodiscna,1010P,Dermatološki pregled - prvi,4,ar1,2025-09-17,2025-10-15,31631.0,31319.8736,False,288.9863,311.1264,96799.6255,1.0766
izhodiscna,1010P,Dermatološki pregled - prvi,4,naivni,2025-09-24,2025-10-22,31599.0,31872.0,False,287.0946,273.0,74529.0,0.9509
izhodiscna,1010P,Dermatološki pregled - prvi,4,lin,2025-09-24,2025-10-22,31599.0,31896.2421,False,287.0946,297.2421,88352.8804,1.0353
izhodiscna,1010P,Dermatološki pregled - prvi,4,ar1,2025-09-24,2025-10-22,31599.0,31482.813,False,287.0946,116.187,13499.4165,0.4047
izhodiscna,1010P,Dermatološki pregled - prvi,4,naivni,2025-10-01,2025-10-29,31664.0,31771.0,False,284.6133,107.0,11449.0,0.3759
izhodiscna,1010P,Dermatološki pregled - prvi,4,lin,2025-10-01,2025-10-29,31664.0,31985.6988,False,284.6133,321.6988,103490.116,1.1303
izhodiscna,1010P,Dermatološki pregled - prvi,4,ar1,2025-10-01,2025-10-29,31664.0,31405.3637,False,284.6133,258.6363,66892.7187,0.9087
izhodiscna,1010P,Dermatološki pregled - prvi,4,naivni,2025-10-08,2025-11-05,31420.0,31646.0,False,282.5132,226.0,51076.0,0.8
izhodiscna,1010P,Dermatološki pregled - prvi,4,lin,2025-10-08,2025-11-05,31420.0,32063.4251,False,282.5132,643.4251,413995.8609,2.2775
izhodiscna,1010P,Dermatološki pregled - prvi,4,ar1,2025-10-08,2025-11-05,31420.0,31304.163,False,282.5132,115.837,13418.2184,0.41
izhodiscna,1010P,Dermatološki pregled - prvi,4,naivni,2025-10-15,2025-11-12,31411.0,31631.0,False,279.039,220.0,48400.0,0.7884
izhodiscna,1010P,Dermatološki pregled - prvi,4,lin,2025-10-15,2025-11-12,31411.0,32136.087,False,279.039,725.087,525751.1232,2.5985
izhodiscna,1010P,Dermatološki pregled - prvi,4,ar1,2025-10-15,2025-11-12,31411.0,31304.4687,False,279.039,106.5313,11348.9135,0.3818
izhodiscna,1010P,Dermatološki pregled - prvi,4,naivni,2025-10-22,2025-11-19,31276.0,31599.0,False,275.8718,323.0,104329.0,1.1708
izhodiscna,1010P,Dermatološki pregled - prvi,4,lin,2025-10-22,2025-11-19,31276.0,32203.0762,False,275.8718,927.0762,859470.3124,3.3605
izhodiscna,1010P,Dermatološki pregled - prvi,4,ar1,2025-10-22,2025-11-19,31276.0,31287.8349,False,275.8718,11.8349,140.0653,0.0429
izhodiscna,1010P,Dermatološki pregled - prvi,4,naivni,2025-10-29,2025-11-26,31343.0,31664.0,False,273.2025,321.0,103041.0,1.175
izhodiscna,1010P,Dermatološki pregled - prvi,4,lin,2025-10-29,2025-11-26,31343.0,32269.8456,False,273.2025,926.8456,859042.8403,3.3925
izhodiscna,1010P,Dermatološki pregled - prvi,4,ar1,2025-10-29,2025-11-26,31343.0,31359.6126,False,273.2025,16.6126,275.9799,0.0608
izhodiscna,1010P,Dermatološki pregled - prvi,4,naivni,2025-11-05,2025-12-03,31108.0,31420.0,False,272.8375,312.0,97344.0,1.1435
izhodiscna,1010P,Dermatološki pregled - prvi,4,lin,2025-11-05,2025-12-03,31108.0,32320.3135,False,272.8375,1212.3135,1469703.9248,4.4434
izhodiscna,1010P,Dermatološki pregled - prvi,4,ar1,2025-11-05,2025-12-03,31108.0,31147.1977,False,272.8375,39.1977,1536.4602,0.1437
izhodiscna,1010P,Dermatološki pregled - prvi,4,naivni,2025-11-12,2025-12-10,30893.0,31411.0,False,269.5802,518.0,268324.0,1.9215
izhodiscna,1010P,Dermatološki pregled - prvi,4,lin,2025-11-12,2025-12-10,30893.0,32367.4965,False,269.5802,1474.4965,2174139.9633,5.4696
izhodiscna,1010P,Dermatološki pregled - prvi,4,ar1,2025-11-12,2025-12-10,30893.0,31147.9314,False,269.5802,254.9314,64990.0342,0.9457
izhodiscna,1010P,Dermatološki pregled - prvi,4,naivni,2025-11-19,2025-12-17,30842.0,31276.0,False,267.939,434.0,188356.0,1.6198
izhodiscna,1010P,Dermatološki pregled - prvi,4,lin,2025-11-19,2025-12-17,30842.0,32405.1864,False,267.939,1563.1864,2443551.756,5.8341
izhodiscna,1010P,Dermatološki pregled - prvi,4,ar1,2025-11-19,2025-12-17,30842.0,31035.3578,False,267.939,193.3578,37387.2572,0.7216
izhodiscna,1010P,Dermatološki pregled - prvi,4,naivni,2025-11-26,2026-01-07,30948.0,31343.0,True,265.5181,395.0,156025.0,1.4877
izhodiscna,1010P,Dermatološki pregled - prvi,4,lin,2025-11-26,2026-01-07,30948.0,32444.044,True,265.5181,1496.044,2238147.694,5.6344
izhodiscna,1010P,Dermatološki pregled - prvi,4,ar1,2025-11-26,2026-01-07,30948.0,31101.7188,True,265.5181,153.7188,23629.4627,0.5789
izhodiscna,1010P,Dermatološki pregled - prvi,4,naivni,2025-12-03,2026-01-14,30875.0,31108.0,True,265.1548,233.0,54289.0,0.8787
izhodiscna,1010P,Dermatološki pregled - prvi,4,lin,2025-12-03,2026-01-14,30875.0,32469.0552,True,265.1548,1594.0552,2541011.9443,6.0118
izhodiscna,1010P,Dermatološki pregled - prvi,4,ar1,2025-12-03,2026-01-14,30875.0,30900.8384,True,265.1548,25.8384,667.6238,0.0974
izhodiscna,1010P,Dermatološki pregled - prvi,4,naivni,2025-12-10,2026-01-21,30830.0,30893.0,True,264.5647,63.0,3969.0,0.2381
izhodiscna,1010P,Dermatološki pregled - prvi,4,lin,2025-12-10,2026-01-21,30830.0,32481.9552,True,264.5647,1651.9552,2728955.8449,6.244
izhodiscna,1010P,Dermatološki pregled - prvi,4,ar1,2025-12-10,2026-01-21,30830.0,30719.4663,True,264.5647,110.5337,12217.6965,0.4178
izhodiscna,1010P,Dermatološki pregled - prvi,4,naivni,2025-12-17,2026-01-28,30715.0,30842.0,True,262.0814,127.0,16129.0,0.4846
izhodiscna,1010P,Dermatološki pregled - prvi,4,lin,2025-12-17,2026-01-28,30715.0,32491.326,True,262.0814,1776.326,3155334.1898,6.7778
izhodiscna,1010P,Dermatološki pregled - prvi,4,ar1,2025-12-17,2026-01-28,30715.0,30679.5898,True,262.0814,35.4102,1253.8788,0.1351
izhodiscna,1010P,Dermatološki pregled - prvi,4,naivni,2026-01-07,2026-02-04,30714.0,30948.0,False,260.2874,234.0,54756.0,0.899
izhodiscna,1010P,Dermatološki pregled - prvi,4,lin,2026-01-07,2026-02-04,30714.0,32504.8598,False,260.2874,1790.8598,3207178.8445,6.8803
izhodiscna,1010P,Dermatološki pregled - prvi,4,ar1,2026-01-07,2026-02-04,30714.0,30773.7759,False,260.2874,59.7759,3573.1523,0.2297
izhodiscna,1010P,Dermatološki pregled - prvi,4,naivni,2026-01-14,2026-02-11,30555.0,30875.0,False,258.1591,320.0,102400.0,1.2395
izhodiscna,1010P,Dermatološki pregled - prvi,4,lin,2026-01-14,2026-02-11,30555.0,32513.8989,False,258.1591,1958.8989,3837284.808,7.588
izhodiscna,1010P,Dermatološki pregled - prvi,4,ar1,2026-01-14,2026-02-11,30555.0,30714.9341,False,258.1591,159.9341,25578.9147,0.6195
izhodiscna,1010P,Dermatološki pregled - prvi,4,naivni,2026-01-21,2026-02-18,30201.0,30830.0,False,255.764,629.0,395641.0,2.4593
izhodiscna,1010P,Dermatološki pregled - prvi,4,lin,2026-01-21,2026-02-18,30201.0,32519.9891,False,255.764,2318.9891,5377710.3131,9.0669
izhodiscna,1010P,Dermatološki pregled - prvi,4,ar1,2026-01-21,2026-02-18,30201.0,30679.8109,False,255.764,478.8109,229259.896,1.8721
izhodiscna,1010P,Dermatološki pregled - prvi,4,naivni,2026-01-28,2026-02-25,30066.0,30715.0,False,254.2,649.0,421201.0,2.5531
izhodiscna,1010P,Dermatološki pregled - prvi,4,lin,2026-01-28,2026-02-25,30066.0,32520.0612,False,254.2,2454.0612,6022416.393,9.6541
izhodiscna,1010P,Dermatološki pregled - prvi,4,ar1,2026-01-28,2026-02-25,30066.0,30585.0923,False,254.2,519.0923,269456.7732,2.0421
izhodiscna,1010P,Dermatološki pregled - prvi,4,naivni,2026-02-04,2026-03-04,30035.0,30714.0,False,251.4176,679.0,461041.0,2.7007
izhodiscna,1010P,Dermatološki pregled - prvi,4,lin,2026-02-04,2026-03-04,30035.0,32519.6236,False,251.4176,2484.6236,6173354.6222,9.8825
izhodiscna,1010P,Dermatološki pregled - prvi,4,ar1,2026-02-04,2026-03-04,30035.0,30586.6335,False,251.4176,551.6335,304299.562,2.1941
izhodiscna,1010P,Dermatološki pregled - prvi,4,naivni,2026-02-11,2026-03-11,29977.0,30555.0,False,250.413,578.0,334084.0,2.3082
izhodiscna,1010P,Dermatološki pregled - prvi,4,lin,2026-02-11,2026-03-11,29977.0,32511.5885,False,250.413,2534.5885,6424138.6288,10.1216
izhodiscna,1010P,Dermatološki pregled - prvi,4,ar1,2026-02-11,2026-03-11,29977.0,30455.0695,False,250.413,478.0695,228550.4678,1.9091
izhodiscna,1010P,Dermatološki pregled - prvi,4,naivni,2026-02-18,2026-03-18,29945.0,30201.0,False,251.5269,256.0,65536.0,1.0178
izhodiscna,1010P,Dermatološki pregled - prvi,4,lin,2026-02-18,2026-03-18,29945.0,32487.6484,False,251.5269,2542.6484,6465060.8388,10.1089
izhodiscna,1010P,Dermatološki pregled - prvi,4,ar1,2026-02-18,2026-03-18,29945.0,30162.177,False,251.5269,217.177,47165.8623,0.8634
izhodiscna,1010P,Dermatološki pregled - prvi,4,naivni,2026-02-25,2026-03-25,30229.0,30066.0,False,250.2872,163.0,26569.0,0.6513
izhodiscna,1010P,Dermatološki pregled - prvi,4,lin,2026-02-25,2026-03-25,30229.0,32458.2438,False,250.2872,2229.2438,4969527.9778,8.9067
izhodiscna,1010P,Dermatološki pregled - prvi,4,ar1,2026-02-25,2026-03-25,30229.0,30051.7923,False,250.2872,177.2077,31402.5737,0.708
izhodiscna,1010P,Dermatološki pregled - prvi,4,naivni,2026-03-04,2026-04-08,29859.0,30035.0,True,247.9789,176.0,30976.0,0.7097
izhodiscna,1010P,Dermatološki pregled - prvi,4,lin,2026-03-04,2026-04-08,29859.0,32428.183,True,247.9789,2569.183,6600701.3158,10.3605
izhodiscna,1010P,Dermatološki pregled - prvi,4,ar1,2026-03-04,2026-04-08,29859.0,30026.6134,True,247.9789,167.6134,28094.2439,0.6759
izhodiscna,1010P,Dermatološki pregled - prvi,4,naivni,2026-03-11,2026-04-15,29864.0,29977.0,True,246.0,113.0,12769.0,0.4593
izhodiscna,1010P,Dermatološki pregled - prvi,4,lin,2026-03-11,2026-04-15,29864.0,32396.3422,True,246.0,2532.3422,6412756.7764,10.2941
izhodiscna,1010P,Dermatološki pregled - prvi,4,ar1,2026-03-11,2026-04-15,29864.0,29979.3563,True,246.0,115.3563,13307.0858,0.4689
izhodiscna,1010P,Dermatološki pregled - prvi,4,naivni,2026-03-18,2026-04-29,30164.0,29945.0,True,243.7938,219.0,47961.0,0.8983
izhodiscna,1010P,Dermatološki pregled - prvi,4,lin,2026-03-18,2026-04-29,30164.0,32363.9241,True,243.7938,2199.9241,4839666.2376,9.0237
izhodiscna,1010P,Dermatološki pregled - prvi,4,ar1,2026-03-18,2026-04-29,30164.0,29953.2519,True,243.7938,210.7481,44414.761,0.8645
izhodiscna,1010P,Dermatološki pregled - prvi,4,naivni,2026-03-25,2026-05-06,30026.0,30229.0,True,244.2041,203.0,41209.0,0.8313
izhodiscna,1010P,Dermatološki pregled - prvi,4,lin,2026-03-25,2026-05-06,30026.0,32344.3071,True,244.2041,2318.3071,5374547.827,9.4933
izhodiscna,1010P,Dermatološki pregled - prvi,4,ar1,2026-03-25,2026-05-06,30026.0,30184.8568,True,244.2041,158.8568,25235.4847,0.6505
izhodiscna,1010P,Dermatološki pregled - prvi,4,naivni,2026-04-08,2026-05-13,30346.0,29859.0,True,245.4747,487.0,237169.0,1.9839
izhodiscna,1010P,Dermatološki pregled - prvi,4,lin,2026-04-08,2026-05-13,30346.0,32309.5791,True,245.4747,1963.5791,3855642.9759,7.9991
izhodiscna,1010P,Dermatološki pregled - prvi,4,ar1,2026-04-08,2026-05-13,30346.0,29883.2316,True,245.4747,462.7684,214154.5784,1.8852
izhodiscna,1010P,Dermatološki pregled - prvi,4,naivni,2026-04-15,2026-05-20,30447.0,29864.0,True,243.07,583.0,339889.0,2.3985
izhodiscna,1010P,Dermatološki pregled - prvi,4,lin,2026-04-15,2026-05-20,30447.0,32275.9491,True,243.07,1828.9491,3345054.8856,7.5244
izhodiscna,1010P,Dermatološki pregled - prvi,4,ar1,2026-04-15,2026-05-20,30447.0,29887.0048,True,243.07,559.9952,313594.664,2.3038
izhodiscna,1010P,Dermatološki pregled - prvi,4,naivni,2026-04-29,2026-05-27,30870.0,30164.0,False,243.6337,706.0,498436.0,2.8978
izhodiscna,1010P,Dermatološki pregled - prvi,4,lin,2026-04-29,2026-05-27,30870.0,32255.4493,False,243.6337,1385.4493,1919469.7761,5.6866
izhodiscna,1010P,Dermatološki pregled - prvi,4,ar1,2026-04-29,2026-05-27,30870.0,30130.2278,False,243.6337,739.7722,547262.8354,3.0364
izhodiscna,1010P,Dermatološki pregled - prvi,4,naivni,2026-05-06,2026-06-03,30293.0,30026.0,False,242.598,267.0,71289.0,1.1006
izhodiscna,1010P,Dermatološki pregled - prvi,4,lin,2026-05-06,2026-06-03,30293.0,32229.7498,False,242.598,1936.7498,3750999.9244,7.9834
izhodiscna,1010P,Dermatološki pregled - prvi,4,ar1,2026-05-06,2026-06-03,30293.0,30018.2294,False,242.598,274.7706,75498.8574,1.1326
izhodiscna,1010P,Dermatološki pregled - prvi,4,naivni,2026-05-13,2026-06-17,30068.0,30346.0,True,243.3495,278.0,77284.0,1.1424
izhodiscna,1010P,Dermatološki pregled - prvi,4,lin,2026-05-13,2026-06-17,30068.0,32217.4596,True,243.3495,2149.4596,4620176.4432,8.8328
izhodiscna,1010P,Dermatološki pregled - prvi,4,ar1,2026-05-13,2026-06-17,30068.0,30278.8686,True,243.3495,210.8686,44465.5616,0.8665
izhodiscna,1010P,Dermatološki pregled - prvi,4,naivni,2026-05-20,2026-06-24,29952.0,30447.0,True,241.9808,495.0,245025.0,2.0456
izhodiscna,1010P,Dermatološki pregled - prvi,4,lin,2026-05-20,2026-06-24,29952.0,32209.2955,True,241.9808,2257.2955,5095382.7904,9.3284
izhodiscna,1010P,Dermatološki pregled - prvi,4,ar1,2026-05-20,2026-06-24,29952.0,30362.6304,True,241.9808,410.6304,168617.3409,1.697
izhodiscna,1010P,Dermatološki pregled - prvi,4,naivni,2026-05-27,2026-07-01,29643.0,30870.0,True,243.7048,1227.0,1505529.0,5.0348
izhodiscna,1010P,Dermatološki pregled - prvi,4,lin,2026-05-27,2026-07-01,29643.0,32217.7442,True,243.7048,2574.7442,6629307.8891,10.565
izhodiscna,1010P,Dermatološki pregled - prvi,4,ar1,2026-05-27,2026-07-01,29643.0,30713.5423,True,243.7048,1070.5423,1146060.8507,4.3928
izhodiscna,1010P,Dermatološki pregled - prvi,4,naivni,2026-06-03,2026-07-08,29577.0,30293.0,True,246.8491,716.0,512656.0,2.9006
izhodiscna,1010P,Dermatološki pregled - prvi,4,lin,2026-06-03,2026-07-08,29577.0,32203.1498,True,246.8491,2626.1498,6896662.9118,10.6387
izhodiscna,1010P,Dermatološki pregled - prvi,4,ar1,2026-06-03,2026-07-08,29577.0,30237.6302,True,246.8491,660.6302,436432.2686,2.6763
izhodiscna,1010P,Dermatološki pregled - prvi,4,naivni,2026-06-17,2026-07-15,29233.0,30068.0,False,246.6449,835.0,697225.0,3.3854
izhodiscna,1010P,Dermatološki pregled - prvi,4,lin,2026-06-17,2026-07-15,29233.0,32180.0803,False,246.6449,2947.0803,8685282.4809,11.9487
izhodiscna,1010P,Dermatološki pregled - prvi,4,ar1,2026-06-17,2026-07-15,29233.0,30055.3811,False,246.6449,822.3811,676310.7409,3.3343
izhodiscna,1018P,Kardiološki pregled - prvi,1,naivni,2025-04-09,2025-04-16,17261.0,17276.0,False,186.6078,15.0,225.0,0.0804
izhodiscna,1018P,Kardiološki pregled - prvi,1,lin,2025-04-09,2025-04-16,17261.0,15908.0701,False,186.6078,1352.9299,1830419.2176,7.2501
izhodiscna,1018P,Kardiološki pregled - prvi,1,ar1,2025-04-09,2025-04-16,17261.0,17253.73,False,186.6078,7.27,52.8524,0.039
izhodiscna,1018P,Kardiološki pregled - prvi,1,naivni,2025-04-16,2025-04-23,17309.0,17261.0,False,183.3077,48.0,2304.0,0.2619
izhodiscna,1018P,Kardiološki pregled - prvi,1,lin,2025-04-16,2025-04-23,17309.0,15945.9906,False,183.3077,1363.0094,1857794.7171,7.4356
izhodiscna,1018P,Kardiološki pregled - prvi,1,ar1,2025-04-16,2025-04-23,17309.0,17239.5042,False,183.3077,69.4958,4829.6682,0.3791
izhodiscna,1018P,Kardiološki pregled - prvi,1,naivni,2025-04-23,2025-04-30,17760.0,17309.0,False,180.7547,451.0,203401.0,2.4951
izhodiscna,1018P,Kardiološki pregled - prvi,1,lin,2025-04-23,2025-04-30,17760.0,15985.6031,False,180.7547,1774.3969,3148484.4483,9.8166
izhodiscna,1018P,Kardiološki pregled - prvi,1,ar1,2025-04-23,2025-04-30,17760.0,17286.9338,False,180.7547,473.0662,223791.5954,2.6172
izhodiscna,1018P,Kardiološki pregled - prvi,1,naivni,2025-04-30,2025-05-07,17774.0,17760.0,False,185.7593,14.0,196.0,0.0754
izhodiscna,1018P,Kardiološki pregled - prvi,1,lin,2025-04-30,2025-05-07,17774.0,16056.0525,False,185.7593,1717.9475,2951343.526,9.2482
izhodiscna,1018P,Kardiološki pregled - prvi,1,ar1,2025-04-30,2025-05-07,17774.0,17727.4884,False,185.7593,46.5116,2163.331,0.2504
izhodiscna,1018P,Kardiološki pregled - prvi,1,naivni,2025-05-07,2025-05-14,17956.0,17774.0,False,182.6364,182.0,33124.0,0.9965
izhodiscna,1018P,Kardiološki pregled - prvi,1,lin,2025-05-07,2025-05-14,17956.0,16123.6221,False,182.6364,1832.3779,3357608.8493,10.0329
izhodiscna,1018P,Kardiološki pregled - prvi,1,ar1,2025-05-07,2025-05-14,17956.0,17741.739,False,182.6364,214.261,45907.7636,1.1732
izhodiscna,1018P,Kardiološki pregled - prvi,1,naivni,2025-05-14,2025-05-21,17935.0,17956.0,False,182.625,21.0,441.0,0.115
izhodiscna,1018P,Kardiološki pregled - prvi,1,lin,2025-05-14,2025-05-21,17935.0,16200.2982,False,182.625,1734.7018,3009190.1767,9.4987
izhodiscna,1018P,Kardiološki pregled - prvi,1,ar1,2025-05-14,2025-05-21,17935.0,17919.7902,False,182.625,15.2098,231.3384,0.0833
izhodiscna,1018P,Kardiološki pregled - prvi,1,naivni,2025-05-21,2025-05-28,18127.0,17935.0,False,179.7895,192.0,36864.0,1.0679
izhodiscna,1018P,Kardiološki pregled - prvi,1,lin,2025-05-21,2025-05-28,18127.0,16271.3466,False,179.7895,1855.6534,3443449.3833,10.3213
izhodiscna,1018P,Kardiološki pregled - prvi,1,ar1,2025-05-21,2025-05-28,18127.0,17899.9919,False,179.7895,227.0081,51532.684,1.2626
izhodiscna,1018P,Kardiološki pregled - prvi,1,naivni,2025-05-28,2025-06-04,18035.0,18127.0,False,180.0,92.0,8464.0,0.5111
izhodiscna,1018P,Kardiološki pregled - prvi,1,lin,2025-05-28,2025-06-04,18035.0,16351.609,False,180.0,1683.391,2833805.2569,9.3522
izhodiscna,1018P,Kardiološki pregled - prvi,1,ar1,2025-05-28,2025-06-04,18035.0,18088.1916,False,180.0,53.1916,2829.351,0.2955
izhodiscna,1018P,Kardiološki pregled - prvi,1,naivni,2025-06-04,2025-06-11,17748.0,18035.0,False,178.5085,287.0,82369.0,1.6078
izhodiscna,1018P,Kardiološki pregled - prvi,1,lin,2025-06-04,2025-06-11,17748.0,16421.4356,False,178.5085,1326.5644,1759773.1253,7.4314
izhodiscna,1018P,Kardiološki pregled - prvi,1,ar1,2025-06-04,2025-06-11,17748.0,17998.9891,False,178.5085,250.9891,62995.5391,1.406
izhodiscna,1018P,Kardiološki pregled - prvi,1,naivni,2025-06-11,2025-06-18,18228.0,17748.0,False,180.3167,480.0,230400.0,2.662
izhodiscna,1018P,Kardiološki pregled - prvi,1,lin,2025-06-11,2025-06-18,18228.0,16468.7836,False,180.3167,1759.2164,3094842.319,9.7563
izhodiscna,1018P,Kardiološki pregled - prvi,1,ar1,2025-06-11,2025-06-18,18228.0,17719.809,False,180.3167,508.191,258258.0935,2.8183
izhodiscna,1018P,Kardiološki pregled - prvi,1,naivni,2025-06-18,2025-07-02,18295.0,18228.0,True,185.2295,67.0,4489.0,0.3617
izhodiscna,1018P,Kardiološki pregled - prvi,1,lin,2025-06-18,2025-07-02,18295.0,16544.7462,True,185.2295,1750.2538,3063388.4833,9.4491
izhodiscna,1018P,Kardiološki pregled - prvi,1,ar1,2025-06-18,2025-07-02,18295.0,18187.5481,True,185.2295,107.4519,11545.9128,0.5801
izhodiscna,1018P,Kardiološki pregled - prvi,1,naivni,2025-07-02,2025-07-09,18337.0,18295.0,False,183.3226,42.0,1764.0,0.2291
izhodiscna,1018P,Kardiološki pregled - prvi,1,lin,2025-07-02,2025-07-09,18337.0,16621.0405,False,183.3226,1715.9595,2944517.1752,9.3603
izhodiscna,1018P,Kardiološki pregled - prvi,1,ar1,2025-07-02,2025-07-09,18337.0,18254.0197,False,183.3226,82.9803,6885.7309,0.4526
izhodiscna,1018P,Kardiološki pregled - prvi,1,naivni,2025-07-09,2025-07-16,18320.0,18337.0,False,181.0794,17.0,289.0,0.0939
izhodiscna,1018P,Kardiološki pregled - prvi,1,lin,2025-07-09,2025-07-16,18320.0,16696.0595,False,181.0794,1623.9405,2637182.6702,8.9681
izhodiscna,1018P,Kardiološki pregled - prvi,1,ar1,2025-07-09,2025-07-16,18320.0,18296.1198,False,181.0794,23.8802,570.2656,0.1319
izhodiscna,1018P,Kardiološki pregled - prvi,1,naivni,2025-07-16,2025-07-23,18480.0,18320.0,False,178.5156,160.0,25600.0,0.8963
izhodiscna,1018P,Kardiološki pregled - prvi,1,lin,2025-07-16,2025-07-23,18480.0,16766.2409,False,178.5156,1713.7591,2936970.3715,9.6001
izhodiscna,1018P,Kardiološki pregled - prvi,1,ar1,2025-07-16,2025-07-23,18480.0,18280.355,False,178.5156,199.645,39858.1354,1.1184
izhodiscna,1018P,Kardiološki pregled - prvi,1,naivni,2025-07-23,2025-07-30,18604.0,18480.0,False,178.2308,124.0,15376.0,0.6957
izhodiscna,1018P,Kardiološki pregled - prvi,1,lin,2025-07-23,2025-07-30,18604.0,16842.6228,False,178.2308,1761.3772,3102449.4863,9.8826
izhodiscna,1018P,Kardiološki pregled - prvi,1,ar1,2025-07-23,2025-07-30,18604.0,18438.4082,False,178.2308,165.5918,27420.6541,0.9291
izhodiscna,1018P,Kardiološki pregled - prvi,1,naivni,2025-07-30,2025-08-06,18500.0,18604.0,False,177.4091,104.0,10816.0,0.5862
izhodiscna,1018P,Kardiološki pregled - prvi,1,lin,2025-07-30,2025-08-06,18500.0,16922.6228,False,177.4091,1577.3772,2488118.8465,8.8912
izhodiscna,1018P,Kardiološki pregled - prvi,1,ar1,2025-07-30,2025-08-06,18500.0,18561.8505,False,177.4091,61.8505,3825.4867,0.3486
izhodiscna,1018P,Kardiološki pregled - prvi,1,naivni,2025-08-06,2025-08-13,18485.0,18500.0,False,176.3134,15.0,225.0,0.0851
izhodiscna,1018P,Kardiološki pregled - prvi,1,lin,2025-08-06,2025-08-13,18485.0,16992.5724,False,176.3134,1492.4276,2227340.0459,8.4646
izhodiscna,1018P,Kardiološki pregled - prvi,1,ar1,2025-08-06,2025-08-13,18485.0,18460.1426,False,176.3134,24.8574,617.8899,0.141
izhodiscna,1018P,Kardiološki pregled - prvi,1,naivni,2025-08-13,2025-08-20,18372.0,18485.0,False,173.9412,113.0,12769.0,0.6496
izhodiscna,1018P,Kardiološki pregled - prvi,1,lin,2025-08-13,2025-08-20,18372.0,17058.2698,False,173.9412,1313.7302,1725886.9833,7.5527
izhodiscna,1018P,Kardiološki pregled - prvi,1,ar1,2025-08-13,2025-08-20,18372.0,18446.299,False,173.9412,74.299,5520.3451,0.4272
izhodiscna,1018P,Kardiološki pregled - prvi,1,naivni,2025-08-20,2025-08-27,18470.0,18372.0,False,173.058,98.0,9604.0,0.5663
izhodiscna,1018P,Kardiološki pregled - prvi,1,lin,2025-08-20,2025-08-27,18470.0,17114.3739,False,173.058,1355.6261,1837722.0876,7.8334
izhodiscna,1018P,Kardiološki pregled - prvi,1,ar1,2025-08-20,2025-08-27,18470.0,18335.9593,False,173.058,134.0407,17966.9162,0.7745
izhodiscna,1018P,Kardiološki pregled - prvi,1,naivni,2025-08-27,2025-09-03,18408.0,18470.0,False,171.9857,62.0,3844.0,0.3605
izhodiscna,1018P,Kardiološki pregled - prvi,1,lin,2025-08-27,2025-09-03,18408.0,17173.367,False,171.9857,1234.633,1524318.6397,7.1787
izhodiscna,1018P,Kardiološki pregled - prvi,1,ar1,2025-08-27,2025-09-03,18408.0,18433.0005,False,171.9857,25.0005,625.0232,0.1454
izhodiscna,1018P,Kardiološki pregled - prvi,1,naivni,2025-09-03,2025-09-10,18295.0,18408.0,False,170.4366,113.0,12769.0,0.663
izhodiscna,1018P,Kardiološki pregled - prvi,1,lin,2025-09-03,2025-09-10,18295.0,17226.1686,False,170.4366,1068.8314,1142400.5128,6.2711
izhodiscna,1018P,Kardiološki pregled - prvi,1,ar1,2025-09-03,2025-09-10,18295.0,18372.7918,False,170.4366,77.7918,6051.5623,0.4564
izhodiscna,1018P,Kardiološki pregled - prvi,1,naivni,2025-09-10,2025-09-17,18112.0,18295.0,False,169.6389,183.0,33489.0,1.0788
izhodiscna,1018P,Kardiološki pregled - prvi,1,lin,2025-09-10,2025-09-17,18112.0,17270.355,False,169.6389,841.645,708366.2676,4.9614
izhodiscna,1018P,Kardiološki pregled - prvi,1,ar1,2025-09-10,2025-09-17,18112.0,18262.5688,False,169.6389,150.5688,22670.9608,0.8876
izhodiscna,1018P,Kardiološki pregled - prvi,1,naivni,2025-09-17,2025-09-24,17777.0,18112.0,False,169.8219,335.0,112225.0,1.9727
izhodiscna,1018P,Kardiološki pregled - prvi,1,lin,2025-09-17,2025-09-24,17777.0,17302.6568,False,169.8219,474.3432,225001.4773,2.7932
izhodiscna,1018P,Kardiološki pregled - prvi,1,ar1,2025-09-17,2025-09-24,17777.0,18084.1188,False,169.8219,307.1188,94321.9542,1.8085
izhodiscna,1018P,Kardiološki pregled - prvi,1,naivni,2025-09-24,2025-10-01,17322.0,17777.0,False,172.0541,455.0,207025.0,2.6445
izhodiscna,1018P,Kardiološki pregled - prvi,1,lin,2025-09-24,2025-10-01,17322.0,17315.6724,False,172.0541,6.3276,40.0381,0.0368
izhodiscna,1018P,Kardiološki pregled - prvi,1,ar1,2025-09-24,2025-10-01,17322.0,17758.1668,False,172.0541,436.1668,190241.478,2.5351
izhodiscna,1018P,Kardiološki pregled - prvi,1,naivni,2025-10-01,2025-10-08,17132.0,17322.0,False,175.8267,190.0,36100.0,1.0806
izhodiscna,1018P,Kardiološki pregled - prvi,1,lin,2025-10-01,2025-10-08,17132.0,17304.2221,False,175.8267,172.2221,29660.4535,0.9795
izhodiscna,1018P,Kardiološki pregled - prvi,1,ar1,2025-10-01,2025-10-08,17132.0,17316.0248,False,175.8267,184.0248,33865.1367,1.0466
izhodiscna,1018P,Kardiološki pregled - prvi,1,naivni,2025-10-08,2025-10-15,16998.0,17132.0,False,176.0132,134.0,17956.0,0.7613
izhodiscna,1018P,Kardiološki pregled - prvi,1,lin,2025-10-08,2025-10-15,16998.0,17283.4986,False,176.0132,285.4986,81509.4694,1.622
izhodiscna,1018P,Kardiološki pregled - prvi,1,ar1,2025-10-08,2025-10-15,16998.0,17130.7007,False,176.0132,132.7007,17609.4651,0.7539
izhodiscna,1018P,Kardiološki pregled - prvi,1,naivni,2025-10-15,2025-10-22,16671.0,16998.0,False,175.4675,327.0,106929.0,1.8636
izhodiscna,1018P,Kardiološki pregled - prvi,1,lin,2025-10-15,2025-10-22,16671.0,17256.9088,False,175.4675,585.9088,343289.0726,3.3391
izhodiscna,1018P,Kardiološki pregled - prvi,1,ar1,2025-10-15,2025-10-22,16671.0,16999.4708,False,175.4675,328.4708,107893.0904,1.872
izhodiscna,1018P,Kardiološki pregled - prvi,1,naivni,2025-10-22,2025-10-29,16787.0,16671.0,False,177.4103,116.0,13456.0,0.6539
izhodiscna,1018P,Kardiološki pregled - prvi,1,lin,2025-10-22,2025-10-29,16787.0,17215.0156,False,177.4103,428.0156,183197.3362,2.4126
izhodiscna,1018P,Kardiološki pregled - prvi,1,ar1,2025-10-22,2025-10-29,16787.0,16677.3488,False,177.4103,109.6512,12023.3875,0.6181
izhodiscna,1018P,Kardiološki pregled - prvi,1,naivni,2025-10-29,2025-11-05,16613.0,16787.0,False,176.6329,174.0,30276.0,0.9851
izhodiscna,1018P,Kardiološki pregled - prvi,1,lin,2025-10-29,2025-11-05,16613.0,17180.8316,False,176.6329,567.8316,322432.7777,3.2148
izhodiscna,1018P,Kardiološki pregled - prvi,1,ar1,2025-10-29,2025-11-05,16613.0,16792.1044,False,176.6329,179.1044,32078.3748,1.014
izhodiscna,1018P,Kardiološki pregled - prvi,1,naivni,2025-11-05,2025-11-12,16567.0,16613.0,False,176.6,46.0,2116.0,0.2605
izhodiscna,1018P,Kardiološki pregled - prvi,1,lin,2025-11-05,2025-11-12,16567.0,17139.6111,False,176.6,572.6111,327883.4846,3.2424
izhodiscna,1018P,Kardiološki pregled - prvi,1,ar1,2025-11-05,2025-11-12,16567.0,16619.8456,False,176.6,52.8456,2792.6527,0.2992
izhodiscna,1018P,Kardiološki pregled - prvi,1,naivni,2025-11-12,2025-11-19,16393.0,16567.0,False,174.9877,174.0,30276.0,0.9944
izhodiscna,1018P,Kardiološki pregled - prvi,1,lin,2025-11-12,2025-11-19,16393.0,17097.9864,False,174.9877,704.9864,497005.8945,4.0288
izhodiscna,1018P,Kardiološki pregled - prvi,1,ar1,2025-11-12,2025-11-19,16393.0,16573.9308,False,174.9877,180.9308,32735.9642,1.034
izhodiscna,1018P,Kardiološki pregled - prvi,1,naivni,2025-11-19,2025-11-26,16340.0,16393.0,False,174.9756,53.0,2809.0,0.3029
izhodiscna,1018P,Kardiološki pregled - prvi,1,lin,2025-11-19,2025-11-26,16340.0,17049.814,False,174.9756,709.814,503835.8971,4.0566
izhodiscna,1018P,Kardiološki pregled - prvi,1,ar1,2025-11-19,2025-11-26,16340.0,16400.2328,False,174.9756,60.2328,3627.9866,0.3442
izhodiscna,1018P,Kardiološki pregled - prvi,1,naivni,2025-11-26,2025-12-03,16279.0,16340.0,False,173.506,61.0,3721.0,0.3516
izhodiscna,1018P,Kardiološki pregled - prvi,1,lin,2025-11-26,2025-12-03,16279.0,17001.2094,False,173.506,722.2094,521586.4305,4.1624
izhodiscna,1018P,Kardiološki pregled - prvi,1,ar1,2025-11-26,2025-12-03,16279.0,16346.8652,False,173.506,67.8652,4605.6904,0.3911
izhodiscna,1018P,Kardiološki pregled - prvi,1,naivni,2025-12-03,2025-12-10,16212.0,16279.0,False,172.1667,67.0,4489.0,0.3892
izhodiscna,1018P,Kardiološki pregled - prvi,1,lin,2025-12-03,2025-12-10,16212.0,16951.8227,False,172.1667,739.8227,547337.6113,4.2971
izhodiscna,1018P,Kardiološki pregled - prvi,1,ar1,2025-12-03,2025-12-10,16212.0,16285.3815,False,172.1667,73.3815,5384.8438,0.4262
izhodiscna,1018P,Kardiološki pregled - prvi,1,naivni,2025-12-10,2025-12-17,15945.0,16212.0,False,170.9294,267.0,71289.0,1.562
izhodiscna,1018P,Kardiološki pregled - prvi,1,lin,2025-12-10,2025-12-17,15945.0,16901.4192,False,170.9294,956.4192,914737.594,5.5954
izhodiscna,1018P,Kardiološki pregled - prvi,1,ar1,2025-12-10,2025-12-17,15945.0,16217.7469,False,170.9294,272.7469,74390.8632,1.5957
izhodiscna,1018P,Kardiološki pregled - prvi,1,naivni,2025-12-17,2026-01-07,15897.0,15945.0,True,172.0465,48.0,2304.0,0.279
izhodiscna,1018P,Kardiološki pregled - prvi,1,lin,2025-12-17,2026-01-07,15897.0,16840.8594,True,172.0465,943.8594,890870.5592,5.4861
izhodiscna,1018P,Kardiološki pregled - prvi,1,ar1,2025-12-17,2026-01-07,15897.0,15947.4049,True,172.0465,50.4049,2540.6521,0.293
izhodiscna,1018P,Kardiološki pregled - prvi,1,naivni,2026-01-07,2026-01-14,15901.0,15897.0,False,170.6207,4.0,16.0,0.0234
izhodiscna,1018P,Kardiološki pregled - prvi,1,lin,2026-01-07,2026-01-14,15901.0,16780.6207,False,170.6207,879.6207,773732.5577,5.1554
izhodiscna,1018P,Kardiološki pregled - prvi,1,ar1,2026-01-07,2026-01-14,15901.0,15898.3141,False,170.6207,2.6859,7.2142,0.0157
izhodiscna,1018P,Kardiološki pregled - prvi,1,naivni,2026-01-14,2026-01-21,16004.0,15901.0,False,168.7273,103.0,10609.0,0.6105
izhodiscna,1018P,Kardiološki pregled - prvi,1,lin,2026-01-14,2026-01-21,16004.0,16723.0281,False,168.7273,719.0281,517001.394,4.2615
izhodiscna,1018P,Kardiološki pregled - prvi,1,ar1,2026-01-14,2026-01-21,16004.0,15902.3393,False,168.7273,101.6607,10334.9029,0.6025
izhodiscna,1018P,Kardiološki pregled - prvi,1,naivni,2026-01-21,2026-01-28,16267.0,16004.0,False,167.9888,263.0,69169.0,1.5656
izhodiscna,1018P,Kardiološki pregled - prvi,1,lin,2026-01-21,2026-01-28,16267.0,16672.3533,False,167.9888,405.3533,164311.3046,2.413
izhodiscna,1018P,Kardiološki pregled - prvi,1,ar1,2026-01-21,2026-01-28,16267.0,16007.0043,False,167.9888,259.9957,67597.7852,1.5477
izhodiscna,1018P,Kardiološki pregled - prvi,1,naivni,2026-01-28,2026-02-04,16388.0,16267.0,False,169.0444,121.0,14641.0,0.7158
izhodiscna,1018P,Kardiološki pregled - prvi,1,lin,2026-01-28,2026-02-04,16388.0,16635.2908,False,169.0444,247.2908,61152.7608,1.4629
izhodiscna,1018P,Kardiološki pregled - prvi,1,ar1,2026-01-28,2026-02-04,16388.0,16271.8782,False,169.0444,116.1218,13484.2632,0.6869
izhodiscna,1018P,Kardiološki pregled - prvi,1,naivni,2026-02-04,2026-02-11,16379.0,16388.0,False,168.5165,9.0,81.0,0.0534
izhodiscna,1018P,Kardiološki pregled - prvi,1,lin,2026-02-04,2026-02-11,16379.0,16605.0038,False,168.5165,226.0038,51077.7277,1.3411
izhodiscna,1018P,Kardiološki pregled - prvi,1,ar1,2026-02-04,2026-02-11,16379.0,16392.4322,False,168.5165,13.4322,180.4238,0.0797
izhodiscna,1018P,Kardiološki pregled - prvi,1,naivni,2026-02-11,2026-02-18,16714.0,16379.0,False,166.7826,335.0,112225.0,2.0086
izhodiscna,1018P,Kardiološki pregled - prvi,1,lin,2026-02-11,2026-02-18,16714.0,16575.5746,False,166.7826,138.4254,19161.6003,0.83
izhodiscna,1018P,Kardiološki pregled - prvi,1,ar1,2026-02-11,2026-02-18,16714.0,16383.3802,False,166.7826,330.6198,109309.4698,1.9823
izhodiscna,1018P,Kardiološki pregled - prvi,1,naivni,2026-02-18,2026-02-25,16733.0,16714.0,False,168.5914,19.0,361.0,0.1127
izhodiscna,1018P,Kardiološki pregled - prvi,1,lin,2026-02-18,2026-02-25,16733.0,16561.6012,False,168.5914,171.3988,29377.5365,1.0167
izhodiscna,1018P,Kardiološki pregled - prvi,1,ar1,2026-02-18,2026-02-25,16733.0,16714.8768,False,168.5914,18.1232,328.4489,0.1075
izhodiscna,1018P,Kardiološki pregled - prvi,1,naivni,2026-02-25,2026-03-04,16860.0,16733.0,False,167.0,127.0,16129.0,0.7605
izhodiscna,1018P,Kardiološki pregled - prvi,1,lin,2026-02-25,2026-03-04,16860.0,16549.0473,False,167.0,310.9527,96691.6087,1.862
izhodiscna,1018P,Kardiološki pregled - prvi,1,ar1,2026-02-25,2026-03-04,16860.0,16733.5377,False,167.0,126.4623,15992.7118,0.7573
izhodiscna,1018P,Kardiološki pregled - prvi,1,naivni,2026-03-04,2026-03-11,16931.0,16860.0,False,166.5789,71.0,5041.0,0.4262
izhodiscna,1018P,Kardiološki pregled - prvi,1,lin,2026-03-04,2026-03-11,16931.0,16542.3456,False,166.5789,388.6544,151052.2317,2.3332
izhodiscna,1018P,Kardiološki pregled - prvi,1,ar1,2026-03-04,2026-03-11,16931.0,16858.1677,False,166.5789,72.8323,5304.5377,0.4372
izhodiscna,1018P,Kardiološki pregled - prvi,1,naivni,2026-03-11,2026-03-18,16741.0,16931.0,False,165.5833,190.0,36100.0,1.1475
izhodiscna,1018P,Kardiološki pregled - prvi,1,lin,2026-03-11,2026-03-18,16741.0,16538.9149,False,165.5833,202.0851,40838.3681,1.2204
izhodiscna,1018P,Kardiološki pregled - prvi,1,ar1,2026-03-11,2026-03-18,16741.0,16927.7022,False,165.5833,186.7022,34857.726,1.1275
izhodiscna,1018P,Kardiološki pregled - prvi,1,naivni,2026-03-18,2026-03-25,16886.0,16741.0,False,165.8351,145.0,21025.0,0.8744
izhodiscna,1018P,Kardiološki pregled - prvi,1,lin,2026-03-18,2026-03-25,16886.0,16527.951,False,165.8351,358.049,128199.1019,2.1591
izhodiscna,1018P,Kardiološki pregled - prvi,1,ar1,2026-03-18,2026-03-25,16886.0,16741.7373,False,165.8351,144.2627,20811.716,0.8699
izhodiscna,1018P,Kardiološki pregled - prvi,1,naivni,2026-03-25,2026-04-08,16603.0,16886.0,True,165.6224,283.0,80089.0,1.7087
izhodiscna,1018P,Kardiološki pregled - prvi,1,lin,2026-03-25,2026-04-08,16603.0,16523.3302,True,165.6224,79.6698,6347.2705,0.481
izhodiscna,1018P,Kardiološki pregled - prvi,1,ar1,2026-03-25,2026-04-08,16603.0,16883.845,True,165.6224,280.845,78873.9129,1.6957
izhodiscna,1018P,Kardiološki pregled - prvi,1,naivni,2026-04-08,2026-04-15,16708.0,16603.0,False,166.8081,105.0,11025.0,0.6295
izhodiscna,1018P,Kardiološki pregled - prvi,1,lin,2026-04-08,2026-04-15,16708.0,16507.6467,False,166.8081,200.3533,40141.4582,1.2011
izhodiscna,1018P,Kardiološki pregled - prvi,1,ar1,2026-04-08,2026-04-15,16708.0,16606.6277,False,166.8081,101.3723,10276.3335,0.6077
izhodiscna,1018P,Kardiološki pregled - prvi,1,naivni,2026-04-15,2026-04-29,17067.0,16708.0,True,166.19,359.0,128881.0,2.1602
izhodiscna,1018P,Kardiološki pregled - prvi,1,lin,2026-04-15,2026-04-29,17067.0,16496.7584,True,166.19,570.2416,325175.4643,3.4313
izhodiscna,1018P,Kardiološki pregled - prvi,1,ar1,2026-04-15,2026-04-29,17067.0,16709.7314,True,166.19,357.2686,127640.8366,2.1498
izhodiscna,1018P,Kardiološki pregled - prvi,1,naivni,2026-04-29,2026-05-06,16765.0,17067.0,False,168.099,302.0,91204.0,1.7966
izhodiscna,1018P,Kardiološki pregled - prvi,1,lin,2026-04-29,2026-05-06,16765.0,16500.4145,False,168.099,264.5855,70005.496,1.574
izhodiscna,1018P,Kardiološki pregled - prvi,1,ar1,2026-04-29,2026-05-06,16765.0,17060.8396,False,168.099,295.8396,87521.0811,1.7599
izhodiscna,1018P,Kardiološki pregled - prvi,1,naivni,2026-05-06,2026-05-13,16896.0,16765.0,False,169.4118,131.0,17161.0,0.7733
izhodiscna,1018P,Kardiološki pregled - prvi,1,lin,2026-05-06,2026-05-13,16896.0,16492.309,False,169.4118,403.691,162966.4507,2.3829
izhodiscna,1018P,Kardiološki pregled - prvi,1,ar1,2026-05-06,2026-05-13,16896.0,16766.4166,False,169.4118,129.5834,16791.8535,0.7649
izhodiscna,1018P,Kardiološki pregled - prvi,1,naivni,2026-05-13,2026-05-20,16788.0,16896.0,False,169.0388,108.0,11664.0,0.6389
izhodiscna,1018P,Kardiološki pregled - prvi,1,lin,2026-05-13,2026-05-20,16788.0,16489.6031,False,169.0388,298.3969,89040.7326,1.7653
izhodiscna,1018P,Kardiološki pregled - prvi,1,ar1,2026-05-13,2026-05-20,16788.0,16894.4089,False,169.0388,106.4089,11322.8615,0.6295
izhodiscna,1018P,Kardiološki pregled - prvi,1,naivni,2026-05-20,2026-05-27,16843.0,16788.0,False,168.4519,55.0,3025.0,0.3265
izhodiscna,1018P,Kardiološki pregled - prvi,1,lin,2026-05-20,2026-05-27,16843.0,16482.9599,False,168.4519,360.0401,129628.8807,2.1373
izhodiscna,1018P,Kardiološki pregled - prvi,1,ar1,2026-05-20,2026-05-27,16843.0,16789.0151,False,168.4519,53.9849,2914.3657,0.3205
izhodiscna,1018P,Kardiološki pregled - prvi,1,naivni,2026-05-27,2026-06-03,16753.0,16843.0,False,167.3714,90.0,8100.0,0.5377
izhodiscna,1018P,Kardiološki pregled - prvi,1,lin,2026-05-27,2026-06-03,16753.0,16478.6965,False,167.3714,274.3035,75242.4123,1.6389
izhodiscna,1018P,Kardiološki pregled - prvi,1,ar1,2026-05-27,2026-06-03,16753.0,16842.7236,False,167.3714,89.7236,8050.3237,0.5361
izhodiscna,1018P,Kardiološki pregled - prvi,1,naivni,2026-06-03,2026-06-17,16719.0,16753.0,True,166.6415,34.0,1156.0,0.204
izhodiscna,1018P,Kardiološki pregled - prvi,1,lin,2026-06-03,2026-06-17,16719.0,16471.2915,True,166.6415,247.7085,61359.5094,1.4865
izhodiscna,1018P,Kardiološki pregled - prvi,1,ar1,2026-06-03,2026-06-17,16719.0,16754.8461,True,166.6415,35.8461,1284.9447,0.2151
izhodiscna,1018P,Kardiološki pregled - prvi,1,naivni,2026-06-17,2026-06-24,16949.0,16719.0,False,165.4019,230.0,52900.0,1.3906
izhodiscna,1018P,Kardiološki pregled - prvi,1,lin,2026-06-17,2026-06-24,16949.0,16462.9489,False,165.4019,486.0511,236245.6288,2.9386
izhodiscna,1018P,Kardiološki pregled - prvi,1,ar1,2026-06-17,2026-06-24,16949.0,16721.5839,False,165.4019,227.4161,51718.0893,1.3749
izhodiscna,1018P,Kardiološki pregled - prvi,1,naivni,2026-06-24,2026-07-01,16760.0,16949.0,False,166.0,189.0,35721.0,1.1386
izhodiscna,1018P,Kardiološki pregled - prvi,1,lin,2026-06-24,2026-07-01,16760.0,16463.395,False,166.0,296.605,87974.523,1.7868
izhodiscna,1018P,Kardiološki pregled - prvi,1,ar1,2026-06-24,2026-07-01,16760.0,16946.1041,False,166.0,186.1041,34634.7201,1.1211
izhodiscna,1018P,Kardiološki pregled - prvi,1,naivni,2026-07-01,2026-07-08,16806.0,16760.0,False,166.211,46.0,2116.0,0.2768
izhodiscna,1018P,Kardiološki pregled - prvi,1,lin,2026-07-01,2026-07-08,16806.0,16457.0332,False,166.211,348.9668,121777.8315,2.0995
izhodiscna,1018P,Kardiološki pregled - prvi,1,ar1,2026-07-01,2026-07-08,16806.0,16761.9553,False,166.211,44.0447,1939.9347,0.265
izhodiscna,1018P,Kardiološki pregled - prvi,1,naivni,2026-07-08,2026-07-15,16912.0,16806.0,False,165.1182,106.0,11236.0,0.642
izhodiscna,1018P,Kardiološki pregled - prvi,1,lin,2026-07-08,2026-07-15,16912.0,16452.6069,False,165.1182,459.3931,211042.0391,2.7822
izhodiscna,1018P,Kardiološki pregled - prvi,1,ar1,2026-07-08,2026-07-15,16912.0,16806.8275,False,165.1182,105.1725,11061.2501,0.637
izhodiscna,1018P,Kardiološki pregled - prvi,4,naivni,2025-04-09,2025-05-07,17774.0,17276.0,False,186.6078,498.0,248004.0,2.6687
izhodiscna,1018P,Kardiološki pregled - prvi,4,lin,2025-04-09,2025-05-07,17774.0,15715.5077,False,186.6078,2058.4923,4237390.616,11.0311
izhodiscna,1018P,Kardiološki pregled - prvi,4,ar1,2025-04-09,2025-05-07,17774.0,17192.3029,False,186.6078,581.6971,338371.5685,3.1172
izhodiscna,1018P,Kardiološki pregled - prvi,4,naivni,2025-04-16,2025-05-14,17956.0,17261.0,False,183.3077,695.0,483025.0,3.7914
izhodiscna,1018P,Kardiološki pregled - prvi,4,lin,2025-04-16,2025-05-14,17956.0,15761.9371,False,183.3077,2194.0629,4813911.9788,11.9693
izhodiscna,1018P,Kardiološki pregled - prvi,4,ar1,2025-04-16,2025-05-14,17956.0,17180.2169,False,183.3077,775.7831,601839.3711,4.2321
izhodiscna,1018P,Kardiološki pregled - prvi,4,naivni,2025-04-23,2025-05-21,17935.0,17309.0,False,180.7547,626.0,391876.0,3.4633
izhodiscna,1018P,Kardiološki pregled - prvi,4,lin,2025-04-23,2025-05-21,17935.0,15809.8103,False,180.7547,2125.1897,4516431.3507,11.7573
izhodiscna,1018P,Kardiološki pregled - prvi,4,ar1,2025-04-23,2025-05-21,17935.0,17226.1196,False,180.7547,708.8804,502511.3725,3.9218
izhodiscna,1018P,Kardiološki pregled - prvi,4,naivni,2025-04-30,2025-05-28,18127.0,17760.0,False,185.7593,367.0,134689.0,1.9757
izhodiscna,1018P,Kardiološki pregled - prvi,4,lin,2025-04-30,2025-05-28,18127.0,15890.6296,False,185.7593,2236.3704,5001352.6486,12.0391
izhodiscna,1018P,Kardiološki pregled - prvi,4,ar1,2025-04-30,2025-05-28,18127.0,17638.2756,False,185.7593,488.7244,238851.5177,2.631
izhodiscna,1018P,Kardiološki pregled - prvi,4,naivni,2025-05-07,2025-06-04,18035.0,17774.0,False,182.6364,261.0,68121.0,1.4291
izhodiscna,1018P,Kardiološki pregled - prvi,4,lin,2025-05-07,2025-06-04,18035.0,15967.8868,False,182.6364,2067.1132,4272956.9488,11.3182
izhodiscna,1018P,Kardiološki pregled - prvi,4,ar1,2025-05-07,2025-06-04,18035.0,17653.193,False,182.6364,381.807,145776.5697,2.0905
izhodiscna,1018P,Kardiološki pregled - prvi,4,naivni,2025-05-14,2025-06-11,17748.0,17956.0,False,182.625,208.0,43264.0,1.1389
izhodiscna,1018P,Kardiološki pregled - prvi,4,lin,2025-05-14,2025-06-11,17748.0,16054.5396,False,182.625,1693.4604,2867808.042,9.2729
izhodiscna,1018P,Kardiološki pregled - prvi,4,ar1,2025-05-14,2025-06-11,17748.0,17820.2896,False,182.625,72.2896,5225.7918,0.3958
izhodiscna,1018P,Kardiološki pregled - prvi,4,naivni,2025-05-21,2025-06-18,18228.0,17935.0,False,179.7895,293.0,85849.0,1.6297
izhodiscna,1018P,Kardiološki pregled - prvi,4,lin,2025-05-21,2025-06-18,18228.0,16134.7127,False,179.7895,2093.2873,4381851.7415,11.643
izhodiscna,1018P,Kardiološki pregled - prvi,4,ar1,2025-05-21,2025-06-18,18228.0,17803.7773,False,179.7895,424.2227,179964.8889,2.3596
izhodiscna,1018P,Kardiološki pregled - prvi,4,naivni,2025-05-28,2025-07-02,18295.0,18127.0,True,180.0,168.0,28224.0,0.9333
izhodiscna,1018P,Kardiološki pregled - prvi,4,lin,2025-05-28,2025-07-02,18295.0,16224.4106,True,180.0,2070.5894,4287340.552,11.5033
izhodiscna,1018P,Kardiološki pregled - prvi,4,ar1,2025-05-28,2025-07-02,18295.0,17981.286,True,180.0,313.714,98416.4663,1.7429
izhodiscna,1018P,Kardiološki pregled - prvi,4,naivni,2025-06-04,2025-07-09,18337.0,18035.0,True,178.5085,302.0,91204.0,1.6918
izhodiscna,1018P,Kardiološki pregled - prvi,4,lin,2025-06-04,2025-07-09,18337.0,16302.5161,True,178.5085,2034.4839,4139124.5629,11.3971
izhodiscna,1018P,Kardiološki pregled - prvi,4,ar1,2025-06-04,2025-07-09,18337.0,17899.8738,True,178.5085,437.1262,191079.3399,2.4488
izhodiscna,1018P,Kardiološki pregled - prvi,4,naivni,2025-06-11,2025-07-16,18320.0,17748.0,True,180.3167,572.0,327184.0,3.1722
izhodiscna,1018P,Kardiološki pregled - prvi,4,lin,2025-06-11,2025-07-16,18320.0,16356.1778,True,180.3167,1963.8222,3856597.6743,10.891
izhodiscna,1018P,Kardiološki pregled - prvi,4,ar1,2025-06-11,2025-07-16,18320.0,17642.4654,True,180.3167,677.5346,459053.1282,3.7575
izhodiscna,1018P,Kardiološki pregled - prvi,4,naivni,2025-06-18,2025-07-23,18480.0,18228.0,True,185.2295,252.0,63504.0,1.3605
izhodiscna,1018P,Kardiološki pregled - prvi,4,lin,2025-06-18,2025-07-23,18480.0,16440.2473,True,185.2295,2039.7527,4160590.9262,11.012
izhodiscna,1018P,Kardiološki pregled - prvi,4,ar1,2025-06-18,2025-07-23,18480.0,18076.3598,True,185.2295,403.6402,162925.4427,2.1791
izhodiscna,1018P,Kardiološki pregled - prvi,4,naivni,2025-07-02,2025-07-30,18604.0,18295.0,False,183.3226,309.0,95481.0,1.6856
izhodiscna,1018P,Kardiološki pregled - prvi,4,lin,2025-07-02,2025-07-30,18604.0,16524.3553,False,183.3226,2079.6447,4324922.2665,11.3442
izhodiscna,1018P,Kardiološki pregled - prvi,4,ar1,2025-07-02,2025-07-30,18604.0,18141.156,False,183.3226,462.844,214224.5779,2.5248
izhodiscna,1018P,Kardiološki pregled - prvi,4,naivni,2025-07-09,2025-08-06,18500.0,18337.0,False,181.0794,163.0,26569.0,0.9002
izhodiscna,1018P,Kardiološki pregled - prvi,4,lin,2025-07-09,2025-08-06,18500.0,16606.7992,False,181.0794,1893.2008,3584209.4473,10.4551
izhodiscna,1018P,Kardiološki pregled - prvi,4,ar1,2025-07-09,2025-08-06,18500.0,18183.3442,False,181.0794,316.6558,100270.8723,1.7487
izhodiscna,1018P,Kardiološki pregled - prvi,4,naivni,2025-07-16,2025-08-13,18485.0,18320.0,False,178.5156,165.0,27225.0,0.9243
izhodiscna,1018P,Kardiološki pregled - prvi,4,lin,2025-07-16,2025-08-13,18485.0,16683.7942,False,178.5156,1801.2058,3244342.2231,10.0899
izhodiscna,1018P,Kardiološki pregled - prvi,4,ar1,2025-07-16,2025-08-13,18485.0,18170.9325,False,178.5156,314.0675,98638.4021,1.7593
izhodiscna,1018P,Kardiološki pregled - prvi,4,naivni,2025-07-23,2025-08-20,18372.0,18480.0,False,178.2308,108.0,11664.0,0.606
izhodiscna,1018P,Kardiološki pregled - prvi,4,lin,2025-07-23,2025-08-20,18372.0,16767.1522,False,178.2308,1604.8478,2575536.5823,9.0043
izhodiscna,1018P,Kardiološki pregled - prvi,4,ar1,2025-07-23,2025-08-20,18372.0,18323.1557,False,178.2308,48.8443,2385.7626,0.2741
izhodiscna,1018P,Kardiološki pregled - prvi,4,naivni,2025-07-30,2025-08-27,18470.0,18604.0,False,177.4091,134.0,17956.0,0.7553
izhodiscna,1018P,Kardiološki pregled - prvi,4,lin,2025-07-30,2025-08-27,18470.0,16854.111,False,177.4091,1615.889,2611097.1878,9.1083
izhodiscna,1018P,Kardiološki pregled - prvi,4,ar1,2025-07-30,2025-08-27,18470.0,18444.5845,False,177.4091,25.4155,645.9468,0.1433
izhodiscna,1018P,Kardiološki pregled - prvi,4,naivni,2025-08-06,2025-09-03,18408.0,18500.0,False,176.3134,92.0,8464.0,0.5218
izhodiscna,1018P,Kardiološki pregled - prvi,4,lin,2025-08-06,2025-09-03,18408.0,16930.112,False,176.3134,1477.888,2184153.0042,8.3822
izhodiscna,1018P,Kardiološki pregled - prvi,4,ar1,2025-08-06,2025-09-03,18408.0,18349.4397,False,176.3134,58.5603,3429.3036,0.3321
izhodiscna,1018P,Kardiološki pregled - prvi,4,naivni,2025-08-13,2025-09-10,18295.0,18485.0,False,173.9412,190.0,36100.0,1.0923
izhodiscna,1018P,Kardiološki pregled - prvi,4,lin,2025-08-13,2025-09-10,18295.0,17001.3712,False,173.9412,1293.6288,1673475.448,7.4372
izhodiscna,1018P,Kardiološki pregled - prvi,4,ar1,2025-08-13,2025-09-10,18295.0,18338.7453,False,173.9412,43.7453,1913.6523,0.2515
izhodiscna,1018P,Kardiološki pregled - prvi,4,naivni,2025-08-20,2025-09-17,18112.0,18372.0,False,173.058,260.0,67600.0,1.5024
izhodiscna,1018P,Kardiološki pregled - prvi,4,lin,2025-08-20,2025-09-17,18112.0,17062.2333,False,173.058,1049.7667,1102010.1708,6.066
izhodiscna,1018P,Kardiološki pregled - prvi,4,ar1,2025-08-20,2025-09-17,18112.0,18235.9661,False,173.058,123.9661,15367.583,0.7163
izhodiscna,1018P,Kardiološki pregled - prvi,4,naivni,2025-08-27,2025-09-24,17777.0,18470.0,False,171.9857,693.0,480249.0,4.0294
izhodiscna,1018P,Kardiološki pregled - prvi,4,lin,2025-08-27,2025-09-24,17777.0,17125.9997,False,171.9857,651.0003,423801.393,3.7852
izhodiscna,1018P,Kardiološki pregled - prvi,4,ar1,2025-08-27,2025-09-24,17777.0,18330.0882,False,171.9857,553.0882,305906.5546,3.2159
izhodiscna,1018P,Kardiološki pregled - prvi,4,naivni,2025-09-03,2025-10-01,17322.0,18408.0,False,170.4366,1086.0,1179396.0,6.3719
izhodiscna,1018P,Kardiološki pregled - prvi,4,lin,2025-09-03,2025-10-01,17322.0,17183.0295,False,170.4366,138.9705,19312.7959,0.8154
izhodiscna,1018P,Kardiološki pregled - prvi,4,ar1,2025-09-03,2025-10-01,17322.0,18274.9139,False,170.4366,952.9139,908044.8266,5.591
izhodiscna,1018P,Kardiološki pregled - prvi,4,naivni,2025-09-10,2025-10-08,17132.0,18295.0,False,169.6389,1163.0,1352569.0,6.8557
izhodiscna,1018P,Kardiološki pregled - prvi,4,lin,2025-09-10,2025-10-08,17132.0,17230.7774,False,169.6389,98.7774,9756.9681,0.5823
izhodiscna,1018P,Kardiološki pregled - prvi,4,ar1,2025-09-10,2025-10-08,17132.0,18172.5441,False,169.6389,1040.5441,1082731.9268,6.1339
izhodiscna,1018P,Kardiološki pregled - prvi,4,naivni,2025-09-17,2025-10-15,16998.0,18112.0,False,169.8219,1114.0,1240996.0,6.5598
izhodiscna,1018P,Kardiološki pregled - prvi,4,lin,2025-09-17,2025-10-15,16998.0,17265.8088,False,169.8219,267.8088,71721.5516,1.577
izhodiscna,1018P,Kardiološki pregled - prvi,4,ar1,2025-09-17,2025-10-15,16998.0,18006.9043,False,169.8219,1008.9043,1017887.8719,5.941
izhodiscna,1018P,Kardiološki pregled - prvi,4,naivni,2025-09-24,2025-10-22,16671.0,17777.0,False,172.0541,1106.0,1223236.0,6.4282
izhodiscna,1018P,Kardiološki pregled - prvi,4,lin,2025-09-24,2025-10-22,16671.0,17280.3224,False,172.0541,609.3224,371273.74,3.5415
izhodiscna,1018P,Kardiološki pregled - prvi,4,ar1,2025-09-24,2025-10-22,16671.0,17706.1706,False,172.0541,1035.1706,1071578.1747,6.0165
izhodiscna,1018P,Kardiološki pregled - prvi,4,naivni,2025-10-01,2025-10-29,16787.0,17322.0,False,175.8267,535.0,286225.0,3.0428
izhodiscna,1018P,Kardiološki pregled - prvi,4,lin,2025-10-01,2025-10-29,16787.0,17268.8915,False,175.8267,481.8915,232219.4148,2.7407
izhodiscna,1018P,Kardiološki pregled - prvi,4,ar1,2025-10-01,2025-10-29,16787.0,17299.5309,False,175.8267,512.5309,262687.925,2.915
izhodiscna,1018P,Kardiološki pregled - prvi,4,naivni,2025-10-08,2025-11-05,16613.0,17132.0,False,176.0132,519.0,269361.0,2.9486
izhodiscna,1018P,Kardiološki pregled - prvi,4,lin,2025-10-08,2025-11-05,16613.0,17247.6519,False,176.0132,634.6519,402783.0017,3.6057
izhodiscna,1018P,Kardiološki pregled - prvi,4,ar1,2025-10-08,2025-11-05,16613.0,17127.1057,False,176.0132,514.1057,264304.648,2.9208
izhodiscna,1018P,Kardiološki pregled - prvi,4,naivni,2025-10-15,2025-11-12,16567.0,16998.0,False,175.4675,431.0,185761.0,2.4563
izhodiscna,1018P,Kardiološki pregled - prvi,4,lin,2025-10-15,2025-11-12,16567.0,17220.228,False,175.4675,653.228,426706.8473,3.7228
izhodiscna,1018P,Kardiološki pregled - prvi,4,ar1,2025-10-15,2025-11-12,16567.0,17003.5498,False,175.4675,436.5498,190575.7654,2.4879
izhodiscna,1018P,Kardiološki pregled - prvi,4,naivni,2025-10-22,2025-11-19,16393.0,16671.0,False,177.4103,278.0,77284.0,1.567
izhodiscna,1018P,Kardiološki pregled - prvi,4,lin,2025-10-22,2025-11-19,16393.0,17176.6661,False,177.4103,783.6661,614132.5796,4.4173
izhodiscna,1018P,Kardiološki pregled - prvi,4,ar1,2025-10-22,2025-11-19,16393.0,16695.0774,False,177.4103,302.0774,91250.7707,1.7027
izhodiscna,1018P,Kardiološki pregled - prvi,4,naivni,2025-10-29,2025-11-26,16340.0,16787.0,False,176.6329,447.0,199809.0,2.5307
izhodiscna,1018P,Kardiološki pregled - prvi,4,lin,2025-10-29,2025-11-26,16340.0,17141.2932,False,176.6329,801.2932,642070.8708,4.5365
izhodiscna,1018P,Kardiološki pregled - prvi,4,ar1,2025-10-29,2025-11-26,16340.0,16806.3122,False,176.6329,466.3122,217447.0435,2.64
izhodiscna,1018P,Kardiološki pregled - prvi,4,naivni,2025-11-05,2025-12-03,16279.0,16613.0,False,176.6,334.0,111556.0,1.8913
izhodiscna,1018P,Kardiološki pregled - prvi,4,lin,2025-11-05,2025-12-03,16279.0,17098.5339,False,176.6,819.5339,671635.7728,4.6406
izhodiscna,1018P,Kardiološki pregled - prvi,4,ar1,2025-11-05,2025-12-03,16279.0,16638.9872,False,176.6,359.9872,129590.7609,2.0384
izhodiscna,1018P,Kardiološki pregled - prvi,4,naivni,2025-11-12,2025-12-10,16212.0,16567.0,False,174.9877,355.0,126025.0,2.0287
izhodiscna,1018P,Kardiološki pregled - prvi,4,lin,2025-11-12,2025-12-10,16212.0,17055.3948,False,174.9877,843.3948,711314.814,4.8197
izhodiscna,1018P,Kardiološki pregled - prvi,4,ar1,2025-11-12,2025-12-10,16212.0,16593.341,False,174.9877,381.341,145420.9886,2.1792
izhodiscna,1018P,Kardiološki pregled - prvi,4,naivni,2025-11-19,2025-12-17,15945.0,16393.0,False,174.9756,448.0,200704.0,2.5604
izhodiscna,1018P,Kardiološki pregled - prvi,4,lin,2025-11-19,2025-12-17,15945.0,17005.4023,False,174.9756,1060.4023,1124452.932,6.0603
izhodiscna,1018P,Kardiološki pregled - prvi,4,ar1,2025-11-19,2025-12-17,15945.0,16420.598,False,174.9756,475.598,226193.4207,2.7181
izhodiscna,1018P,Kardiološki pregled - prvi,4,naivni,2025-11-26,2026-01-07,15897.0,16340.0,True,173.506,443.0,196249.0,2.5532
izhodiscna,1018P,Kardiološki pregled - prvi,4,lin,2025-11-26,2026-01-07,15897.0,16955.0082,True,173.506,1058.0082,1119381.4031,6.0978
izhodiscna,1018P,Kardiološki pregled - prvi,4,ar1,2025-11-26,2026-01-07,15897.0,16366.2343,True,173.506,469.2343,220180.81,2.7044
izhodiscna,1018P,Kardiološki pregled - prvi,4,naivni,2025-12-03,2026-01-14,15901.0,16279.0,True,172.1667,378.0,142884.0,2.1955
izhodiscna,1018P,Kardiološki pregled - prvi,4,lin,2025-12-03,2026-01-14,15901.0,16903.8432,True,172.1667,1002.8432,1005694.3841,5.8248
izhodiscna,1018P,Kardiološki pregled - prvi,4,ar1,2025-12-03,2026-01-14,15901.0,16303.4266,True,172.1667,402.4266,161947.1802,2.3374
izhodiscna,1018P,Kardiološki pregled - prvi,4,naivni,2025-12-10,2026-01-21,16004.0,16212.0,True,170.9294,208.0,43264.0,1.2169
izhodiscna,1018P,Kardiološki pregled - prvi,4,lin,2025-12-10,2026-01-21,16004.0,16851.6598,True,170.9294,847.6598,718527.0805,4.9591
izhodiscna,1018P,Kardiološki pregled - prvi,4,ar1,2025-12-10,2026-01-21,16004.0,16234.0378,True,170.9294,230.0378,52917.3799,1.3458
izhodiscna,1018P,Kardiološki pregled - prvi,4,naivni,2025-12-17,2026-01-28,16267.0,15945.0,True,172.0465,322.0,103684.0,1.8716
izhodiscna,1018P,Kardiološki pregled - prvi,4,lin,2025-12-17,2026-01-28,16267.0,16788.8514,True,172.0465,521.8514,272328.8593,3.0332
izhodiscna,1018P,Kardiološki pregled - prvi,4,ar1,2025-12-17,2026-01-28,16267.0,15954.2857,True,172.0465,312.7143,97790.2041,1.8176
izhodiscna,1018P,Kardiološki pregled - prvi,4,naivni,2026-01-07,2026-02-04,16388.0,15897.0,False,170.6207,491.0,241081.0,2.8777
izhodiscna,1018P,Kardiološki pregled - prvi,4,lin,2026-01-07,2026-02-04,16388.0,16726.4434,False,170.6207,338.4434,114543.9572,1.9836
izhodiscna,1018P,Kardiološki pregled - prvi,4,ar1,2026-01-07,2026-02-04,16388.0,15902.0812,False,170.6207,485.9188,236117.0592,2.8479
izhodiscna,1018P,Kardiološki pregled - prvi,4,naivni,2026-01-14,2026-02-11,16379.0,15901.0,False,168.7273,478.0,228484.0,2.833
izhodiscna,1018P,Kardiološki pregled - prvi,4,lin,2026-01-14,2026-02-11,16379.0,16666.8742,False,168.7273,287.8742,82871.5304,1.7062
izhodiscna,1018P,Kardiološki pregled - prvi,4,ar1,2026-01-14,2026-02-11,16379.0,15906.1783,False,168.7273,472.8217,223560.3485,2.8023
izhodiscna,1018P,Kardiološki pregled - prvi,4,naivni,2026-01-21,2026-02-18,16714.0,16004.0,False,167.9888,710.0,504100.0,4.2265
izhodiscna,1018P,Kardiološki pregled - prvi,4,lin,2026-01-21,2026-02-18,16714.0,16614.6191,False,167.9888,99.3809,9876.5644,0.5916
izhodiscna,1018P,Kardiološki pregled - prvi,4,ar1,2026-01-21,2026-02-18,16714.0,16015.5841,False,167.9888,698.4159,487784.7678,4.1575
izhodiscna,1018P,Kardiološki pregled - prvi,4,naivni,2026-01-28,2026-02-25,16733.0,16267.0,False,169.0444,466.0,217156.0,2.7567
izhodiscna,1018P,Kardiološki pregled - prvi,4,lin,2026-01-28,2026-02-25,16733.0,16576.6851,False,169.0444,156.3149,24434.3451,0.9247
izhodiscna,1018P,Kardiološki pregled - prvi,4,ar1,2026-01-28,2026-02-25,16733.0,16285.6908,False,169.0444,447.3092,200085.5413,2.6461
izhodiscna,1018P,Kardiološki pregled - prvi,4,naivni,2026-02-04,2026-03-04,16860.0,16388.0,False,168.5165,472.0,222784.0,2.8009
izhodiscna,1018P,Kardiološki pregled - prvi,4,lin,2026-02-04,2026-03-04,16860.0,16545.8778,False,168.5165,314.1222,98672.7304,1.864
izhodiscna,1018P,Kardiološki pregled - prvi,4,ar1,2026-02-04,2026-03-04,16860.0,16404.9429,False,168.5165,455.0571,207076.9637,2.7004
izhodiscna,1018P,Kardiološki pregled - prvi,4,naivni,2026-02-11,2026-03-11,16931.0,16379.0,False,166.7826,552.0,304704.0,3.3097
izhodiscna,1018P,Kardiološki pregled - prvi,4,lin,2026-02-11,2026-03-11,16931.0,16515.9832,False,166.7826,415.0168,172238.9116,2.4884
izhodiscna,1018P,Kardiološki pregled - prvi,4,ar1,2026-02-11,2026-03-11,16931.0,16395.748,False,166.7826,535.252,286494.7451,3.2093
izhodiscna,1018P,Kardiološki pregled - prvi,4,naivni,2026-02-18,2026-03-18,16741.0,16714.0,False,168.5914,27.0,729.0,0.1602
izhodiscna,1018P,Kardiološki pregled - prvi,4,lin,2026-02-18,2026-03-18,16741.0,16502.2889,False,168.5914,238.7111,56982.9758,1.4159
izhodiscna,1018P,Kardiološki pregled - prvi,4,ar1,2026-02-18,2026-03-18,16741.0,16717.3337,False,168.5914,23.6663,560.0931,0.1404
izhodiscna,1018P,Kardiološki pregled - prvi,4,naivni,2026-02-25,2026-03-25,16886.0,16733.0,False,167.0,153.0,23409.0,0.9162
izhodiscna,1018P,Kardiološki pregled - prvi,4,lin,2026-02-25,2026-03-25,16886.0,16490.0732,False,167.0,395.9268,156758.0022,2.3708
izhodiscna,1018P,Kardiološki pregled - prvi,4,ar1,2026-02-25,2026-03-25,16886.0,16735.0439,False,167.0,150.9561,22787.7444,0.9039
izhodiscna,1018P,Kardiološki pregled - prvi,4,naivni,2026-03-04,2026-04-08,16603.0,16860.0,True,166.5789,257.0,66049.0,1.5428
izhodiscna,1018P,Kardiološki pregled - prvi,4,lin,2026-03-04,2026-04-08,16603.0,16483.9727,True,166.5789,119.0273,14167.5071,0.7145
izhodiscna,1018P,Kardiološki pregled - prvi,4,ar1,2026-03-04,2026-04-08,16603.0,16853.0454,True,166.5789,250.0454,62522.678,1.5011
izhodiscna,1018P,Kardiološki pregled - prvi,4,naivni,2026-03-11,2026-04-15,16708.0,16931.0,True,165.5833,223.0,49729.0,1.3468
izhodiscna,1018P,Kardiološki pregled - prvi,4,lin,2026-03-11,2026-04-15,16708.0,16481.2779,True,165.5833,226.7221,51402.8971,1.3692
izhodiscna,1018P,Kardiološki pregled - prvi,4,ar1,2026-03-11,2026-04-15,16708.0,16918.4913,True,165.5833,210.4913,44306.5883,1.2712
izhodiscna,1018P,Kardiološki pregled - prvi,4,naivni,2026-03-18,2026-04-29,17067.0,16741.0,True,165.8351,326.0,106276.0,1.9658
izhodiscna,1018P,Kardiološki pregled - prvi,4,lin,2026-03-18,2026-04-29,17067.0,16470.6889,True,165.8351,596.3111,355586.9453,3.5958
izhodiscna,1018P,Kardiološki pregled - prvi,4,ar1,2026-03-18,2026-04-29,17067.0,16743.8011,True,165.8351,323.1989,104457.5554,1.9489
izhodiscna,1018P,Kardiološki pregled - prvi,4,naivni,2026-03-25,2026-05-06,16765.0,16886.0,True,165.6224,121.0,14641.0,0.7306
izhodiscna,1018P,Kardiološki pregled - prvi,4,lin,2026-03-25,2026-05-06,16765.0,16466.7191,True,165.6224,298.2809,88971.4675,1.801
izhodiscna,1018P,Kardiološki pregled - prvi,4,ar1,2026-03-25,2026-05-06,16765.0,16877.8262,True,165.6224,112.8262,12729.7483,0.6812
izhodiscna,1018P,Kardiološki pregled - prvi,4,naivni,2026-04-08,2026-05-13,16896.0,16603.0,True,166.8081,293.0,85849.0,1.7565
izhodiscna,1018P,Kardiološki pregled - prvi,4,lin,2026-04-08,2026-05-13,16896.0,16451.1776,True,166.8081,444.8224,197867.0051,2.6667
izhodiscna,1018P,Kardiološki pregled - prvi,4,ar1,2026-04-08,2026-05-13,16896.0,16616.793,True,166.8081,279.207,77956.521,1.6738
izhodiscna,1018P,Kardiološki pregled - prvi,4,naivni,2026-04-15,2026-05-20,16788.0,16708.0,True,166.19,80.0,6400.0,0.4814
izhodiscna,1018P,Kardiološki pregled - prvi,4,lin,2026-04-15,2026-05-20,16788.0,16440.6394,True,166.19,347.3606,120659.4066,2.0901
izhodiscna,1018P,Kardiološki pregled - prvi,4,ar1,2026-04-15,2026-05-20,16788.0,16714.5747,True,166.19,73.4253,5391.2784,0.4418
izhodiscna,1018P,Kardiološki pregled - prvi,4,naivni,2026-04-29,2026-05-27,16843.0,17067.0,False,168.099,224.0,50176.0,1.3325
izhodiscna,1018P,Kardiološki pregled - prvi,4,lin,2026-04-29,2026-05-27,16843.0,16445.2724,False,168.099,397.7276,158187.2148,2.366
izhodiscna,1018P,Kardiološki pregled - prvi,4,ar1,2026-04-29,2026-05-27,16843.0,17043.6978,False,168.099,200.6978,40279.5873,1.1939
izhodiscna,1018P,Kardiološki pregled - prvi,4,naivni,2026-05-06,2026-06-03,16753.0,16765.0,False,169.4118,12.0,144.0,0.0708
izhodiscna,1018P,Kardiološki pregled - prvi,4,lin,2026-05-06,2026-06-03,16753.0,16437.6115,False,169.4118,315.3885,99469.8941,1.8617
izhodiscna,1018P,Kardiološki pregled - prvi,4,ar1,2026-05-06,2026-06-03,16753.0,16770.3673,False,169.4118,17.3673,301.6221,0.1025
izhodiscna,1018P,Kardiološki pregled - prvi,4,naivni,2026-05-13,2026-06-17,16719.0,16896.0,True,169.0388,177.0,31329.0,1.0471
izhodiscna,1018P,Kardiološki pregled - prvi,4,lin,2026-05-13,2026-06-17,16719.0,16435.571,True,169.0388,283.429,80331.9758,1.6767
izhodiscna,1018P,Kardiološki pregled - prvi,4,ar1,2026-05-13,2026-06-17,16719.0,16889.9794,True,169.0388,170.9794,29233.9626,1.0115
izhodiscna,1018P,Kardiološki pregled - prvi,4,naivni,2026-05-20,2026-06-24,16949.0,16788.0,True,168.4519,161.0,25921.0,0.9558
izhodiscna,1018P,Kardiološki pregled - prvi,4,lin,2026-05-20,2026-06-24,16949.0,16429.4104,True,168.4519,519.5896,269973.3005,3.0845
izhodiscna,1018P,Kardiološki pregled - prvi,4,ar1,2026-05-20,2026-06-24,16949.0,16791.8445,True,168.4519,157.1555,24697.8662,0.9329
izhodiscna,1018P,Kardiološki pregled - prvi,4,naivni,2026-05-27,2026-07-01,16760.0,16843.0,True,167.3714,83.0,6889.0,0.4959
izhodiscna,1018P,Kardiološki pregled - prvi,4,lin,2026-05-27,2026-07-01,16760.0,16425.7184,True,167.3714,334.2816,111744.1565,1.9972
izhodiscna,1018P,Kardiološki pregled - prvi,4,ar1,2026-05-27,2026-07-01,16760.0,16841.9537,True,167.3714,81.9537,6716.4161,0.4897
izhodiscna,1018P,Kardiološki pregled - prvi,4,naivni,2026-06-03,2026-07-08,16806.0,16753.0,True,166.6415,53.0,2809.0,0.318
izhodiscna,1018P,Kardiološki pregled - prvi,4,lin,2026-06-03,2026-07-08,16806.0,16418.7407,True,166.6415,387.2593,149969.7668,2.3239
izhodiscna,1018P,Kardiološki pregled - prvi,4,ar1,2026-06-03,2026-07-08,16806.0,16759.9933,True,166.6415,46.0067,2116.6196,0.2761
izhodiscna,1018P,Kardiološki pregled - prvi,4,naivni,2026-06-17,2026-07-15,16912.0,16719.0,False,165.4019,193.0,37249.0,1.1669
izhodiscna,1018P,Kardiološki pregled - prvi,4,lin,2026-06-17,2026-07-15,16912.0,16410.7769,False,165.4019,501.2231,251224.5772,3.0303
izhodiscna,1018P,Kardiološki pregled - prvi,4,ar1,2026-06-17,2026-07-15,16912.0,16728.7913,False,165.4019,183.2087,33565.4311,1.1077
izhodiscna,1941,UZ vratnih žil,1,naivni,2025-04-09,2025-04-16,25659.0,25404.0,False,263.2549,255.0,65025.0,0.9686
izhodiscna,1941,UZ vratnih žil,1,lin,2025-04-09,2025-04-16,25659.0,23329.1833,False,263.2549,2329.8167,5428046.0517,8.85
izhodiscna,1941,UZ vratnih žil,1,ar1,2025-04-09,2025-04-16,25659.0,25764.5734,False,263.2549,105.5734,11145.7528,0.401
izhodiscna,1941,UZ vratnih žil,1,naivni,2025-04-16,2025-04-23,25944.0,25659.0,False,263.0962,285.0,81225.0,1.0833
izhodiscna,1941,UZ vratnih žil,1,lin,2025-04-16,2025-04-23,25944.0,23609.2736,False,263.0962,2334.7264,5450947.4333,8.874
izhodiscna,1941,UZ vratnih žil,1,ar1,2025-04-16,2025-04-23,25944.0,26013.0956,False,263.0962,69.0956,4774.2074,0.2626
izhodiscna,1941,UZ vratnih žil,1,naivni,2025-04-23,2025-04-30,26313.0,25944.0,False,263.5094,369.0,136161.0,1.4003
izhodiscna,1941,UZ vratnih žil,1,lin,2025-04-23,2025-04-30,26313.0,23891.3557,False,263.5094,2421.6443,5864361.1384,9.19
izhodiscna,1941,UZ vratnih žil,1,ar1,2025-04-23,2025-04-30,26313.0,26298.8494,False,263.5094,14.1506,200.2408,0.0537
izhodiscna,1941,UZ vratnih žil,1,naivni,2025-04-30,2025-05-07,26339.0,26313.0,False,265.463,26.0,676.0,0.0979
izhodiscna,1941,UZ vratnih žil,1,lin,2025-04-30,2025-05-07,26339.0,24181.3313,False,265.463,2157.6687,4655534.1623,8.1279
izhodiscna,1941,UZ vratnih žil,1,ar1,2025-04-30,2025-05-07,26339.0,26684.1893,False,265.463,345.1893,119155.6344,1.3003
izhodiscna,1941,UZ vratnih žil,1,naivni,2025-05-07,2025-05-14,26820.0,26339.0,False,261.1091,481.0,231361.0,1.8421
izhodiscna,1941,UZ vratnih žil,1,lin,2025-05-07,2025-05-14,26820.0,24454.024,False,261.1091,2365.976,5597842.3097,9.0613
izhodiscna,1941,UZ vratnih žil,1,ar1,2025-05-07,2025-05-14,26820.0,26663.8121,False,261.1091,156.1879,24394.6553,0.5982
izhodiscna,1941,UZ vratnih žil,1,naivni,2025-05-14,2025-05-21,27120.0,26820.0,False,265.0357,300.0,90000.0,1.1319
izhodiscna,1941,UZ vratnih žil,1,lin,2025-05-14,2025-05-21,27120.0,24742.6867,False,265.0357,2377.3133,5651618.4465,8.9698
izhodiscna,1941,UZ vratnih žil,1,ar1,2025-05-14,2025-05-21,27120.0,27180.2763,False,265.0357,60.2763,3633.2333,0.2274
izhodiscna,1941,UZ vratnih žil,1,naivni,2025-05-21,2025-05-28,27516.0,27120.0,False,265.6491,396.0,156816.0,1.4907
izhodiscna,1941,UZ vratnih žil,1,lin,2025-05-21,2025-05-28,27516.0,25033.5626,False,265.6491,2482.4374,6162495.3782,9.3448
izhodiscna,1941,UZ vratnih žil,1,ar1,2025-05-21,2025-05-28,27516.0,27482.8389,False,265.6491,33.1611,1099.6582,0.1248
izhodiscna,1941,UZ vratnih žil,1,naivni,2025-05-28,2025-06-04,28048.0,27516.0,False,267.8966,532.0,283024.0,1.9858
izhodiscna,1941,UZ vratnih žil,1,lin,2025-05-28,2025-06-04,28048.0,25332.955,False,267.8966,2715.045,7371469.3679,10.1347
izhodiscna,1941,UZ vratnih žil,1,ar1,2025-05-28,2025-06-04,28048.0,27896.1732,False,267.8966,151.8268,23051.3888,0.5667
izhodiscna,1941,UZ vratnih žil,1,naivni,2025-06-04,2025-06-11,27454.0,28048.0,False,272.3729,594.0,352836.0,2.1808
izhodiscna,1941,UZ vratnih žil,1,lin,2025-06-04,2025-06-11,27454.0,25649.2571,False,272.3729,1804.7429,3257097.0717,6.626
izhodiscna,1941,UZ vratnih žil,1,ar1,2025-06-04,2025-06-11,27454.0,28465.2298,False,272.3729,1011.2298,1022585.7988,3.7127
izhodiscna,1941,UZ vratnih žil,1,naivni,2025-06-11,2025-06-18,28281.0,27454.0,False,277.7333,827.0,683929.0,2.9777
izhodiscna,1941,UZ vratnih žil,1,lin,2025-06-11,2025-06-18,28281.0,25907.3508,False,277.7333,2373.6492,5634210.4313,8.5465
izhodiscna,1941,UZ vratnih žil,1,ar1,2025-06-11,2025-06-18,28281.0,27738.8286,False,277.7333,542.1714,293949.7928,1.9521
izhodiscna,1941,UZ vratnih žil,1,naivni,2025-06-18,2025-07-02,28359.0,28281.0,True,286.7377,78.0,6084.0,0.272
izhodiscna,1941,UZ vratnih žil,1,lin,2025-06-18,2025-07-02,28359.0,26203.1026,True,286.7377,2155.8974,4647893.6372,7.5187
izhodiscna,1941,UZ vratnih žil,1,ar1,2025-06-18,2025-07-02,28359.0,28638.5857,True,286.7377,279.5857,78168.1825,0.9751
izhodiscna,1941,UZ vratnih žil,1,naivni,2025-07-02,2025-07-09,28353.0,28359.0,False,283.371,6.0,36.0,0.0212
izhodiscna,1941,UZ vratnih žil,1,lin,2025-07-02,2025-07-09,28353.0,26486.2442,False,283.371,1866.7558,3484777.0689,6.5877
izhodiscna,1941,UZ vratnih žil,1,ar1,2025-07-02,2025-07-09,28353.0,28689.756,False,283.371,336.756,113404.5801,1.1884
izhodiscna,1941,UZ vratnih žil,1,naivni,2025-07-09,2025-07-16,27558.0,28353.0,False,278.9683,795.0,632025.0,2.8498
izhodiscna,1941,UZ vratnih žil,1,lin,2025-07-09,2025-07-16,27558.0,26752.3839,False,278.9683,805.6161,649017.2545,2.8878
izhodiscna,1941,UZ vratnih žil,1,ar1,2025-07-09,2025-07-16,27558.0,28651.7189,False,278.9683,1093.7189,1196221.0437,3.9206
izhodiscna,1941,UZ vratnih žil,1,naivni,2025-07-16,2025-07-23,28572.0,27558.0,False,287.0312,1014.0,1028196.0,3.5327
izhodiscna,1941,UZ vratnih žil,1,lin,2025-07-16,2025-07-23,28572.0,26954.1202,False,287.0312,1617.8798,2617535.0721,5.6366
izhodiscna,1941,UZ vratnih žil,1,ar1,2025-07-16,2025-07-23,28572.0,27755.6343,False,287.0312,816.3657,666453.0167,2.8442
izhodiscna,1941,UZ vratnih žil,1,naivni,2025-07-23,2025-07-30,28431.0,28572.0,False,298.2154,141.0,19881.0,0.4728
izhodiscna,1941,UZ vratnih žil,1,lin,2025-07-23,2025-07-30,28431.0,27205.4601,False,298.2154,1225.5399,1501947.9488,4.1096
izhodiscna,1941,UZ vratnih žil,1,ar1,2025-07-23,2025-07-30,28431.0,28838.9305,False,298.2154,407.9305,166407.3324,1.3679
izhodiscna,1941,UZ vratnih žil,1,naivni,2025-07-30,2025-08-06,28707.0,28431.0,False,295.8333,276.0,76176.0,0.933
izhodiscna,1941,UZ vratnih žil,1,lin,2025-07-30,2025-08-06,28707.0,27434.1085,False,295.8333,1272.8915,1620252.6481,4.3027
izhodiscna,1941,UZ vratnih žil,1,ar1,2025-07-30,2025-08-06,28707.0,28664.2428,False,295.8333,42.7572,1828.1797,0.1445
izhodiscna,1941,UZ vratnih žil,1,naivni,2025-08-06,2025-08-13,28723.0,28707.0,False,295.5373,16.0,256.0,0.0541
izhodiscna,1941,UZ vratnih žil,1,lin,2025-08-06,2025-08-13,28723.0,27666.0803,False,295.5373,1056.9197,1117079.1812,3.5763
izhodiscna,1941,UZ vratnih žil,1,ar1,2025-08-06,2025-08-13,28723.0,28946.5444,False,295.5373,223.5444,49972.0817,0.7564
izhodiscna,1941,UZ vratnih žil,1,naivni,2025-08-13,2025-08-20,27115.0,28723.0,False,291.4265,1608.0,2585664.0,5.5177
izhodiscna,1941,UZ vratnih žil,1,lin,2025-08-13,2025-08-20,27115.0,27886.0746,False,291.4265,771.0746,594556.0311,2.6459
izhodiscna,1941,UZ vratnih žil,1,ar1,2025-08-13,2025-08-20,27115.0,28947.0114,False,291.4265,1832.0114,3356265.8482,6.2864
izhodiscna,1941,UZ vratnih žil,1,naivni,2025-08-20,2025-08-27,28635.0,27115.0,False,310.5072,1520.0,2310400.0,4.8952
izhodiscna,1941,UZ vratnih žil,1,lin,2025-08-20,2025-08-27,28635.0,28002.0497,False,310.5072,632.9503,400626.0956,2.0384
izhodiscna,1941,UZ vratnih žil,1,ar1,2025-08-20,2025-08-27,28635.0,27225.817,False,310.5072,1409.183,1985796.7825,4.5383
izhodiscna,1941,UZ vratnih žil,1,naivni,2025-08-27,2025-09-03,28217.0,28635.0,False,327.7857,418.0,174724.0,1.2752
izhodiscna,1941,UZ vratnih žil,1,lin,2025-08-27,2025-09-03,28217.0,28196.8145,False,327.7857,20.1855,407.4549,0.0616
izhodiscna,1941,UZ vratnih žil,1,ar1,2025-08-27,2025-09-03,28217.0,28809.6933,False,327.7857,592.6933,351285.3867,1.8082
izhodiscna,1941,UZ vratnih žil,1,naivni,2025-09-03,2025-09-10,27994.0,28217.0,False,329.0563,223.0,49729.0,0.6777
izhodiscna,1941,UZ vratnih žil,1,lin,2025-09-03,2025-09-10,27994.0,28357.7844,False,329.0563,363.7844,132339.1106,1.1055
izhodiscna,1941,UZ vratnih žil,1,ar1,2025-09-03,2025-09-10,27994.0,28357.5116,False,329.0563,363.5116,132140.6608,1.1047
izhodiscna,1941,UZ vratnih žil,1,naivni,2025-09-10,2025-09-17,27862.0,27994.0,False,327.5833,132.0,17424.0,0.403
izhodiscna,1941,UZ vratnih žil,1,lin,2025-09-10,2025-09-17,27862.0,28497.7226,False,327.5833,635.7226,404143.2276,1.9406
izhodiscna,1941,UZ vratnih žil,1,ar1,2025-09-10,2025-09-17,27862.0,28117.0758,False,327.5833,255.0758,65063.6612,0.7787
izhodiscna,1941,UZ vratnih žil,1,naivni,2025-09-17,2025-09-24,27586.0,27862.0,False,324.9041,276.0,76176.0,0.8495
izhodiscna,1941,UZ vratnih žil,1,lin,2025-09-17,2025-09-24,27586.0,28622.8267,False,324.9041,1036.8267,1075009.6698,3.1912
izhodiscna,1941,UZ vratnih žil,1,ar1,2025-09-17,2025-09-24,27586.0,27974.2054,False,324.9041,388.2054,150703.4606,1.1948
izhodiscna,1941,UZ vratnih žil,1,naivni,2025-09-24,2025-10-01,27884.0,27586.0,False,324.2432,298.0,88804.0,0.9191
izhodiscna,1941,UZ vratnih žil,1,lin,2025-09-24,2025-10-01,27884.0,28726.3095,False,324.2432,842.3095,709485.3773,2.5978
izhodiscna,1941,UZ vratnih žil,1,ar1,2025-09-24,2025-10-01,27884.0,27683.8704,False,324.2432,200.1296,40051.8723,0.6172
izhodiscna,1941,UZ vratnih žil,1,naivni,2025-10-01,2025-10-08,28060.0,27884.0,False,323.8933,176.0,30976.0,0.5434
izhodiscna,1941,UZ vratnih žil,1,lin,2025-10-01,2025-10-08,28060.0,28839.6663,False,323.8933,779.6663,607879.564,2.4072
izhodiscna,1941,UZ vratnih žil,1,ar1,2025-10-01,2025-10-08,28060.0,27987.6516,False,323.8933,72.3484,5234.2974,0.2234
izhodiscna,1941,UZ vratnih žil,1,naivni,2025-10-08,2025-10-15,27955.0,28060.0,False,321.9474,105.0,11025.0,0.3261
izhodiscna,1941,UZ vratnih žil,1,lin,2025-10-08,2025-10-15,27955.0,28955.9894,False,321.9474,1000.9894,1001979.7896,3.1092
izhodiscna,1941,UZ vratnih žil,1,ar1,2025-10-08,2025-10-15,27955.0,28165.527,False,321.9474,210.527,44321.6135,0.6539
izhodiscna,1941,UZ vratnih žil,1,naivni,2025-10-15,2025-10-22,28289.0,27955.0,False,319.1299,334.0,111556.0,1.0466
izhodiscna,1941,UZ vratnih žil,1,lin,2025-10-15,2025-10-22,28289.0,29060.703,False,319.1299,771.703,595525.4642,2.4181
izhodiscna,1941,UZ vratnih žil,1,ar1,2025-10-15,2025-10-22,28289.0,28052.9858,False,319.1299,236.0142,55702.6966,0.7396
izhodiscna,1941,UZ vratnih žil,1,naivni,2025-10-22,2025-10-29,28694.0,28289.0,False,319.3205,405.0,164025.0,1.2683
izhodiscna,1941,UZ vratnih žil,1,lin,2025-10-22,2025-10-29,28694.0,29176.7011,False,319.3205,482.7011,233000.324,1.5117
izhodiscna,1941,UZ vratnih žil,1,ar1,2025-10-22,2025-10-29,28694.0,28393.8707,False,319.3205,300.1293,90077.5874,0.9399
izhodiscna,1941,UZ vratnih žil,1,naivni,2025-10-29,2025-11-05,28325.0,28694.0,False,320.4051,369.0,136161.0,1.1517
izhodiscna,1941,UZ vratnih žil,1,lin,2025-10-29,2025-11-05,28325.0,29306.9051,False,320.4051,981.9051,964137.5533,3.0646
izhodiscna,1941,UZ vratnih žil,1,ar1,2025-10-29,2025-11-05,28325.0,28808.84,False,320.4051,483.84,234101.1447,1.5101
izhodiscna,1941,UZ vratnih žil,1,naivni,2025-11-05,2025-11-12,28115.0,28325.0,False,321.0125,210.0,44100.0,0.6542
izhodiscna,1941,UZ vratnih žil,1,lin,2025-11-05,2025-11-12,28115.0,29412.308,False,321.0125,1297.308,1683008.1109,4.0413
izhodiscna,1941,UZ vratnih žil,1,ar1,2025-11-05,2025-11-12,28115.0,28422.4557,False,321.0125,307.4557,94528.9889,0.9578
izhodiscna,1941,UZ vratnih žil,1,naivni,2025-11-12,2025-11-19,28342.0,28115.0,False,319.642,227.0,51529.0,0.7102
izhodiscna,1941,UZ vratnih žil,1,lin,2025-11-12,2025-11-19,28342.0,29502.0298,False,319.642,1160.0298,1345669.1608,3.6292
izhodiscna,1941,UZ vratnih žil,1,ar1,2025-11-12,2025-11-19,28342.0,28203.0552,False,319.642,138.9448,19305.6462,0.4347
izhodiscna,1941,UZ vratnih žil,1,naivni,2025-11-19,2025-11-26,28127.0,28342.0,False,318.5122,215.0,46225.0,0.675
izhodiscna,1941,UZ vratnih žil,1,lin,2025-11-19,2025-11-26,28127.0,29597.9862,False,318.5122,1470.9862,2163800.3672,4.6183
izhodiscna,1941,UZ vratnih žil,1,ar1,2025-11-19,2025-11-26,28127.0,28433.0234,False,318.5122,306.0234,93650.3415,0.9608
izhodiscna,1941,UZ vratnih žil,1,naivni,2025-11-26,2025-12-03,28348.0,28127.0,False,317.2651,221.0,48841.0,0.6966
izhodiscna,1941,UZ vratnih žil,1,lin,2025-11-26,2025-12-03,28348.0,29678.8024,False,317.2651,1330.8024,1771034.9008,4.1946
izhodiscna,1941,UZ vratnih žil,1,ar1,2025-11-26,2025-12-03,28348.0,28209.535,False,317.2651,138.465,19172.5645,0.4364
izhodiscna,1941,UZ vratnih žil,1,naivni,2025-12-03,2025-12-10,27794.0,28348.0,False,316.119,554.0,306916.0,1.7525
izhodiscna,1941,UZ vratnih žil,1,lin,2025-12-03,2025-12-10,27794.0,29765.8034,False,316.119,1971.8034,3888008.4958,6.2375
izhodiscna,1941,UZ vratnih žil,1,ar1,2025-12-03,2025-12-10,27794.0,28433.089,False,316.119,639.089,408434.7683,2.0217
izhodiscna,1941,UZ vratnih žil,1,naivni,2025-12-10,2025-12-17,27793.0,27794.0,False,318.9176,1.0,1.0,0.0031
izhodiscna,1941,UZ vratnih žil,1,lin,2025-12-10,2025-12-17,27793.0,29822.6263,False,318.9176,2029.6263,4119382.7772,6.3641
izhodiscna,1941,UZ vratnih žil,1,ar1,2025-12-10,2025-12-17,27793.0,27864.625,False,318.9176,71.625,5130.1354,0.2246
izhodiscna,1941,UZ vratnih žil,1,naivni,2025-12-17,2026-01-07,27792.0,27793.0,True,315.2209,1.0,1.0,0.0032
izhodiscna,1941,UZ vratnih žil,1,lin,2025-12-17,2026-01-07,27792.0,29876.2636,True,315.2209,2084.2636,4344154.6121,6.6121
izhodiscna,1941,UZ vratnih žil,1,ar1,2025-12-17,2026-01-07,27792.0,27861.7266,True,315.2209,69.7266,4861.7994,0.2212
izhodiscna,1941,UZ vratnih žil,1,naivni,2026-01-07,2026-01-14,27922.0,27792.0,False,311.6092,130.0,16900.0,0.4172
izhodiscna,1941,UZ vratnih žil,1,lin,2026-01-07,2026-01-14,27922.0,29926.8871,False,311.6092,2004.8871,4019572.4736,6.434
izhodiscna,1941,UZ vratnih žil,1,ar1,2026-01-07,2026-01-14,27922.0,27858.9278,False,311.6092,63.0722,3978.1063,0.2024
izhodiscna,1941,UZ vratnih žil,1,naivni,2026-01-14,2026-01-21,28082.0,27922.0,False,309.5455,160.0,25600.0,0.5169
izhodiscna,1941,UZ vratnih žil,1,lin,2026-01-14,2026-01-21,28082.0,29980.546,False,309.5455,1898.546,3604476.7822,6.1333
izhodiscna,1941,UZ vratnih žil,1,ar1,2026-01-14,2026-01-21,28082.0,27989.1505,False,309.5455,92.8495,8621.0306,0.3
izhodiscna,1941,UZ vratnih žil,1,naivni,2026-01-21,2026-01-28,28455.0,28082.0,False,307.8652,373.0,139129.0,1.2116
izhodiscna,1941,UZ vratnih žil,1,lin,2026-01-21,2026-01-28,28455.0,30038.4305,False,307.8652,1583.4305,2507252.0277,5.1433
izhodiscna,1941,UZ vratnih žil,1,ar1,2026-01-21,2026-01-28,28455.0,28149.8765,False,307.8652,305.1235,93100.3437,0.9911
izhodiscna,1941,UZ vratnih žil,1,naivni,2026-01-28,2026-02-04,28479.0,28455.0,False,308.5889,24.0,576.0,0.0778
izhodiscna,1941,UZ vratnih žil,1,lin,2026-01-28,2026-02-04,28479.0,30109.7026,False,308.5889,1630.7026,2659190.8526,5.2844
izhodiscna,1941,UZ vratnih žil,1,ar1,2026-01-28,2026-02-04,28479.0,28527.3226,False,308.5889,48.3226,2335.0723,0.1566
izhodiscna,1941,UZ vratnih žil,1,naivni,2026-02-04,2026-02-11,28594.0,28479.0,False,305.4615,115.0,13225.0,0.3765
izhodiscna,1941,UZ vratnih žil,1,lin,2026-02-04,2026-02-11,28594.0,30178.5411,False,305.4615,1584.5411,2510770.4638,5.1874
izhodiscna,1941,UZ vratnih žil,1,ar1,2026-02-04,2026-02-11,28594.0,28549.7603,False,305.4615,44.2397,1957.151,0.1448
izhodiscna,1941,UZ vratnih žil,1,naivni,2026-02-11,2026-02-18,29143.0,28594.0,False,303.3913,549.0,301401.0,1.8095
izhodiscna,1941,UZ vratnih žil,1,lin,2026-02-11,2026-02-18,29143.0,30248.9839,False,303.3913,1105.9839,1223200.3228,3.6454
izhodiscna,1941,UZ vratnih žil,1,ar1,2026-02-11,2026-02-18,29143.0,28664.8932,False,303.3913,478.1068,228586.1103,1.5759
izhodiscna,1941,UZ vratnih žil,1,naivni,2026-02-18,2026-02-25,29036.0,29143.0,False,306.0323,107.0,11449.0,0.3496
izhodiscna,1941,UZ vratnih žil,1,lin,2026-02-18,2026-02-25,29036.0,30339.4283,False,306.0323,1303.4283,1698925.274,4.2591
izhodiscna,1941,UZ vratnih žil,1,ar1,2026-02-18,2026-02-25,29036.0,29222.6653,False,306.0323,186.6653,34843.9182,0.61
izhodiscna,1941,UZ vratnih žil,1,naivni,2026-02-25,2026-03-04,29111.0,29036.0,False,303.9149,75.0,5625.0,0.2468
izhodiscna,1941,UZ vratnih žil,1,lin,2026-02-25,2026-03-04,29111.0,30421.3115,False,303.9149,1310.3115,1716916.3165,4.3114
izhodiscna,1941,UZ vratnih žil,1,ar1,2026-02-25,2026-03-04,29111.0,29110.9321,False,303.9149,0.0679,0.0046,0.0002
izhodiscna,1941,UZ vratnih žil,1,naivni,2026-03-04,2026-03-11,29384.0,29111.0,False,301.5053,273.0,74529.0,0.9055
izhodiscna,1941,UZ vratnih žil,1,lin,2026-03-04,2026-03-11,29384.0,30502.6221,False,301.5053,1118.6221,1251315.5125,3.7101
izhodiscna,1941,UZ vratnih žil,1,ar1,2026-03-04,2026-03-11,29384.0,29185.3102,False,301.5053,198.6898,39477.6386,0.659
izhodiscna,1941,UZ vratnih žil,1,naivni,2026-03-11,2026-03-18,29662.0,29384.0,False,301.2083,278.0,77284.0,0.9229
izhodiscna,1941,UZ vratnih žil,1,lin,2026-03-11,2026-03-18,29662.0,30591.5561,False,301.2083,929.5561,864074.4625,3.0861
izhodiscna,1941,UZ vratnih žil,1,ar1,2026-03-11,2026-03-18,29662.0,29461.8333,False,301.2083,200.1667,40066.7203,0.6645
izhodiscna,1941,UZ vratnih žil,1,naivni,2026-03-18,2026-03-25,29485.0,29662.0,False,300.9691,177.0,31329.0,0.5881
izhodiscna,1941,UZ vratnih žil,1,lin,2026-03-18,2026-03-25,29485.0,30687.9716,False,300.9691,1202.9716,1447140.6629,3.997
izhodiscna,1941,UZ vratnih žil,1,ar1,2026-03-18,2026-03-25,29485.0,29743.7666,False,300.9691,258.7666,66960.1362,0.8598
izhodiscna,1941,UZ vratnih žil,1,naivni,2026-03-25,2026-04-08,29036.0,29485.0,True,299.7041,449.0,201601.0,1.4981
izhodiscna,1941,UZ vratnih žil,1,lin,2026-03-25,2026-04-08,29036.0,30773.1484,True,299.7041,1737.1484,3017684.6436,5.7962
izhodiscna,1941,UZ vratnih žil,1,ar1,2026-03-25,2026-04-08,29036.0,29560.3082,True,299.7041,524.3082,274899.1029,1.7494
izhodiscna,1941,UZ vratnih žil,1,naivni,2026-04-08,2026-04-15,28874.0,29036.0,False,301.2121,162.0,26244.0,0.5378
izhodiscna,1941,UZ vratnih žil,1,lin,2026-04-08,2026-04-15,28874.0,30836.7152,False,301.2121,1962.7152,3852250.766,6.5161
izhodiscna,1941,UZ vratnih žil,1,ar1,2026-04-08,2026-04-15,28874.0,29100.8171,False,301.2121,226.8171,51445.9876,0.753
izhodiscna,1941,UZ vratnih žil,1,naivni,2026-04-15,2026-04-29,29110.0,28874.0,True,299.82,236.0,55696.0,0.7871
izhodiscna,1941,UZ vratnih žil,1,lin,2026-04-15,2026-04-29,29110.0,30891.0046,True,299.82,1781.0046,3171977.223,5.9402
izhodiscna,1941,UZ vratnih žil,1,ar1,2026-04-15,2026-04-29,29110.0,28934.8819,True,299.82,175.1181,30666.3646,0.5841
izhodiscna,1941,UZ vratnih žil,1,naivni,2026-04-29,2026-05-06,29498.0,29110.0,False,299.1881,388.0,150544.0,1.2968
izhodiscna,1941,UZ vratnih žil,1,lin,2026-04-29,2026-05-06,29498.0,30952.0388,False,299.1881,1454.0388,2114228.9116,4.8599
izhodiscna,1941,UZ vratnih žil,1,ar1,2026-04-29,2026-05-06,29498.0,29172.6284,False,299.1881,325.3716,105866.6991,1.0875
izhodiscna,1941,UZ vratnih žil,1,naivni,2026-05-06,2026-05-13,29573.0,29498.0,False,300.0588,75.0,5625.0,0.25
izhodiscna,1941,UZ vratnih žil,1,lin,2026-05-06,2026-05-13,29573.0,31025.4318,False,300.0588,1452.4318,2109557.9979,4.8405
izhodiscna,1941,UZ vratnih žil,1,ar1,2026-05-06,2026-05-13,29573.0,29564.9966,False,300.0588,8.0034,64.0538,0.0267
izhodiscna,1941,UZ vratnih žil,1,naivni,2026-05-13,2026-05-20,28621.0,29573.0,False,297.8738,952.0,906304.0,3.196
izhodiscna,1941,UZ vratnih žil,1,lin,2026-05-13,2026-05-20,28621.0,31098.615,False,297.8738,2477.615,6138576.1437,8.3177
izhodiscna,1941,UZ vratnih žil,1,ar1,2026-05-13,2026-05-20,28621.0,29639.5392,False,297.8738,1018.5392,1037422.0817,3.4194
izhodiscna,1941,UZ vratnih žil,1,naivni,2026-05-20,2026-05-27,28836.0,28621.0,False,304.1635,215.0,46225.0,0.7069
izhodiscna,1941,UZ vratnih žil,1,lin,2026-05-20,2026-05-27,28836.0,31132.4777,False,304.1635,2296.4777,5273809.623,7.5501
izhodiscna,1941,UZ vratnih žil,1,ar1,2026-05-20,2026-05-27,28836.0,28672.9545,False,304.1635,163.0455,26583.84,0.536
izhodiscna,1941,UZ vratnih žil,1,naivni,2026-05-27,2026-06-03,28651.0,28836.0,False,303.3143,185.0,34225.0,0.6099
izhodiscna,1941,UZ vratnih žil,1,lin,2026-05-27,2026-06-03,28651.0,31172.7305,False,303.3143,2521.7305,6359124.5039,8.3139
izhodiscna,1941,UZ vratnih žil,1,ar1,2026-05-27,2026-06-03,28651.0,28888.7023,False,303.3143,237.7023,56502.3653,0.7837
izhodiscna,1941,UZ vratnih žil,1,naivni,2026-06-03,2026-06-17,27656.0,28651.0,True,302.1981,995.0,990025.0,3.2925
izhodiscna,1941,UZ vratnih žil,1,lin,2026-06-03,2026-06-17,27656.0,31204.1576,True,302.1981,3548.1576,12589422.6678,11.7412
izhodiscna,1941,UZ vratnih žil,1,ar1,2026-06-03,2026-06-17,27656.0,28701.0854,True,302.1981,1045.0854,1092203.3967,3.4583
izhodiscna,1941,UZ vratnih žil,1,naivni,2026-06-17,2026-06-24,27853.0,27656.0,False,308.6729,197.0,38809.0,0.6382
izhodiscna,1941,UZ vratnih žil,1,lin,2026-06-17,2026-06-24,27853.0,31197.1326,False,308.6729,3344.1326,11183222.6579,10.8339
izhodiscna,1941,UZ vratnih žil,1,ar1,2026-06-17,2026-06-24,27853.0,27700.5828,False,308.6729,152.4172,23230.9943,0.4938
izhodiscna,1941,UZ vratnih žil,1,naivni,2026-06-24,2026-07-01,28747.0,27853.0,False,307.6389,894.0,799236.0,2.906
izhodiscna,1941,UZ vratnih žil,1,lin,2026-06-24,2026-07-01,28747.0,31196.9918,False,307.6389,2449.9918,6002460.0408,7.9639
izhodiscna,1941,UZ vratnih žil,1,ar1,2026-06-24,2026-07-01,28747.0,27897.016,False,307.6389,849.984,722472.7954,2.7629
izhodiscna,1941,UZ vratnih žil,1,naivni,2026-07-01,2026-07-08,28597.0,28747.0,False,313.0183,150.0,22500.0,0.4792
izhodiscna,1941,UZ vratnih žil,1,lin,2026-07-01,2026-07-08,28597.0,31228.8075,False,313.0183,2631.8075,6926410.75,8.4078
izhodiscna,1941,UZ vratnih žil,1,ar1,2026-07-01,2026-07-08,28597.0,28792.6058,False,313.0183,195.6058,38261.648,0.6249
izhodiscna,1941,UZ vratnih žil,1,naivni,2026-07-08,2026-07-15,28688.0,28597.0,False,311.5364,91.0,8281.0,0.2921
izhodiscna,1941,UZ vratnih žil,1,lin,2026-07-08,2026-07-15,28688.0,31253.6699,False,311.5364,2565.6699,6582662.2547,8.2355
izhodiscna,1941,UZ vratnih žil,1,ar1,2026-07-08,2026-07-15,28688.0,28640.9306,False,311.5364,47.0694,2215.5318,0.1511
izhodiscna,1941,UZ vratnih žil,4,naivni,2025-04-09,2025-05-07,26339.0,25404.0,False,263.2549,935.0,874225.0,3.5517
izhodiscna,1941,UZ vratnih žil,4,lin,2025-04-09,2025-05-07,26339.0,23641.9486,False,263.2549,2697.0514,7274086.4623,10.245
izhodiscna,1941,UZ vratnih žil,4,ar1,2025-04-09,2025-05-07,26339.0,26942.9314,False,263.2549,603.9314,364733.18,2.2941
izhodiscna,1941,UZ vratnih žil,4,naivni,2025-04-16,2025-05-14,26820.0,25659.0,False,263.0962,1161.0,1347921.0,4.4128
izhodiscna,1941,UZ vratnih žil,4,lin,2025-04-16,2025-05-14,26820.0,23936.6918,False,263.0962,2883.3082,8313466.0384,10.9591
izhodiscna,1941,UZ vratnih žil,4,ar1,2025-04-16,2025-05-14,26820.0,27163.4446,False,263.0962,343.4446,117954.1797,1.3054
izhodiscna,1941,UZ vratnih žil,4,naivni,2025-04-23,2025-05-21,27120.0,25944.0,False,263.5094,1176.0,1382976.0,4.4628
izhodiscna,1941,UZ vratnih žil,4,lin,2025-04-23,2025-05-21,27120.0,24232.9238,False,263.5094,2887.0762,8335209.0344,10.9563
izhodiscna,1941,UZ vratnih žil,4,ar1,2025-04-23,2025-05-21,27120.0,27447.6369,False,263.5094,327.6369,107345.9312,1.2434
izhodiscna,1941,UZ vratnih žil,4,naivni,2025-04-30,2025-05-28,27516.0,26313.0,False,265.463,1203.0,1447209.0,4.5317
izhodiscna,1941,UZ vratnih žil,4,lin,2025-04-30,2025-05-28,27516.0,24537.0519,False,265.463,2978.9481,8874131.9261,11.2217
izhodiscna,1941,UZ vratnih žil,4,ar1,2025-04-30,2025-05-28,27516.0,27886.6554,False,265.463,370.6554,137385.4304,1.3963
izhodiscna,1941,UZ vratnih žil,4,naivni,2025-05-07,2025-06-04,28048.0,26339.0,False,261.1091,1709.0,2920681.0,6.5452
izhodiscna,1941,UZ vratnih žil,4,lin,2025-05-07,2025-06-04,28048.0,24821.9119,False,261.1091,3226.0881,10407644.4717,12.3553
izhodiscna,1941,UZ vratnih žil,4,ar1,2025-05-07,2025-06-04,28048.0,27700.7182,False,261.1091,347.2818,120604.6794,1.33
izhodiscna,1941,UZ vratnih žil,4,naivni,2025-05-14,2025-06-11,27454.0,26820.0,False,265.0357,634.0,401956.0,2.3921
izhodiscna,1941,UZ vratnih žil,4,lin,2025-05-14,2025-06-11,27454.0,25123.4565,False,265.0357,2330.5435,5431433.0704,8.7933
izhodiscna,1941,UZ vratnih žil,4,ar1,2025-05-14,2025-06-11,27454.0,28337.1657,False,265.0357,883.1657,779981.6524,3.3323
izhodiscna,1941,UZ vratnih žil,4,naivni,2025-05-21,2025-06-18,28281.0,27120.0,False,265.6491,1161.0,1347921.0,4.3704
izhodiscna,1941,UZ vratnih žil,4,lin,2025-05-21,2025-06-18,28281.0,25426.8372,False,265.6491,2854.1628,8146245.0316,10.7441
izhodiscna,1941,UZ vratnih žil,4,ar1,2025-05-21,2025-06-18,28281.0,28645.4404,False,265.6491,364.4404,132816.829,1.3719
izhodiscna,1941,UZ vratnih žil,4,naivni,2025-05-28,2025-07-02,28359.0,27516.0,True,267.8966,843.0,710649.0,3.1467
izhodiscna,1941,UZ vratnih žil,4,lin,2025-05-28,2025-07-02,28359.0,25738.8522,True,267.8966,2620.1478,6865174.5373,9.7804
izhodiscna,1941,UZ vratnih žil,4,ar1,2025-05-28,2025-07-02,28359.0,29115.6617,True,267.8966,756.6617,572536.9363,2.8245
izhodiscna,1941,UZ vratnih žil,4,naivni,2025-06-04,2025-07-09,28353.0,28048.0,True,272.3729,305.0,93025.0,1.1198
izhodiscna,1941,UZ vratnih žil,4,lin,2025-06-04,2025-07-09,28353.0,26068.5069,True,272.3729,2284.4931,5218908.5544,8.3874
izhodiscna,1941,UZ vratnih žil,4,ar1,2025-06-04,2025-07-09,28353.0,29809.9628,True,272.3729,1456.9628,2122740.6304,5.3491
izhodiscna,1941,UZ vratnih žil,4,naivni,2025-06-11,2025-07-16,27558.0,27454.0,True,277.7333,104.0,10816.0,0.3745
izhodiscna,1941,UZ vratnih žil,4,lin,2025-06-11,2025-07-16,27558.0,26335.1902,True,277.7333,1222.8098,1495263.8952,4.4028
izhodiscna,1941,UZ vratnih žil,4,ar1,2025-06-11,2025-07-16,27558.0,28629.3371,True,277.7333,1071.3371,1147763.1845,3.8574
izhodiscna,1941,UZ vratnih žil,4,naivni,2025-06-18,2025-07-23,28572.0,28281.0,True,286.7377,291.0,84681.0,1.0149
izhodiscna,1941,UZ vratnih žil,4,lin,2025-06-18,2025-07-23,28572.0,26641.8804,True,286.7377,1930.1196,3725361.628,6.7313
izhodiscna,1941,UZ vratnih žil,4,ar1,2025-06-18,2025-07-23,28572.0,29771.7864,True,286.7377,1199.7864,1439487.4442,4.1843
izhodiscna,1941,UZ vratnih žil,4,naivni,2025-07-02,2025-07-30,28431.0,28359.0,False,283.371,72.0,5184.0,0.2541
izhodiscna,1941,UZ vratnih žil,4,lin,2025-07-02,2025-07-30,28431.0,26934.6466,False,283.371,1496.3534,2239073.4936,5.2805
izhodiscna,1941,UZ vratnih žil,4,ar1,2025-07-02,2025-07-30,28431.0,29730.4996,False,283.371,1299.4996,1688699.28,4.5859
izhodiscna,1941,UZ vratnih žil,4,naivni,2025-07-09,2025-08-06,28707.0,28353.0,False,278.9683,354.0,125316.0,1.269
izhodiscna,1941,UZ vratnih žil,4,lin,2025-07-09,2025-08-06,28707.0,27208.8636,False,278.9683,1498.1364,2244412.6763,5.3703
izhodiscna,1941,UZ vratnih žil,4,ar1,2025-07-09,2025-08-06,28707.0,29584.2886,False,278.9683,877.2886,769635.2243,3.1448
izhodiscna,1941,UZ vratnih žil,4,naivni,2025-07-16,2025-08-13,28723.0,27558.0,False,287.0312,1165.0,1357225.0,4.0588
izhodiscna,1941,UZ vratnih žil,4,lin,2025-07-16,2025-08-13,28723.0,27413.9801,False,287.0312,1309.0199,1713533.1773,4.5605
izhodiscna,1941,UZ vratnih žil,4,ar1,2025-07-16,2025-08-13,28723.0,28358.3288,False,287.0312,364.6712,132985.0872,1.2705
izhodiscna,1941,UZ vratnih žil,4,naivni,2025-07-23,2025-08-20,27115.0,28572.0,False,298.2154,1457.0,2122849.0,4.8857
izhodiscna,1941,UZ vratnih žil,4,lin,2025-07-23,2025-08-20,27115.0,27671.9057,False,298.2154,556.9057,310143.9457,1.8675
izhodiscna,1941,UZ vratnih žil,4,ar1,2025-07-23,2025-08-20,27115.0,29664.7443,False,298.2154,2549.7443,6501195.7645,8.55
izhodiscna,1941,UZ vratnih žil,4,naivni,2025-07-30,2025-08-27,28635.0,28431.0,False,295.8333,204.0,41616.0,0.6896
izhodiscna,1941,UZ vratnih žil,4,lin,2025-07-30,2025-08-27,28635.0,27905.396,False,295.8333,729.604,532321.995,2.4663
izhodiscna,1941,UZ vratnih žil,4,ar1,2025-07-30,2025-08-27,28635.0,29380.227,False,295.8333,745.227,555363.3308,2.5191
izhodiscna,1941,UZ vratnih žil,4,naivni,2025-08-06,2025-09-03,28217.0,28707.0,False,295.5373,490.0,240100.0,1.658
izhodiscna,1941,UZ vratnih žil,4,lin,2025-08-06,2025-09-03,28217.0,28142.251,False,295.5373,74.749,5587.4127,0.2529
izhodiscna,1941,UZ vratnih žil,4,ar1,2025-08-06,2025-09-03,28217.0,29682.4203,False,295.5373,1465.4203,2147456.7658,4.9585
izhodiscna,1941,UZ vratnih žil,4,naivni,2025-08-13,2025-09-10,27994.0,28723.0,False,291.4265,729.0,531441.0,2.5015
izhodiscna,1941,UZ vratnih žil,4,lin,2025-08-13,2025-09-10,27994.0,28366.1841,False,291.4265,372.1841,138521.0002,1.2771
izhodiscna,1941,UZ vratnih žil,4,ar1,2025-08-13,2025-09-10,27994.0,29632.5744,False,291.4265,1638.5744,2684926.1002,5.6226
izhodiscna,1941,UZ vratnih žil,4,naivni,2025-08-20,2025-09-17,27862.0,27115.0,False,310.5072,747.0,558009.0,2.4057
izhodiscna,1941,UZ vratnih žil,4,lin,2025-08-20,2025-09-17,27862.0,28479.3666,False,310.5072,617.3666,381141.4751,1.9883
izhodiscna,1941,UZ vratnih žil,4,ar1,2025-08-20,2025-09-17,27862.0,27555.2118,False,310.5072,306.7882,94119.0249,0.988
izhodiscna,1941,UZ vratnih žil,4,naivni,2025-08-27,2025-09-24,27586.0,28635.0,False,327.7857,1049.0,1100401.0,3.2003
izhodiscna,1941,UZ vratnih žil,4,lin,2025-08-27,2025-09-24,27586.0,28676.3601,False,327.7857,1090.3601,1188885.0612,3.3264
izhodiscna,1941,UZ vratnih žil,4,ar1,2025-08-27,2025-09-24,27586.0,29337.4185,False,327.7857,1751.4185,3067466.6218,5.3432
izhodiscna,1941,UZ vratnih žil,4,naivni,2025-09-03,2025-10-01,27884.0,28217.0,False,329.0563,333.0,110889.0,1.012
izhodiscna,1941,UZ vratnih žil,4,lin,2025-09-03,2025-10-01,27884.0,28837.3991,False,329.0563,953.3991,908969.9024,2.8974
izhodiscna,1941,UZ vratnih žil,4,ar1,2025-09-03,2025-10-01,27884.0,28778.4119,False,329.0563,894.4119,799972.6075,2.7181
izhodiscna,1941,UZ vratnih žil,4,naivni,2025-09-10,2025-10-08,28060.0,27994.0,False,327.5833,66.0,4356.0,0.2015
izhodiscna,1941,UZ vratnih žil,4,lin,2025-09-10,2025-10-08,28060.0,28976.1251,False,327.5833,916.1251,839285.27,2.7966
izhodiscna,1941,UZ vratnih žil,4,ar1,2025-09-10,2025-10-08,28060.0,28484.0573,False,327.5833,424.0573,179824.6317,1.2945
izhodiscna,1941,UZ vratnih žil,4,naivni,2025-09-17,2025-10-15,27955.0,27862.0,False,324.9041,93.0,8649.0,0.2862
izhodiscna,1941,UZ vratnih žil,4,lin,2025-09-17,2025-10-15,27955.0,29099.1675,False,324.9041,1144.1675,1309119.1855,3.5216
izhodiscna,1941,UZ vratnih žil,4,ar1,2025-09-17,2025-10-15,27955.0,28307.7846,False,324.9041,352.7846,124456.9579,1.0858
izhodiscna,1941,UZ vratnih žil,4,naivni,2025-09-24,2025-10-22,28289.0,27586.0,False,324.2432,703.0,494209.0,2.1681
izhodiscna,1941,UZ vratnih žil,4,lin,2025-09-24,2025-10-22,28289.0,29199.3761,False,324.2432,910.3761,828784.6306,2.8077
izhodiscna,1941,UZ vratnih žil,4,ar1,2025-09-24,2025-10-22,28289.0,27973.6069,False,324.2432,315.3931,99472.7837,0.9727
izhodiscna,1941,UZ vratnih žil,4,naivni,2025-10-01,2025-10-29,28694.0,27884.0,False,323.8933,810.0,656100.0,2.5008
izhodiscna,1941,UZ vratnih žil,4,lin,2025-10-01,2025-10-29,28694.0,29310.142,False,323.8933,616.142,379630.9928,1.9023
izhodiscna,1941,UZ vratnih žil,4,ar1,2025-10-01,2025-10-29,28694.0,28295.1122,False,323.8933,398.8878,159111.4442,1.2315
izhodiscna,1941,UZ vratnih žil,4,naivni,2025-10-08,2025-11-05,28325.0,28060.0,False,321.9474,265.0,70225.0,0.8231
izhodiscna,1941,UZ vratnih žil,4,lin,2025-10-08,2025-11-05,28325.0,29424.1285,False,321.9474,1099.1285,1208083.3507,3.414
izhodiscna,1941,UZ vratnih žil,4,ar1,2025-10-08,2025-11-05,28325.0,28478.7798,False,321.9474,153.7798,23648.2271,0.4777
izhodiscna,1941,UZ vratnih žil,4,naivni,2025-10-15,2025-11-12,28115.0,27955.0,False,319.1299,160.0,25600.0,0.5014
izhodiscna,1941,UZ vratnih žil,4,lin,2025-10-15,2025-11-12,28115.0,29525.918,False,319.1299,1410.918,1990689.5722,4.4211
izhodiscna,1941,UZ vratnih žil,4,ar1,2025-10-15,2025-11-12,28115.0,28343.2379,False,319.1299,228.2379,52092.5272,0.7152
izhodiscna,1941,UZ vratnih žil,4,naivni,2025-10-22,2025-11-19,28342.0,28289.0,False,319.3205,53.0,2809.0,0.166
izhodiscna,1941,UZ vratnih žil,4,lin,2025-10-22,2025-11-19,28342.0,29639.7182,False,319.3205,1297.7182,1684072.5483,4.064
izhodiscna,1941,UZ vratnih žil,4,ar1,2025-10-22,2025-11-19,28342.0,28705.2138,False,319.3205,363.2138,131924.2394,1.1375
izhodiscna,1941,UZ vratnih žil,4,naivni,2025-10-29,2025-11-26,28127.0,28694.0,False,320.4051,567.0,321489.0,1.7696
izhodiscna,1941,UZ vratnih žil,4,lin,2025-10-29,2025-11-26,28127.0,29768.5814,False,320.4051,1641.5814,2694789.3755,5.1235
izhodiscna,1941,UZ vratnih žil,4,ar1,2025-10-29,2025-11-26,28127.0,29150.7769,False,320.4051,1023.7769,1048119.086,3.1953
izhodiscna,1941,UZ vratnih žil,4,naivni,2025-11-05,2025-12-03,28348.0,28325.0,False,321.0125,23.0,529.0,0.0716
izhodiscna,1941,UZ vratnih žil,4,lin,2025-11-05,2025-12-03,28348.0,29871.3233,False,321.0125,1523.3233,2320513.9871,4.7454
izhodiscna,1941,UZ vratnih žil,4,ar1,2025-11-05,2025-12-03,28348.0,28711.2231,False,321.0125,363.2231,131931.0033,1.1315
izhodiscna,1941,UZ vratnih žil,4,naivni,2025-11-12,2025-12-10,27794.0,28115.0,False,319.642,321.0,103041.0,1.0042
izhodiscna,1941,UZ vratnih žil,4,lin,2025-11-12,2025-12-10,27794.0,29957.6141,False,319.642,2163.6141,4681225.968,6.7689
izhodiscna,1941,UZ vratnih žil,4,ar1,2025-11-12,2025-12-10,27794.0,28463.2423,False,319.642,669.2423,447885.3216,2.0937
izhodiscna,1941,UZ vratnih žil,4,naivni,2025-11-19,2025-12-17,27793.0,28342.0,False,318.5122,549.0,301401.0,1.7236
izhodiscna,1941,UZ vratnih žil,4,lin,2025-11-19,2025-12-17,27793.0,30050.5756,False,318.5122,2257.5756,5096647.4253,7.0879
izhodiscna,1941,UZ vratnih žil,4,ar1,2025-11-19,2025-12-17,27793.0,28702.2957,False,318.5122,909.2957,826818.6437,2.8548
izhodiscna,1941,UZ vratnih žil,4,naivni,2025-11-26,2026-01-07,27792.0,28127.0,True,317.2651,335.0,112225.0,1.0559
izhodiscna,1941,UZ vratnih žil,4,lin,2025-11-26,2026-01-07,27792.0,30127.6834,True,317.2651,2335.6834,5455416.7518,7.3619
izhodiscna,1941,UZ vratnih žil,4,ar1,2025-11-26,2026-01-07,27792.0,28453.0609,True,317.2651,661.0609,437001.5484,2.0836
izhodiscna,1941,UZ vratnih žil,4,naivni,2025-12-03,2026-01-14,27922.0,28348.0,True,316.119,426.0,181476.0,1.3476
izhodiscna,1941,UZ vratnih žil,4,lin,2025-12-03,2026-01-14,27922.0,30211.4074,True,316.119,2289.4074,5241386.3633,7.2422
izhodiscna,1941,UZ vratnih žil,4,ar1,2025-12-03,2026-01-14,27922.0,28684.4257,True,316.119,762.4257,581292.9769,2.4118
izhodiscna,1941,UZ vratnih žil,4,naivni,2025-12-10,2026-01-21,28082.0,27794.0,True,318.9176,288.0,82944.0,0.9031
izhodiscna,1941,UZ vratnih žil,4,lin,2025-12-10,2026-01-21,28082.0,30263.4866,True,318.9176,2181.4866,4758883.8614,6.8403
izhodiscna,1941,UZ vratnih žil,4,ar1,2025-12-10,2026-01-21,28082.0,28072.1725,True,318.9176,9.8275,96.5799,0.0308
izhodiscna,1941,UZ vratnih žil,4,naivni,2025-12-17,2026-01-28,28455.0,27793.0,True,315.2209,662.0,438244.0,2.1001
izhodiscna,1941,UZ vratnih žil,4,lin,2025-12-17,2026-01-28,28455.0,30312.3521,True,315.2209,1857.3521,3449756.709,5.8922
izhodiscna,1941,UZ vratnih žil,4,ar1,2025-12-17,2026-01-28,28455.0,28063.5951,True,315.2209,391.4049,153197.793,1.2417
izhodiscna,1941,UZ vratnih žil,4,naivni,2026-01-07,2026-02-04,28479.0,27792.0,False,311.6092,687.0,471969.0,2.2047
izhodiscna,1941,UZ vratnih žil,4,lin,2026-01-07,2026-02-04,28479.0,30358.1855,False,311.6092,1879.1855,3531338.007,6.0306
izhodiscna,1941,UZ vratnih žil,4,ar1,2026-01-07,2026-02-04,28479.0,28055.4201,False,311.6092,423.5799,179419.9657,1.3593
izhodiscna,1941,UZ vratnih žil,4,naivni,2026-01-14,2026-02-11,28594.0,27922.0,False,309.5455,672.0,451584.0,2.1709
izhodiscna,1941,UZ vratnih žil,4,lin,2026-01-14,2026-02-11,28594.0,30407.3389,False,309.5455,1813.3389,3288198.0289,5.8581
izhodiscna,1941,UZ vratnih žil,4,ar1,2026-01-14,2026-02-11,28594.0,28186.3785,False,309.5455,407.6215,166155.2637,1.3168
izhodiscna,1941,UZ vratnih žil,4,naivni,2026-01-21,2026-02-18,29143.0,28082.0,False,307.8652,1061.0,1125721.0,3.4463
izhodiscna,1941,UZ vratnih žil,4,lin,2026-01-21,2026-02-18,29143.0,30461.0508,False,307.8652,1318.0508,1737257.8729,4.2813
izhodiscna,1941,UZ vratnih žil,4,ar1,2026-01-21,2026-02-18,29143.0,28349.3593,False,307.8652,793.6407,629865.5982,2.5779
izhodiscna,1941,UZ vratnih žil,4,naivni,2026-01-28,2026-02-25,29036.0,28455.0,False,308.5889,581.0,337561.0,1.8828
izhodiscna,1941,UZ vratnih žil,4,lin,2026-01-28,2026-02-25,29036.0,30528.9185,False,308.5889,1492.9185,2228805.5708,4.8379
izhodiscna,1941,UZ vratnih žil,4,ar1,2026-01-28,2026-02-25,29036.0,28740.305,False,308.5889,295.695,87435.5206,0.9582
izhodiscna,1941,UZ vratnih žil,4,naivni,2026-02-04,2026-03-04,29111.0,28479.0,False,305.4615,632.0,399424.0,2.069
izhodiscna,1941,UZ vratnih žil,4,lin,2026-02-04,2026-03-04,29111.0,30594.3263,False,305.4615,1483.3263,2200257.0575,4.856
izhodiscna,1941,UZ vratnih žil,4,ar1,2026-02-04,2026-03-04,29111.0,28758.0712,False,305.4615,352.9288,124558.7277,1.1554
izhodiscna,1941,UZ vratnih žil,4,naivni,2026-02-11,2026-03-11,29384.0,28594.0,False,303.3913,790.0,624100.0,2.6039
izhodiscna,1941,UZ vratnih žil,4,lin,2026-02-11,2026-03-11,29384.0,30661.5065,False,303.3913,1277.5065,1632022.9093,4.2108
izhodiscna,1941,UZ vratnih žil,4,ar1,2026-02-11,2026-03-11,29384.0,28873.6588,False,303.3913,510.3412,260448.1192,1.6821
izhodiscna,1941,UZ vratnih žil,4,naivni,2026-02-18,2026-03-18,29662.0,29143.0,False,306.0323,519.0,269361.0,1.6959
izhodiscna,1941,UZ vratnih žil,4,lin,2026-02-18,2026-03-18,29662.0,30749.7216,False,306.0323,1087.7216,1183138.3221,3.5543
izhodiscna,1941,UZ vratnih žil,4,ar1,2026-02-18,2026-03-18,29662.0,29458.0316,False,306.0323,203.9684,41603.1216,0.6665
izhodiscna,1941,UZ vratnih žil,4,naivni,2026-02-25,2026-03-25,29485.0,29036.0,False,303.9149,449.0,201601.0,1.4774
izhodiscna,1941,UZ vratnih žil,4,lin,2026-02-25,2026-03-25,29485.0,30829.0323,False,303.9149,1344.0323,1806422.8794,4.4224
izhodiscna,1941,UZ vratnih žil,4,ar1,2026-02-25,2026-03-25,29485.0,29332.0093,False,303.9149,152.9907,23406.1487,0.5034
izhodiscna,1941,UZ vratnih žil,4,naivni,2026-03-04,2026-04-08,29036.0,29111.0,True,301.5053,75.0,5625.0,0.2488
izhodiscna,1941,UZ vratnih žil,4,lin,2026-03-04,2026-04-08,29036.0,30907.8101,True,301.5053,1871.8101,3503673.1145,6.2082
izhodiscna,1941,UZ vratnih žil,4,ar1,2026-03-04,2026-04-08,29036.0,29404.5526,True,301.5053,368.5526,135831.0465,1.2224
izhodiscna,1941,UZ vratnih žil,4,naivni,2026-03-11,2026-04-15,28874.0,29384.0,True,301.2083,510.0,260100.0,1.6932
izhodiscna,1941,UZ vratnih žil,4,lin,2026-03-11,2026-04-15,28874.0,30994.6259,True,301.2083,2120.6259,4497054.0715,7.0404
izhodiscna,1941,UZ vratnih žil,4,ar1,2026-03-11,2026-04-15,28874.0,29691.7869,True,301.2083,817.7869,668775.3535,2.715
izhodiscna,1941,UZ vratnih žil,4,naivni,2026-03-18,2026-04-29,29110.0,29662.0,True,300.9691,552.0,304704.0,1.8341
izhodiscna,1941,UZ vratnih žil,4,lin,2026-03-18,2026-04-29,29110.0,31089.3168,True,300.9691,1979.3168,3917695.0512,6.5765
izhodiscna,1941,UZ vratnih žil,4,ar1,2026-03-18,2026-04-29,29110.0,29985.6838,True,300.9691,875.6838,766822.1984,2.9095
izhodiscna,1941,UZ vratnih žil,4,naivni,2026-03-25,2026-05-06,29498.0,29485.0,True,299.7041,13.0,169.0,0.0434
izhodiscna,1941,UZ vratnih žil,4,lin,2026-03-25,2026-05-06,29498.0,31172.3064,True,299.7041,1674.3064,2803301.9857,5.5865
izhodiscna,1941,UZ vratnih žil,4,ar1,2026-03-25,2026-05-06,29498.0,29782.7012,True,299.7041,284.7012,81054.76,0.9499
izhodiscna,1941,UZ vratnih žil,4,naivni,2026-04-08,2026-05-13,29573.0,29036.0,True,301.2121,537.0,288369.0,1.7828
izhodiscna,1941,UZ vratnih žil,4,lin,2026-04-08,2026-05-13,29573.0,31232.7772,True,301.2121,1659.7772,2754860.4855,5.5103
izhodiscna,1941,UZ vratnih žil,4,ar1,2026-04-08,2026-05-13,29573.0,29291.5465,True,301.2121,281.4535,79216.0638,0.9344
izhodiscna,1941,UZ vratnih žil,4,naivni,2026-04-15,2026-05-20,28621.0,28874.0,True,299.82,253.0,64009.0,0.8438
izhodiscna,1941,UZ vratnih žil,4,lin,2026-04-15,2026-05-20,28621.0,31283.6373,True,299.82,2662.6373,7089637.5027,8.8808
izhodiscna,1941,UZ vratnih žil,4,ar1,2026-04-15,2026-05-20,28621.0,29113.7843,True,299.82,492.7843,242836.3594,1.6436
izhodiscna,1941,UZ vratnih žil,4,naivni,2026-04-29,2026-05-27,28836.0,29110.0,False,299.1881,274.0,75076.0,0.9158
izhodiscna,1941,UZ vratnih žil,4,lin,2026-04-29,2026-05-27,28836.0,31341.6202,False,299.1881,2505.6202,6278132.5208,8.3747
izhodiscna,1941,UZ vratnih žil,4,ar1,2026-04-29,2026-05-27,28836.0,29356.8484,False,299.1881,520.8484,271283.0521,1.7409
izhodiscna,1941,UZ vratnih žil,4,naivni,2026-05-06,2026-06-03,28651.0,29498.0,False,300.0588,847.0,717409.0,2.8228
izhodiscna,1941,UZ vratnih žil,4,lin,2026-05-06,2026-06-03,28651.0,31412.5698,False,300.0588,2761.5698,7626267.7949,9.2034
izhodiscna,1941,UZ vratnih žil,4,ar1,2026-05-06,2026-06-03,28651.0,29762.4442,False,300.0588,1111.4442,1235308.102,3.7041
izhodiscna,1941,UZ vratnih žil,4,naivni,2026-05-13,2026-06-17,27656.0,29573.0,True,297.8738,1917.0,3674889.0,6.4356
izhodiscna,1941,UZ vratnih žil,4,lin,2026-05-13,2026-06-17,27656.0,31483.3589,True,297.8738,3827.3589,14648676.5008,12.8489
izhodiscna,1941,UZ vratnih žil,4,ar1,2026-05-13,2026-06-17,27656.0,29835.6483,True,297.8738,2179.6483,4750866.6503,7.3174
izhodiscna,1941,UZ vratnih žil,4,naivni,2026-05-20,2026-06-24,27853.0,28621.0,True,304.1635,768.0,589824.0,2.525
izhodiscna,1941,UZ vratnih žil,4,lin,2026-05-20,2026-06-24,27853.0,31513.2147,True,304.1635,3660.2147,13397171.4,12.0337
izhodiscna,1941,UZ vratnih žil,4,ar1,2026-05-20,2026-06-24,27853.0,28825.1244,True,304.1635,972.1244,945025.8293,3.1961
izhodiscna,1941,UZ vratnih žil,4,naivni,2026-05-27,2026-07-01,28747.0,28836.0,True,303.3143,89.0,7921.0,0.2934
izhodiscna,1941,UZ vratnih žil,4,lin,2026-05-27,2026-07-01,28747.0,31549.8229,True,303.3143,2802.8229,7855816.2566,9.2407
izhodiscna,1941,UZ vratnih žil,4,ar1,2026-05-27,2026-07-01,28747.0,29043.1862,True,303.3143,296.1862,87726.2696,0.9765
izhodiscna,1941,UZ vratnih žil,4,naivni,2026-06-03,2026-07-08,28597.0,28651.0,True,302.1981,54.0,2916.0,0.1787
izhodiscna,1941,UZ vratnih žil,4,lin,2026-06-03,2026-07-08,28597.0,31577.3222,True,302.1981,2980.3222,8882320.2096,9.8621
izhodiscna,1941,UZ vratnih žil,4,ar1,2026-06-03,2026-07-08,28597.0,28847.7218,True,302.1981,250.7218,62861.422,0.8297
izhodiscna,1941,UZ vratnih žil,4,naivni,2026-06-17,2026-07-15,28688.0,27656.0,False,308.6729,1032.0,1065024.0,3.3433
izhodiscna,1941,UZ vratnih žil,4,lin,2026-06-17,2026-07-15,28688.0,31564.8718,False,308.6729,2876.8718,8276391.2131,9.3201
izhodiscna,1941,UZ vratnih žil,4,ar1,2026-06-17,2026-07-15,28688.0,27830.4612,False,308.6729,857.5388,735372.8744,2.7781
izhodiscna,1755,MR glave brez kontrasta,1,naivni,2025-04-09,2025-04-16,4441.0,4263.0,False,94.2157,178.0,31684.0,1.8893
izhodiscna,1755,MR glave brez kontrasta,1,lin,2025-04-09,2025-04-16,4441.0,3365.9525,False,94.2157,1075.0475,1155727.1516,11.4105
izhodiscna,1755,MR glave brez kontrasta,1,ar1,2025-04-09,2025-04-16,4441.0,4236.3575,False,94.2157,204.6425,41878.5622,2.1721
izhodiscna,1755,MR glave brez kontrasta,1,naivni,2025-04-16,2025-04-23,4583.0,4441.0,False,95.8269,142.0,20164.0,1.4818
izhodiscna,1755,MR glave brez kontrasta,1,lin,2025-04-16,2025-04-23,4583.0,3423.4608,False,95.8269,1159.5392,1344531.1267,12.1003
izhodiscna,1755,MR glave brez kontrasta,1,ar1,2025-04-16,2025-04-23,4583.0,4411.3658,False,95.8269,171.6342,29458.2942,1.7911
izhodiscna,1755,MR glave brez kontrasta,1,naivni,2025-04-23,2025-04-30,4594.0,4583.0,False,96.6981,11.0,121.0,0.1138
izhodiscna,1755,MR glave brez kontrasta,1,lin,2025-04-23,2025-04-30,4594.0,3487.979,False,96.6981,1106.021,1223282.3736,11.4379
izhodiscna,1755,MR glave brez kontrasta,1,ar1,2025-04-23,2025-04-30,4594.0,4552.9279,False,96.6981,41.0721,1686.9213,0.4247
izhodiscna,1755,MR glave brez kontrasta,1,naivni,2025-04-30,2025-05-07,4538.0,4594.0,False,95.1111,56.0,3136.0,0.5888
izhodiscna,1755,MR glave brez kontrasta,1,lin,2025-04-30,2025-05-07,4538.0,3549.3859,False,95.1111,988.6141,977357.9206,10.3943
izhodiscna,1755,MR glave brez kontrasta,1,ar1,2025-04-30,2025-05-07,4538.0,4565.0322,False,95.1111,27.0322,730.7387,0.2842
izhodiscna,1755,MR glave brez kontrasta,1,naivni,2025-05-07,2025-05-14,4567.0,4538.0,False,94.4,29.0,841.0,0.3072
izhodiscna,1755,MR glave brez kontrasta,1,lin,2025-05-07,2025-05-14,4567.0,3603.1247,False,94.4,963.8753,929055.6415,10.2105
izhodiscna,1755,MR glave brez kontrasta,1,ar1,2025-05-07,2025-05-14,4567.0,4510.2315,False,94.4,56.7685,3222.6629,0.6014
izhodiscna,1755,MR glave brez kontrasta,1,naivni,2025-05-14,2025-05-21,4762.0,4567.0,False,93.2321,195.0,38025.0,2.0916
izhodiscna,1755,MR glave brez kontrasta,1,lin,2025-05-14,2025-05-21,4762.0,3655.7469,False,93.2321,1106.2531,1223795.9939,11.8656
izhodiscna,1755,MR glave brez kontrasta,1,ar1,2025-05-14,2025-05-21,4762.0,4539.9621,False,93.2321,222.0379,49300.8331,2.3816
izhodiscna,1755,MR glave brez kontrasta,1,naivni,2025-05-21,2025-05-28,4873.0,4762.0,False,95.0175,111.0,12321.0,1.1682
izhodiscna,1755,MR glave brez kontrasta,1,lin,2025-05-21,2025-05-28,4873.0,3718.7713,False,95.0175,1154.2287,1332243.8345,12.1475
izhodiscna,1755,MR glave brez kontrasta,1,ar1,2025-05-21,2025-05-28,4873.0,4736.1274,False,95.0175,136.8726,18734.1072,1.4405
izhodiscna,1755,MR glave brez kontrasta,1,naivni,2025-05-28,2025-06-04,5048.0,4873.0,False,95.2931,175.0,30625.0,1.8364
izhodiscna,1755,MR glave brez kontrasta,1,lin,2025-05-28,2025-06-04,5048.0,3785.6949,False,95.2931,1262.3051,1593414.127,13.2466
izhodiscna,1755,MR glave brez kontrasta,1,ar1,2025-05-28,2025-06-04,5048.0,4850.2302,False,95.2931,197.7698,39112.9081,2.0754
izhodiscna,1755,MR glave brez kontrasta,1,naivni,2025-06-04,2025-06-11,4610.0,5048.0,False,96.6441,438.0,191844.0,4.5321
izhodiscna,1755,MR glave brez kontrasta,1,lin,2025-06-04,2025-06-11,4610.0,3860.4757,False,96.6441,749.5243,561786.667,7.7555
izhodiscna,1755,MR glave brez kontrasta,1,ar1,2025-06-04,2025-06-11,4610.0,5032.0025,False,96.6441,422.0025,178086.1263,4.3666
izhodiscna,1755,MR glave brez kontrasta,1,naivni,2025-06-11,2025-06-18,5081.0,4610.0,False,102.3333,471.0,221841.0,4.6026
izhodiscna,1755,MR glave brez kontrasta,1,lin,2025-06-11,2025-06-18,5081.0,3902.3213,False,102.3333,1178.6787,1389283.4508,11.518
izhodiscna,1755,MR glave brez kontrasta,1,ar1,2025-06-11,2025-06-18,5081.0,4584.3708,False,102.3333,496.6292,246640.6044,4.8531
izhodiscna,1755,MR glave brez kontrasta,1,naivni,2025-06-18,2025-07-02,4956.0,5081.0,True,108.377,125.0,15625.0,1.1534
izhodiscna,1755,MR glave brez kontrasta,1,lin,2025-06-18,2025-07-02,4956.0,3972.2507,True,108.377,983.7493,967762.7619,9.0771
izhodiscna,1755,MR glave brez kontrasta,1,ar1,2025-06-18,2025-07-02,4956.0,5057.9879,True,108.377,101.9879,10401.537,0.941
izhodiscna,1755,MR glave brez kontrasta,1,naivni,2025-07-02,2025-07-09,4865.0,4956.0,False,108.6452,91.0,8281.0,0.8376
izhodiscna,1755,MR glave brez kontrasta,1,lin,2025-07-02,2025-07-09,4865.0,4030.4071,False,108.6452,834.5929,696545.3654,7.6818
izhodiscna,1755,MR glave brez kontrasta,1,ar1,2025-07-02,2025-07-09,4865.0,4930.647,False,108.6452,65.647,4309.5255,0.6042
izhodiscna,1755,MR glave brez kontrasta,1,naivni,2025-07-09,2025-07-16,4789.0,4865.0,False,108.3651,76.0,5776.0,0.7013
izhodiscna,1755,MR glave brez kontrasta,1,lin,2025-07-09,2025-07-16,4789.0,4079.7292,False,108.3651,709.2708,503065.115,6.5452
izhodiscna,1755,MR glave brez kontrasta,1,ar1,2025-07-09,2025-07-16,4789.0,4839.5122,False,108.3651,50.5122,2551.4856,0.4661
izhodiscna,1755,MR glave brez kontrasta,1,naivni,2025-07-16,2025-07-23,4847.0,4789.0,False,107.8594,58.0,3364.0,0.5377
izhodiscna,1755,MR glave brez kontrasta,1,lin,2025-07-16,2025-07-23,4847.0,4121.7404,False,107.8594,725.2596,526001.5097,6.7241
izhodiscna,1755,MR glave brez kontrasta,1,ar1,2025-07-16,2025-07-23,4847.0,4764.1249,False,107.8594,82.8751,6868.2756,0.7684
izhodiscna,1755,MR glave brez kontrasta,1,naivni,2025-07-23,2025-07-30,4736.0,4847.0,False,107.0923,111.0,12321.0,1.0365
izhodiscna,1755,MR glave brez kontrasta,1,lin,2025-07-23,2025-07-30,4736.0,4165.0513,False,107.0923,570.9487,325982.4385,5.3314
izhodiscna,1755,MR glave brez kontrasta,1,ar1,2025-07-23,2025-07-30,4736.0,4823.0388,False,107.0923,87.0388,7575.7501,0.8127
izhodiscna,1755,MR glave brez kontrasta,1,naivni,2025-07-30,2025-08-06,4760.0,4736.0,False,107.1515,24.0,576.0,0.224
izhodiscna,1755,MR glave brez kontrasta,1,lin,2025-07-30,2025-08-06,4760.0,4199.4776,False,107.1515,560.5224,314185.3475,5.2311
izhodiscna,1755,MR glave brez kontrasta,1,ar1,2025-07-30,2025-08-06,4760.0,4712.7633,False,107.1515,47.2367,2231.3105,0.4408
izhodiscna,1755,MR glave brez kontrasta,1,naivni,2025-08-06,2025-08-13,4645.0,4760.0,False,105.9104,115.0,13225.0,1.0858
izhodiscna,1755,MR glave brez kontrasta,1,lin,2025-08-06,2025-08-13,4645.0,4233.5413,False,105.9104,411.4587,169298.2912,3.885
izhodiscna,1755,MR glave brez kontrasta,1,ar1,2025-08-06,2025-08-13,4645.0,4737.3153,False,105.9104,92.3153,8522.1127,0.8716
izhodiscna,1755,MR glave brez kontrasta,1,naivni,2025-08-13,2025-08-20,4242.0,4645.0,False,106.0441,403.0,162409.0,3.8003
izhodiscna,1755,MR glave brez kontrasta,1,lin,2025-08-13,2025-08-20,4242.0,4259.2025,False,106.0441,17.2025,295.9251,0.1622
izhodiscna,1755,MR glave brez kontrasta,1,ar1,2025-08-13,2025-08-20,4242.0,4623.7098,False,106.0441,381.7098,145702.3754,3.5995
izhodiscna,1755,MR glave brez kontrasta,1,naivni,2025-08-20,2025-08-27,4372.0,4242.0,False,110.3478,130.0,16900.0,1.1781
izhodiscna,1755,MR glave brez kontrasta,1,lin,2025-08-20,2025-08-27,4372.0,4260.5391,False,110.3478,111.4609,12423.5254,1.0101
izhodiscna,1755,MR glave brez kontrasta,1,ar1,2025-08-20,2025-08-27,4372.0,4228.9116,False,110.3478,143.0884,20474.2981,1.2967
izhodiscna,1755,MR glave brez kontrasta,1,naivni,2025-08-27,2025-09-03,4465.0,4372.0,False,110.6286,93.0,8649.0,0.8407
izhodiscna,1755,MR glave brez kontrasta,1,lin,2025-08-27,2025-09-03,4465.0,4269.1175,False,110.6286,195.8825,38369.9518,1.7706
izhodiscna,1755,MR glave brez kontrasta,1,ar1,2025-08-27,2025-09-03,4465.0,4355.5165,False,110.6286,109.4835,11986.6418,0.9896
izhodiscna,1755,MR glave brez kontrasta,1,naivni,2025-09-03,2025-09-10,4544.0,4465.0,False,110.3803,79.0,6241.0,0.7157
izhodiscna,1755,MR glave brez kontrasta,1,lin,2025-09-03,2025-09-10,4544.0,4282.4296,False,110.3803,261.5704,68419.0859,2.3697
izhodiscna,1755,MR glave brez kontrasta,1,ar1,2025-09-03,2025-09-10,4544.0,4446.3879,False,110.3803,97.6121,9528.1221,0.8843
izhodiscna,1755,MR glave brez kontrasta,1,naivni,2025-09-10,2025-09-17,4766.0,4544.0,False,109.9444,222.0,49284.0,2.0192
izhodiscna,1755,MR glave brez kontrasta,1,lin,2025-09-10,2025-09-17,4766.0,4299.4155,False,109.9444,466.5845,217701.0722,4.2438
izhodiscna,1755,MR glave brez kontrasta,1,ar1,2025-09-10,2025-09-17,4766.0,4523.8813,False,109.9444,242.1187,58621.4553,2.2022
izhodiscna,1755,MR glave brez kontrasta,1,naivni,2025-09-17,2025-09-24,4956.0,4766.0,False,111.4795,190.0,36100.0,1.7043
izhodiscna,1755,MR glave brez kontrasta,1,lin,2025-09-17,2025-09-24,4956.0,4327.5802,False,111.4795,628.4198,394911.501,5.6371
izhodiscna,1755,MR glave brez kontrasta,1,ar1,2025-09-17,2025-09-24,4956.0,4742.258,False,111.4795,213.742,45685.6309,1.9173
izhodiscna,1755,MR glave brez kontrasta,1,naivni,2025-09-24,2025-10-01,5187.0,4956.0,False,112.5405,231.0,53361.0,2.0526
izhodiscna,1755,MR glave brez kontrasta,1,lin,2025-09-24,2025-10-01,5187.0,4364.5441,False,112.5405,822.4559,676433.6348,7.3081
izhodiscna,1755,MR glave brez kontrasta,1,ar1,2025-09-24,2025-10-01,5187.0,4931.7879,False,112.5405,255.2121,65133.1981,2.2677
izhodiscna,1755,MR glave brez kontrasta,1,naivni,2025-10-01,2025-10-08,5300.0,5187.0,False,114.12,113.0,12769.0,0.9902
izhodiscna,1755,MR glave brez kontrasta,1,lin,2025-10-01,2025-10-08,5300.0,4411.9411,False,114.12,888.0589,788648.694,7.7818
izhodiscna,1755,MR glave brez kontrasta,1,ar1,2025-10-01,2025-10-08,5300.0,5165.9921,False,114.12,134.0079,17958.1222,1.1743
izhodiscna,1755,MR glave brez kontrasta,1,naivni,2025-10-08,2025-10-15,5604.0,5300.0,False,114.1053,304.0,92416.0,2.6642
izhodiscna,1755,MR glave brez kontrasta,1,lin,2025-10-08,2025-10-15,5604.0,4463.027,False,114.1053,1140.973,1301819.3883,9.9993
izhodiscna,1755,MR glave brez kontrasta,1,ar1,2025-10-08,2025-10-15,5604.0,5283.1531,False,114.1053,320.8469,102942.7045,2.8118
izhodiscna,1755,MR glave brez kontrasta,1,naivni,2025-10-15,2025-10-22,5681.0,5604.0,False,116.5714,77.0,5929.0,0.6605
izhodiscna,1755,MR glave brez kontrasta,1,lin,2025-10-15,2025-10-22,5681.0,4527.3786,False,116.5714,1153.6214,1330842.2852,9.8963
izhodiscna,1755,MR glave brez kontrasta,1,ar1,2025-10-15,2025-10-22,5681.0,5601.9322,False,116.5714,79.0678,6251.715,0.6783
izhodiscna,1755,MR glave brez kontrasta,1,naivni,2025-10-22,2025-10-29,5728.0,5681.0,False,116.0641,47.0,2209.0,0.4049
izhodiscna,1755,MR glave brez kontrasta,1,lin,2025-10-22,2025-10-29,5728.0,4592.741,False,116.0641,1135.259,1288813.0126,9.7813
izhodiscna,1755,MR glave brez kontrasta,1,ar1,2025-10-22,2025-10-29,5728.0,5684.4488,False,116.0641,43.5512,1896.7099,0.3752
izhodiscna,1755,MR glave brez kontrasta,1,naivni,2025-10-29,2025-11-05,5742.0,5728.0,False,115.1899,14.0,196.0,0.1215
izhodiscna,1755,MR glave brez kontrasta,1,lin,2025-10-29,2025-11-05,5742.0,4657.5503,False,115.1899,1084.4497,1176031.1161,9.4145
izhodiscna,1755,MR glave brez kontrasta,1,ar1,2025-10-29,2025-11-05,5742.0,5734.6063,False,115.1899,7.3937,54.6668,0.0642
izhodiscna,1755,MR glave brez kontrasta,1,naivni,2025-11-05,2025-11-12,5896.0,5742.0,False,113.925,154.0,23716.0,1.3518
izhodiscna,1755,MR glave brez kontrasta,1,lin,2025-11-05,2025-11-12,5896.0,4720.2009,False,113.925,1175.7991,1382503.4626,10.3208
izhodiscna,1755,MR glave brez kontrasta,1,ar1,2025-11-05,2025-11-12,5896.0,5749.1221,False,113.925,146.8779,21573.1188,1.2893
izhodiscna,1755,MR glave brez kontrasta,1,naivni,2025-11-12,2025-11-19,6014.0,5896.0,False,114.4198,118.0,13924.0,1.0313
izhodiscna,1755,MR glave brez kontrasta,1,lin,2025-11-12,2025-11-19,6014.0,4787.6341,False,114.4198,1226.3659,1503973.207,10.7181
izhodiscna,1755,MR glave brez kontrasta,1,ar1,2025-11-12,2025-11-19,6014.0,5913.9117,False,114.4198,100.0883,10017.6687,0.8747
izhodiscna,1755,MR glave brez kontrasta,1,naivni,2025-11-19,2025-11-26,6157.0,6014.0,False,114.4634,143.0,20449.0,1.2493
izhodiscna,1755,MR glave brez kontrasta,1,lin,2025-11-19,2025-11-26,6157.0,4857.8498,False,114.4634,1299.1502,1687791.1424,11.3499
izhodiscna,1755,MR glave brez kontrasta,1,ar1,2025-11-19,2025-11-26,6157.0,6040.4602,False,114.4634,116.5398,13581.5314,1.0181
izhodiscna,1755,MR glave brez kontrasta,1,naivni,2025-11-26,2025-12-03,6275.0,6157.0,False,114.8072,118.0,13924.0,1.0278
izhodiscna,1755,MR glave brez kontrasta,1,lin,2025-11-26,2025-12-03,6275.0,4931.8832,False,114.8072,1343.1168,1803962.6115,11.6989
izhodiscna,1755,MR glave brez kontrasta,1,ar1,2025-11-26,2025-12-03,6275.0,6194.4962,False,114.8072,80.5038,6480.8609,0.7012
izhodiscna,1755,MR glave brez kontrasta,1,naivni,2025-12-03,2025-12-10,6473.0,6275.0,False,114.8452,198.0,39204.0,1.7241
izhodiscna,1755,MR glave brez kontrasta,1,lin,2025-12-03,2025-12-10,6473.0,5008.3496,False,114.8452,1464.6504,2145200.8533,12.7533
izhodiscna,1755,MR glave brez kontrasta,1,ar1,2025-12-03,2025-12-10,6473.0,6321.0979,False,114.8452,151.9021,23074.2568,1.3227
izhodiscna,1755,MR glave brez kontrasta,1,naivni,2025-12-10,2025-12-17,6480.0,6473.0,False,115.8235,7.0,49.0,0.0604
izhodiscna,1755,MR glave brez kontrasta,1,lin,2025-12-10,2025-12-17,6480.0,5090.8361,False,115.8235,1389.1639,1929776.2996,11.9938
izhodiscna,1755,MR glave brez kontrasta,1,ar1,2025-12-10,2025-12-17,6480.0,6536.3823,False,115.8235,56.3823,3178.9679,0.4868
izhodiscna,1755,MR glave brez kontrasta,1,naivni,2025-12-17,2026-01-07,6399.0,6480.0,True,114.5581,81.0,6561.0,0.7071
izhodiscna,1755,MR glave brez kontrasta,1,lin,2025-12-17,2026-01-07,6399.0,5170.2435,True,114.5581,1228.7565,1509842.4926,10.7261
izhodiscna,1755,MR glave brez kontrasta,1,ar1,2025-12-17,2026-01-07,6399.0,6538.3233,True,114.5581,139.3233,19410.9918,1.2162
izhodiscna,1755,MR glave brez kontrasta,1,naivni,2026-01-07,2026-01-14,6573.0,6399.0,False,114.1724,174.0,30276.0,1.524
izhodiscna,1755,MR glave brez kontrasta,1,lin,2026-01-07,2026-01-14,6573.0,5242.7226,False,114.1724,1330.2774,1769638.0393,11.6515
izhodiscna,1755,MR glave brez kontrasta,1,ar1,2026-01-07,2026-01-14,6573.0,6444.3137,False,114.1724,128.6863,16560.1687,1.1271
izhodiscna,1755,MR glave brez kontrasta,1,naivni,2026-01-14,2026-01-21,6725.0,6573.0,False,114.8523,152.0,23104.0,1.3234
izhodiscna,1755,MR glave brez kontrasta,1,lin,2026-01-14,2026-01-21,6725.0,5320.0781,False,114.8523,1404.9219,1973805.43,12.2324
izhodiscna,1755,MR glave brez kontrasta,1,ar1,2026-01-14,2026-01-21,6725.0,6631.0195,False,114.8523,93.9805,8832.3286,0.8183
izhodiscna,1755,MR glave brez kontrasta,1,naivni,2026-01-21,2026-01-28,6925.0,6725.0,False,115.2697,200.0,40000.0,1.7351
izhodiscna,1755,MR glave brez kontrasta,1,lin,2026-01-21,2026-01-28,6925.0,5401.0834,False,115.2697,1523.9166,2322321.8167,13.2204
izhodiscna,1755,MR glave brez kontrasta,1,ar1,2026-01-21,2026-01-28,6925.0,6793.6932,False,115.2697,131.3068,17241.4863,1.1391
izhodiscna,1755,MR glave brez kontrasta,1,naivni,2026-01-28,2026-02-04,7142.0,6925.0,False,116.2111,217.0,47089.0,1.8673
izhodiscna,1755,MR glave brez kontrasta,1,lin,2026-01-28,2026-02-04,7142.0,5487.6623,False,116.2111,1654.3377,2736833.3214,14.2356
izhodiscna,1755,MR glave brez kontrasta,1,ar1,2026-01-28,2026-02-04,7142.0,7009.5532,False,116.2111,132.4468,17542.1662,1.1397
izhodiscna,1755,MR glave brez kontrasta,1,naivni,2026-02-04,2026-02-11,7249.0,7142.0,False,117.3187,107.0,11449.0,0.912
izhodiscna,1755,MR glave brez kontrasta,1,lin,2026-02-04,2026-02-11,7249.0,5580.2757,False,117.3187,1668.7243,2784640.8534,14.2239
izhodiscna,1755,MR glave brez kontrasta,1,ar1,2026-02-04,2026-02-11,7249.0,7244.5261,False,117.3187,4.4739,20.0157,0.0381
izhodiscna,1755,MR glave brez kontrasta,1,naivni,2026-02-11,2026-02-18,7482.0,7249.0,False,117.2065,233.0,54289.0,1.9879
izhodiscna,1755,MR glave brez kontrasta,1,lin,2026-02-11,2026-02-18,7482.0,5673.8946,False,117.2065,1808.1054,3269245.221,15.4267
izhodiscna,1755,MR glave brez kontrasta,1,ar1,2026-02-11,2026-02-18,7482.0,7355.1745,False,117.2065,126.8255,16084.7081,1.0821
izhodiscna,1755,MR glave brez kontrasta,1,naivni,2026-02-18,2026-02-25,7507.0,7482.0,False,118.4516,25.0,625.0,0.2111
izhodiscna,1755,MR glave brez kontrasta,1,lin,2026-02-18,2026-02-25,7507.0,5773.8264,False,118.4516,1733.1736,3003890.8819,14.6319
izhodiscna,1755,MR glave brez kontrasta,1,ar1,2026-02-18,2026-02-25,7507.0,7607.4515,False,118.4516,100.4515,10090.4939,0.848
izhodiscna,1755,MR glave brez kontrasta,1,naivni,2026-02-25,2026-03-04,7447.0,7507.0,False,117.4574,60.0,3600.0,0.5108
izhodiscna,1755,MR glave brez kontrasta,1,lin,2026-02-25,2026-03-04,7447.0,5871.0081,False,117.4574,1575.9919,2483750.5864,13.4176
izhodiscna,1755,MR glave brez kontrasta,1,ar1,2026-02-25,2026-03-04,7447.0,7623.7752,False,117.4574,176.7752,31249.4749,1.505
izhodiscna,1755,MR glave brez kontrasta,1,naivni,2026-03-04,2026-03-11,7524.0,7447.0,False,116.8526,77.0,5929.0,0.6589
izhodiscna,1755,MR glave brez kontrasta,1,lin,2026-03-04,2026-03-11,7524.0,5962.0206,False,116.8526,1561.9794,2439779.6022,13.3671
izhodiscna,1755,MR glave brez kontrasta,1,ar1,2026-03-04,2026-03-11,7524.0,7546.7725,False,116.8526,22.7725,518.586,0.1949
izhodiscna,1755,MR glave brez kontrasta,1,naivni,2026-03-11,2026-03-18,7623.0,7524.0,False,116.4375,99.0,9801.0,0.8502
izhodiscna,1755,MR glave brez kontrasta,1,lin,2026-03-11,2026-03-18,7623.0,6052.7938,False,116.4375,1570.2062,2465547.4652,13.4854
izhodiscna,1755,MR glave brez kontrasta,1,ar1,2026-03-11,2026-03-18,7623.0,7623.9929,False,116.4375,0.9929,0.9859,0.0085
izhodiscna,1755,MR glave brez kontrasta,1,naivni,2026-03-18,2026-03-25,7847.0,7623.0,False,116.2577,224.0,50176.0,1.9268
izhodiscna,1755,MR glave brez kontrasta,1,lin,2026-03-18,2026-03-25,7847.0,6144.2314,False,116.2577,1702.7686,2899420.7935,14.6465
izhodiscna,1755,MR glave brez kontrasta,1,ar1,2026-03-18,2026-03-25,7847.0,7725.4694,False,116.2577,121.5306,14769.6828,1.0454
izhodiscna,1755,MR glave brez kontrasta,1,naivni,2026-03-25,2026-04-08,8026.0,7847.0,True,117.3571,179.0,32041.0,1.5253
izhodiscna,1755,MR glave brez kontrasta,1,lin,2026-03-25,2026-04-08,8026.0,6241.3488,True,117.3571,1784.6512,3184979.9269,15.207
izhodiscna,1755,MR glave brez kontrasta,1,ar1,2026-03-25,2026-04-08,8026.0,7964.8318,True,117.3571,61.1682,3741.5524,0.5212
izhodiscna,1755,MR glave brez kontrasta,1,naivni,2026-04-08,2026-04-15,8157.0,8026.0,False,117.9798,131.0,17161.0,1.1104
izhodiscna,1755,MR glave brez kontrasta,1,lin,2026-04-08,2026-04-15,8157.0,6342.0855,False,117.9798,1814.9145,3293914.8073,15.3833
izhodiscna,1755,MR glave brez kontrasta,1,ar1,2026-04-08,2026-04-15,8157.0,8153.9199,False,117.9798,3.0801,9.4868,0.0261
izhodiscna,1755,MR glave brez kontrasta,1,naivni,2026-04-15,2026-04-29,8238.0,8157.0,True,118.11,81.0,6561.0,0.6858
izhodiscna,1755,MR glave brez kontrasta,1,lin,2026-04-15,2026-04-29,8238.0,6444.3741,True,118.11,1793.6259,3217094.0148,15.1861
izhodiscna,1755,MR glave brez kontrasta,1,ar1,2026-04-15,2026-04-29,8238.0,8289.0764,True,118.11,51.0764,2608.7992,0.4324
izhodiscna,1755,MR glave brez kontrasta,1,naivni,2026-04-29,2026-05-06,8284.0,8238.0,False,117.7426,46.0,2116.0,0.3907
izhodiscna,1755,MR glave brez kontrasta,1,lin,2026-04-29,2026-05-06,8284.0,6546.1802,False,117.7426,1737.8198,3020017.7991,14.7595
izhodiscna,1755,MR glave brez kontrasta,1,ar1,2026-04-29,2026-05-06,8284.0,8368.4198,False,117.7426,84.4198,7126.7089,0.717
izhodiscna,1755,MR glave brez kontrasta,1,naivni,2026-05-06,2026-05-13,8379.0,8284.0,False,117.0392,95.0,9025.0,0.8117
izhodiscna,1755,MR glave brez kontrasta,1,lin,2026-05-06,2026-05-13,8379.0,6646.1605,False,117.0392,1732.8395,3002732.803,14.8056
izhodiscna,1755,MR glave brez kontrasta,1,ar1,2026-05-06,2026-05-13,8379.0,8409.3074,False,117.0392,30.3074,918.5387,0.259
izhodiscna,1755,MR glave brez kontrasta,1,naivni,2026-05-13,2026-05-20,8401.0,8379.0,False,116.8252,22.0,484.0,0.1883
izhodiscna,1755,MR glave brez kontrasta,1,lin,2026-05-13,2026-05-20,8401.0,6746.2737,False,116.8252,1654.7263,2738119.0891,14.1641
izhodiscna,1755,MR glave brez kontrasta,1,ar1,2026-05-13,2026-05-20,8401.0,8504.665,False,116.8252,103.665,10746.4225,0.8874
izhodiscna,1755,MR glave brez kontrasta,1,naivni,2026-05-20,2026-05-27,8404.0,8401.0,False,115.9135,3.0,9.0,0.0259
izhodiscna,1755,MR glave brez kontrasta,1,lin,2026-05-20,2026-05-27,8404.0,6843.7286,False,115.9135,1560.2714,2434446.9308,13.4607
izhodiscna,1755,MR glave brez kontrasta,1,ar1,2026-05-20,2026-05-27,8404.0,8519.9624,False,115.9135,115.9624,13447.2796,1.0004
izhodiscna,1755,MR glave brez kontrasta,1,naivni,2026-05-27,2026-06-03,8268.0,8404.0,False,114.8381,136.0,18496.0,1.1843
izhodiscna,1755,MR glave brez kontrasta,1,lin,2026-05-27,2026-06-03,8268.0,6937.9164,False,114.8381,1330.0836,1769122.2711,11.5823
izhodiscna,1755,MR glave brez kontrasta,1,ar1,2026-05-27,2026-06-03,8268.0,8515.3746,False,114.8381,247.3746,61194.1811,2.1541
izhodiscna,1755,MR glave brez kontrasta,1,naivni,2026-06-03,2026-06-17,8251.0,8268.0,True,115.0377,17.0,289.0,0.1478
izhodiscna,1755,MR glave brez kontrasta,1,lin,2026-06-03,2026-06-17,8251.0,7023.7743,True,115.0377,1227.2257,1506082.9427,10.668
izhodiscna,1755,MR glave brez kontrasta,1,ar1,2026-06-03,2026-06-17,8251.0,8361.4388,True,115.0377,110.4388,12196.7368,0.96
izhodiscna,1755,MR glave brez kontrasta,1,naivni,2026-06-17,2026-06-24,8218.0,8251.0,False,114.1215,33.0,1089.0,0.2892
izhodiscna,1755,MR glave brez kontrasta,1,lin,2026-06-17,2026-06-24,8218.0,7106.0528,False,114.1215,1111.9472,1236426.6058,9.7435
izhodiscna,1755,MR glave brez kontrasta,1,ar1,2026-06-17,2026-06-24,8218.0,8338.0967,False,114.1215,120.0967,14423.2202,1.0524
izhodiscna,1755,MR glave brez kontrasta,1,naivni,2026-06-24,2026-07-01,8153.0,8218.0,False,113.3704,65.0,4225.0,0.5733
izhodiscna,1755,MR glave brez kontrasta,1,lin,2026-06-24,2026-07-01,8153.0,7184.3094,False,113.3704,968.6906,938361.5208,8.5445
izhodiscna,1755,MR glave brez kontrasta,1,ar1,2026-06-24,2026-07-01,8153.0,8298.3908,False,113.3704,145.3908,21138.4774,1.2824
izhodiscna,1755,MR glave brez kontrasta,1,naivni,2026-07-01,2026-07-08,8032.0,8153.0,False,112.9266,121.0,14641.0,1.0715
izhodiscna,1755,MR glave brez kontrasta,1,lin,2026-07-01,2026-07-08,8032.0,7257.5421,False,112.9266,774.4579,599785.0103,6.8581
izhodiscna,1755,MR glave brez kontrasta,1,ar1,2026-07-01,2026-07-08,8032.0,8225.4722,False,112.9266,193.4722,37431.4938,1.7133
izhodiscna,1755,MR glave brez kontrasta,1,naivni,2026-07-08,2026-07-15,7884.0,8032.0,False,113.0,148.0,21904.0,1.3097
izhodiscna,1755,MR glave brez kontrasta,1,lin,2026-07-08,2026-07-15,7884.0,7323.9342,False,113.0,560.0658,313673.7537,4.9563
izhodiscna,1755,MR glave brez kontrasta,1,ar1,2026-07-08,2026-07-15,7884.0,8094.4326,False,113.0,210.4326,44281.8783,1.8622
izhodiscna,1755,MR glave brez kontrasta,4,naivni,2025-04-09,2025-05-07,4538.0,4263.0,False,94.2157,275.0,75625.0,2.9188
izhodiscna,1755,MR glave brez kontrasta,4,lin,2025-04-09,2025-05-07,4538.0,3295.0705,False,94.2157,1242.9295,1544873.7985,13.1924
izhodiscna,1755,MR glave brez kontrasta,4,ar1,2025-04-09,2025-05-07,4538.0,4163.7278,False,94.2157,374.2722,140079.6525,3.9725
izhodiscna,1755,MR glave brez kontrasta,4,naivni,2025-04-16,2025-05-14,4567.0,4441.0,False,95.8269,126.0,15876.0,1.3149
izhodiscna,1755,MR glave brez kontrasta,4,lin,2025-04-16,2025-05-14,4567.0,3359.3401,False,95.8269,1207.6599,1458442.4185,12.6025
izhodiscna,1755,MR glave brez kontrasta,4,ar1,2025-04-16,2025-05-14,4567.0,4330.037,False,95.8269,236.963,56151.4425,2.4728
izhodiscna,1755,MR glave brez kontrasta,4,naivni,2025-04-23,2025-05-21,4762.0,4583.0,False,96.6981,179.0,32041.0,1.8511
izhodiscna,1755,MR glave brez kontrasta,4,lin,2025-04-23,2025-05-21,4762.0,3430.8858,False,96.6981,1331.1142,1771864.9082,13.7657
izhodiscna,1755,MR glave brez kontrasta,4,ar1,2025-04-23,2025-05-21,4762.0,4469.6497,False,96.6981,292.3503,85468.7069,3.0233
izhodiscna,1755,MR glave brez kontrasta,4,naivni,2025-04-30,2025-05-28,4873.0,4594.0,False,95.1111,279.0,77841.0,2.9334
izhodiscna,1755,MR glave brez kontrasta,4,lin,2025-04-30,2025-05-28,4873.0,3498.7564,False,95.1111,1374.2436,1888545.4134,14.4488
izhodiscna,1755,MR glave brez kontrasta,4,ar1,2025-04-30,2025-05-28,4873.0,4484.5919,False,95.1111,388.4081,150860.8152,4.0837
izhodiscna,1755,MR glave brez kontrasta,4,naivni,2025-05-07,2025-06-04,5048.0,4538.0,False,94.4,510.0,260100.0,5.4025
izhodiscna,1755,MR glave brez kontrasta,4,lin,2025-05-07,2025-06-04,5048.0,3558.0701,False,94.4,1489.9299,2219891.0179,15.7832
izhodiscna,1755,MR glave brez kontrasta,4,ar1,2025-05-07,2025-06-04,5048.0,4433.2581,False,94.4,614.7419,377907.545,6.5121
izhodiscna,1755,MR glave brez kontrasta,4,naivni,2025-05-14,2025-06-11,4610.0,4567.0,False,93.2321,43.0,1849.0,0.4612
izhodiscna,1755,MR glave brez kontrasta,4,lin,2025-05-14,2025-06-11,4610.0,3615.9403,False,93.2321,994.0597,988154.7235,10.6622
izhodiscna,1755,MR glave brez kontrasta,4,ar1,2025-05-14,2025-06-11,4610.0,4464.77,False,93.2321,145.23,21091.741,1.5577
izhodiscna,1755,MR glave brez kontrasta,4,naivni,2025-05-21,2025-06-18,5081.0,4762.0,False,95.0175,319.0,101761.0,3.3573
izhodiscna,1755,MR glave brez kontrasta,4,lin,2025-05-21,2025-06-18,5081.0,3684.7837,False,95.0175,1396.2163,1949419.8965,14.6943
izhodiscna,1755,MR glave brez kontrasta,4,ar1,2025-05-21,2025-06-18,5081.0,4663.2374,False,95.0175,417.7626,174525.5486,4.3967
izhodiscna,1755,MR glave brez kontrasta,4,naivni,2025-05-28,2025-07-02,4956.0,4873.0,True,95.2931,83.0,6889.0,0.871
izhodiscna,1755,MR glave brez kontrasta,4,lin,2025-05-28,2025-07-02,4956.0,3757.5763,True,95.2931,1198.4237,1436219.4338,12.5762
izhodiscna,1755,MR glave brez kontrasta,4,ar1,2025-05-28,2025-07-02,4956.0,4785.409,True,95.2931,170.591,29101.2942,1.7902
izhodiscna,1755,MR glave brez kontrasta,4,naivni,2025-06-04,2025-07-09,4865.0,5048.0,True,96.6441,183.0,33489.0,1.8935
izhodiscna,1755,MR glave brez kontrasta,4,lin,2025-06-04,2025-07-09,4865.0,3838.5651,True,96.6441,1026.4349,1053568.563,10.6208
izhodiscna,1755,MR glave brez kontrasta,4,ar1,2025-06-04,2025-07-09,4865.0,4985.7041,True,96.6441,120.7041,14569.4699,1.249
izhodiscna,1755,MR glave brez kontrasta,4,naivni,2025-06-11,2025-07-16,4789.0,4610.0,True,102.3333,179.0,32041.0,1.7492
izhodiscna,1755,MR glave brez kontrasta,4,lin,2025-06-11,2025-07-16,4789.0,3883.978,True,102.3333,905.022,819064.8186,8.8439
izhodiscna,1755,MR glave brez kontrasta,4,ar1,2025-06-11,2025-07-16,4789.0,4513.1277,True,102.3333,275.8723,76105.5002,2.6958
izhodiscna,1755,MR glave brez kontrasta,4,naivni,2025-06-18,2025-07-23,4847.0,5081.0,True,108.377,234.0,54756.0,2.1591
izhodiscna,1755,MR glave brez kontrasta,4,lin,2025-06-18,2025-07-23,4847.0,3959.339,True,108.377,887.661,787941.9628,8.1905
izhodiscna,1755,MR glave brez kontrasta,4,ar1,2025-06-18,2025-07-23,4847.0,4992.3869,True,108.377,145.3869,21137.3375,1.3415
izhodiscna,1755,MR glave brez kontrasta,4,naivni,2025-07-02,2025-07-30,4736.0,4956.0,False,108.6452,220.0,48400.0,2.0249
izhodiscna,1755,MR glave brez kontrasta,4,lin,2025-07-02,2025-07-30,4736.0,4021.8872,False,108.6452,714.1128,509957.1014,6.5729
izhodiscna,1755,MR glave brez kontrasta,4,ar1,2025-07-02,2025-07-30,4736.0,4859.0394,False,108.6452,123.0394,15138.6954,1.1325
izhodiscna,1755,MR glave brez kontrasta,4,naivni,2025-07-09,2025-08-06,4760.0,4865.0,False,108.3651,105.0,11025.0,0.9689
izhodiscna,1755,MR glave brez kontrasta,4,lin,2025-07-09,2025-08-06,4760.0,4074.8205,False,108.3651,685.1795,469470.9297,6.3229
izhodiscna,1755,MR glave brez kontrasta,4,ar1,2025-07-09,2025-08-06,4760.0,4767.8809,False,108.3651,7.8809,62.1087,0.0727
izhodiscna,1755,MR glave brez kontrasta,4,naivni,2025-07-16,2025-08-13,4645.0,4789.0,False,107.8594,144.0,20736.0,1.3351
izhodiscna,1755,MR glave brez kontrasta,4,lin,2025-07-16,2025-08-13,4645.0,4119.8077,False,107.8594,525.1923,275826.9601,4.8692
izhodiscna,1755,MR glave brez kontrasta,4,ar1,2025-07-16,2025-08-13,4645.0,4694.4444,False,107.8594,49.4444,2444.7504,0.4584
izhodiscna,1755,MR glave brez kontrasta,4,naivni,2025-07-23,2025-08-20,4242.0,4847.0,False,107.0923,605.0,366025.0,5.6493
izhodiscna,1755,MR glave brez kontrasta,4,lin,2025-07-23,2025-08-20,4242.0,4166.0708,False,107.0923,75.9292,5765.2434,0.709
izhodiscna,1755,MR glave brez kontrasta,4,ar1,2025-07-23,2025-08-20,4242.0,4755.6046,False,107.0923,513.6046,263789.7149,4.7959
izhodiscna,1755,MR glave brez kontrasta,4,naivni,2025-07-30,2025-08-27,4372.0,4736.0,False,107.1515,364.0,132496.0,3.3971
izhodiscna,1755,MR glave brez kontrasta,4,lin,2025-07-30,2025-08-27,4372.0,4202.7529,False,107.1515,169.2471,28644.5966,1.5795
izhodiscna,1755,MR glave brez kontrasta,4,ar1,2025-07-30,2025-08-27,4372.0,4647.7036,False,107.1515,275.7036,76012.4957,2.573
izhodiscna,1755,MR glave brez kontrasta,4,naivni,2025-08-06,2025-09-03,4465.0,4760.0,False,105.9104,295.0,87025.0,2.7854
izhodiscna,1755,MR glave brez kontrasta,4,lin,2025-08-06,2025-09-03,4465.0,4238.9668,False,105.9104,226.0332,51090.9861,2.1342
izhodiscna,1755,MR glave brez kontrasta,4,ar1,2025-08-06,2025-09-03,4465.0,4673.6563,False,105.9104,208.6563,43537.4613,1.9701
izhodiscna,1755,MR glave brez kontrasta,4,naivni,2025-08-13,2025-09-10,4544.0,4645.0,False,106.0441,101.0,10201.0,0.9524
izhodiscna,1755,MR glave brez kontrasta,4,lin,2025-08-13,2025-09-10,4544.0,4266.1614,False,106.0441,277.8386,77194.2643,2.62
izhodiscna,1755,MR glave brez kontrasta,4,ar1,2025-08-13,2025-09-10,4544.0,4564.2331,False,106.0441,20.2331,409.3776,0.1908
izhodiscna,1755,MR glave brez kontrasta,4,naivni,2025-08-20,2025-09-17,4766.0,4242.0,False,110.3478,524.0,274576.0,4.7486
izhodiscna,1755,MR glave brez kontrasta,4,lin,2025-08-20,2025-09-17,4766.0,4267.4358,False,110.3478,498.5642,248566.2641,4.5181
izhodiscna,1755,MR glave brez kontrasta,4,ar1,2025-08-20,2025-09-17,4766.0,4192.8813,False,110.3478,573.1187,328465.0715,5.1937
izhodiscna,1755,MR glave brez kontrasta,4,naivni,2025-08-27,2025-09-24,4956.0,4372.0,False,110.6286,584.0,341056.0,5.2789
izhodiscna,1755,MR glave brez kontrasta,4,lin,2025-08-27,2025-09-24,4956.0,4276.4066,False,110.6286,679.5934,461847.1352,6.143
izhodiscna,1755,MR glave brez kontrasta,4,ar1,2025-08-27,2025-09-24,4956.0,4310.1062,False,110.6286,645.8938,417178.8424,5.8384
izhodiscna,1755,MR glave brez kontrasta,4,naivni,2025-09-03,2025-10-01,5187.0,4465.0,False,110.3803,722.0,521284.0,6.541
izhodiscna,1755,MR glave brez kontrasta,4,lin,2025-09-03,2025-10-01,5187.0,4290.3895,False,110.3803,896.6105,803910.3121,8.1229
izhodiscna,1755,MR glave brez kontrasta,4,ar1,2025-09-03,2025-10-01,5187.0,4395.0253,False,110.3803,791.9747,627223.8831,7.175
izhodiscna,1755,MR glave brez kontrasta,4,naivni,2025-09-10,2025-10-08,5300.0,4544.0,False,109.9444,756.0,571536.0,6.8762
izhodiscna,1755,MR glave brez kontrasta,4,lin,2025-09-10,2025-10-08,5300.0,4308.2471,False,109.9444,991.7529,983573.8762,9.0205
izhodiscna,1755,MR glave brez kontrasta,4,ar1,2025-09-10,2025-10-08,5300.0,4468.2365,False,109.9444,831.7635,691830.5107,7.5653
izhodiscna,1755,MR glave brez kontrasta,4,naivni,2025-09-17,2025-10-15,5604.0,4766.0,False,111.4795,838.0,702244.0,7.5171
izhodiscna,1755,MR glave brez kontrasta,4,lin,2025-09-17,2025-10-15,5604.0,4337.9249,False,111.4795,1266.0751,1602946.0416,11.357
izhodiscna,1755,MR glave brez kontrasta,4,ar1,2025-09-17,2025-10-15,5604.0,4676.1312,False,111.4795,927.8688,860940.5641,8.3232
izhodiscna,1755,MR glave brez kontrasta,4,naivni,2025-09-24,2025-10-22,5681.0,4956.0,False,112.5405,725.0,525625.0,6.4421
izhodiscna,1755,MR glave brez kontrasta,4,lin,2025-09-24,2025-10-22,5681.0,4376.8734,False,112.5405,1304.1266,1700746.1401,11.5881
izhodiscna,1755,MR glave brez kontrasta,4,ar1,2025-09-24,2025-10-22,5681.0,4863.6906,False,112.5405,817.3094,667994.6007,7.2624
izhodiscna,1755,MR glave brez kontrasta,4,naivni,2025-10-01,2025-10-29,5728.0,5187.0,False,114.12,541.0,292681.0,4.7406
izhodiscna,1755,MR glave brez kontrasta,4,lin,2025-10-01,2025-10-29,5728.0,4426.8001,False,114.12,1301.1999,1693121.191,11.402
izhodiscna,1755,MR glave brez kontrasta,4,ar1,2025-10-01,2025-10-29,5728.0,5106.0169,False,114.12,621.9831,386862.9266,5.4503
izhodiscna,1755,MR glave brez kontrasta,4,naivni,2025-10-08,2025-11-05,5742.0,5300.0,False,114.1053,442.0,195364.0,3.8736
izhodiscna,1755,MR glave brez kontrasta,4,lin,2025-10-08,2025-11-05,5742.0,4480.5476,False,114.1053,1261.4524,1591262.2642,11.0552
izhodiscna,1755,MR glave brez kontrasta,4,ar1,2025-10-08,2025-11-05,5742.0,5234.5866,False,114.1053,507.4134,257468.3922,4.4469
izhodiscna,1755,MR glave brez kontrasta,4,naivni,2025-10-15,2025-11-12,5896.0,5604.0,False,116.5714,292.0,85264.0,2.5049
izhodiscna,1755,MR glave brez kontrasta,4,lin,2025-10-15,2025-11-12,5896.0,4548.2321,False,116.5714,1347.7679,1816478.2862,11.5617
izhodiscna,1755,MR glave brez kontrasta,4,ar1,2025-10-15,2025-11-12,5896.0,5595.8232,False,116.5714,300.1768,90106.1371,2.575
izhodiscna,1755,MR glave brez kontrasta,4,naivni,2025-10-22,2025-11-19,6014.0,5681.0,False,116.0641,333.0,110889.0,2.8691
izhodiscna,1755,MR glave brez kontrasta,4,lin,2025-10-22,2025-11-19,6014.0,4616.8801,False,116.0641,1397.1199,1951943.9815,12.0375
izhodiscna,1755,MR glave brez kontrasta,4,ar1,2025-10-22,2025-11-19,6014.0,5694.711,False,116.0641,319.289,101945.4868,2.751
izhodiscna,1755,MR glave brez kontrasta,4,naivni,2025-10-29,2025-11-26,6157.0,5728.0,False,115.1899,429.0,184041.0,3.7243
izhodiscna,1755,MR glave brez kontrasta,4,lin,2025-10-29,2025-11-26,6157.0,4684.8429,False,115.1899,1472.1571,2167246.4314,12.7803
izhodiscna,1755,MR glave brez kontrasta,4,ar1,2025-10-29,2025-11-26,6157.0,5754.3399,False,115.1899,402.6601,162135.1541,3.4956
izhodiscna,1755,MR glave brez kontrasta,4,naivni,2025-11-05,2025-12-03,6275.0,5742.0,False,113.925,533.0,284089.0,4.6785
izhodiscna,1755,MR glave brez kontrasta,4,lin,2025-11-05,2025-12-03,6275.0,4750.4324,False,113.925,1524.5676,2324306.2755,13.3822
izhodiscna,1755,MR glave brez kontrasta,4,ar1,2025-11-05,2025-12-03,6275.0,5770.4097,False,113.925,504.5903,254611.3538,4.4291
izhodiscna,1755,MR glave brez kontrasta,4,naivni,2025-11-12,2025-12-10,6473.0,5896.0,False,114.4198,577.0,332929.0,5.0428
izhodiscna,1755,MR glave brez kontrasta,4,lin,2025-11-12,2025-12-10,6473.0,4820.9753,False,114.4198,1652.0247,2729185.5569,14.4383
izhodiscna,1755,MR glave brez kontrasta,4,ar1,2025-11-12,2025-12-10,6473.0,5968.0762,False,114.4198,504.9238,254948.0942,4.4129
izhodiscna,1755,MR glave brez kontrasta,4,naivni,2025-11-19,2025-12-17,6480.0,6014.0,False,114.4634,466.0,217156.0,4.0712
izhodiscna,1755,MR glave brez kontrasta,4,lin,2025-11-19,2025-12-17,6480.0,4894.3572,False,114.4634,1585.6428,2514263.1373,13.8528
izhodiscna,1755,MR glave brez kontrasta,4,ar1,2025-11-19,2025-12-17,6480.0,6121.1253,False,114.4634,358.8747,128791.0432,3.1353
izhodiscna,1755,MR glave brez kontrasta,4,naivni,2025-11-26,2026-01-07,6399.0,6157.0,True,114.8072,242.0,58564.0,2.1079
izhodiscna,1755,MR glave brez kontrasta,4,lin,2025-11-26,2026-01-07,6399.0,4971.6658,True,114.8072,1427.3342,2037283.0264,12.4324
izhodiscna,1755,MR glave brez kontrasta,4,ar1,2025-11-26,2026-01-07,6399.0,6309.8739,True,114.8072,89.1261,7943.4596,0.7763
izhodiscna,1755,MR glave brez kontrasta,4,naivni,2025-12-03,2026-01-14,6573.0,6275.0,True,114.8452,298.0,88804.0,2.5948
izhodiscna,1755,MR glave brez kontrasta,4,lin,2025-12-03,2026-01-14,6573.0,5051.4394,True,114.8452,1521.5606,2315146.7842,13.2488
izhodiscna,1755,MR glave brez kontrasta,4,ar1,2025-12-03,2026-01-14,6573.0,6463.8512,True,114.8452,109.1488,11913.4512,0.9504
izhodiscna,1755,MR glave brez kontrasta,4,naivni,2025-12-10,2026-01-21,6725.0,6473.0,True,115.8235,252.0,63504.0,2.1757
izhodiscna,1755,MR glave brez kontrasta,4,lin,2025-12-10,2026-01-21,6725.0,5137.4495,True,115.8235,1587.5505,2520316.5527,13.7066
izhodiscna,1755,MR glave brez kontrasta,4,ar1,2025-12-10,2026-01-21,6725.0,6734.972,True,115.8235,9.972,99.4404,0.0861
izhodiscna,1755,MR glave brez kontrasta,4,naivni,2025-12-17,2026-01-28,6925.0,6480.0,True,114.5581,445.0,198025.0,3.8845
izhodiscna,1755,MR glave brez kontrasta,4,lin,2025-12-17,2026-01-28,6925.0,5220.123,True,114.5581,1704.877,2906605.674,14.8822
izhodiscna,1755,MR glave brez kontrasta,4,ar1,2025-12-17,2026-01-28,6925.0,6720.2684,True,114.5581,204.7316,41915.0253,1.7871
izhodiscna,1755,MR glave brez kontrasta,4,naivni,2026-01-07,2026-02-04,7142.0,6399.0,False,114.1724,743.0,552049.0,6.5077
izhodiscna,1755,MR glave brez kontrasta,4,lin,2026-01-07,2026-02-04,7142.0,5295.426,False,114.1724,1846.574,3409835.416,16.1736
izhodiscna,1755,MR glave brez kontrasta,4,ar1,2026-01-07,2026-02-04,7142.0,6584.2813,False,114.1724,557.7187,311050.1148,4.8849
izhodiscna,1755,MR glave brez kontrasta,4,naivni,2026-01-14,2026-02-11,7249.0,6573.0,False,114.8523,676.0,456976.0,5.8858
izhodiscna,1755,MR glave brez kontrasta,4,lin,2026-01-14,2026-02-11,7249.0,5375.771,False,114.8523,1873.229,3508986.9209,16.3099
izhodiscna,1755,MR glave brez kontrasta,4,ar1,2026-01-14,2026-02-11,7249.0,6811.6985,False,114.8523,437.3015,191232.5897,3.8075
izhodiscna,1755,MR glave brez kontrasta,4,naivni,2026-01-21,2026-02-18,7482.0,6725.0,False,115.2697,757.0,573049.0,6.5672
izhodiscna,1755,MR glave brez kontrasta,4,lin,2026-01-21,2026-02-18,7482.0,5459.864,False,115.2697,2022.136,4089034.0593,17.5427
izhodiscna,1755,MR glave brez kontrasta,4,ar1,2026-01-21,2026-02-18,7482.0,7008.8891,False,115.2697,473.1109,223833.9538,4.1044
izhodiscna,1755,MR glave brez kontrasta,4,naivni,2026-01-28,2026-02-25,7507.0,6925.0,False,116.2111,582.0,338724.0,5.0081
izhodiscna,1755,MR glave brez kontrasta,4,lin,2026-01-28,2026-02-25,7507.0,5549.7193,False,116.2111,1957.2807,3830947.6667,16.8425
izhodiscna,1755,MR glave brez kontrasta,4,ar1,2026-01-28,2026-02-25,7507.0,7276.6106,False,116.2111,230.3894,53079.2908,1.9825
izhodiscna,1755,MR glave brez kontrasta,4,naivni,2026-02-04,2026-03-04,7447.0,7142.0,False,117.3187,305.0,93025.0,2.5998
izhodiscna,1755,MR glave brez kontrasta,4,lin,2026-02-04,2026-03-04,7447.0,5645.8131,False,117.3187,1801.1869,3244274.2414,15.3529
izhodiscna,1755,MR glave brez kontrasta,4,ar1,2026-02-04,2026-03-04,7447.0,7571.0169,False,117.3187,124.0169,15380.188,1.0571
izhodiscna,1755,MR glave brez kontrasta,4,naivni,2026-02-11,2026-03-11,7524.0,7249.0,False,117.2065,275.0,75625.0,2.3463
izhodiscna,1755,MR glave brez kontrasta,4,lin,2026-02-11,2026-03-11,7524.0,5742.8679,False,117.2065,1781.1321,3172431.4014,15.1965
izhodiscna,1755,MR glave brez kontrasta,4,ar1,2026-02-11,2026-03-11,7524.0,7693.3762,False,117.2065,169.3762,28688.2865,1.4451
izhodiscna,1755,MR glave brez kontrasta,4,naivni,2026-02-18,2026-03-18,7623.0,7482.0,False,118.4516,141.0,19881.0,1.1904
izhodiscna,1755,MR glave brez kontrasta,4,lin,2026-02-18,2026-03-18,7623.0,5846.4443,False,118.4516,1776.5557,3156150.2267,14.9982
izhodiscna,1755,MR glave brez kontrasta,4,ar1,2026-02-18,2026-03-18,7623.0,8010.0092,False,118.4516,387.0092,149776.0848,3.2672
izhodiscna,1755,MR glave brez kontrasta,4,naivni,2026-02-25,2026-03-25,7847.0,7507.0,False,117.4574,340.0,115600.0,2.8947
izhodiscna,1755,MR glave brez kontrasta,4,lin,2026-02-25,2026-03-25,7847.0,5947.0467,False,117.4574,1899.9533,3609822.449,16.1757
izhodiscna,1755,MR glave brez kontrasta,4,ar1,2026-02-25,2026-03-25,7847.0,7996.3459,False,117.4574,149.3459,22304.2094,1.2715
izhodiscna,1755,MR glave brez kontrasta,4,naivni,2026-03-04,2026-04-08,8026.0,7447.0,True,116.8526,579.0,335241.0,4.955
izhodiscna,1755,MR glave brez kontrasta,4,lin,2026-03-04,2026-04-08,8026.0,6041.1057,True,116.8526,1984.8943,3939805.5727,16.9863
izhodiscna,1755,MR glave brez kontrasta,4,ar1,2026-03-04,2026-04-08,8026.0,7862.14,True,116.8526,163.86,26850.0859,1.4023
izhodiscna,1755,MR glave brez kontrasta,4,naivni,2026-03-11,2026-04-15,8157.0,7524.0,True,116.4375,633.0,400689.0,5.4364
izhodiscna,1755,MR glave brez kontrasta,4,lin,2026-03-11,2026-04-15,8157.0,6134.8365,True,116.4375,2022.1635,4089145.1225,17.3669
izhodiscna,1755,MR glave brez kontrasta,4,ar1,2026-03-11,2026-04-15,8157.0,7939.7138,True,116.4375,217.2862,47213.3007,1.8661
izhodiscna,1755,MR glave brez kontrasta,4,naivni,2026-03-18,2026-04-29,8238.0,7623.0,True,116.2577,615.0,378225.0,5.29
izhodiscna,1755,MR glave brez kontrasta,4,lin,2026-03-18,2026-04-29,8238.0,6229.1873,True,116.2577,2008.8127,4035328.3566,17.279
izhodiscna,1755,MR glave brez kontrasta,4,ar1,2026-03-18,2026-04-29,8238.0,8048.9951,True,116.2577,189.0049,35722.8588,1.6257
izhodiscna,1755,MR glave brez kontrasta,4,naivni,2026-03-25,2026-05-06,8284.0,7847.0,True,117.3571,437.0,190969.0,3.7237
izhodiscna,1755,MR glave brez kontrasta,4,lin,2026-03-25,2026-05-06,8284.0,6329.4006,True,117.3571,1954.5994,3820458.6941,16.6551
izhodiscna,1755,MR glave brez kontrasta,4,ar1,2026-03-25,2026-05-06,8284.0,8338.8318,True,117.3571,54.8318,3006.5249,0.4672
izhodiscna,1755,MR glave brez kontrasta,4,naivni,2026-04-08,2026-05-13,8379.0,8026.0,True,117.9798,353.0,124609.0,2.992
izhodiscna,1755,MR glave brez kontrasta,4,lin,2026-04-08,2026-05-13,8379.0,6433.3179,True,117.9798,1945.6821,3785678.9985,16.4917
izhodiscna,1755,MR glave brez kontrasta,4,ar1,2026-04-08,2026-05-13,8379.0,8561.0133,True,117.9798,182.0133,33128.837,1.5427
izhodiscna,1755,MR glave brez kontrasta,4,naivni,2026-04-15,2026-05-20,8401.0,8157.0,True,118.11,244.0,59536.0,2.0659
izhodiscna,1755,MR glave brez kontrasta,4,lin,2026-04-15,2026-05-20,8401.0,6538.7775,True,118.11,1862.2225,3467872.4822,15.7668
izhodiscna,1755,MR glave brez kontrasta,4,ar1,2026-04-15,2026-05-20,8401.0,8709.4518,True,118.11,308.4518,95142.4998,2.6116
izhodiscna,1755,MR glave brez kontrasta,4,naivni,2026-04-29,2026-05-27,8404.0,8238.0,False,117.7426,166.0,27556.0,1.4099
izhodiscna,1755,MR glave brez kontrasta,4,lin,2026-04-29,2026-05-27,8404.0,6643.6567,False,117.7426,1760.3433,3098808.6278,14.9508
izhodiscna,1755,MR glave brez kontrasta,4,ar1,2026-04-29,2026-05-27,8404.0,8782.668,False,117.7426,378.668,143389.4768,3.2161
izhodiscna,1755,MR glave brez kontrasta,4,naivni,2026-05-06,2026-06-03,8268.0,8284.0,False,117.0392,16.0,256.0,0.1367
izhodiscna,1755,MR glave brez kontrasta,4,lin,2026-05-06,2026-06-03,8268.0,6746.5572,False,117.0392,1521.4428,2314788.3332,12.9994
izhodiscna,1755,MR glave brez kontrasta,4,ar1,2026-05-06,2026-06-03,8268.0,8806.0339,False,117.0392,538.0339,289480.4825,4.597
izhodiscna,1755,MR glave brez kontrasta,4,naivni,2026-05-13,2026-06-17,8251.0,8379.0,True,116.8252,128.0,16384.0,1.0957
izhodiscna,1755,MR glave brez kontrasta,4,lin,2026-05-13,2026-06-17,8251.0,6849.5267,True,116.8252,1401.4733,1964127.3685,11.9963
izhodiscna,1755,MR glave brez kontrasta,4,ar1,2026-05-13,2026-06-17,8251.0,8902.0893,True,116.8252,651.0893,423917.3005,5.5732
izhodiscna,1755,MR glave brez kontrasta,4,naivni,2026-05-20,2026-06-24,8218.0,8401.0,True,115.9135,183.0,33489.0,1.5788
izhodiscna,1755,MR glave brez kontrasta,4,lin,2026-05-20,2026-06-24,8218.0,6949.6577,True,115.9135,1268.3423,1608692.2358,10.9421
izhodiscna,1755,MR glave brez kontrasta,4,ar1,2026-05-20,2026-06-24,8218.0,8894.8473,True,115.9135,676.8473,458122.3154,5.8392
izhodiscna,1755,MR glave brez kontrasta,4,naivni,2026-05-27,2026-07-01,8153.0,8404.0,True,114.8381,251.0,63001.0,2.1857
izhodiscna,1755,MR glave brez kontrasta,4,lin,2026-05-27,2026-07-01,8153.0,7046.3217,True,114.8381,1106.6783,1224736.7774,9.6369
izhodiscna,1755,MR glave brez kontrasta,4,ar1,2026-05-27,2026-07-01,8153.0,8865.0301,True,114.8381,712.0301,506986.8592,6.2003
izhodiscna,1755,MR glave brez kontrasta,4,naivni,2026-06-03,2026-07-08,8032.0,8268.0,True,115.0377,236.0,55696.0,2.0515
izhodiscna,1755,MR glave brez kontrasta,4,lin,2026-06-03,2026-07-08,8032.0,7134.2514,True,115.0377,897.7486,805952.6088,7.8039
izhodiscna,1755,MR glave brez kontrasta,4,ar1,2026-06-03,2026-07-08,8032.0,8652.5799,True,115.0377,620.5799,385119.359,5.3946
izhodiscna,1755,MR glave brez kontrasta,4,naivni,2026-06-17,2026-07-15,7884.0,8251.0,False,114.1215,367.0,134689.0,3.2159
izhodiscna,1755,MR glave brez kontrasta,4,lin,2026-06-17,2026-07-15,7884.0,7218.4064,False,114.1215,665.5936,443014.9007,5.8323
izhodiscna,1755,MR glave brez kontrasta,4,ar1,2026-06-17,2026-07-15,7884.0,8608.6465,False,114.1215,724.6465,525112.589,6.3498
izhodiscna,1195,Operacija sive mrene (katarakte),1,naivni,2025-04-09,2025-04-16,14402.0,14378.0,False,107.098,24.0,576.0,0.2241
izhodiscna,1195,Operacija sive mrene (katarakte),1,lin,2025-04-09,2025-04-16,14402.0,14243.4955,False,107.098,158.5045,25123.6844,1.48
izhodiscna,1195,Operacija sive mrene (katarakte),1,ar1,2025-04-09,2025-04-16,14402.0,14449.7195,False,107.098,47.7195,2277.1544,0.4456
izhodiscna,1195,Operacija sive mrene (katarakte),1,naivni,2025-04-16,2025-04-23,14346.0,14402.0,False,105.5,56.0,3136.0,0.5308
izhodiscna,1195,Operacija sive mrene (katarakte),1,lin,2025-04-16,2025-04-23,14346.0,14317.2983,False,105.5,28.7017,823.79,0.2721
izhodiscna,1195,Operacija sive mrene (katarakte),1,ar1,2025-04-16,2025-04-23,14346.0,14469.6623,False,105.5,123.6623,15292.3652,1.1722
izhodiscna,1195,Operacija sive mrene (katarakte),1,naivni,2025-04-23,2025-04-30,14686.0,14346.0,False,104.566,340.0,115600.0,3.2515
izhodiscna,1195,Operacija sive mrene (katarakte),1,lin,2025-04-23,2025-04-30,14686.0,14381.5968,False,104.566,304.4032,92661.317,2.9111
izhodiscna,1195,Operacija sive mrene (katarakte),1,ar1,2025-04-23,2025-04-30,14686.0,14403.6594,False,104.566,282.3406,79716.2389,2.7001
izhodiscna,1195,Operacija sive mrene (katarakte),1,naivni,2025-04-30,2025-05-07,14582.0,14686.0,False,108.9259,104.0,10816.0,0.9548
izhodiscna,1195,Operacija sive mrene (katarakte),1,lin,2025-04-30,2025-05-07,14582.0,14465.9657,False,108.9259,116.0343,13463.9689,1.0653
izhodiscna,1195,Operacija sive mrene (katarakte),1,ar1,2025-04-30,2025-05-07,14582.0,14766.6642,False,108.9259,184.6642,34100.8778,1.6953
izhodiscna,1195,Operacija sive mrene (katarakte),1,naivni,2025-05-07,2025-05-14,14497.0,14582.0,False,108.8364,85.0,7225.0,0.781
izhodiscna,1195,Operacija sive mrene (katarakte),1,lin,2025-05-07,2025-05-14,14497.0,14537.0773,False,108.8364,40.0773,1606.1878,0.3682
izhodiscna,1195,Operacija sive mrene (katarakte),1,ar1,2025-05-07,2025-05-14,14497.0,14646.3734,False,108.8364,149.3734,22312.4013,1.3725
izhodiscna,1195,Operacija sive mrene (katarakte),1,naivni,2025-05-14,2025-05-21,14503.0,14497.0,False,108.4107,6.0,36.0,0.0553
izhodiscna,1195,Operacija sive mrene (katarakte),1,lin,2025-05-14,2025-05-21,14503.0,14597.3064,False,108.4107,94.3064,8893.6954,0.8699
izhodiscna,1195,Operacija sive mrene (katarakte),1,ar1,2025-05-14,2025-05-21,14503.0,14550.5325,False,108.4107,47.5325,2259.342,0.4384
izhodiscna,1195,Operacija sive mrene (katarakte),1,naivni,2025-05-21,2025-05-28,14442.0,14503.0,False,106.614,61.0,3721.0,0.5722
izhodiscna,1195,Operacija sive mrene (katarakte),1,lin,2025-05-21,2025-05-28,14442.0,14653.7713,False,106.614,211.7713,44847.094,1.9863
izhodiscna,1195,Operacija sive mrene (katarakte),1,ar1,2025-05-21,2025-05-28,14442.0,14553.4289,False,106.614,111.4289,12416.4042,1.0452
izhodiscna,1195,Operacija sive mrene (katarakte),1,naivni,2025-05-28,2025-06-04,14527.0,14442.0,False,105.8276,85.0,7225.0,0.8032
izhodiscna,1195,Operacija sive mrene (katarakte),1,lin,2025-05-28,2025-06-04,14527.0,14702.2174,False,105.8276,175.2174,30701.1431,1.6557
izhodiscna,1195,Operacija sive mrene (katarakte),1,ar1,2025-05-28,2025-06-04,14527.0,14486.0622,False,105.8276,40.9378,1675.9068,0.3868
izhodiscna,1195,Operacija sive mrene (katarakte),1,naivni,2025-06-04,2025-06-11,13229.0,14527.0,False,105.4746,1298.0,1684804.0,12.3063
izhodiscna,1195,Operacija sive mrene (katarakte),1,lin,2025-06-04,2025-06-11,13229.0,14752.9808,False,105.4746,1523.9808,2322517.4512,14.4488
izhodiscna,1195,Operacija sive mrene (katarakte),1,ar1,2025-06-04,2025-06-11,13229.0,14572.7736,False,105.4746,1343.7736,1805727.6142,12.7403
izhodiscna,1195,Operacija sive mrene (katarakte),1,naivni,2025-06-11,2025-06-18,14326.0,13229.0,False,125.35,1097.0,1203409.0,8.7515
izhodiscna,1195,Operacija sive mrene (katarakte),1,lin,2025-06-11,2025-06-18,14326.0,14715.2049,False,125.35,389.2049,151480.4682,3.1049
izhodiscna,1195,Operacija sive mrene (katarakte),1,ar1,2025-06-11,2025-06-18,14326.0,13248.8545,False,125.35,1077.1455,1160242.5079,8.5931
izhodiscna,1195,Operacija sive mrene (katarakte),1,naivni,2025-06-18,2025-07-02,14300.0,14326.0,True,141.2787,26.0,676.0,0.184
izhodiscna,1195,Operacija sive mrene (katarakte),1,lin,2025-06-18,2025-07-02,14300.0,14749.8345,True,141.2787,449.8345,202351.0586,3.184
izhodiscna,1195,Operacija sive mrene (katarakte),1,ar1,2025-06-18,2025-07-02,14300.0,14330.2607,True,141.2787,30.2607,915.7115,0.2142
izhodiscna,1195,Operacija sive mrene (katarakte),1,naivni,2025-07-02,2025-07-09,14582.0,14300.0,False,139.4194,282.0,79524.0,2.0227
izhodiscna,1195,Operacija sive mrene (katarakte),1,lin,2025-07-02,2025-07-09,14582.0,14780.4153,False,139.4194,198.4153,39368.6148,1.4232
izhodiscna,1195,Operacija sive mrene (katarakte),1,ar1,2025-07-02,2025-07-09,14582.0,14303.7742,False,139.4194,278.2258,77409.5997,1.9956
izhodiscna,1195,Operacija sive mrene (katarakte),1,naivni,2025-07-09,2025-07-16,14676.0,14582.0,False,141.6825,94.0,8836.0,0.6635
izhodiscna,1195,Operacija sive mrene (katarakte),1,lin,2025-07-09,2025-07-16,14676.0,14826.4866,False,141.6825,150.4866,22646.2189,1.0621
izhodiscna,1195,Operacija sive mrene (katarakte),1,ar1,2025-07-09,2025-07-16,14676.0,14589.5049,False,141.6825,86.4951,7481.396,0.6105
izhodiscna,1195,Operacija sive mrene (katarakte),1,naivni,2025-07-16,2025-07-23,14656.0,14676.0,False,140.9375,20.0,400.0,0.1419
izhodiscna,1195,Operacija sive mrene (katarakte),1,lin,2025-07-16,2025-07-23,14656.0,14875.412,False,140.9375,219.412,48141.6342,1.5568
izhodiscna,1195,Operacija sive mrene (katarakte),1,ar1,2025-07-16,2025-07-23,14656.0,14685.4178,False,140.9375,29.4178,865.4079,0.2087
izhodiscna,1195,Operacija sive mrene (katarakte),1,naivni,2025-07-23,2025-07-30,14682.0,14656.0,False,139.0769,26.0,676.0,0.1869
izhodiscna,1195,Operacija sive mrene (katarakte),1,lin,2025-07-23,2025-07-30,14682.0,14920.09,False,139.0769,238.09,56686.837,1.7119
izhodiscna,1195,Operacija sive mrene (katarakte),1,ar1,2025-07-23,2025-07-30,14682.0,14664.4333,False,139.0769,17.5667,308.5873,0.1263
izhodiscna,1195,Operacija sive mrene (katarakte),1,naivni,2025-07-30,2025-08-06,14729.0,14682.0,False,137.3636,47.0,2209.0,0.3422
izhodiscna,1195,Operacija sive mrene (katarakte),1,lin,2025-07-30,2025-08-06,14729.0,14963.5536,False,137.3636,234.5536,55015.3892,1.7075
izhodiscna,1195,Operacija sive mrene (katarakte),1,ar1,2025-07-30,2025-08-06,14729.0,14690.6012,False,137.3636,38.3988,1474.466,0.2795
izhodiscna,1195,Operacija sive mrene (katarakte),1,naivni,2025-08-06,2025-08-13,14816.0,14729.0,False,136.0149,87.0,7569.0,0.6396
izhodiscna,1195,Operacija sive mrene (katarakte),1,lin,2025-08-06,2025-08-13,14816.0,15007.1207,False,136.0149,191.1207,36527.1296,1.4051
izhodiscna,1195,Operacija sive mrene (katarakte),1,ar1,2025-08-06,2025-08-13,14816.0,14738.2105,False,136.0149,77.7895,6051.2121,0.5719
izhodiscna,1195,Operacija sive mrene (katarakte),1,naivni,2025-08-13,2025-08-20,14781.0,14816.0,False,135.2941,35.0,1225.0,0.2587
izhodiscna,1195,Operacija sive mrene (katarakte),1,lin,2025-08-13,2025-08-20,14781.0,15053.1057,False,135.2941,272.1057,74041.5184,2.0112
izhodiscna,1195,Operacija sive mrene (katarakte),1,ar1,2025-08-13,2025-08-20,14781.0,14826.746,False,135.2941,45.746,2092.693,0.3381
izhodiscna,1195,Operacija sive mrene (katarakte),1,naivni,2025-08-20,2025-08-27,14752.0,14781.0,False,133.8406,29.0,841.0,0.2167
izhodiscna,1195,Operacija sive mrene (katarakte),1,lin,2025-08-20,2025-08-27,14752.0,15094.3839,False,133.8406,342.3839,117226.7014,2.5581
izhodiscna,1195,Operacija sive mrene (katarakte),1,ar1,2025-08-20,2025-08-27,14752.0,14790.4418,False,133.8406,38.4418,1477.7723,0.2872
izhodiscna,1195,Operacija sive mrene (katarakte),1,naivni,2025-08-27,2025-09-03,14788.0,14752.0,False,132.3429,36.0,1296.0,0.272
izhodiscna,1195,Operacija sive mrene (katarakte),1,lin,2025-08-27,2025-09-03,14788.0,15131.5932,False,132.3429,343.5932,118056.2589,2.5962
izhodiscna,1195,Operacija sive mrene (katarakte),1,ar1,2025-08-27,2025-09-03,14788.0,14760.4837,False,132.3429,27.5163,757.1487,0.2079
izhodiscna,1195,Operacija sive mrene (katarakte),1,naivni,2025-09-03,2025-09-10,14759.0,14788.0,False,130.9859,29.0,841.0,0.2214
izhodiscna,1195,Operacija sive mrene (katarakte),1,lin,2025-09-03,2025-09-10,14759.0,15168.6013,False,130.9859,409.6013,167773.2497,3.1271
izhodiscna,1195,Operacija sive mrene (katarakte),1,ar1,2025-09-03,2025-09-10,14759.0,14796.7216,False,130.9859,37.7216,1422.9167,0.288
izhodiscna,1195,Operacija sive mrene (katarakte),1,naivni,2025-09-10,2025-09-17,14830.0,14759.0,False,129.5694,71.0,5041.0,0.548
izhodiscna,1195,Operacija sive mrene (katarakte),1,lin,2025-09-10,2025-09-17,14830.0,15201.8619,False,129.5694,371.8619,138281.252,2.87
izhodiscna,1195,Operacija sive mrene (katarakte),1,ar1,2025-09-10,2025-09-17,14830.0,14766.9249,False,129.5694,63.0751,3978.4626,0.4868
izhodiscna,1195,Operacija sive mrene (katarakte),1,naivni,2025-09-17,2025-09-24,14962.0,14830.0,False,128.7671,132.0,17424.0,1.0251
izhodiscna,1195,Operacija sive mrene (katarakte),1,lin,2025-09-17,2025-09-24,14962.0,15237.0107,False,128.7671,275.0107,75630.9053,2.1357
izhodiscna,1195,Operacija sive mrene (katarakte),1,ar1,2025-09-17,2025-09-24,14962.0,14838.5947,False,128.7671,123.4053,15228.8603,0.9584
izhodiscna,1195,Operacija sive mrene (katarakte),1,naivni,2025-09-24,2025-10-01,14969.0,14962.0,False,128.8108,7.0,49.0,0.0543
izhodiscna,1195,Operacija sive mrene (katarakte),1,lin,2025-09-24,2025-10-01,14969.0,15277.191,False,128.8108,308.191,94981.6869,2.3926
izhodiscna,1195,Operacija sive mrene (katarakte),1,ar1,2025-09-24,2025-10-01,14969.0,14972.407,False,128.8108,3.407,11.6076,0.0264
izhodiscna,1195,Operacija sive mrene (katarakte),1,naivni,2025-10-01,2025-10-08,15028.0,14969.0,False,127.1867,59.0,3481.0,0.4639
izhodiscna,1195,Operacija sive mrene (katarakte),1,lin,2025-10-01,2025-10-08,15028.0,15315.5284,False,127.1867,287.5284,82672.5929,2.2607
izhodiscna,1195,Operacija sive mrene (katarakte),1,ar1,2025-10-01,2025-10-08,15028.0,14979.1065,False,127.1867,48.8935,2390.5699,0.3844
izhodiscna,1195,Operacija sive mrene (katarakte),1,naivni,2025-10-08,2025-10-15,15062.0,15028.0,False,126.2895,34.0,1156.0,0.2692
izhodiscna,1195,Operacija sive mrene (katarakte),1,lin,2025-10-08,2025-10-15,15062.0,15354.8339,False,126.2895,292.8339,85751.6947,2.3188
izhodiscna,1195,Operacija sive mrene (katarakte),1,ar1,2025-10-08,2025-10-15,15062.0,15038.7628,False,126.2895,23.2372,539.9663,0.184
izhodiscna,1195,Operacija sive mrene (katarakte),1,naivni,2025-10-15,2025-10-22,15260.0,15062.0,False,125.0909,198.0,39204.0,1.5828
izhodiscna,1195,Operacija sive mrene (katarakte),1,lin,2025-10-15,2025-10-22,15260.0,15393.7716,False,125.0909,133.7716,17894.8307,1.0694
izhodiscna,1195,Operacija sive mrene (katarakte),1,ar1,2025-10-15,2025-10-22,15260.0,15072.9596,False,125.0909,187.0404,34984.1258,1.4952
izhodiscna,1195,Operacija sive mrene (katarakte),1,naivni,2025-10-22,2025-10-29,15349.0,15260.0,False,126.0256,89.0,7921.0,0.7062
izhodiscna,1195,Operacija sive mrene (katarakte),1,lin,2025-10-22,2025-10-29,15349.0,15440.668,False,126.0256,91.668,8403.0158,0.7274
izhodiscna,1195,Operacija sive mrene (katarakte),1,ar1,2025-10-22,2025-10-29,15349.0,15274.6269,False,126.0256,74.3731,5531.3535,0.5901
izhodiscna,1195,Operacija sive mrene (katarakte),1,naivni,2025-10-29,2025-11-05,15273.0,15349.0,False,125.557,76.0,5776.0,0.6053
izhodiscna,1195,Operacija sive mrene (katarakte),1,lin,2025-10-29,2025-11-05,15273.0,15489.6272,False,125.557,216.6272,46927.3504,1.7253
izhodiscna,1195,Operacija sive mrene (katarakte),1,ar1,2025-10-29,2025-11-05,15273.0,15365.3123,False,125.557,92.3123,8521.5681,0.7352
izhodiscna,1195,Operacija sive mrene (katarakte),1,naivni,2025-11-05,2025-11-12,15280.0,15273.0,False,124.9375,7.0,49.0,0.056
izhodiscna,1195,Operacija sive mrene (katarakte),1,lin,2025-11-05,2025-11-12,15280.0,15532.3873,False,124.9375,252.3873,63699.3723,2.0201
izhodiscna,1195,Operacija sive mrene (katarakte),1,ar1,2025-11-05,2025-11-12,15280.0,15286.648,False,124.9375,6.648,44.1953,0.0532
izhodiscna,1195,Operacija sive mrene (katarakte),1,naivni,2025-11-12,2025-11-19,15368.0,15280.0,False,123.4815,88.0,7744.0,0.7127
izhodiscna,1195,Operacija sive mrene (katarakte),1,lin,2025-11-12,2025-11-19,15368.0,15573.3379,False,123.4815,205.3379,42163.6327,1.6629
izhodiscna,1195,Operacija sive mrene (katarakte),1,ar1,2025-11-12,2025-11-19,15368.0,15293.2438,False,123.4815,74.7562,5588.4906,0.6054
izhodiscna,1195,Operacija sive mrene (katarakte),1,naivni,2025-11-19,2025-11-26,15382.0,15368.0,False,123.0488,14.0,196.0,0.1138
izhodiscna,1195,Operacija sive mrene (katarakte),1,lin,2025-11-19,2025-11-26,15382.0,15616.4816,False,123.0488,234.4816,54981.6366,1.9056
izhodiscna,1195,Operacija sive mrene (katarakte),1,ar1,2025-11-19,2025-11-26,15382.0,15382.5707,False,123.0488,0.5707,0.3257,0.0046
izhodiscna,1195,Operacija sive mrene (katarakte),1,naivni,2025-11-26,2025-12-03,15457.0,15382.0,False,121.7349,75.0,5625.0,0.6161
izhodiscna,1195,Operacija sive mrene (katarakte),1,lin,2025-11-26,2025-12-03,15457.0,15658.1787,False,121.7349,201.1787,40472.8753,1.6526
izhodiscna,1195,Operacija sive mrene (katarakte),1,ar1,2025-11-26,2025-12-03,15457.0,15396.2932,False,121.7349,60.7068,3685.3104,0.4987
izhodiscna,1195,Operacija sive mrene (katarakte),1,naivni,2025-12-03,2025-12-10,15563.0,15457.0,False,121.1786,106.0,11236.0,0.8747
izhodiscna,1195,Operacija sive mrene (katarakte),1,lin,2025-12-03,2025-12-10,15563.0,15701.3773,False,121.1786,138.3773,19148.2802,1.1419
izhodiscna,1195,Operacija sive mrene (katarakte),1,ar1,2025-12-03,2025-12-10,15563.0,15472.3504,False,121.1786,90.6496,8217.3552,0.7481
izhodiscna,1195,Operacija sive mrene (katarakte),1,naivni,2025-12-10,2025-12-17,15721.0,15563.0,False,121.0,158.0,24964.0,1.3058
izhodiscna,1195,Operacija sive mrene (katarakte),1,lin,2025-12-10,2025-12-17,15721.0,15747.4419,False,121.0,26.4419,699.172,0.2185
izhodiscna,1195,Operacija sive mrene (katarakte),1,ar1,2025-12-10,2025-12-17,15721.0,15580.2088,False,121.0,140.7912,19822.158,1.1636
izhodiscna,1195,Operacija sive mrene (katarakte),1,naivni,2025-12-17,2026-01-07,15699.0,15721.0,True,121.4302,22.0,484.0,0.1812
izhodiscna,1195,Operacija sive mrene (katarakte),1,lin,2025-12-17,2026-01-07,15699.0,15798.6159,True,121.4302,99.6159,9923.3232,0.8204
izhodiscna,1195,Operacija sive mrene (katarakte),1,ar1,2025-12-17,2026-01-07,15699.0,15741.6875,True,121.4302,42.6875,1822.2248,0.3515
izhodiscna,1195,Operacija sive mrene (katarakte),1,naivni,2026-01-07,2026-01-14,15630.0,15699.0,False,120.2874,69.0,4761.0,0.5736
izhodiscna,1195,Operacija sive mrene (katarakte),1,lin,2026-01-07,2026-01-14,15630.0,15846.4569,False,120.2874,216.4569,46853.5881,1.7995
izhodiscna,1195,Operacija sive mrene (katarakte),1,ar1,2026-01-07,2026-01-14,15630.0,15718.1688,False,120.2874,88.1688,7773.737,0.733
izhodiscna,1195,Operacija sive mrene (katarakte),1,naivni,2026-01-14,2026-01-21,15453.0,15630.0,False,119.7045,177.0,31329.0,1.4786
izhodiscna,1195,Operacija sive mrene (katarakte),1,lin,2026-01-14,2026-01-21,15453.0,15889.0212,False,119.7045,436.0212,190114.4826,3.6425
izhodiscna,1195,Operacija sive mrene (katarakte),1,ar1,2026-01-14,2026-01-21,15453.0,15646.6704,False,119.7045,193.6704,37508.2319,1.6179
izhodiscna,1195,Operacija sive mrene (katarakte),1,naivni,2026-01-21,2026-01-28,15416.0,15453.0,False,120.3483,37.0,1369.0,0.3074
izhodiscna,1195,Operacija sive mrene (katarakte),1,lin,2026-01-21,2026-01-28,15416.0,15921.773,False,120.3483,505.773,255806.3616,4.2026
izhodiscna,1195,Operacija sive mrene (katarakte),1,ar1,2026-01-21,2026-01-28,15416.0,15465.6595,False,120.3483,49.6595,2466.0674,0.4126
izhodiscna,1195,Operacija sive mrene (katarakte),1,naivni,2026-01-28,2026-02-04,15489.0,15416.0,False,119.4222,73.0,5329.0,0.6113
izhodiscna,1195,Operacija sive mrene (katarakte),1,lin,2026-01-28,2026-02-04,15489.0,15951.3524,False,119.4222,462.3524,213769.7242,3.8716
izhodiscna,1195,Operacija sive mrene (katarakte),1,ar1,2026-01-28,2026-02-04,15489.0,15427.7625,False,119.4222,61.2375,3750.0287,0.5128
izhodiscna,1195,Operacija sive mrene (katarakte),1,naivni,2026-02-04,2026-02-11,15475.0,15489.0,False,118.9121,14.0,196.0,0.1177
izhodiscna,1195,Operacija sive mrene (katarakte),1,lin,2026-02-04,2026-02-11,15475.0,15982.6988,False,118.9121,507.6988,257758.0286,4.2695
izhodiscna,1195,Operacija sive mrene (katarakte),1,ar1,2026-02-04,2026-02-11,15475.0,15501.2886,False,118.9121,26.2886,691.0905,0.2211
izhodiscna,1195,Operacija sive mrene (katarakte),1,naivni,2026-02-11,2026-02-18,15877.0,15475.0,False,117.7717,402.0,161604.0,3.4134
izhodiscna,1195,Operacija sive mrene (katarakte),1,lin,2026-02-11,2026-02-18,15877.0,16011.9867,False,117.7717,134.9867,18221.4027,1.1462
izhodiscna,1195,Operacija sive mrene (katarakte),1,ar1,2026-02-11,2026-02-18,15877.0,15486.7338,False,117.7717,390.2662,152307.704,3.3138
izhodiscna,1195,Operacija sive mrene (katarakte),1,naivni,2026-02-18,2026-02-25,15889.0,15877.0,False,120.828,12.0,144.0,0.0993
izhodiscna,1195,Operacija sive mrene (katarakte),1,lin,2026-02-18,2026-02-25,15889.0,16057.0185,False,120.828,168.0185,28230.2268,1.3906
izhodiscna,1195,Operacija sive mrene (katarakte),1,ar1,2026-02-18,2026-02-25,15889.0,15894.5021,False,120.828,5.5021,30.2736,0.0455
izhodiscna,1195,Operacija sive mrene (katarakte),1,naivni,2026-02-25,2026-03-04,15842.0,15889.0,False,119.6702,47.0,2209.0,0.3927
izhodiscna,1195,Operacija sive mrene (katarakte),1,lin,2026-02-25,2026-03-04,15842.0,16100.6293,False,119.6702,258.6293,66889.1351,2.1612
izhodiscna,1195,Operacija sive mrene (katarakte),1,ar1,2026-02-25,2026-03-04,15842.0,15906.1201,False,119.6702,64.1201,4111.3897,0.5358
izhodiscna,1195,Operacija sive mrene (katarakte),1,naivni,2026-03-04,2026-03-11,15854.0,15842.0,False,118.9053,12.0,144.0,0.1009
izhodiscna,1195,Operacija sive mrene (katarakte),1,lin,2026-03-04,2026-03-11,15854.0,16140.4279,False,118.9053,286.4279,82040.9138,2.4089
izhodiscna,1195,Operacija sive mrene (katarakte),1,ar1,2026-03-04,2026-03-11,15854.0,15857.5082,False,118.9053,3.5082,12.3071,0.0295
izhodiscna,1195,Operacija sive mrene (katarakte),1,naivni,2026-03-11,2026-03-18,15776.0,15854.0,False,117.7917,78.0,6084.0,0.6622
izhodiscna,1195,Operacija sive mrene (katarakte),1,lin,2026-03-11,2026-03-18,15776.0,16179.0245,False,117.7917,403.0245,162428.7351,3.4215
izhodiscna,1195,Operacija sive mrene (katarakte),1,ar1,2026-03-11,2026-03-18,15776.0,15869.2033,False,117.7917,93.2033,8686.857,0.7913
izhodiscna,1195,Operacija sive mrene (katarakte),1,naivni,2026-03-18,2026-03-25,15692.0,15776.0,False,117.3814,84.0,7056.0,0.7156
izhodiscna,1195,Operacija sive mrene (katarakte),1,lin,2026-03-18,2026-03-25,15692.0,16212.8018,False,117.3814,520.8018,271234.5247,4.4368
izhodiscna,1195,Operacija sive mrene (katarakte),1,ar1,2026-03-18,2026-03-25,15692.0,15789.3858,False,117.3814,97.3858,9483.9846,0.8297
izhodiscna,1195,Operacija sive mrene (katarakte),1,naivni,2026-03-25,2026-04-08,15986.0,15692.0,True,117.0408,294.0,86436.0,2.5119
izhodiscna,1195,Operacija sive mrene (katarakte),1,lin,2026-03-25,2026-04-08,15986.0,16241.7374,True,117.0408,255.7374,65401.6043,2.185
izhodiscna,1195,Operacija sive mrene (katarakte),1,ar1,2026-03-25,2026-04-08,15986.0,15703.8642,True,117.0408,282.1358,79600.6052,2.4106
izhodiscna,1195,Operacija sive mrene (katarakte),1,naivni,2026-04-08,2026-04-15,15796.0,15986.0,False,118.8283,190.0,36100.0,1.5989
izhodiscna,1195,Operacija sive mrene (katarakte),1,lin,2026-04-08,2026-04-15,15796.0,16281.1703,False,118.8283,485.1703,235390.2229,4.083
izhodiscna,1195,Operacija sive mrene (katarakte),1,ar1,2026-04-08,2026-04-15,15796.0,16001.47,False,118.8283,205.47,42217.9391,1.7291
izhodiscna,1195,Operacija sive mrene (katarakte),1,naivni,2026-04-15,2026-04-29,15934.0,15796.0,True,119.54,138.0,19044.0,1.1544
izhodiscna,1195,Operacija sive mrene (katarakte),1,lin,2026-04-15,2026-04-29,15934.0,16311.4661,True,119.54,377.4661,142480.6858,3.1577
izhodiscna,1195,Operacija sive mrene (katarakte),1,ar1,2026-04-15,2026-04-29,15934.0,15807.9103,True,119.54,126.0897,15898.607,1.0548
izhodiscna,1195,Operacija sive mrene (katarakte),1,naivni,2026-04-29,2026-05-06,15767.0,15934.0,False,119.7228,167.0,27889.0,1.3949
izhodiscna,1195,Operacija sive mrene (katarakte),1,lin,2026-04-29,2026-05-06,15767.0,16345.8915,False,119.7228,578.8915,335115.3426,4.8353
izhodiscna,1195,Operacija sive mrene (katarakte),1,ar1,2026-04-29,2026-05-06,15767.0,15947.3121,False,119.7228,180.3121,32512.4691,1.5061
izhodiscna,1195,Operacija sive mrene (katarakte),1,naivni,2026-05-06,2026-05-13,15768.0,15767.0,False,120.1863,1.0,1.0,0.0083
izhodiscna,1195,Operacija sive mrene (katarakte),1,lin,2026-05-06,2026-05-13,15768.0,16372.4226,False,120.1863,604.4226,365326.6983,5.029
izhodiscna,1195,Operacija sive mrene (katarakte),1,ar1,2026-05-06,2026-05-13,15768.0,15777.8105,False,120.1863,9.8105,96.2449,0.0816
izhodiscna,1195,Operacija sive mrene (katarakte),1,naivni,2026-05-13,2026-05-20,15923.0,15768.0,False,119.0291,155.0,24025.0,1.3022
izhodiscna,1195,Operacija sive mrene (katarakte),1,lin,2026-05-13,2026-05-20,15923.0,16397.8637,False,119.0291,474.8637,225495.5376,3.9895
izhodiscna,1195,Operacija sive mrene (katarakte),1,ar1,2026-05-13,2026-05-20,15923.0,15778.5352,False,119.0291,144.4648,20870.0863,1.2137
izhodiscna,1195,Operacija sive mrene (katarakte),1,naivni,2026-05-20,2026-05-27,16032.0,15923.0,False,119.375,109.0,11881.0,0.9131
izhodiscna,1195,Operacija sive mrene (katarakte),1,lin,2026-05-20,2026-05-27,16032.0,16428.1297,False,119.375,396.1297,156918.7157,3.3184
izhodiscna,1195,Operacija sive mrene (katarakte),1,ar1,2026-05-20,2026-05-27,16032.0,15934.7022,False,119.375,97.2978,9466.8522,0.8151
izhodiscna,1195,Operacija sive mrene (katarakte),1,naivni,2026-05-27,2026-06-03,15929.0,16032.0,False,119.2762,103.0,10609.0,0.8635
izhodiscna,1195,Operacija sive mrene (katarakte),1,lin,2026-05-27,2026-06-03,15929.0,16461.2814,False,119.2762,532.2814,283323.4905,4.4626
izhodiscna,1195,Operacija sive mrene (katarakte),1,ar1,2026-05-27,2026-06-03,15929.0,16044.6936,False,119.2762,115.6936,13385.0193,0.97
izhodiscna,1195,Operacija sive mrene (katarakte),1,naivni,2026-06-03,2026-06-17,15961.0,15929.0,True,119.1226,32.0,1024.0,0.2686
izhodiscna,1195,Operacija sive mrene (katarakte),1,lin,2026-06-03,2026-06-17,15961.0,16489.2735,True,119.1226,528.2735,279072.8874,4.4347
izhodiscna,1195,Operacija sive mrene (katarakte),1,ar1,2026-06-03,2026-06-17,15961.0,15940.0799,True,119.1226,20.9201,437.652,0.1756
izhodiscna,1195,Operacija sive mrene (katarakte),1,naivni,2026-06-17,2026-06-24,16326.0,15961.0,False,118.3084,365.0,133225.0,3.0852
izhodiscna,1195,Operacija sive mrene (katarakte),1,lin,2026-06-17,2026-06-24,16326.0,16517.3219,False,118.3084,191.3219,36604.0735,1.6171
izhodiscna,1195,Operacija sive mrene (katarakte),1,ar1,2026-06-17,2026-06-24,16326.0,15972.1036,False,118.3084,353.8964,125242.6771,2.9913
izhodiscna,1195,Operacija sive mrene (katarakte),1,naivni,2026-06-24,2026-07-01,16082.0,16326.0,False,120.5926,244.0,59536.0,2.0233
izhodiscna,1195,Operacija sive mrene (katarakte),1,lin,2026-06-24,2026-07-01,16082.0,16557.6458,False,120.5926,475.6458,226238.8982,3.9442
izhodiscna,1195,Operacija sive mrene (katarakte),1,ar1,2026-06-24,2026-07-01,16082.0,16341.4019,False,120.5926,259.4019,67289.3215,2.1511
izhodiscna,1195,Operacija sive mrene (katarakte),1,naivni,2026-07-01,2026-07-08,16066.0,16082.0,False,121.7248,16.0,256.0,0.1314
izhodiscna,1195,Operacija sive mrene (katarakte),1,lin,2026-07-01,2026-07-08,16066.0,16587.5987,False,121.7248,521.5987,272065.1679,4.2851
izhodiscna,1195,Operacija sive mrene (katarakte),1,ar1,2026-07-01,2026-07-08,16066.0,16093.093,False,121.7248,27.093,734.0312,0.2226
izhodiscna,1195,Operacija sive mrene (katarakte),1,naivni,2026-07-08,2026-07-15,16139.0,16066.0,False,120.7636,73.0,5329.0,0.6045
izhodiscna,1195,Operacija sive mrene (katarakte),1,lin,2026-07-08,2026-07-15,16139.0,16615.8177,False,120.7636,476.8177,227355.1099,3.9484
izhodiscna,1195,Operacija sive mrene (katarakte),1,ar1,2026-07-08,2026-07-15,16139.0,16076.6339,False,120.7636,62.3661,3889.5248,0.5164
izhodiscna,1195,Operacija sive mrene (katarakte),4,naivni,2025-04-09,2025-05-07,14582.0,14378.0,False,107.098,204.0,41616.0,1.9048
izhodiscna,1195,Operacija sive mrene (katarakte),4,lin,2025-04-09,2025-05-07,14582.0,14429.016,False,107.098,152.984,23404.1019,1.4284
izhodiscna,1195,Operacija sive mrene (katarakte),4,ar1,2025-04-09,2025-05-07,14582.0,14667.1151,False,107.098,85.1151,7244.5863,0.7947
izhodiscna,1195,Operacija sive mrene (katarakte),4,naivni,2025-04-16,2025-05-14,14497.0,14402.0,False,105.5,95.0,9025.0,0.9005
izhodiscna,1195,Operacija sive mrene (katarakte),4,lin,2025-04-16,2025-05-14,14497.0,14503.8157,False,105.5,6.8157,46.4534,0.0646
izhodiscna,1195,Operacija sive mrene (katarakte),4,ar1,2025-04-16,2025-05-14,14497.0,14674.0182,False,105.5,177.0182,31335.4359,1.6779
izhodiscna,1195,Operacija sive mrene (katarakte),4,naivni,2025-04-23,2025-05-21,14503.0,14346.0,False,104.566,157.0,24649.0,1.5014
izhodiscna,1195,Operacija sive mrene (katarakte),4,lin,2025-04-23,2025-05-21,14503.0,14568.2882,False,104.566,65.2882,4262.5428,0.6244
izhodiscna,1195,Operacija sive mrene (katarakte),4,ar1,2025-04-23,2025-05-21,14503.0,14576.2857,False,104.566,73.2857,5370.7982,0.7009
izhodiscna,1195,Operacija sive mrene (katarakte),4,naivni,2025-04-30,2025-05-28,14442.0,14686.0,False,108.9259,244.0,59536.0,2.2401
izhodiscna,1195,Operacija sive mrene (katarakte),4,lin,2025-04-30,2025-05-28,14442.0,14654.436,False,108.9259,212.436,45129.0553,1.9503
izhodiscna,1195,Operacija sive mrene (katarakte),4,ar1,2025-04-30,2025-05-28,14442.0,15012.5363,False,108.9259,570.5363,325511.6917,5.2378
izhodiscna,1195,Operacija sive mrene (katarakte),4,naivni,2025-05-07,2025-06-04,14527.0,14582.0,False,108.8364,55.0,3025.0,0.5053
izhodiscna,1195,Operacija sive mrene (katarakte),4,lin,2025-05-07,2025-06-04,14527.0,14726.2019,False,108.8364,199.2019,39681.4161,1.8303
izhodiscna,1195,Operacija sive mrene (katarakte),4,ar1,2025-05-07,2025-06-04,14527.0,14840.0803,False,108.8364,313.0803,98019.2694,2.8766
izhodiscna,1195,Operacija sive mrene (katarakte),4,naivni,2025-05-14,2025-06-11,13229.0,14497.0,False,108.4107,1268.0,1607824.0,11.6963
izhodiscna,1195,Operacija sive mrene (katarakte),4,lin,2025-05-14,2025-06-11,13229.0,14786.2129,False,108.4107,1557.2129,2424911.8905,14.364
izhodiscna,1195,Operacija sive mrene (katarakte),4,ar1,2025-05-14,2025-06-11,13229.0,14710.1488,False,108.4107,1481.1488,2193801.6317,13.6624
izhodiscna,1195,Operacija sive mrene (katarakte),4,naivni,2025-05-21,2025-06-18,14326.0,14503.0,False,106.614,177.0,31329.0,1.6602
izhodiscna,1195,Operacija sive mrene (katarakte),4,lin,2025-05-21,2025-06-18,14326.0,14842.1817,False,106.614,516.1817,266443.5828,4.8416
izhodiscna,1195,Operacija sive mrene (katarakte),4,ar1,2025-05-21,2025-06-18,14326.0,14703.3998,False,106.614,377.3998,142430.5939,3.5399
izhodiscna,1195,Operacija sive mrene (katarakte),4,naivni,2025-05-28,2025-07-02,14300.0,14442.0,True,105.8276,142.0,20164.0,1.3418
izhodiscna,1195,Operacija sive mrene (katarakte),4,lin,2025-05-28,2025-07-02,14300.0,14889.551,True,105.8276,589.551,347570.4085,5.5709
izhodiscna,1195,Operacija sive mrene (katarakte),4,ar1,2025-05-28,2025-07-02,14300.0,14616.3456,True,105.8276,316.3456,100074.5557,2.9893
izhodiscna,1195,Operacija sive mrene (katarakte),4,naivni,2025-06-04,2025-07-09,14582.0,14527.0,True,105.4746,55.0,3025.0,0.5215
izhodiscna,1195,Operacija sive mrene (katarakte),4,lin,2025-06-04,2025-07-09,14582.0,14939.4527,True,105.4746,357.4527,127772.4127,3.389
izhodiscna,1195,Operacija sive mrene (katarakte),4,ar1,2025-06-04,2025-07-09,14582.0,14708.3793,True,105.4746,126.3793,15971.7296,1.1982
izhodiscna,1195,Operacija sive mrene (katarakte),4,naivni,2025-06-11,2025-07-16,14676.0,13229.0,True,125.35,1447.0,2093809.0,11.5437
izhodiscna,1195,Operacija sive mrene (katarakte),4,lin,2025-06-11,2025-07-16,14676.0,14894.4236,True,125.35,218.4236,47708.8627,1.7425
izhodiscna,1195,Operacija sive mrene (katarakte),4,ar1,2025-06-11,2025-07-16,14676.0,13304.0453,True,125.35,1371.9547,1882259.7835,10.945
izhodiscna,1195,Operacija sive mrene (katarakte),4,naivni,2025-06-18,2025-07-23,14656.0,14326.0,True,141.2787,330.0,108900.0,2.3358
izhodiscna,1195,Operacija sive mrene (katarakte),4,lin,2025-06-18,2025-07-23,14656.0,14927.2596,True,141.2787,271.2596,73581.7573,1.92
izhodiscna,1195,Operacija sive mrene (katarakte),4,ar1,2025-06-18,2025-07-23,14656.0,14342.2386,True,141.2787,313.7614,98446.1994,2.2209
izhodiscna,1195,Operacija sive mrene (katarakte),4,naivni,2025-07-02,2025-07-30,14682.0,14300.0,False,139.4194,382.0,145924.0,2.7399
izhodiscna,1195,Operacija sive mrene (katarakte),4,lin,2025-07-02,2025-07-30,14682.0,14955.8322,False,139.4194,273.8322,74984.0547,1.9641
izhodiscna,1195,Operacija sive mrene (katarakte),4,ar1,2025-07-02,2025-07-30,14682.0,14314.3715,False,139.4194,367.6285,135150.6855,2.6369
izhodiscna,1195,Operacija sive mrene (katarakte),4,naivni,2025-07-09,2025-08-06,14729.0,14582.0,False,141.6825,147.0,21609.0,1.0375
izhodiscna,1195,Operacija sive mrene (katarakte),4,lin,2025-07-09,2025-08-06,14729.0,15001.045,False,141.6825,272.045,74008.4746,1.9201
izhodiscna,1195,Operacija sive mrene (katarakte),4,ar1,2025-07-09,2025-08-06,14729.0,14610.7985,False,141.6825,118.2015,13971.5885,0.8343
izhodiscna,1195,Operacija sive mrene (katarakte),4,naivni,2025-07-16,2025-08-13,14816.0,14676.0,False,140.9375,140.0,19600.0,0.9933
izhodiscna,1195,Operacija sive mrene (katarakte),4,lin,2025-07-16,2025-08-13,14816.0,15049.339,False,140.9375,233.339,54447.0824,1.6556
izhodiscna,1195,Operacija sive mrene (katarakte),4,ar1,2025-07-16,2025-08-13,14816.0,14712.2377,False,140.9375,103.7623,10766.6166,0.7362
izhodiscna,1195,Operacija sive mrene (katarakte),4,naivni,2025-07-23,2025-08-20,14781.0,14656.0,False,139.0769,125.0,15625.0,0.8988
izhodiscna,1195,Operacija sive mrene (katarakte),4,lin,2025-07-23,2025-08-20,14781.0,15093.1238,False,139.0769,312.1238,97421.2756,2.2443
izhodiscna,1195,Operacija sive mrene (katarakte),4,ar1,2025-07-23,2025-08-20,14781.0,14688.4194,False,139.0769,92.5806,8571.16,0.6657
izhodiscna,1195,Operacija sive mrene (katarakte),4,naivni,2025-07-30,2025-08-27,14752.0,14682.0,False,137.3636,70.0,4900.0,0.5096
izhodiscna,1195,Operacija sive mrene (katarakte),4,lin,2025-07-30,2025-08-27,14752.0,15135.6468,False,137.3636,383.6468,147184.8514,2.7929
izhodiscna,1195,Operacija sive mrene (katarakte),4,ar1,2025-07-30,2025-08-27,14752.0,14715.0821,False,137.3636,36.9179,1362.9306,0.2688
izhodiscna,1195,Operacija sive mrene (katarakte),4,naivni,2025-08-06,2025-09-03,14788.0,14729.0,False,136.0149,59.0,3481.0,0.4338
izhodiscna,1195,Operacija sive mrene (katarakte),4,lin,2025-08-06,2025-09-03,14788.0,15178.3141,False,136.0149,390.3141,152345.0824,2.8696
izhodiscna,1195,Operacija sive mrene (katarakte),4,ar1,2025-08-06,2025-09-03,14788.0,14764.4646,False,136.0149,23.5354,553.9135,0.173
izhodiscna,1195,Operacija sive mrene (katarakte),4,naivni,2025-08-13,2025-09-10,14759.0,14816.0,False,135.2941,57.0,3249.0,0.4213
izhodiscna,1195,Operacija sive mrene (katarakte),4,lin,2025-08-13,2025-09-10,14759.0,15223.5868,False,135.2941,464.5868,215840.9157,3.4339
izhodiscna,1195,Operacija sive mrene (katarakte),4,ar1,2025-08-13,2025-09-10,14759.0,14857.4682,False,135.2941,98.4682,9695.9772,0.7278
izhodiscna,1195,Operacija sive mrene (katarakte),4,naivni,2025-08-20,2025-09-17,14830.0,14781.0,False,133.8406,49.0,2401.0,0.3661
izhodiscna,1195,Operacija sive mrene (katarakte),4,lin,2025-08-20,2025-09-17,14830.0,15263.8795,False,133.8406,433.8795,188251.3929,3.2418
izhodiscna,1195,Operacija sive mrene (katarakte),4,ar1,2025-08-20,2025-09-17,14830.0,14817.3883,False,133.8406,12.6117,159.0552,0.0942
izhodiscna,1195,Operacija sive mrene (katarakte),4,naivni,2025-08-27,2025-09-24,14962.0,14752.0,False,132.3429,210.0,44100.0,1.5868
izhodiscna,1195,Operacija sive mrene (katarakte),4,lin,2025-08-27,2025-09-24,14962.0,15299.8832,False,132.3429,337.8832,114165.0563,2.5531
izhodiscna,1195,Operacija sive mrene (katarakte),4,ar1,2025-08-27,2025-09-24,14962.0,14784.6623,False,132.3429,177.3377,31448.648,1.34
izhodiscna,1195,Operacija sive mrene (katarakte),4,naivni,2025-09-03,2025-10-01,14969.0,14788.0,False,130.9859,181.0,32761.0,1.3818
izhodiscna,1195,Operacija sive mrene (katarakte),4,lin,2025-09-03,2025-10-01,14969.0,15335.7147,False,130.9859,366.7147,134479.6577,2.7996
izhodiscna,1195,Operacija sive mrene (katarakte),4,ar1,2025-09-03,2025-10-01,14969.0,14821.6014,False,130.9859,147.3986,21726.3544,1.1253
izhodiscna,1195,Operacija sive mrene (katarakte),4,naivni,2025-09-10,2025-10-08,15028.0,14759.0,False,129.5694,269.0,72361.0,2.0761
izhodiscna,1195,Operacija sive mrene (katarakte),4,lin,2025-09-10,2025-10-08,15028.0,15367.6104,False,129.5694,339.6104,115335.2178,2.6211
izhodiscna,1195,Operacija sive mrene (katarakte),4,ar1,2025-09-10,2025-10-08,15028.0,14789.504,False,129.5694,238.496,56880.3289,1.8407
izhodiscna,1195,Operacija sive mrene (katarakte),4,naivni,2025-09-17,2025-10-15,15062.0,14830.0,False,128.7671,232.0,53824.0,1.8017
izhodiscna,1195,Operacija sive mrene (katarakte),4,lin,2025-09-17,2025-10-15,15062.0,15401.5532,False,128.7671,339.5532,115296.3874,2.637
izhodiscna,1195,Operacija sive mrene (katarakte),4,ar1,2025-09-17,2025-10-15,15062.0,14863.1305,False,128.7671,198.8695,39549.0891,1.5444
izhodiscna,1195,Operacija sive mrene (katarakte),4,naivni,2025-09-24,2025-10-22,15260.0,14962.0,False,128.8108,298.0,88804.0,2.3135
izhodiscna,1195,Operacija sive mrene (katarakte),4,lin,2025-09-24,2025-10-22,15260.0,15440.865,False,128.8108,180.865,32712.1542,1.4041
izhodiscna,1195,Operacija sive mrene (katarakte),4,ar1,2025-09-24,2025-10-22,15260.0,15002.2315,False,128.8108,257.7685,66444.6156,2.0011
izhodiscna,1195,Operacija sive mrene (katarakte),4,naivni,2025-10-01,2025-10-29,15349.0,14969.0,False,127.1867,380.0,144400.0,2.9877
izhodiscna,1195,Operacija sive mrene (katarakte),4,lin,2025-10-01,2025-10-29,15349.0,15478.2545,False,127.1867,129.2545,16706.7234,1.0163
izhodiscna,1195,Operacija sive mrene (katarakte),4,ar1,2025-10-01,2025-10-29,15349.0,15008.0668,False,127.1867,340.9332,116235.45,2.6806
izhodiscna,1195,Operacija sive mrene (katarakte),4,naivni,2025-10-08,2025-11-05,15273.0,15028.0,False,126.2895,245.0,60025.0,1.94
izhodiscna,1195,Operacija sive mrene (katarakte),4,lin,2025-10-08,2025-11-05,15273.0,15516.6982,False,126.2895,243.6982,59388.8366,1.9297
izhodiscna,1195,Operacija sive mrene (katarakte),4,ar1,2025-10-08,2025-11-05,15273.0,15069.6508,False,126.2895,203.3492,41350.8874,1.6102
izhodiscna,1195,Operacija sive mrene (katarakte),4,naivni,2025-10-15,2025-11-12,15280.0,15062.0,False,125.0909,218.0,47524.0,1.7427
izhodiscna,1195,Operacija sive mrene (katarakte),4,lin,2025-10-15,2025-11-12,15280.0,15554.7805,False,125.0909,274.7805,75504.3244,2.1966
izhodiscna,1195,Operacija sive mrene (katarakte),4,ar1,2025-10-15,2025-11-12,15280.0,15104.4348,False,125.0909,175.5652,30823.124,1.4035
izhodiscna,1195,Operacija sive mrene (katarakte),4,naivni,2025-10-22,2025-11-19,15368.0,15260.0,False,126.0256,108.0,11664.0,0.857
izhodiscna,1195,Operacija sive mrene (katarakte),4,lin,2025-10-22,2025-11-19,15368.0,15601.2959,False,126.0256,233.2959,54426.9818,1.8512
izhodiscna,1195,Operacija sive mrene (katarakte),4,ar1,2025-10-22,2025-11-19,15368.0,15316.8737,False,126.0256,51.1263,2613.9032,0.4057
izhodiscna,1195,Operacija sive mrene (katarakte),4,naivni,2025-10-29,2025-11-26,15382.0,15349.0,False,125.557,33.0,1089.0,0.2628
izhodiscna,1195,Operacija sive mrene (katarakte),4,lin,2025-10-29,2025-11-26,15382.0,15650.0005,False,125.557,268.0005,71824.2827,2.1345
izhodiscna,1195,Operacija sive mrene (katarakte),4,ar1,2025-10-29,2025-11-26,15382.0,15412.5398,False,125.557,30.5398,932.6821,0.2432
izhodiscna,1195,Operacija sive mrene (katarakte),4,naivni,2025-11-05,2025-12-03,15457.0,15273.0,False,124.9375,184.0,33856.0,1.4727
izhodiscna,1195,Operacija sive mrene (katarakte),4,lin,2025-11-05,2025-12-03,15457.0,15692.1736,False,124.9375,235.1736,55306.6185,1.8823
izhodiscna,1195,Operacija sive mrene (katarakte),4,ar1,2025-11-05,2025-12-03,15457.0,15326.0445,False,124.9375,130.9555,17149.3423,1.0482
izhodiscna,1195,Operacija sive mrene (katarakte),4,naivni,2025-11-12,2025-12-10,15563.0,15280.0,False,123.4815,283.0,80089.0,2.2918
izhodiscna,1195,Operacija sive mrene (katarakte),4,lin,2025-11-12,2025-12-10,15563.0,15732.4566,False,123.4815,169.4566,28715.5398,1.3723
izhodiscna,1195,Operacija sive mrene (katarakte),4,ar1,2025-11-12,2025-12-10,15563.0,15331.4661,False,123.4815,231.5339,53607.9258,1.875
izhodiscna,1195,Operacija sive mrene (katarakte),4,naivni,2025-11-19,2025-12-17,15721.0,15368.0,False,123.0488,353.0,124609.0,2.8688
izhodiscna,1195,Operacija sive mrene (katarakte),4,lin,2025-11-19,2025-12-17,15721.0,15775.0703,False,123.0488,54.0703,2923.5923,0.4394
izhodiscna,1195,Operacija sive mrene (katarakte),4,ar1,2025-11-19,2025-12-17,15721.0,15424.7127,False,123.0488,296.2873,87786.1708,2.4079
izhodiscna,1195,Operacija sive mrene (katarakte),4,naivni,2025-11-26,2026-01-07,15699.0,15382.0,True,121.7349,317.0,100489.0,2.604
izhodiscna,1195,Operacija sive mrene (katarakte),4,lin,2025-11-26,2026-01-07,15699.0,15816.1762,True,121.7349,117.1762,13730.2628,0.9626
izhodiscna,1195,Operacija sive mrene (katarakte),4,ar1,2025-11-26,2026-01-07,15699.0,15437.632,True,121.7349,261.368,68313.2168,2.147
izhodiscna,1195,Operacija sive mrene (katarakte),4,naivni,2025-12-03,2026-01-14,15630.0,15457.0,True,121.1786,173.0,29929.0,1.4276
izhodiscna,1195,Operacija sive mrene (katarakte),4,lin,2025-12-03,2026-01-14,15630.0,15858.8794,True,121.1786,228.8794,52385.7896,1.8888
izhodiscna,1195,Operacija sive mrene (katarakte),4,ar1,2025-12-03,2026-01-14,15630.0,15516.8216,True,121.1786,113.1784,12809.359,0.934
izhodiscna,1195,Operacija sive mrene (katarakte),4,naivni,2025-12-10,2026-01-21,15453.0,15563.0,True,121.0,110.0,12100.0,0.9091
izhodiscna,1195,Operacija sive mrene (katarakte),4,lin,2025-12-10,2026-01-21,15453.0,15904.6111,True,121.0,451.6111,203952.5554,3.7323
izhodiscna,1195,Operacija sive mrene (katarakte),4,ar1,2025-12-10,2026-01-21,15453.0,15630.1894,True,121.0,177.1894,31396.0933,1.4644
izhodiscna,1195,Operacija sive mrene (katarakte),4,naivni,2025-12-17,2026-01-28,15416.0,15721.0,True,121.4302,305.0,93025.0,2.5117
izhodiscna,1195,Operacija sive mrene (katarakte),4,lin,2025-12-17,2026-01-28,15416.0,15955.7229,True,121.4302,539.7229,291300.8269,4.4447
izhodiscna,1195,Operacija sive mrene (katarakte),4,ar1,2025-12-17,2026-01-28,15416.0,15802.0085,True,121.4302,386.0085,149002.5486,3.1788
izhodiscna,1195,Operacija sive mrene (katarakte),4,naivni,2026-01-07,2026-02-04,15489.0,15699.0,False,120.2874,210.0,44100.0,1.7458
izhodiscna,1195,Operacija sive mrene (katarakte),4,lin,2026-01-07,2026-02-04,15489.0,16003.335,False,120.2874,514.335,264540.4837,4.2759
izhodiscna,1195,Operacija sive mrene (katarakte),4,ar1,2026-01-07,2026-02-04,15489.0,15773.9929,False,120.2874,284.9929,81220.9451,2.3693
izhodiscna,1195,Operacija sive mrene (katarakte),4,naivni,2026-01-14,2026-02-11,15475.0,15630.0,False,119.7045,155.0,24025.0,1.2949
izhodiscna,1195,Operacija sive mrene (katarakte),4,lin,2026-01-14,2026-02-11,15475.0,16045.4129,False,119.7045,570.4129,325370.8426,4.7652
izhodiscna,1195,Operacija sive mrene (katarakte),4,ar1,2026-01-14,2026-02-11,15475.0,15695.1018,False,119.7045,220.1018,48444.8223,1.8387
izhodiscna,1195,Operacija sive mrene (katarakte),4,naivni,2026-01-21,2026-02-18,15877.0,15453.0,False,120.3483,424.0,179776.0,3.5231
izhodiscna,1195,Operacija sive mrene (katarakte),4,lin,2026-01-21,2026-02-18,15877.0,16077.2064,False,120.3483,200.2064,40082.6108,1.6636
izhodiscna,1195,Operacija sive mrene (katarakte),4,ar1,2026-01-21,2026-02-18,15877.0,15502.2572,False,120.3483,374.7428,140432.1682,3.1138
izhodiscna,1195,Operacija sive mrene (katarakte),4,naivni,2026-01-28,2026-02-25,15889.0,15416.0,False,119.4222,473.0,223729.0,3.9607
izhodiscna,1195,Operacija sive mrene (katarakte),4,lin,2026-01-28,2026-02-25,15889.0,16105.6983,False,119.4222,216.6983,46958.1722,1.8146
izhodiscna,1195,Operacija sive mrene (katarakte),4,ar1,2026-01-28,2026-02-25,15889.0,15461.7289,False,119.4222,427.2711,182560.573,3.5778
izhodiscna,1195,Operacija sive mrene (katarakte),4,naivni,2026-02-04,2026-03-04,15842.0,15489.0,False,118.9121,353.0,124609.0,2.9686
izhodiscna,1195,Operacija sive mrene (katarakte),4,lin,2026-02-04,2026-03-04,15842.0,16136.072,False,118.9121,294.072,86478.3586,2.473
izhodiscna,1195,Operacija sive mrene (katarakte),4,ar1,2026-02-04,2026-03-04,15842.0,15536.8209,False,118.9121,305.1791,93134.3057,2.5664
izhodiscna,1195,Operacija sive mrene (katarakte),4,naivni,2026-02-11,2026-03-11,15854.0,15475.0,False,117.7717,379.0,143641.0,3.2181
izhodiscna,1195,Operacija sive mrene (katarakte),4,lin,2026-02-11,2026-03-11,15854.0,16164.3146,False,117.7717,310.3146,96295.1406,2.6349
izhodiscna,1195,Operacija sive mrene (katarakte),4,ar1,2026-02-11,2026-03-11,15854.0,15520.6426,False,117.7717,333.3574,111127.1683,2.8305
izhodiscna,1195,Operacija sive mrene (katarakte),4,naivni,2026-02-18,2026-03-18,15776.0,15877.0,False,120.828,101.0,10201.0,0.8359
izhodiscna,1195,Operacija sive mrene (katarakte),4,lin,2026-02-18,2026-03-18,15776.0,16209.0743,False,120.828,433.0743,187553.3917,3.5842
izhodiscna,1195,Operacija sive mrene (katarakte),4,ar1,2026-02-18,2026-03-18,15776.0,15945.4931,False,120.828,169.4931,28727.9101,1.4028
izhodiscna,1195,Operacija sive mrene (katarakte),4,naivni,2026-02-25,2026-03-25,15692.0,15889.0,False,119.6702,197.0,38809.0,1.6462
izhodiscna,1195,Operacija sive mrene (katarakte),4,lin,2026-02-25,2026-03-25,15692.0,16252.3535,False,119.6702,560.3535,313996.0914,4.6825
izhodiscna,1195,Operacija sive mrene (katarakte),4,ar1,2026-02-25,2026-03-25,15692.0,15955.9914,False,119.6702,263.9914,69691.4519,2.206
izhodiscna,1195,Operacija sive mrene (katarakte),4,naivni,2026-03-04,2026-04-08,15986.0,15842.0,True,118.9053,144.0,20736.0,1.211
izhodiscna,1195,Operacija sive mrene (katarakte),4,lin,2026-03-04,2026-04-08,15986.0,16291.6521,True,118.9053,305.6521,93423.2216,2.5706
izhodiscna,1195,Operacija sive mrene (katarakte),4,ar1,2026-03-04,2026-04-08,15986.0,15902.6154,True,118.9053,83.3846,6952.9907,0.7013
izhodiscna,1195,Operacija sive mrene (katarakte),4,naivni,2026-03-11,2026-04-15,15796.0,15854.0,True,117.7917,58.0,3364.0,0.4924
izhodiscna,1195,Operacija sive mrene (katarakte),4,lin,2026-03-11,2026-04-15,15796.0,16329.7064,True,117.7917,533.7064,284842.5171,4.5309
izhodiscna,1195,Operacija sive mrene (katarakte),4,ar1,2026-03-11,2026-04-15,15796.0,15913.4204,True,117.7917,117.4204,13787.5564,0.9968
izhodiscna,1195,Operacija sive mrene (katarakte),4,naivni,2026-03-18,2026-04-29,15934.0,15776.0,True,117.3814,158.0,24964.0,1.346
izhodiscna,1195,Operacija sive mrene (katarakte),4,lin,2026-03-18,2026-04-29,15934.0,16362.736,True,117.3814,428.736,183814.553,3.6525
izhodiscna,1195,Operacija sive mrene (katarakte),4,ar1,2026-03-18,2026-04-29,15934.0,15828.238,True,117.3814,105.762,11185.5984,0.901
izhodiscna,1195,Operacija sive mrene (katarakte),4,naivni,2026-03-25,2026-05-06,15767.0,15692.0,True,117.0408,75.0,5625.0,0.6408
izhodiscna,1195,Operacija sive mrene (katarakte),4,lin,2026-03-25,2026-05-06,15767.0,16390.7246,True,117.0408,623.7246,389032.4346,5.3291
izhodiscna,1195,Operacija sive mrene (katarakte),4,ar1,2026-03-25,2026-05-06,15767.0,15738.2322,True,117.0408,28.7678,827.5863,0.2458
izhodiscna,1195,Operacija sive mrene (katarakte),4,naivni,2026-04-08,2026-05-13,15768.0,15986.0,True,118.8283,218.0,47524.0,1.8346
izhodiscna,1195,Operacija sive mrene (katarakte),4,lin,2026-04-08,2026-05-13,15768.0,16429.7018,True,118.8283,661.7018,437849.2803,5.5686
izhodiscna,1195,Operacija sive mrene (katarakte),4,ar1,2026-04-08,2026-05-13,15768.0,16046.5229,True,118.8283,278.5229,77574.989,2.3439
izhodiscna,1195,Operacija sive mrene (katarakte),4,naivni,2026-04-15,2026-05-20,15923.0,15796.0,True,119.54,127.0,16129.0,1.0624
izhodiscna,1195,Operacija sive mrene (katarakte),4,lin,2026-04-15,2026-05-20,15923.0,16459.1499,True,119.54,536.1499,287456.7538,4.4851
izhodiscna,1195,Operacija sive mrene (katarakte),4,ar1,2026-04-15,2026-05-20,15923.0,15842.4466,True,119.54,80.5534,6488.845,0.6739
izhodiscna,1195,Operacija sive mrene (katarakte),4,naivni,2026-04-29,2026-05-27,16032.0,15934.0,False,119.7228,98.0,9604.0,0.8186
izhodiscna,1195,Operacija sive mrene (katarakte),4,lin,2026-04-29,2026-05-27,16032.0,16492.9286,False,119.7228,460.9286,212455.1369,3.85
izhodiscna,1195,Operacija sive mrene (katarakte),4,ar1,2026-04-29,2026-05-27,16032.0,15986.0044,False,119.7228,45.9956,2115.5948,0.3842
izhodiscna,1195,Operacija sive mrene (katarakte),4,naivni,2026-05-06,2026-06-03,15929.0,15767.0,False,120.1863,162.0,26244.0,1.3479
izhodiscna,1195,Operacija sive mrene (katarakte),4,lin,2026-05-06,2026-06-03,15929.0,16518.487,False,120.1863,589.487,347494.8672,4.9048
izhodiscna,1195,Operacija sive mrene (katarakte),4,ar1,2026-05-06,2026-06-03,15929.0,15809.1218,False,120.1863,119.8782,14370.7871,0.9974
izhodiscna,1195,Operacija sive mrene (katarakte),4,naivni,2026-05-13,2026-06-17,15961.0,15768.0,True,119.0291,193.0,37249.0,1.6215
izhodiscna,1195,Operacija sive mrene (katarakte),4,lin,2026-05-13,2026-06-17,15961.0,16542.9317,True,119.0291,581.9317,338644.5501,4.889
izhodiscna,1195,Operacija sive mrene (katarakte),4,ar1,2026-05-13,2026-06-17,15961.0,15809.044,True,119.0291,151.956,23090.6307,1.2766
izhodiscna,1195,Operacija sive mrene (katarakte),4,naivni,2026-05-20,2026-06-24,16326.0,15923.0,True,119.375,403.0,162409.0,3.3759
izhodiscna,1195,Operacija sive mrene (katarakte),4,lin,2026-05-20,2026-06-24,16326.0,16572.4297,True,119.375,246.4297,60727.6131,2.0643
izhodiscna,1195,Operacija sive mrene (katarakte),4,ar1,2026-05-20,2026-06-24,16326.0,15968.6739,True,119.375,357.3261,127681.9371,2.9933
izhodiscna,1195,Operacija sive mrene (katarakte),4,naivni,2026-05-27,2026-07-01,16082.0,16032.0,True,119.2762,50.0,2500.0,0.4192
izhodiscna,1195,Operacija sive mrene (katarakte),4,lin,2026-05-27,2026-07-01,16082.0,16604.9528,True,119.2762,522.9528,273479.6284,4.3844
izhodiscna,1195,Operacija sive mrene (katarakte),4,ar1,2026-05-27,2026-07-01,16082.0,16081.6072,True,119.2762,0.3928,0.1543,0.0033
izhodiscna,1195,Operacija sive mrene (katarakte),4,naivni,2026-06-03,2026-07-08,16066.0,15929.0,True,119.1226,137.0,18769.0,1.1501
izhodiscna,1195,Operacija sive mrene (katarakte),4,lin,2026-06-03,2026-07-08,16066.0,16632.1158,True,119.1226,566.1158,320487.092,4.7524
izhodiscna,1195,Operacija sive mrene (katarakte),4,ar1,2026-06-03,2026-07-08,16066.0,15972.2327,True,119.1226,93.7673,8792.3132,0.7871
izhodiscna,1195,Operacija sive mrene (katarakte),4,naivni,2026-06-17,2026-07-15,16139.0,15961.0,False,118.3084,178.0,31684.0,1.5045
izhodiscna,1195,Operacija sive mrene (katarakte),4,lin,2026-06-17,2026-07-15,16139.0,16659.3565,False,118.3084,520.3565,270770.8352,4.3983
izhodiscna,1195,Operacija sive mrene (katarakte),4,ar1,2026-06-17,2026-07-15,16139.0,16004.3366,False,118.3084,134.6634,18134.2358,1.1382
izhodiscna,1626,Endoproteza kolena,1,naivni,2025-04-09,2025-04-16,8601.0,9346.0,False,87.6667,745.0,555025.0,8.4981
izhodiscna,1626,Endoproteza kolena,1,lin,2025-04-09,2025-04-16,8601.0,8835.5294,False,87.6667,234.5294,55004.045,2.6752
izhodiscna,1626,Endoproteza kolena,1,ar1,2025-04-09,2025-04-16,8601.0,9176.5922,False,87.6667,575.5922,331306.4378,6.5657
izhodiscna,1626,Endoproteza kolena,1,naivni,2025-04-16,2025-04-23,8616.0,8601.0,False,100.3077,15.0,225.0,0.1495
izhodiscna,1626,Endoproteza kolena,1,lin,2025-04-16,2025-04-23,8616.0,8822.8302,False,100.3077,206.8302,42778.7269,2.062
izhodiscna,1626,Endoproteza kolena,1,ar1,2025-04-16,2025-04-23,8616.0,8657.2469,False,100.3077,41.2469,1701.3108,0.4112
izhodiscna,1626,Endoproteza kolena,1,naivni,2025-04-23,2025-04-30,8586.0,8616.0,False,98.6981,30.0,900.0,0.304
izhodiscna,1626,Endoproteza kolena,1,lin,2025-04-23,2025-04-30,8586.0,8812.0189,False,98.6981,226.0189,51084.5287,2.29
izhodiscna,1626,Endoproteza kolena,1,ar1,2025-04-23,2025-04-30,8586.0,8662.936,False,98.6981,76.936,5919.1516,0.7795
izhodiscna,1626,Endoproteza kolena,1,naivni,2025-04-30,2025-05-07,8970.0,8586.0,False,97.4259,384.0,147456.0,3.9415
izhodiscna,1626,Endoproteza kolena,1,lin,2025-04-30,2025-05-07,8970.0,8799.6727,False,97.4259,170.3273,29011.3798,1.7483
izhodiscna,1626,Endoproteza kolena,1,ar1,2025-04-30,2025-05-07,8970.0,8647.4482,False,97.4259,322.5518,104039.6929,3.3107
izhodiscna,1626,Endoproteza kolena,1,naivni,2025-05-07,2025-05-14,8951.0,8970.0,False,102.6364,19.0,361.0,0.1851
izhodiscna,1626,Endoproteza kolena,1,lin,2025-05-07,2025-05-14,8951.0,8815.4903,False,102.6364,135.5097,18362.8897,1.3203
izhodiscna,1626,Endoproteza kolena,1,ar1,2025-05-07,2025-05-14,8951.0,8821.3279,False,102.6364,129.6721,16814.8507,1.2634
izhodiscna,1626,Endoproteza kolena,1,naivni,2025-05-14,2025-05-21,8544.0,8951.0,False,101.1429,407.0,165649.0,4.024
izhodiscna,1626,Endoproteza kolena,1,lin,2025-05-14,2025-05-21,8544.0,8828.9712,False,101.1429,284.9712,81208.5723,2.8175
izhodiscna,1626,Endoproteza kolena,1,ar1,2025-05-14,2025-05-21,8544.0,8821.3546,False,101.1429,277.3546,76925.5565,2.7422
izhodiscna,1626,Endoproteza kolena,1,naivni,2025-05-21,2025-05-28,8646.0,8544.0,False,106.5088,102.0,10404.0,0.9577
izhodiscna,1626,Endoproteza kolena,1,lin,2025-05-21,2025-05-28,8646.0,8813.5354,False,106.5088,167.5354,28068.107,1.573
izhodiscna,1626,Endoproteza kolena,1,ar1,2025-05-21,2025-05-28,8646.0,8639.0401,False,106.5088,6.9599,48.4405,0.0653
izhodiscna,1626,Endoproteza kolena,1,naivni,2025-05-28,2025-06-04,8979.0,8646.0,False,106.431,333.0,110889.0,3.1288
izhodiscna,1626,Endoproteza kolena,1,lin,2025-05-28,2025-06-04,8979.0,8805.8948,False,106.431,173.1052,29965.4108,1.6265
izhodiscna,1626,Endoproteza kolena,1,ar1,2025-05-28,2025-06-04,8979.0,8680.9576,False,106.431,298.0424,88829.2481,2.8003
izhodiscna,1626,Endoproteza kolena,1,naivni,2025-06-04,2025-06-11,7833.0,8979.0,False,110.2712,1146.0,1313316.0,10.3926
izhodiscna,1626,Endoproteza kolena,1,lin,2025-06-04,2025-06-11,7833.0,8820.8689,False,110.2712,987.8689,975885.0161,8.9585
izhodiscna,1626,Endoproteza kolena,1,ar1,2025-06-04,2025-06-11,7833.0,8819.0873,False,110.2712,986.0873,972368.0748,8.9424
izhodiscna,1626,Endoproteza kolena,1,naivni,2025-06-11,2025-06-18,9014.0,7833.0,False,127.5333,1181.0,1394761.0,9.2603
izhodiscna,1626,Endoproteza kolena,1,lin,2025-06-11,2025-06-18,9014.0,8759.8082,False,127.5333,254.1918,64613.4729,1.9931
izhodiscna,1626,Endoproteza kolena,1,ar1,2025-06-11,2025-06-18,9014.0,8490.2086,False,127.5333,523.7914,274357.3835,4.1071
izhodiscna,1626,Endoproteza kolena,1,naivni,2025-06-18,2025-07-02,9018.0,9014.0,True,144.8033,4.0,16.0,0.0276
izhodiscna,1626,Endoproteza kolena,1,lin,2025-06-18,2025-07-02,9018.0,8778.358,True,144.8033,239.642,57428.2826,1.6549
izhodiscna,1626,Endoproteza kolena,1,ar1,2025-06-18,2025-07-02,9018.0,8714.2814,True,144.8033,303.7186,92245.0131,2.0975
izhodiscna,1626,Endoproteza kolena,1,naivni,2025-07-02,2025-07-09,9062.0,9018.0,False,142.5323,44.0,1936.0,0.3087
izhodiscna,1626,Endoproteza kolena,1,lin,2025-07-02,2025-07-09,9062.0,8796.1142,False,142.5323,265.8858,70695.2675,1.8654
izhodiscna,1626,Endoproteza kolena,1,ar1,2025-07-02,2025-07-09,9062.0,8731.6878,False,142.5323,330.3122,109106.1435,2.3175
izhodiscna,1626,Endoproteza kolena,1,naivni,2025-07-09,2025-07-16,8765.0,9062.0,False,140.9683,297.0,88209.0,2.1069
izhodiscna,1626,Endoproteza kolena,1,lin,2025-07-09,2025-07-16,8765.0,8815.6295,False,140.9683,50.6295,2563.3427,0.3592
izhodiscna,1626,Endoproteza kolena,1,ar1,2025-07-09,2025-07-16,8765.0,8755.0083,False,140.9683,9.9917,99.8339,0.0709
izhodiscna,1626,Endoproteza kolena,1,naivni,2025-07-16,2025-07-23,8859.0,8765.0,False,143.4062,94.0,8836.0,0.6555
izhodiscna,1626,Endoproteza kolena,1,lin,2025-07-16,2025-07-23,8859.0,8815.7947,False,143.4062,43.2053,1866.697,0.3013
izhodiscna,1626,Endoproteza kolena,1,ar1,2025-07-16,2025-07-23,8859.0,8718.526,False,143.4062,140.474,19732.9382,0.9796
izhodiscna,1626,Endoproteza kolena,1,naivni,2025-07-23,2025-07-30,8821.0,8859.0,False,142.6462,38.0,1444.0,0.2664
izhodiscna,1626,Endoproteza kolena,1,lin,2025-07-23,2025-07-30,8821.0,8821.6233,False,142.6462,0.6233,0.3885,0.0044
izhodiscna,1626,Endoproteza kolena,1,ar1,2025-07-23,2025-07-30,8821.0,8732.8536,False,142.6462,88.1464,7769.7802,0.6179
izhodiscna,1626,Endoproteza kolena,1,naivni,2025-07-30,2025-08-06,9162.0,8821.0,False,141.0606,341.0,116281.0,2.4174
izhodiscna,1626,Endoproteza kolena,1,lin,2025-07-30,2025-08-06,9162.0,8824.8548,False,141.0606,337.1452,113666.8745,2.3901
izhodiscna,1626,Endoproteza kolena,1,ar1,2025-07-30,2025-08-06,9162.0,8729.8492,False,141.0606,432.1508,186754.3355,3.0636
izhodiscna,1626,Endoproteza kolena,1,naivni,2025-08-06,2025-08-13,9205.0,9162.0,False,144.0448,43.0,1849.0,0.2985
izhodiscna,1626,Endoproteza kolena,1,lin,2025-08-06,2025-08-13,9205.0,8847.9548,False,144.0448,357.0452,127481.2856,2.4787
izhodiscna,1626,Endoproteza kolena,1,ar1,2025-08-06,2025-08-13,9205.0,8789.0322,False,144.0448,415.9678,173029.2484,2.8878
izhodiscna,1626,Endoproteza kolena,1,naivni,2025-08-13,2025-08-20,9123.0,9205.0,False,142.5588,82.0,6724.0,0.5752
izhodiscna,1626,Endoproteza kolena,1,lin,2025-08-13,2025-08-20,9123.0,8872.3521,False,142.5588,250.6479,62824.3755,1.7582
izhodiscna,1626,Endoproteza kolena,1,ar1,2025-08-13,2025-08-20,9123.0,8831.7754,False,142.5588,291.2246,84811.7805,2.0428
izhodiscna,1626,Endoproteza kolena,1,naivni,2025-08-20,2025-08-27,9142.0,9123.0,False,141.6812,19.0,361.0,0.1341
izhodiscna,1626,Endoproteza kolena,1,lin,2025-08-20,2025-08-27,9142.0,8890.8174,False,141.6812,251.1826,63092.7029,1.7729
izhodiscna,1626,Endoproteza kolena,1,ar1,2025-08-20,2025-08-27,9142.0,8835.9489,False,141.6812,306.0511,93667.2695,2.1601
izhodiscna,1626,Endoproteza kolena,1,naivni,2025-08-27,2025-09-03,9162.0,9142.0,False,139.9286,20.0,400.0,0.1429
izhodiscna,1626,Endoproteza kolena,1,lin,2025-08-27,2025-09-03,9162.0,8909.4137,False,139.9286,252.5863,63799.848,1.8051
izhodiscna,1626,Endoproteza kolena,1,ar1,2025-08-27,2025-09-03,9162.0,8859.8166,False,139.9286,302.1834,91314.8146,2.1596
izhodiscna,1626,Endoproteza kolena,1,naivni,2025-09-03,2025-09-10,9178.0,9162.0,False,138.2394,16.0,256.0,0.1157
izhodiscna,1626,Endoproteza kolena,1,lin,2025-09-03,2025-09-10,9178.0,8928.1862,False,138.2394,249.8138,62406.9204,1.8071
izhodiscna,1626,Endoproteza kolena,1,ar1,2025-09-03,2025-09-10,9178.0,8884.6368,False,138.2394,293.3632,86061.9908,2.1221
izhodiscna,1626,Endoproteza kolena,1,naivni,2025-09-10,2025-09-17,8918.0,9178.0,False,136.5417,260.0,67600.0,1.9042
izhodiscna,1626,Endoproteza kolena,1,lin,2025-09-10,2025-09-17,8918.0,8946.903,False,136.5417,28.903,835.3816,0.2117
izhodiscna,1626,Endoproteza kolena,1,ar1,2025-09-10,2025-09-17,8918.0,8908.364,False,136.5417,9.636,92.8522,0.0706
izhodiscna,1626,Endoproteza kolena,1,naivni,2025-09-17,2025-09-24,8936.0,8918.0,False,138.2329,18.0,324.0,0.1302
izhodiscna,1626,Endoproteza kolena,1,lin,2025-09-17,2025-09-24,8936.0,8950.6464,False,138.2329,14.6464,214.5178,0.106
izhodiscna,1626,Endoproteza kolena,1,ar1,2025-09-17,2025-09-24,8936.0,8815.2425,False,138.2329,120.7575,14582.3652,0.8736
izhodiscna,1626,Endoproteza kolena,1,naivni,2025-09-24,2025-10-01,8746.0,8936.0,False,136.6081,190.0,36100.0,1.3908
izhodiscna,1626,Endoproteza kolena,1,lin,2025-09-24,2025-10-01,8746.0,8955.1398,False,136.6081,209.1398,43739.4642,1.5309
izhodiscna,1626,Endoproteza kolena,1,ar1,2025-09-24,2025-10-01,8746.0,8824.3014,False,136.6081,78.3014,6131.1051,0.5732
izhodiscna,1626,Endoproteza kolena,1,naivni,2025-10-01,2025-10-08,8888.0,8746.0,False,137.32,142.0,20164.0,1.0341
izhodiscna,1626,Endoproteza kolena,1,lin,2025-10-01,2025-10-08,8888.0,8949.3916,False,137.32,61.3916,3768.926,0.4471
izhodiscna,1626,Endoproteza kolena,1,ar1,2025-10-01,2025-10-08,8888.0,8753.8364,False,137.32,134.1636,17999.8837,0.977
izhodiscna,1626,Endoproteza kolena,1,naivni,2025-10-08,2025-10-15,9136.0,8888.0,False,137.3816,248.0,61504.0,1.8052
izhodiscna,1626,Endoproteza kolena,1,lin,2025-10-08,2025-10-15,9136.0,8951.2471,False,137.3816,184.7529,34133.6359,1.3448
izhodiscna,1626,Endoproteza kolena,1,ar1,2025-10-08,2025-10-15,9136.0,8806.9557,False,137.3816,329.0443,108270.143,2.3951
izhodiscna,1626,Endoproteza kolena,1,naivni,2025-10-15,2025-10-22,9133.0,9136.0,False,138.8182,3.0,9.0,0.0216
izhodiscna,1626,Endoproteza kolena,1,lin,2025-10-15,2025-10-22,9133.0,8965.705,False,138.8182,167.295,27987.6298,1.2051
izhodiscna,1626,Endoproteza kolena,1,ar1,2025-10-15,2025-10-22,9133.0,8905.0649,False,138.8182,227.9351,51954.4154,1.642
izhodiscna,1626,Endoproteza kolena,1,naivni,2025-10-22,2025-10-29,9222.0,9133.0,False,137.0769,89.0,7921.0,0.6493
izhodiscna,1626,Endoproteza kolena,1,lin,2025-10-22,2025-10-29,9222.0,8979.3389,False,137.0769,242.6611,58884.4332,1.7703
izhodiscna,1626,Endoproteza kolena,1,ar1,2025-10-22,2025-10-29,9222.0,8914.6301,False,137.0769,307.3699,94476.2721,2.2423
izhodiscna,1626,Endoproteza kolena,1,naivni,2025-10-29,2025-11-05,9134.0,9222.0,False,136.4684,88.0,7744.0,0.6448
izhodiscna,1626,Endoproteza kolena,1,lin,2025-10-29,2025-11-05,9134.0,8996.794,False,136.4684,137.206,18825.4899,1.0054
izhodiscna,1626,Endoproteza kolena,1,ar1,2025-10-29,2025-11-05,9134.0,8965.7126,False,136.4684,168.2874,28320.6517,1.2332
izhodiscna,1626,Endoproteza kolena,1,naivni,2025-11-05,2025-11-12,9232.0,9134.0,False,135.8625,98.0,9604.0,0.7213
izhodiscna,1626,Endoproteza kolena,1,lin,2025-11-05,2025-11-12,9232.0,9009.1164,False,135.8625,222.8836,49677.1179,1.6405
izhodiscna,1626,Endoproteza kolena,1,ar1,2025-11-05,2025-11-12,9232.0,8937.0336,False,135.8625,294.9664,87005.1639,2.1711
izhodiscna,1626,Endoproteza kolena,1,naivni,2025-11-12,2025-11-19,8891.0,9232.0,False,135.3951,341.0,116281.0,2.5186
izhodiscna,1626,Endoproteza kolena,1,lin,2025-11-12,2025-11-19,8891.0,9025.6594,False,135.3951,134.6594,18133.1648,0.9946
izhodiscna,1626,Endoproteza kolena,1,ar1,2025-11-12,2025-11-19,8891.0,8994.0814,False,135.3951,103.0814,10625.7654,0.7613
izhodiscna,1626,Endoproteza kolena,1,naivni,2025-11-19,2025-11-26,8900.0,8891.0,False,137.9024,9.0,81.0,0.0653
izhodiscna,1626,Endoproteza kolena,1,lin,2025-11-19,2025-11-26,8900.0,9025.037,False,137.9024,125.037,15634.2579,0.9067
izhodiscna,1626,Endoproteza kolena,1,ar1,2025-11-19,2025-11-26,8900.0,8834.7365,False,137.9024,65.2635,4259.3251,0.4733
izhodiscna,1626,Endoproteza kolena,1,naivni,2025-11-26,2025-12-03,8816.0,8900.0,False,136.3494,84.0,7056.0,0.6161
izhodiscna,1626,Endoproteza kolena,1,lin,2025-11-26,2025-12-03,8816.0,9024.8342,False,136.3494,208.8342,43611.7205,1.5316
izhodiscna,1626,Endoproteza kolena,1,ar1,2025-11-26,2025-12-03,8816.0,8839.7509,False,136.3494,23.7509,564.1075,0.1742
izhodiscna,1626,Endoproteza kolena,1,naivni,2025-12-03,2025-12-10,9069.0,8816.0,False,135.7262,253.0,64009.0,1.864
izhodiscna,1626,Endoproteza kolena,1,lin,2025-12-03,2025-12-10,9069.0,9020.6529,False,135.7262,48.3471,2337.4381,0.3562
izhodiscna,1626,Endoproteza kolena,1,ar1,2025-12-03,2025-12-10,9069.0,8801.4647,False,135.7262,267.5353,71575.1352,1.9711
izhodiscna,1626,Endoproteza kolena,1,naivni,2025-12-10,2025-12-17,8676.0,9069.0,False,137.1059,393.0,154449.0,2.8664
izhodiscna,1626,Endoproteza kolena,1,lin,2025-12-10,2025-12-17,8676.0,9028.3765,False,137.1059,352.3765,124169.177,2.5701
izhodiscna,1626,Endoproteza kolena,1,ar1,2025-12-10,2025-12-17,8676.0,8919.3652,False,137.1059,243.3652,59226.6089,1.775
izhodiscna,1626,Endoproteza kolena,1,naivni,2025-12-17,2026-01-07,8817.0,8676.0,True,140.0814,141.0,19881.0,1.0066
izhodiscna,1626,Endoproteza kolena,1,lin,2025-12-17,2026-01-07,8817.0,9017.6889,True,140.0814,200.6889,40276.0158,1.4327
izhodiscna,1626,Endoproteza kolena,1,ar1,2025-12-17,2026-01-07,8817.0,8739.9449,True,140.0814,77.0551,5937.4835,0.5501
izhodiscna,1626,Endoproteza kolena,1,naivni,2026-01-07,2026-01-14,8808.0,8817.0,False,140.092,9.0,81.0,0.0642
izhodiscna,1626,Endoproteza kolena,1,lin,2026-01-07,2026-01-14,8808.0,9013.8041,False,140.092,205.8041,42355.3174,1.4691
izhodiscna,1626,Endoproteza kolena,1,ar1,2026-01-07,2026-01-14,8808.0,8802.7224,False,140.092,5.2776,27.8535,0.0377
izhodiscna,1626,Endoproteza kolena,1,naivni,2026-01-14,2026-01-21,8818.0,8808.0,False,138.6023,10.0,100.0,0.0721
izhodiscna,1626,Endoproteza kolena,1,lin,2026-01-14,2026-01-21,8818.0,9009.6382,False,138.6023,191.6382,36725.181,1.3826
izhodiscna,1626,Endoproteza kolena,1,ar1,2026-01-14,2026-01-21,8818.0,8798.8449,False,138.6023,19.1551,366.9165,0.1382
izhodiscna,1626,Endoproteza kolena,1,naivni,2026-01-21,2026-01-28,8894.0,8818.0,False,137.1573,76.0,5776.0,0.5541
izhodiscna,1626,Endoproteza kolena,1,lin,2026-01-21,2026-01-28,8894.0,9006.0504,False,137.1573,112.0504,12555.3004,0.8169
izhodiscna,1626,Endoproteza kolena,1,ar1,2026-01-21,2026-01-28,8894.0,8803.4385,False,137.1573,90.5615,8201.388,0.6603
izhodiscna,1626,Endoproteza kolena,1,naivni,2026-01-28,2026-02-04,8884.0,8894.0,False,136.4778,10.0,100.0,0.0733
izhodiscna,1626,Endoproteza kolena,1,lin,2026-01-28,2026-02-04,8884.0,9005.9143,False,136.4778,121.9143,14863.0931,0.8933
izhodiscna,1626,Endoproteza kolena,1,ar1,2026-01-28,2026-02-04,8884.0,8837.7665,False,136.4778,46.2335,2137.536,0.3388
izhodiscna,1626,Endoproteza kolena,1,naivni,2026-02-04,2026-02-11,8846.0,8884.0,False,135.0879,38.0,1444.0,0.2813
izhodiscna,1626,Endoproteza kolena,1,lin,2026-02-04,2026-02-11,8846.0,9005.3225,False,135.0879,159.3225,25383.6601,1.1794
izhodiscna,1626,Endoproteza kolena,1,ar1,2026-02-04,2026-02-11,8846.0,8833.9861,False,135.0879,12.0139,144.3342,0.0889
izhodiscna,1626,Endoproteza kolena,1,naivni,2026-02-11,2026-02-18,8868.0,8846.0,False,134.0326,22.0,484.0,0.1641
izhodiscna,1626,Endoproteza kolena,1,lin,2026-02-11,2026-02-18,8868.0,9003.0933,False,134.0326,135.0933,18250.191,1.0079
izhodiscna,1626,Endoproteza kolena,1,ar1,2026-02-11,2026-02-18,8868.0,8817.4392,False,134.0326,50.5608,2556.3932,0.3772
izhodiscna,1626,Endoproteza kolena,1,naivni,2026-02-18,2026-02-25,8820.0,8868.0,False,132.828,48.0,2304.0,0.3614
izhodiscna,1626,Endoproteza kolena,1,lin,2026-02-18,2026-02-25,8820.0,9001.8586,False,132.828,181.8586,33072.5553,1.3691
izhodiscna,1626,Endoproteza kolena,1,ar1,2026-02-18,2026-02-25,8820.0,8827.6945,False,132.828,7.6945,59.2054,0.0579
izhodiscna,1626,Endoproteza kolena,1,naivni,2026-02-25,2026-03-04,8628.0,8820.0,False,131.9255,192.0,36864.0,1.4554
izhodiscna,1626,Endoproteza kolena,1,lin,2026-02-25,2026-03-04,8628.0,8998.6246,False,131.9255,370.6246,137362.6209,2.8093
izhodiscna,1626,Endoproteza kolena,1,ar1,2026-02-25,2026-03-04,8628.0,8806.4885,False,131.9255,178.4885,31858.1589,1.3529
izhodiscna,1626,Endoproteza kolena,1,naivni,2026-03-04,2026-03-11,8632.0,8628.0,False,132.5579,4.0,16.0,0.0302
izhodiscna,1626,Endoproteza kolena,1,lin,2026-03-04,2026-03-11,8632.0,8987.4855,False,132.5579,355.4855,126369.9594,2.6817
izhodiscna,1626,Endoproteza kolena,1,ar1,2026-03-04,2026-03-11,8632.0,8720.3166,False,132.5579,88.3166,7799.8171,0.6662
izhodiscna,1626,Endoproteza kolena,1,naivni,2026-03-11,2026-03-18,8743.0,8632.0,False,131.2188,111.0,12321.0,0.8459
izhodiscna,1626,Endoproteza kolena,1,lin,2026-03-11,2026-03-18,8743.0,8976.8911,False,131.2188,233.8911,54705.0505,1.7825
izhodiscna,1626,Endoproteza kolena,1,ar1,2026-03-11,2026-03-18,8743.0,8720.6919,False,131.2188,22.3081,497.6535,0.17
izhodiscna,1626,Endoproteza kolena,1,naivni,2026-03-18,2026-03-25,8784.0,8743.0,False,131.0103,41.0,1681.0,0.313
izhodiscna,1626,Endoproteza kolena,1,lin,2026-03-18,2026-03-25,8784.0,8971.1849,False,131.0103,187.1849,35038.2002,1.4288
izhodiscna,1626,Endoproteza kolena,1,ar1,2026-03-18,2026-03-25,8784.0,8769.9923,False,131.0103,14.0077,196.2166,0.1069
izhodiscna,1626,Endoproteza kolena,1,naivni,2026-03-25,2026-04-08,8844.0,8784.0,True,130.0918,60.0,3600.0,0.4612
izhodiscna,1626,Endoproteza kolena,1,lin,2026-03-25,2026-04-08,8844.0,8967.3177,True,130.0918,123.3177,15207.2469,0.9479
izhodiscna,1626,Endoproteza kolena,1,ar1,2026-03-25,2026-04-08,8844.0,8788.22,True,130.0918,55.78,3111.4041,0.4288
izhodiscna,1626,Endoproteza kolena,1,naivni,2026-04-08,2026-04-15,8543.0,8844.0,False,129.3838,301.0,90601.0,2.3264
izhodiscna,1626,Endoproteza kolena,1,lin,2026-04-08,2026-04-15,8543.0,8965.9673,False,129.3838,422.9673,178901.3138,3.2691
izhodiscna,1626,Endoproteza kolena,1,ar1,2026-04-08,2026-04-15,8543.0,8815.238,False,129.3838,272.238,74113.5221,2.1041
izhodiscna,1626,Endoproteza kolena,1,naivni,2026-04-15,2026-04-29,9276.0,8543.0,True,131.1,733.0,537289.0,5.5912
izhodiscna,1626,Endoproteza kolena,1,lin,2026-04-15,2026-04-29,9276.0,8952.7251,True,131.1,323.2749,104506.6296,2.4659
izhodiscna,1626,Endoproteza kolena,1,ar1,2026-04-15,2026-04-29,9276.0,8680.5479,True,131.1,595.4521,354563.2274,4.542
izhodiscna,1626,Endoproteza kolena,1,naivni,2026-04-29,2026-05-06,9215.0,9276.0,False,137.0594,61.0,3721.0,0.4451
izhodiscna,1626,Endoproteza kolena,1,lin,2026-04-29,2026-05-06,9215.0,8968.6653,False,137.0594,246.3347,60680.7806,1.7973
izhodiscna,1626,Endoproteza kolena,1,ar1,2026-04-29,2026-05-06,9215.0,8993.2788,False,137.0594,221.7212,49160.2738,1.6177
izhodiscna,1626,Endoproteza kolena,1,naivni,2026-05-06,2026-05-13,9250.0,9215.0,False,136.3137,35.0,1225.0,0.2568
izhodiscna,1626,Endoproteza kolena,1,lin,2026-05-06,2026-05-13,9250.0,8981.679,False,136.3137,268.321,71996.1373,1.9684
izhodiscna,1626,Endoproteza kolena,1,ar1,2026-05-06,2026-05-13,9250.0,8979.1659,False,136.3137,270.8341,73351.1097,1.9868
izhodiscna,1626,Endoproteza kolena,1,naivni,2026-05-13,2026-05-20,9224.0,9250.0,False,135.3301,26.0,676.0,0.1921
izhodiscna,1626,Endoproteza kolena,1,lin,2026-05-13,2026-05-20,9224.0,8995.5844,False,135.3301,228.4156,52173.6903,1.6878
izhodiscna,1626,Endoproteza kolena,1,ar1,2026-05-13,2026-05-20,9224.0,9006.3343,False,135.3301,217.6657,47378.3492,1.6084
izhodiscna,1626,Endoproteza kolena,1,naivni,2026-05-20,2026-05-27,9266.0,9224.0,False,134.2788,42.0,1764.0,0.3128
izhodiscna,1626,Endoproteza kolena,1,lin,2026-05-20,2026-05-27,9266.0,9008.0187,False,134.2788,257.9813,66554.3608,1.9212
izhodiscna,1626,Endoproteza kolena,1,ar1,2026-05-20,2026-05-27,9266.0,9004.091,False,134.2788,261.909,68596.3265,1.9505
izhodiscna,1626,Endoproteza kolena,1,naivni,2026-05-27,2026-06-03,9226.0,9266.0,False,133.4,40.0,1600.0,0.2999
izhodiscna,1626,Endoproteza kolena,1,lin,2026-05-27,2026-06-03,9226.0,9021.6097,False,133.4,204.3903,41775.3933,1.5322
izhodiscna,1626,Endoproteza kolena,1,ar1,2026-05-27,2026-06-03,9226.0,9034.9752,False,133.4,191.0248,36490.4568,1.432
izhodiscna,1626,Endoproteza kolena,1,naivni,2026-06-03,2026-06-17,9221.0,9226.0,True,132.5189,5.0,25.0,0.0377
izhodiscna,1626,Endoproteza kolena,1,lin,2026-06-03,2026-06-17,9221.0,9033.2428,True,132.5189,187.7572,35252.7608,1.4168
izhodiscna,1626,Endoproteza kolena,1,ar1,2026-06-03,2026-06-17,9221.0,9023.3727,True,132.5189,197.6273,39056.5679,1.4913
izhodiscna,1626,Endoproteza kolena,1,naivni,2026-06-17,2026-06-24,9334.0,9221.0,False,131.3271,113.0,12769.0,0.8604
izhodiscna,1626,Endoproteza kolena,1,lin,2026-06-17,2026-06-24,9334.0,9044.2953,False,131.3271,289.7047,83928.8376,2.206
izhodiscna,1626,Endoproteza kolena,1,ar1,2026-06-17,2026-06-24,9334.0,9028.1082,False,131.3271,305.8918,93569.7723,2.3292
izhodiscna,1626,Endoproteza kolena,1,naivni,2026-06-24,2026-07-01,9315.0,9334.0,False,131.1574,19.0,361.0,0.1449
izhodiscna,1626,Endoproteza kolena,1,lin,2026-06-24,2026-07-01,9315.0,9059.1208,False,131.1574,255.8792,65474.1675,1.9509
izhodiscna,1626,Endoproteza kolena,1,ar1,2026-06-24,2026-07-01,9315.0,9099.1468,False,131.1574,215.8532,46592.6079,1.6458
izhodiscna,1626,Endoproteza kolena,1,naivni,2026-07-01,2026-07-08,9433.0,9315.0,False,130.1284,118.0,13924.0,0.9068
izhodiscna,1626,Endoproteza kolena,1,lin,2026-07-01,2026-07-08,9433.0,9072.7646,False,130.1284,360.2354,129769.5166,2.7683
izhodiscna,1626,Endoproteza kolena,1,ar1,2026-07-01,2026-07-08,9433.0,9099.2435,False,130.1284,333.7565,111393.4246,2.5648
izhodiscna,1626,Endoproteza kolena,1,naivni,2026-07-08,2026-07-15,9441.0,9433.0,False,130.0182,8.0,64.0,0.0615
izhodiscna,1626,Endoproteza kolena,1,lin,2026-07-08,2026-07-15,9441.0,9090.211,False,130.0182,350.789,123052.9403,2.698
izhodiscna,1626,Endoproteza kolena,1,ar1,2026-07-08,2026-07-15,9441.0,9181.692,False,130.0182,259.308,67240.6197,1.9944
izhodiscna,1626,Endoproteza kolena,4,naivni,2025-04-09,2025-05-07,8970.0,9346.0,False,87.6667,376.0,141376.0,4.289
izhodiscna,1626,Endoproteza kolena,4,lin,2025-04-09,2025-05-07,8970.0,8850.5327,False,87.6667,119.4673,14272.4259,1.3627
izhodiscna,1626,Endoproteza kolena,4,ar1,2025-04-09,2025-05-07,8970.0,8903.9857,False,87.6667,66.0143,4357.8872,0.753
izhodiscna,1626,Endoproteza kolena,4,naivni,2025-04-16,2025-05-14,8951.0,8601.0,False,100.3077,350.0,122500.0,3.4893
izhodiscna,1626,Endoproteza kolena,4,lin,2025-04-16,2025-05-14,8951.0,8836.3585,False,100.3077,114.6415,13142.6757,1.1429
izhodiscna,1626,Endoproteza kolena,4,ar1,2025-04-16,2025-05-14,8951.0,8698.8176,False,100.3077,252.1824,63595.9382,2.5141
izhodiscna,1626,Endoproteza kolena,4,naivni,2025-04-23,2025-05-21,8544.0,8616.0,False,98.6981,72.0,5184.0,0.7295
izhodiscna,1626,Endoproteza kolena,4,lin,2025-04-23,2025-05-21,8544.0,8824.2937,False,98.6981,280.2937,78564.5322,2.8399
izhodiscna,1626,Endoproteza kolena,4,ar1,2025-04-23,2025-05-21,8544.0,8697.9784,False,98.6981,153.9784,23709.3417,1.5601
izhodiscna,1626,Endoproteza kolena,4,naivni,2025-04-30,2025-05-28,8646.0,8586.0,False,97.4259,60.0,3600.0,0.6159
izhodiscna,1626,Endoproteza kolena,4,lin,2025-04-30,2025-05-28,8646.0,8810.6266,False,97.4259,164.6266,27101.9251,1.6898
izhodiscna,1626,Endoproteza kolena,4,ar1,2025-04-30,2025-05-28,8646.0,8694.0462,False,97.4259,48.0462,2308.4373,0.4932
izhodiscna,1626,Endoproteza kolena,4,naivni,2025-05-07,2025-06-04,8979.0,8970.0,False,102.6364,9.0,81.0,0.0877
izhodiscna,1626,Endoproteza kolena,4,lin,2025-05-07,2025-06-04,8979.0,8827.4046,False,102.6364,151.5954,22981.1508,1.477
izhodiscna,1626,Endoproteza kolena,4,ar1,2025-05-07,2025-06-04,8979.0,8718.0673,False,102.6364,260.9327,68085.8764,2.5423
izhodiscna,1626,Endoproteza kolena,4,naivni,2025-05-14,2025-06-11,7833.0,8951.0,False,101.1429,1118.0,1249924.0,11.0537
izhodiscna,1626,Endoproteza kolena,4,lin,2025-05-14,2025-06-11,7833.0,8841.6234,False,101.1429,1008.6234,1017321.1,9.9723
izhodiscna,1626,Endoproteza kolena,4,ar1,2025-05-14,2025-06-11,7833.0,8723.7359,False,101.1429,890.7359,793410.361,8.8067
izhodiscna,1626,Endoproteza kolena,4,naivni,2025-05-21,2025-06-18,9014.0,8544.0,False,106.5088,470.0,220900.0,4.4128
izhodiscna,1626,Endoproteza kolena,4,lin,2025-05-21,2025-06-18,9014.0,8824.6886,False,106.5088,189.3114,35838.8026,1.7774
izhodiscna,1626,Endoproteza kolena,4,ar1,2025-05-21,2025-06-18,9014.0,8700.3948,False,106.5088,313.6052,98348.2221,2.9444
izhodiscna,1626,Endoproteza kolena,4,naivni,2025-05-28,2025-07-02,9018.0,8646.0,True,106.431,372.0,138384.0,3.4952
izhodiscna,1626,Endoproteza kolena,4,lin,2025-05-28,2025-07-02,9018.0,8816.1961,True,106.431,201.8039,40724.7969,1.8961
izhodiscna,1626,Endoproteza kolena,4,ar1,2025-05-28,2025-07-02,9018.0,8703.4671,True,106.431,314.5329,98930.9561,2.9553
izhodiscna,1626,Endoproteza kolena,4,naivni,2025-06-04,2025-07-09,9062.0,8979.0,True,110.2712,83.0,6889.0,0.7527
izhodiscna,1626,Endoproteza kolena,4,lin,2025-06-04,2025-07-09,9062.0,8832.0216,True,110.2712,229.9784,52890.0609,2.0856
izhodiscna,1626,Endoproteza kolena,4,ar1,2025-06-04,2025-07-09,9062.0,8720.1113,True,110.2712,341.8887,116887.8836,3.1004
izhodiscna,1626,Endoproteza kolena,4,naivni,2025-06-11,2025-07-16,8765.0,7833.0,True,127.5333,932.0,868624.0,7.3079
izhodiscna,1626,Endoproteza kolena,4,lin,2025-06-11,2025-07-16,8765.0,8766.2592,True,127.5333,1.2592,1.5857,0.0099
izhodiscna,1626,Endoproteza kolena,4,ar1,2025-06-11,2025-07-16,8765.0,8688.1721,True,127.5333,76.8279,5902.5296,0.6024
izhodiscna,1626,Endoproteza kolena,4,naivni,2025-06-18,2025-07-23,8859.0,9014.0,True,144.8033,155.0,24025.0,1.0704
izhodiscna,1626,Endoproteza kolena,4,lin,2025-06-18,2025-07-23,8859.0,8785.9804,True,144.8033,73.0196,5331.8571,0.5043
izhodiscna,1626,Endoproteza kolena,4,ar1,2025-06-18,2025-07-23,8859.0,8700.203,True,144.8033,158.797,25216.4781,1.0966
izhodiscna,1626,Endoproteza kolena,4,naivni,2025-07-02,2025-07-30,8821.0,9018.0,False,142.5323,197.0,38809.0,1.3821
izhodiscna,1626,Endoproteza kolena,4,lin,2025-07-02,2025-07-30,8821.0,8804.8064,False,142.5323,16.1936,262.2315,0.1136
izhodiscna,1626,Endoproteza kolena,4,ar1,2025-07-02,2025-07-30,8821.0,8705.6406,False,142.5323,115.3594,13307.7993,0.8094
izhodiscna,1626,Endoproteza kolena,4,naivni,2025-07-09,2025-08-06,9162.0,9062.0,False,140.9683,100.0,10000.0,0.7094
izhodiscna,1626,Endoproteza kolena,4,lin,2025-07-09,2025-08-06,9162.0,8825.4722,False,140.9683,336.5278,113250.9709,2.3873
izhodiscna,1626,Endoproteza kolena,4,ar1,2025-07-09,2025-08-06,9162.0,8711.7919,False,140.9683,450.2081,202687.343,3.1937
izhodiscna,1626,Endoproteza kolena,4,naivni,2025-07-16,2025-08-13,9205.0,8765.0,False,143.4062,440.0,193600.0,3.0682
izhodiscna,1626,Endoproteza kolena,4,lin,2025-07-16,2025-08-13,9205.0,8825.425,False,143.4062,379.575,144077.1806,2.6469
izhodiscna,1626,Endoproteza kolena,4,ar1,2025-07-16,2025-08-13,9205.0,8711.9055,False,143.4062,493.0945,243142.21,3.4384
izhodiscna,1626,Endoproteza kolena,4,naivni,2025-07-23,2025-08-20,9123.0,8859.0,False,142.6462,264.0,69696.0,1.8507
izhodiscna,1626,Endoproteza kolena,4,lin,2025-07-23,2025-08-20,9123.0,8831.4295,False,142.6462,291.5705,85013.3751,2.044
izhodiscna,1626,Endoproteza kolena,4,ar1,2025-07-23,2025-08-20,9123.0,8714.4154,False,142.6462,408.5846,166941.3758,2.8643
izhodiscna,1626,Endoproteza kolena,4,naivni,2025-07-30,2025-08-27,9142.0,8821.0,False,141.0606,321.0,103041.0,2.2756
izhodiscna,1626,Endoproteza kolena,4,lin,2025-07-30,2025-08-27,9142.0,8834.6585,False,141.0606,307.3415,94458.7901,2.1788
izhodiscna,1626,Endoproteza kolena,4,ar1,2025-07-30,2025-08-27,9142.0,8715.9611,False,141.0606,426.0389,181509.1862,3.0203
izhodiscna,1626,Endoproteza kolena,4,naivni,2025-08-06,2025-09-03,9162.0,9162.0,False,144.0448,0.0,0.0,0.0
izhodiscna,1626,Endoproteza kolena,4,lin,2025-08-06,2025-09-03,9162.0,8859.0519,False,144.0448,302.9481,91777.5657,2.1032
izhodiscna,1626,Endoproteza kolena,4,ar1,2025-08-06,2025-09-03,9162.0,8723.7724,False,144.0448,438.2276,192043.4485,3.0423
izhodiscna,1626,Endoproteza kolena,4,naivni,2025-08-13,2025-09-10,9178.0,9205.0,False,142.5588,27.0,729.0,0.1894
izhodiscna,1626,Endoproteza kolena,4,lin,2025-08-13,2025-09-10,9178.0,8884.7798,False,142.5588,293.2202,85978.0955,2.0568
izhodiscna,1626,Endoproteza kolena,4,ar1,2025-08-13,2025-09-10,9178.0,8732.5183,False,142.5588,445.4817,198453.9203,3.1249
izhodiscna,1626,Endoproteza kolena,4,naivni,2025-08-20,2025-09-17,8918.0,9123.0,False,141.6812,205.0,42025.0,1.4469
izhodiscna,1626,Endoproteza kolena,4,lin,2025-08-20,2025-09-17,8918.0,8904.1529,False,141.6812,13.8471,191.7431,0.0977
izhodiscna,1626,Endoproteza kolena,4,ar1,2025-08-20,2025-09-17,8918.0,8739.1243,False,141.6812,178.8757,31996.5309,1.2625
izhodiscna,1626,Endoproteza kolena,4,naivni,2025-08-27,2025-09-24,8936.0,9142.0,False,139.9286,206.0,42436.0,1.4722
izhodiscna,1626,Endoproteza kolena,4,lin,2025-08-27,2025-09-24,8936.0,8923.6336,False,139.9286,12.3664,152.9278,0.0884
izhodiscna,1626,Endoproteza kolena,4,ar1,2025-08-27,2025-09-24,8936.0,8746.7412,False,139.9286,189.2588,35818.8887,1.3525
izhodiscna,1626,Endoproteza kolena,4,naivni,2025-09-03,2025-10-01,8746.0,9162.0,False,138.2394,416.0,173056.0,3.0093
izhodiscna,1626,Endoproteza kolena,4,lin,2025-09-03,2025-10-01,8746.0,8943.2712,False,138.2394,197.2712,38915.9144,1.427
izhodiscna,1626,Endoproteza kolena,4,ar1,2025-09-03,2025-10-01,8746.0,8755.1073,False,138.2394,9.1073,82.9426,0.0659
izhodiscna,1626,Endoproteza kolena,4,naivni,2025-09-10,2025-10-08,8888.0,9178.0,False,136.5417,290.0,84100.0,2.1239
izhodiscna,1626,Endoproteza kolena,4,lin,2025-09-10,2025-10-08,8888.0,8962.8203,False,136.5417,74.8203,5598.0793,0.548
izhodiscna,1626,Endoproteza kolena,4,ar1,2025-09-10,2025-10-08,8888.0,8764.1371,False,136.5417,123.8629,15342.0185,0.9071
izhodiscna,1626,Endoproteza kolena,4,naivni,2025-09-17,2025-10-15,9136.0,8918.0,False,138.2329,218.0,47524.0,1.577
izhodiscna,1626,Endoproteza kolena,4,lin,2025-09-17,2025-10-15,9136.0,8966.47,False,138.2329,169.53,28740.4096,1.2264
izhodiscna,1626,Endoproteza kolena,4,ar1,2025-09-17,2025-10-15,9136.0,8760.047,False,138.2329,375.953,141340.6873,2.7197
izhodiscna,1626,Endoproteza kolena,4,naivni,2025-09-24,2025-10-22,9133.0,8936.0,False,136.6081,197.0,38809.0,1.4421
izhodiscna,1626,Endoproteza kolena,4,lin,2025-09-24,2025-10-22,9133.0,8970.9172,False,136.6081,162.0828,26270.8425,1.1865
izhodiscna,1626,Endoproteza kolena,4,ar1,2025-09-24,2025-10-22,9133.0,8763.0878,False,136.6081,369.9122,136835.0411,2.7078
izhodiscna,1626,Endoproteza kolena,4,naivni,2025-10-01,2025-10-29,9222.0,8746.0,False,137.32,476.0,226576.0,3.4664
izhodiscna,1626,Endoproteza kolena,4,lin,2025-10-01,2025-10-29,9222.0,8964.5256,False,137.32,257.4744,66293.043,1.875
izhodiscna,1626,Endoproteza kolena,4,ar1,2025-10-01,2025-10-29,9222.0,8758.0708,False,137.32,463.9292,215230.306,3.3785
izhodiscna,1626,Endoproteza kolena,4,naivni,2025-10-08,2025-11-05,9134.0,8888.0,False,137.3816,246.0,60516.0,1.7906
izhodiscna,1626,Endoproteza kolena,4,lin,2025-10-08,2025-11-05,9134.0,8966.1972,False,137.3816,167.8028,28157.7893,1.2214
izhodiscna,1626,Endoproteza kolena,4,ar1,2025-10-08,2025-11-05,9134.0,8763.2166,False,137.3816,370.7834,137480.3643,2.6989
izhodiscna,1626,Endoproteza kolena,4,naivni,2025-10-15,2025-11-12,9232.0,9136.0,False,138.8182,96.0,9216.0,0.6916
izhodiscna,1626,Endoproteza kolena,4,lin,2025-10-15,2025-11-12,9232.0,8981.1947,False,138.8182,250.8053,62903.2859,1.8067
izhodiscna,1626,Endoproteza kolena,4,ar1,2025-10-15,2025-11-12,9232.0,8775.0214,False,138.8182,456.9786,208829.414,3.2919
izhodiscna,1626,Endoproteza kolena,4,naivni,2025-10-22,2025-11-19,8891.0,9133.0,False,137.0769,242.0,58564.0,1.7654
izhodiscna,1626,Endoproteza kolena,4,lin,2025-10-22,2025-11-19,8891.0,8995.3051,False,137.0769,104.3051,10879.5513,0.7609
izhodiscna,1626,Endoproteza kolena,4,ar1,2025-10-22,2025-11-19,8891.0,8781.5906,False,137.0769,109.4094,11970.4149,0.7982
izhodiscna,1626,Endoproteza kolena,4,naivni,2025-10-29,2025-11-26,8900.0,9222.0,False,136.4684,322.0,103684.0,2.3595
izhodiscna,1626,Endoproteza kolena,4,lin,2025-10-29,2025-11-26,8900.0,9013.4343,False,136.4684,113.4343,12867.3365,0.8312
izhodiscna,1626,Endoproteza kolena,4,ar1,2025-10-29,2025-11-26,8900.0,8793.7512,False,136.4684,106.2488,11288.8112,0.7786
izhodiscna,1626,Endoproteza kolena,4,naivni,2025-11-05,2025-12-03,8816.0,9134.0,False,135.8625,318.0,101124.0,2.3406
izhodiscna,1626,Endoproteza kolena,4,lin,2025-11-05,2025-12-03,8816.0,9026.1285,False,135.8625,210.1285,44153.9804,1.5466
izhodiscna,1626,Endoproteza kolena,4,ar1,2025-11-05,2025-12-03,8816.0,8796.7505,False,135.8625,19.2495,370.5417,0.1417
izhodiscna,1626,Endoproteza kolena,4,naivni,2025-11-12,2025-12-10,9069.0,9232.0,False,135.3951,163.0,26569.0,1.2039
izhodiscna,1626,Endoproteza kolena,4,lin,2025-11-12,2025-12-10,9069.0,9043.261,False,135.3951,25.739,662.4944,0.1901
izhodiscna,1626,Endoproteza kolena,4,ar1,2025-11-12,2025-12-10,9069.0,8810.8399,False,135.3951,258.1601,66646.6371,1.9067
izhodiscna,1626,Endoproteza kolena,4,naivni,2025-11-19,2025-12-17,8676.0,8891.0,False,137.9024,215.0,46225.0,1.5591
izhodiscna,1626,Endoproteza kolena,4,lin,2025-11-19,2025-12-17,8676.0,9042.291,False,137.9024,366.291,134169.0687,2.6562
izhodiscna,1626,Endoproteza kolena,4,ar1,2025-11-19,2025-12-17,8676.0,8792.7933,False,137.9024,116.7933,13640.6634,0.8469
izhodiscna,1626,Endoproteza kolena,4,naivni,2025-11-26,2026-01-07,8817.0,8900.0,True,136.3494,83.0,6889.0,0.6087
izhodiscna,1626,Endoproteza kolena,4,lin,2025-11-26,2026-01-07,8817.0,9041.7729,True,136.3494,224.7729,50522.8611,1.6485
izhodiscna,1626,Endoproteza kolena,4,ar1,2025-11-26,2026-01-07,8817.0,8794.6136,True,136.3494,22.3864,501.1514,0.1642
izhodiscna,1626,Endoproteza kolena,4,naivni,2025-12-03,2026-01-14,8808.0,8816.0,True,135.7262,8.0,64.0,0.0589
izhodiscna,1626,Endoproteza kolena,4,lin,2025-12-03,2026-01-14,8808.0,9037.0774,True,135.7262,229.0774,52476.4681,1.6878
izhodiscna,1626,Endoproteza kolena,4,ar1,2025-12-03,2026-01-14,8808.0,8790.5961,True,135.7262,17.4039,302.8965,0.1282
izhodiscna,1626,Endoproteza kolena,4,naivni,2025-12-10,2026-01-21,8818.0,9069.0,True,137.1059,251.0,63001.0,1.8307
izhodiscna,1626,Endoproteza kolena,4,lin,2025-12-10,2026-01-21,8818.0,9044.9173,True,137.1059,226.9173,51491.4473,1.6551
izhodiscna,1626,Endoproteza kolena,4,ar1,2025-12-10,2026-01-21,8818.0,8806.8284,True,137.1059,11.1716,124.8057,0.0815
izhodiscna,1626,Endoproteza kolena,4,naivni,2025-12-17,2026-01-28,8894.0,8676.0,True,140.0814,218.0,47524.0,1.5562
izhodiscna,1626,Endoproteza kolena,4,lin,2025-12-17,2026-01-28,8894.0,9033.4012,True,140.0814,139.4012,19432.6893,0.9951
izhodiscna,1626,Endoproteza kolena,4,ar1,2025-12-17,2026-01-28,8894.0,8785.8005,True,140.0814,108.1995,11707.1227,0.7724
izhodiscna,1626,Endoproteza kolena,4,naivni,2026-01-07,2026-02-04,8884.0,8817.0,False,140.092,67.0,4489.0,0.4783
izhodiscna,1626,Endoproteza kolena,4,lin,2026-01-07,2026-02-04,8884.0,9029.0552,False,140.092,145.0552,21041.0015,1.0354
izhodiscna,1626,Endoproteza kolena,4,ar1,2026-01-07,2026-02-04,8884.0,8792.5453,False,140.092,91.4547,8363.9587,0.6528
izhodiscna,1626,Endoproteza kolena,4,naivni,2026-01-14,2026-02-11,8846.0,8808.0,False,138.6023,38.0,1444.0,0.2742
izhodiscna,1626,Endoproteza kolena,4,lin,2026-01-14,2026-02-11,8846.0,9024.4268,False,138.6023,178.4268,31836.1094,1.2873
izhodiscna,1626,Endoproteza kolena,4,ar1,2026-01-14,2026-02-11,8846.0,8792.3185,False,138.6023,53.6815,2881.7003,0.3873
izhodiscna,1626,Endoproteza kolena,4,naivni,2026-01-21,2026-02-18,8868.0,8818.0,False,137.1573,50.0,2500.0,0.3645
izhodiscna,1626,Endoproteza kolena,4,lin,2026-01-21,2026-02-18,8868.0,9020.4179,False,137.1573,152.4179,23231.2056,1.1113
izhodiscna,1626,Endoproteza kolena,4,ar1,2026-01-21,2026-02-18,8868.0,8793.0551,False,137.1573,74.9449,5616.7335,0.5464
izhodiscna,1626,Endoproteza kolena,4,naivni,2026-01-28,2026-02-25,8820.0,8894.0,False,136.4778,74.0,5476.0,0.5422
izhodiscna,1626,Endoproteza kolena,4,lin,2026-01-28,2026-02-25,8820.0,9020.0408,False,136.4778,200.0408,40016.3227,1.4657
izhodiscna,1626,Endoproteza kolena,4,ar1,2026-01-28,2026-02-25,8820.0,8797.5918,False,136.4778,22.4082,502.1296,0.1642
izhodiscna,1626,Endoproteza kolena,4,naivni,2026-02-04,2026-03-04,8628.0,8884.0,False,135.0879,256.0,65536.0,1.8951
izhodiscna,1626,Endoproteza kolena,4,lin,2026-02-04,2026-03-04,8628.0,9019.1925,False,135.0879,391.1925,153031.6025,2.8958
izhodiscna,1626,Endoproteza kolena,4,ar1,2026-02-04,2026-03-04,8628.0,8798.1332,False,135.0879,170.1332,28945.2941,1.2594
izhodiscna,1626,Endoproteza kolena,4,naivni,2026-02-11,2026-03-11,8632.0,8846.0,False,134.0326,214.0,45796.0,1.5966
izhodiscna,1626,Endoproteza kolena,4,lin,2026-02-11,2026-03-11,8632.0,9016.6353,False,134.0326,384.6353,147944.2787,2.8697
izhodiscna,1626,Endoproteza kolena,4,ar1,2026-02-11,2026-03-11,8632.0,8796.949,False,134.0326,164.949,27208.1821,1.2307
izhodiscna,1626,Endoproteza kolena,4,naivni,2026-02-18,2026-03-18,8743.0,8868.0,False,132.828,125.0,15625.0,0.9411
izhodiscna,1626,Endoproteza kolena,4,lin,2026-02-18,2026-03-18,8743.0,9015.1283,False,132.828,272.1283,74053.8091,2.0487
izhodiscna,1626,Endoproteza kolena,4,ar1,2026-02-18,2026-03-18,8743.0,8798.7221,False,132.828,55.7221,3104.947,0.4195
izhodiscna,1626,Endoproteza kolena,4,naivni,2026-02-25,2026-03-25,8784.0,8820.0,False,131.9255,36.0,1296.0,0.2729
izhodiscna,1626,Endoproteza kolena,4,lin,2026-02-25,2026-03-25,8784.0,9011.5354,False,131.9255,227.5354,51772.352,1.7247
izhodiscna,1626,Endoproteza kolena,4,ar1,2026-02-25,2026-03-25,8784.0,8796.7802,False,131.9255,12.7802,163.3333,0.0969
izhodiscna,1626,Endoproteza kolena,4,naivni,2026-03-04,2026-04-08,8844.0,8628.0,True,132.5579,216.0,46656.0,1.6295
izhodiscna,1626,Endoproteza kolena,4,lin,2026-03-04,2026-04-08,8844.0,8999.6799,True,132.5579,155.6799,24236.2197,1.1744
izhodiscna,1626,Endoproteza kolena,4,ar1,2026-03-04,2026-04-08,8844.0,8786.4178,True,132.5579,57.5822,3315.7093,0.4344
izhodiscna,1626,Endoproteza kolena,4,naivni,2026-03-11,2026-04-15,8543.0,8632.0,True,131.2188,89.0,7921.0,0.6783
izhodiscna,1626,Endoproteza kolena,4,lin,2026-03-11,2026-04-15,8543.0,8988.4123,True,131.2188,445.4123,198392.1335,3.3944
izhodiscna,1626,Endoproteza kolena,4,ar1,2026-03-11,2026-04-15,8543.0,8784.8325,True,131.2188,241.8325,58482.9555,1.843
izhodiscna,1626,Endoproteza kolena,4,naivni,2026-03-18,2026-04-29,9276.0,8743.0,True,131.0103,533.0,284089.0,4.0684
izhodiscna,1626,Endoproteza kolena,4,lin,2026-03-18,2026-04-29,9276.0,8982.2722,True,131.0103,293.7278,86276.0141,2.242
izhodiscna,1626,Endoproteza kolena,4,ar1,2026-03-18,2026-04-29,9276.0,8789.4657,True,131.0103,486.5343,236715.6188,3.7137
izhodiscna,1626,Endoproteza kolena,4,naivni,2026-03-25,2026-05-06,9215.0,8784.0,True,130.0918,431.0,185761.0,3.313
izhodiscna,1626,Endoproteza kolena,4,lin,2026-03-25,2026-05-06,9215.0,8978.0646,True,130.0918,236.9354,56138.3813,1.8213
izhodiscna,1626,Endoproteza kolena,4,ar1,2026-03-25,2026-05-06,9215.0,8791.2632,True,130.0918,423.7368,179552.8461,3.2572
izhodiscna,1626,Endoproteza kolena,4,naivni,2026-04-08,2026-05-13,9250.0,8844.0,True,129.3838,406.0,164836.0,3.1379
izhodiscna,1626,Endoproteza kolena,4,lin,2026-04-08,2026-05-13,9250.0,8976.4944,True,129.3838,273.5056,74805.2927,2.1139
izhodiscna,1626,Endoproteza kolena,4,ar1,2026-04-08,2026-05-13,9250.0,8794.5002,True,129.3838,455.4998,207480.0813,3.5205
izhodiscna,1626,Endoproteza kolena,4,naivni,2026-04-15,2026-05-20,9224.0,8543.0,True,131.1,681.0,463761.0,5.1945
izhodiscna,1626,Endoproteza kolena,4,lin,2026-04-15,2026-05-20,9224.0,8962.5133,True,131.1,261.4867,68375.2992,1.9946
izhodiscna,1626,Endoproteza kolena,4,ar1,2026-04-15,2026-05-20,9224.0,8778.6972,True,131.1,445.3028,198294.5706,3.3967
izhodiscna,1626,Endoproteza kolena,4,naivni,2026-04-29,2026-05-27,9266.0,9276.0,False,137.0594,10.0,100.0,0.073
izhodiscna,1626,Endoproteza kolena,4,lin,2026-04-29,2026-05-27,9266.0,8979.0073,False,137.0594,286.9927,82364.7991,2.0939
izhodiscna,1626,Endoproteza kolena,4,ar1,2026-04-29,2026-05-27,9266.0,8810.9922,False,137.0594,455.0078,207032.066,3.3198
izhodiscna,1626,Endoproteza kolena,4,naivni,2026-05-06,2026-06-03,9226.0,9215.0,False,136.3137,11.0,121.0,0.0807
izhodiscna,1626,Endoproteza kolena,4,lin,2026-05-06,2026-06-03,9226.0,8992.435,False,136.3137,233.565,54552.6175,1.7134
izhodiscna,1626,Endoproteza kolena,4,ar1,2026-05-06,2026-06-03,9226.0,8815.7055,False,136.3137,410.2945,168341.5537,3.0099
izhodiscna,1626,Endoproteza kolena,4,naivni,2026-05-13,2026-06-17,9221.0,9250.0,True,135.3301,29.0,841.0,0.2143
izhodiscna,1626,Endoproteza kolena,4,lin,2026-05-13,2026-06-17,9221.0,9006.7826,True,135.3301,214.2174,45889.0858,1.5829
izhodiscna,1626,Endoproteza kolena,4,ar1,2026-05-13,2026-06-17,9221.0,8824.9109,True,135.3301,396.0891,156886.557,2.9268
izhodiscna,1626,Endoproteza kolena,4,naivni,2026-05-20,2026-06-24,9334.0,9224.0,True,134.2788,110.0,12100.0,0.8192
izhodiscna,1626,Endoproteza kolena,4,lin,2026-05-20,2026-06-24,9334.0,9019.5863,True,134.2788,314.4137,98855.965,2.3415
izhodiscna,1626,Endoproteza kolena,4,ar1,2026-05-20,2026-06-24,9334.0,8830.6113,True,134.2788,503.3887,253400.1651,3.7488
izhodiscna,1626,Endoproteza kolena,4,naivni,2026-05-27,2026-07-01,9315.0,9266.0,True,133.4,49.0,2401.0,0.3673
izhodiscna,1626,Endoproteza kolena,4,lin,2026-05-27,2026-07-01,9315.0,9033.5868,True,133.4,281.4132,79193.4118,2.1095
izhodiscna,1626,Endoproteza kolena,4,ar1,2026-05-27,2026-07-01,9315.0,8841.2014,True,133.4,473.7986,224485.0754,3.5517
izhodiscna,1626,Endoproteza kolena,4,naivni,2026-06-03,2026-07-08,9433.0,9226.0,True,132.5189,207.0,42849.0,1.562
izhodiscna,1626,Endoproteza kolena,4,lin,2026-06-03,2026-07-08,9433.0,9045.5382,True,132.5189,387.4618,150126.619,2.9238
izhodiscna,1626,Endoproteza kolena,4,ar1,2026-06-03,2026-07-08,9433.0,8845.4253,True,132.5189,587.5747,345244.0016,4.4339
izhodiscna,1626,Endoproteza kolena,4,naivni,2026-06-17,2026-07-15,9441.0,9221.0,False,131.3271,220.0,48400.0,1.6752
izhodiscna,1626,Endoproteza kolena,4,lin,2026-06-17,2026-07-15,9441.0,9056.8778,False,131.3271,384.1222,147549.8879,2.9249
izhodiscna,1626,Endoproteza kolena,4,ar1,2026-06-17,2026-07-15,9441.0,8851.6165,False,131.3271,589.3835,347372.9291,4.4879
izhodiscna,AGREGAT,Agregat,1,naivni,2025-04-09,2025-04-16,326003.0,325445.0,False,1630.0196,558.0,311364.0,0.3423
izhodiscna,AGREGAT,Agregat,1,lin,2025-04-09,2025-04-16,326003.0,316075.7127,False,1630.0196,9927.2873,98551033.7387,6.0903
izhodiscna,AGREGAT,Agregat,1,ar1,2025-04-09,2025-04-16,326003.0,325646.3732,False,1630.0196,356.6268,127182.6767,0.2188
izhodiscna,AGREGAT,Agregat,1,naivni,2025-04-16,2025-04-23,327005.0,326003.0,False,1609.4038,1002.0,1004004.0,0.6226
izhodiscna,AGREGAT,Agregat,1,lin,2025-04-16,2025-04-23,327005.0,317133.8911,False,1609.4038,9871.1089,97438789.9959,6.1334
izhodiscna,AGREGAT,Agregat,1,ar1,2025-04-16,2025-04-23,327005.0,326246.4949,False,1609.4038,758.5051,575329.9801,0.4713
izhodiscna,AGREGAT,Agregat,1,naivni,2025-04-23,2025-04-30,330206.0,327005.0,False,1597.9434,3201.0,10246401.0,2.0032
izhodiscna,AGREGAT,Agregat,1,lin,2025-04-23,2025-04-30,330206.0,318194.8456,False,1597.9434,12011.1544,144267830.9204,7.5166
izhodiscna,AGREGAT,Agregat,1,ar1,2025-04-23,2025-04-30,330206.0,327336.7875,False,1597.9434,2869.2125,8232380.318,1.7956
izhodiscna,AGREGAT,Agregat,1,naivni,2025-04-30,2025-05-07,328455.0,330206.0,False,1627.6296,1751.0,3066001.0,1.0758
izhodiscna,AGREGAT,Agregat,1,lin,2025-04-30,2025-05-07,328455.0,319418.0869,False,1627.6296,9036.9131,81665798.9429,5.5522
izhodiscna,AGREGAT,Agregat,1,ar1,2025-04-30,2025-05-07,328455.0,330913.865,False,1627.6296,2458.865,6046017.3253,1.5107
izhodiscna,AGREGAT,Agregat,1,naivni,2025-05-07,2025-05-14,329807.0,328455.0,False,1629.8727,1352.0,1827904.0,0.8295
izhodiscna,AGREGAT,Agregat,1,lin,2025-05-07,2025-05-14,329807.0,320436.6818,False,1629.8727,9370.3182,87802862.8285,5.7491
izhodiscna,AGREGAT,Agregat,1,ar1,2025-05-07,2025-05-14,329807.0,328833.4603,False,1629.8727,973.5397,947779.4763,0.5973
izhodiscna,AGREGAT,Agregat,1,naivni,2025-05-14,2025-05-21,329389.0,329807.0,False,1624.9107,418.0,174724.0,0.2572
izhodiscna,AGREGAT,Agregat,1,lin,2025-05-14,2025-05-21,329389.0,321484.3358,False,1624.9107,7904.6642,62483715.4887,4.8647
izhodiscna,AGREGAT,Agregat,1,ar1,2025-05-14,2025-05-21,329389.0,330289.0896,False,1624.9107,900.0896,810161.2253,0.5539
izhodiscna,AGREGAT,Agregat,1,naivni,2025-05-21,2025-05-28,331652.0,329389.0,False,1603.7368,2263.0,5121169.0,1.4111
izhodiscna,AGREGAT,Agregat,1,lin,2025-05-21,2025-05-28,331652.0,322436.5789,False,1603.7368,9215.4211,84923985.1773,5.7462
izhodiscna,AGREGAT,Agregat,1,ar1,2025-05-21,2025-05-28,331652.0,329777.235,False,1603.7368,1874.765,3514743.8145,1.169
izhodiscna,AGREGAT,Agregat,1,naivni,2025-05-28,2025-06-04,334280.0,331652.0,False,1615.1034,2628.0,6906384.0,1.6271
izhodiscna,AGREGAT,Agregat,1,lin,2025-05-28,2025-06-04,334280.0,323482.3068,False,1615.1034,10797.6932,116590177.6184,6.6854
izhodiscna,AGREGAT,Agregat,1,ar1,2025-05-28,2025-06-04,334280.0,332223.1751,False,1615.1034,2056.8249,4230528.8373,1.2735
izhodiscna,AGREGAT,Agregat,1,naivni,2025-06-04,2025-06-11,301611.0,334280.0,False,1632.2712,32669.0,1067263561.0,20.0144
izhodiscna,AGREGAT,Agregat,1,lin,2025-06-04,2025-06-11,301611.0,324638.726,False,1632.2712,23027.726,530276164.2107,14.1078
izhodiscna,AGREGAT,Agregat,1,ar1,2025-06-04,2025-06-11,301611.0,335089.0569,False,1632.2712,33478.0569,1120780293.2532,20.5101
izhodiscna,AGREGAT,Agregat,1,naivni,2025-06-11,2025-06-18,332772.0,301611.0,False,2149.55,31161.0,971007921.0,14.4965
izhodiscna,AGREGAT,Agregat,1,lin,2025-06-11,2025-06-18,332772.0,323582.9852,False,2149.55,9189.0148,84437992.151,4.2749
izhodiscna,AGREGAT,Agregat,1,ar1,2025-06-11,2025-06-18,332772.0,302670.148,False,2149.55,30101.852,906121496.0809,14.0038
izhodiscna,AGREGAT,Agregat,1,naivni,2025-06-18,2025-07-02,333508.0,332772.0,True,2625.1475,736.0,541696.0,0.2804
izhodiscna,AGREGAT,Agregat,1,lin,2025-06-18,2025-07-02,333508.0,324593.5664,True,2625.1475,8914.4336,79467126.9971,3.3958
izhodiscna,AGREGAT,Agregat,1,ar1,2025-06-18,2025-07-02,333508.0,329623.849,True,2625.1475,3884.151,15086628.807,1.4796
izhodiscna,AGREGAT,Agregat,1,naivni,2025-07-02,2025-07-09,334710.0,333508.0,False,2594.6774,1202.0,1444804.0,0.4633
izhodiscna,AGREGAT,Agregat,1,lin,2025-07-02,2025-07-09,334710.0,325591.4188,False,2594.6774,9118.5812,83148522.3203,3.5143
izhodiscna,AGREGAT,Agregat,1,ar1,2025-07-02,2025-07-09,334710.0,330592.3604,False,2594.6774,4117.6396,16954956.2663,1.587
izhodiscna,AGREGAT,Agregat,1,naivni,2025-07-09,2025-07-16,334073.0,334710.0,False,2572.5714,637.0,405769.0,0.2476
izhodiscna,AGREGAT,Agregat,1,lin,2025-07-09,2025-07-16,334073.0,326606.4524,False,2572.5714,7466.5476,55749333.3475,2.9024
izhodiscna,AGREGAT,Agregat,1,ar1,2025-07-09,2025-07-16,334073.0,331980.3427,False,2572.5714,2092.6573,4379214.4555,0.8134
izhodiscna,AGREGAT,Agregat,1,naivni,2025-07-16,2025-07-23,337328.0,334073.0,False,2542.3281,3255.0,10595025.0,1.2803
izhodiscna,AGREGAT,Agregat,1,lin,2025-07-16,2025-07-23,337328.0,327524.2063,False,2542.3281,9803.7937,96114371.8925,3.8562
izhodiscna,AGREGAT,Agregat,1,ar1,2025-07-16,2025-07-23,337328.0,331605.5898,False,2542.3281,5722.4102,32745978.9256,2.2509
izhodiscna,AGREGAT,Agregat,1,naivni,2025-07-23,2025-07-30,336061.0,337328.0,False,2553.2923,1267.0,1605289.0,0.4962
izhodiscna,AGREGAT,Agregat,1,lin,2025-07-23,2025-07-30,336061.0,328587.0923,False,2553.2923,7473.9077,55859296.1931,2.9272
izhodiscna,AGREGAT,Agregat,1,ar1,2025-07-23,2025-07-30,336061.0,334913.79,False,2553.2923,1147.21,1316090.7101,0.4493
izhodiscna,AGREGAT,Agregat,1,naivni,2025-07-30,2025-08-06,337298.0,336061.0,False,2533.803,1237.0,1530169.0,0.4882
izhodiscna,AGREGAT,Agregat,1,lin,2025-07-30,2025-08-06,337298.0,329515.3148,False,2533.803,7782.6852,60570189.0828,3.0715
izhodiscna,AGREGAT,Agregat,1,ar1,2025-07-30,2025-08-06,337298.0,333888.583,False,2533.803,3409.417,11624124.5856,1.3456
izhodiscna,AGREGAT,Agregat,1,naivni,2025-08-06,2025-08-13,338360.0,337298.0,False,2514.4478,1062.0,1127844.0,0.4224
izhodiscna,AGREGAT,Agregat,1,lin,2025-08-06,2025-08-13,338360.0,330464.9816,False,2514.4478,7895.0184,62331316.1241,3.1399
izhodiscna,AGREGAT,Agregat,1,ar1,2025-08-06,2025-08-13,338360.0,335246.748,False,2514.4478,3113.252,9692337.8553,1.2381
izhodiscna,AGREGAT,Agregat,1,naivni,2025-08-13,2025-08-20,330223.0,338360.0,False,2493.0882,8137.0,66210769.0,3.2638
izhodiscna,AGREGAT,Agregat,1,lin,2025-08-13,2025-08-20,330223.0,331424.4778,False,2493.0882,1201.4778,1443548.9871,0.4819
izhodiscna,AGREGAT,Agregat,1,ar1,2025-08-13,2025-08-20,330223.0,336436.0499,False,2493.0882,6213.0499,38601989.5054,2.4921
izhodiscna,AGREGAT,Agregat,1,naivni,2025-08-20,2025-08-27,336866.0,330223.0,False,2574.8841,6643.0,44129449.0,2.5799
izhodiscna,AGREGAT,Agregat,1,lin,2025-08-20,2025-08-27,336866.0,331867.4435,False,2574.8841,4998.5565,24985567.301,1.9413
izhodiscna,AGREGAT,Agregat,1,ar1,2025-08-20,2025-08-27,336866.0,328749.0958,False,2574.8841,8116.9042,65884134.2575,3.1523
izhodiscna,AGREGAT,Agregat,1,naivni,2025-08-27,2025-09-03,336324.0,336866.0,False,2633.0,542.0,293764.0,0.2058
izhodiscna,AGREGAT,Agregat,1,lin,2025-08-27,2025-09-03,336324.0,332659.2233,False,2633.0,3664.7767,13430587.9674,1.3919
izhodiscna,AGREGAT,Agregat,1,ar1,2025-08-27,2025-09-03,336324.0,335055.6339,False,2633.0,1268.3661,1608752.575,0.4817
izhodiscna,AGREGAT,Agregat,1,naivni,2025-09-03,2025-09-10,337284.0,336324.0,False,2603.5493,960.0,921600.0,0.3687
izhodiscna,AGREGAT,Agregat,1,lin,2025-09-03,2025-09-10,337284.0,333378.8599,False,2603.5493,3905.1401,15250118.9085,1.4999
izhodiscna,AGREGAT,Agregat,1,ar1,2025-09-03,2025-09-10,337284.0,334642.0482,False,2603.5493,2641.9518,6979909.1898,1.0148
izhodiscna,AGREGAT,Agregat,1,naivni,2025-09-10,2025-09-17,337606.0,337284.0,False,2580.7222,322.0,103684.0,0.1248
izhodiscna,AGREGAT,Agregat,1,lin,2025-09-10,2025-09-17,337606.0,334113.0616,False,2580.7222,3492.9384,12200618.36,1.3535
izhodiscna,AGREGAT,Agregat,1,ar1,2025-09-10,2025-09-17,337606.0,335658.9261,False,2580.7222,1947.0739,3791096.8891,0.7545
izhodiscna,AGREGAT,Agregat,1,naivni,2025-09-17,2025-09-24,338438.0,337606.0,False,2549.7808,832.0,692224.0,0.3263
izhodiscna,AGREGAT,Agregat,1,lin,2025-09-17,2025-09-24,338438.0,334826.428,False,2549.7808,3611.572,13043452.3861,1.4164
izhodiscna,AGREGAT,Agregat,1,ar1,2025-09-17,2025-09-24,338438.0,336060.0778,False,2549.7808,2377.9222,5654513.8842,0.9326
izhodiscna,AGREGAT,Agregat,1,naivni,2025-09-24,2025-10-01,337912.0,338438.0,False,2526.5676,526.0,276676.0,0.2082
izhodiscna,AGREGAT,Agregat,1,lin,2025-09-24,2025-10-01,337912.0,335547.3802,False,2526.5676,2364.6198,5591426.8923,0.9359
izhodiscna,AGREGAT,Agregat,1,ar1,2025-09-24,2025-10-01,337912.0,336949.3764,False,2526.5676,962.6236,926644.1761,0.381
izhodiscna,AGREGAT,Agregat,1,naivni,2025-10-01,2025-10-08,339426.0,337912.0,False,2499.8933,1514.0,2292196.0,0.6056
izhodiscna,AGREGAT,Agregat,1,lin,2025-10-01,2025-10-08,339426.0,336203.9705,False,2499.8933,3222.0295,10381473.9293,1.2889
izhodiscna,AGREGAT,Agregat,1,ar1,2025-10-01,2025-10-08,339426.0,336517.8461,False,2499.8933,2908.1539,8457359.3599,1.1633
izhodiscna,AGREGAT,Agregat,1,naivni,2025-10-08,2025-10-15,341525.0,339426.0,False,2486.9211,2099.0,4405801.0,0.844
izhodiscna,AGREGAT,Agregat,1,lin,2025-10-08,2025-10-15,341525.0,336905.9098,False,2486.9211,4619.0902,21335994.5119,1.8574
izhodiscna,AGREGAT,Agregat,1,ar1,2025-10-08,2025-10-15,341525.0,338057.3683,False,2486.9211,3467.6317,12024469.6482,1.3943
izhodiscna,AGREGAT,Agregat,1,naivni,2025-10-15,2025-10-22,342725.0,341525.0,False,2481.8831,1200.0,1440000.0,0.4835
izhodiscna,AGREGAT,Agregat,1,lin,2025-10-15,2025-10-22,342725.0,337680.5661,False,2481.8831,5044.4339,25446313.3658,2.0325
izhodiscna,AGREGAT,Agregat,1,ar1,2025-10-15,2025-10-22,342725.0,340183.8147,False,2481.8831,2541.1853,6457622.9712,1.0239
izhodiscna,AGREGAT,Agregat,1,naivni,2025-10-22,2025-10-29,345945.0,342725.0,False,2465.4487,3220.0,10368400.0,1.3061
izhodiscna,AGREGAT,Agregat,1,lin,2025-10-22,2025-10-29,345945.0,338478.258,False,2465.4487,7466.742,55752235.6002,3.0286
izhodiscna,AGREGAT,Agregat,1,ar1,2025-10-22,2025-10-29,345945.0,341443.2437,False,2465.4487,4501.7563,20265809.3559,1.8259
izhodiscna,AGREGAT,Agregat,1,naivni,2025-10-29,2025-11-05,344187.0,345945.0,False,2475.0,1758.0,3090564.0,0.7103
izhodiscna,AGREGAT,Agregat,1,lin,2025-10-29,2025-11-05,344187.0,339398.6617,False,2475.0,4788.3383,22928183.5904,1.9347
izhodiscna,AGREGAT,Agregat,1,ar1,2025-10-29,2025-11-05,344187.0,344722.4419,False,2475.0,535.4419,286698.0763,0.2163
izhodiscna,AGREGAT,Agregat,1,naivni,2025-11-05,2025-11-12,345410.0,344187.0,False,2466.0375,1223.0,1495729.0,0.4959
izhodiscna,AGREGAT,Agregat,1,lin,2025-11-05,2025-11-12,345410.0,340189.1031,False,2466.0375,5220.8969,27257764.5822,2.1171
izhodiscna,AGREGAT,Agregat,1,ar1,2025-11-05,2025-11-12,345410.0,343037.6281,False,2466.0375,2372.3719,5628148.6266,0.962
izhodiscna,AGREGAT,Agregat,1,naivni,2025-11-12,2025-11-19,345542.0,345410.0,False,2450.6914,132.0,17424.0,0.0539
izhodiscna,AGREGAT,Agregat,1,lin,2025-11-12,2025-11-19,345542.0,341002.0867,False,2450.6914,4539.9133,20610812.582,1.8525
izhodiscna,AGREGAT,Agregat,1,ar1,2025-11-12,2025-11-19,345542.0,344318.9524,False,2450.6914,1223.0476,1495845.4904,0.4991
izhodiscna,AGREGAT,Agregat,1,naivni,2025-11-19,2025-11-26,346771.0,345542.0,False,2422.4146,1229.0,1510441.0,0.5073
izhodiscna,AGREGAT,Agregat,1,lin,2025-11-19,2025-11-26,346771.0,341783.7861,False,2422.4146,4987.2139,24872302.7725,2.0588
izhodiscna,AGREGAT,Agregat,1,ar1,2025-11-19,2025-11-26,346771.0,344510.6323,False,2422.4146,2260.3677,5109262.1705,0.9331
izhodiscna,AGREGAT,Agregat,1,naivni,2025-11-26,2025-12-03,346438.0,346771.0,False,2408.0361,333.0,110889.0,0.1383
izhodiscna,AGREGAT,Agregat,1,lin,2025-11-26,2025-12-03,346438.0,342588.0878,False,2408.0361,3849.9122,14821824.1041,1.5988
izhodiscna,AGREGAT,Agregat,1,ar1,2025-11-26,2025-12-03,346438.0,345793.9152,False,2408.0361,644.0848,414845.1953,0.2675
izhodiscna,AGREGAT,Agregat,1,naivni,2025-12-03,2025-12-10,345448.0,346438.0,False,2383.3333,990.0,980100.0,0.4154
izhodiscna,AGREGAT,Agregat,1,lin,2025-12-03,2025-12-10,345448.0,343340.2664,False,2383.3333,2107.7336,4442540.9852,0.8844
izhodiscna,AGREGAT,Agregat,1,ar1,2025-12-03,2025-12-10,345448.0,345512.0481,False,2383.3333,64.0481,4102.1614,0.0269
izhodiscna,AGREGAT,Agregat,1,naivni,2025-12-10,2025-12-17,343720.0,345448.0,False,2366.9412,1728.0,2985984.0,0.7301
izhodiscna,AGREGAT,Agregat,1,lin,2025-12-10,2025-12-17,343720.0,344012.4668,False,2366.9412,292.4668,85536.8045,0.1236
izhodiscna,AGREGAT,Agregat,1,ar1,2025-12-10,2025-12-17,343720.0,344569.5192,False,2366.9412,849.5192,721682.885,0.3589
izhodiscna,AGREGAT,Agregat,1,naivni,2025-12-17,2026-01-07,343438.0,343720.0,True,2359.5116,282.0,79524.0,0.1195
izhodiscna,AGREGAT,Agregat,1,lin,2025-12-17,2026-01-07,343438.0,344574.8765,True,2359.5116,1136.8765,1292488.1845,0.4818
izhodiscna,AGREGAT,Agregat,1,ar1,2025-12-17,2026-01-07,343438.0,342893.7456,True,2359.5116,544.2544,296212.848,0.2307
izhodiscna,AGREGAT,Agregat,1,naivni,2026-01-07,2026-01-14,344389.0,343438.0,False,2335.6322,951.0,904401.0,0.4072
izhodiscna,AGREGAT,Agregat,1,lin,2026-01-07,2026-01-14,344389.0,345098.8276,False,2335.6322,709.8276,503855.2021,0.3039
izhodiscna,AGREGAT,Agregat,1,ar1,2026-01-07,2026-01-14,344389.0,342647.5057,False,2335.6322,1741.4943,3032802.4814,0.7456
izhodiscna,AGREGAT,Agregat,1,naivni,2026-01-14,2026-01-21,346342.0,344389.0,False,2319.8977,1953.0,3814209.0,0.8418
izhodiscna,AGREGAT,Agregat,1,lin,2026-01-14,2026-01-21,346342.0,345641.6816,False,2319.8977,700.3184,490445.9135,0.3019
izhodiscna,AGREGAT,Agregat,1,ar1,2026-01-14,2026-01-21,346342.0,343615.5045,False,2319.8977,2726.4955,7433777.7974,1.1753
izhodiscna,AGREGAT,Agregat,1,naivni,2026-01-21,2026-01-28,349679.0,346342.0,False,2315.7753,3337.0,11135569.0,1.441
izhodiscna,AGREGAT,Agregat,1,lin,2026-01-21,2026-01-28,349679.0,346247.0315,False,2315.7753,3431.9685,11778408.0549,1.482
izhodiscna,AGREGAT,Agregat,1,ar1,2026-01-21,2026-01-28,349679.0,345579.3901,False,2315.7753,4099.6099,16806801.1516,1.7703
izhodiscna,AGREGAT,Agregat,1,naivni,2026-01-28,2026-02-04,351644.0,349679.0,False,2327.1222,1965.0,3861225.0,0.8444
izhodiscna,AGREGAT,Agregat,1,lin,2026-01-28,2026-02-04,351644.0,346972.6249,False,2327.1222,4671.3751,21821745.2462,2.0074
izhodiscna,AGREGAT,Agregat,1,ar1,2026-01-28,2026-02-04,351644.0,348940.0733,False,2327.1222,2703.9267,7311219.6959,1.1619
izhodiscna,AGREGAT,Agregat,1,naivni,2026-02-04,2026-02-11,353144.0,351644.0,False,2323.1429,1500.0,2250000.0,0.6457
izhodiscna,AGREGAT,Agregat,1,lin,2026-02-04,2026-02-11,353144.0,347752.9255,False,2323.1429,5391.0745,29063684.6329,2.3206
izhodiscna,AGREGAT,Agregat,1,ar1,2026-02-04,2026-02-11,353144.0,350952.31,False,2323.1429,2191.69,4803505.1008,0.9434
izhodiscna,AGREGAT,Agregat,1,naivni,2026-02-11,2026-02-18,357623.0,353144.0,False,2314.1957,4479.0,20061441.0,1.9354
izhodiscna,AGREGAT,Agregat,1,lin,2026-02-11,2026-02-18,357623.0,348565.2728,False,2314.1957,9057.7272,82042422.1922,3.914
izhodiscna,AGREGAT,Agregat,1,ar1,2026-02-11,2026-02-18,357623.0,352503.448,False,2314.1957,5119.552,26209813.1157,2.2122
izhodiscna,AGREGAT,Agregat,1,naivni,2026-02-18,2026-02-25,356328.0,357623.0,False,2337.4731,1295.0,1677025.0,0.554
izhodiscna,AGREGAT,Agregat,1,lin,2026-02-18,2026-02-25,356328.0,349534.8813,False,2337.4731,6793.1187,46146462.1768,2.9062
izhodiscna,AGREGAT,Agregat,1,ar1,2026-02-18,2026-02-25,356328.0,357099.9608,False,2337.4731,771.9608,595923.5144,0.3303
izhodiscna,AGREGAT,Agregat,1,naivni,2026-02-25,2026-03-04,354998.0,356328.0,False,2326.383,1330.0,1768900.0,0.5717
izhodiscna,AGREGAT,Agregat,1,lin,2026-02-25,2026-03-04,354998.0,350411.1664,False,2326.383,4586.8336,21039042.4248,1.9717
izhodiscna,AGREGAT,Agregat,1,ar1,2026-02-25,2026-03-04,354998.0,355801.0464,False,2326.383,803.0464,644883.4563,0.3452
izhodiscna,AGREGAT,Agregat,1,naivni,2026-03-04,2026-03-11,356104.0,354998.0,False,2315.8947,1106.0,1223236.0,0.4776
izhodiscna,AGREGAT,Agregat,1,lin,2026-03-04,2026-03-11,356104.0,351197.0127,False,2315.8947,4906.9873,24078524.173,2.1188
izhodiscna,AGREGAT,Agregat,1,ar1,2026-03-04,2026-03-11,356104.0,354472.5872,False,2315.8947,1631.4128,2661507.6807,0.7044
izhodiscna,AGREGAT,Agregat,1,naivni,2026-03-11,2026-03-18,356088.0,356104.0,False,2303.2917,16.0,256.0,0.0069
izhodiscna,AGREGAT,Agregat,1,lin,2026-03-11,2026-03-18,356088.0,351997.0464,False,2303.2917,4090.9536,16735901.4248,1.7761
izhodiscna,AGREGAT,Agregat,1,ar1,2026-03-11,2026-03-18,356088.0,355620.1054,False,2303.2917,467.8946,218925.4021,0.2031
izhodiscna,AGREGAT,Agregat,1,naivni,2026-03-18,2026-03-25,358335.0,356088.0,False,2279.7113,2247.0,5049009.0,0.9857
izhodiscna,AGREGAT,Agregat,1,lin,2026-03-18,2026-03-25,358335.0,352764.805,False,2279.7113,5570.195,31027072.7248,2.4434
izhodiscna,AGREGAT,Agregat,1,ar1,2026-03-18,2026-03-25,358335.0,355626.2312,False,2279.7113,2708.7688,7337428.2765,1.1882
izhodiscna,AGREGAT,Agregat,1,naivni,2026-03-25,2026-04-08,356251.0,358335.0,True,2279.3776,2084.0,4343056.0,0.9143
izhodiscna,AGREGAT,Agregat,1,lin,2026-03-25,2026-04-08,356251.0,353593.1742,True,2279.3776,2657.8258,7064038.0316,1.166
izhodiscna,AGREGAT,Agregat,1,ar1,2026-03-25,2026-04-08,356251.0,357931.9588,True,2279.3776,1680.9588,2825622.6523,0.7375
izhodiscna,AGREGAT,Agregat,1,naivni,2026-04-08,2026-04-15,354433.0,356251.0,False,2277.404,1818.0,3305124.0,0.7983
izhodiscna,AGREGAT,Agregat,1,lin,2026-04-08,2026-04-15,354433.0,354306.1739,False,2277.404,126.8261,16084.8496,0.0557
izhodiscna,AGREGAT,Agregat,1,ar1,2026-04-08,2026-04-15,354433.0,355829.7187,False,2277.404,1396.7187,1950823.2138,0.6133
izhodiscna,AGREGAT,Agregat,1,naivni,2026-04-15,2026-04-29,357801.0,354433.0,True,2272.81,3368.0,11343424.0,1.4819
izhodiscna,AGREGAT,Agregat,1,lin,2026-04-15,2026-04-29,357801.0,354919.4624,True,2272.81,2881.5376,8303259.0772,1.2678
izhodiscna,AGREGAT,Agregat,1,ar1,2026-04-15,2026-04-29,357801.0,354009.7482,True,2272.81,3791.2518,14373590.0121,1.6681
izhodiscna,AGREGAT,Agregat,1,naivni,2026-04-29,2026-05-06,355597.0,357801.0,False,2283.6535,2204.0,4857616.0,0.9651
izhodiscna,AGREGAT,Agregat,1,lin,2026-04-29,2026-05-06,355597.0,355640.8033,False,2283.6535,43.8033,1918.7325,0.0192
izhodiscna,AGREGAT,Agregat,1,ar1,2026-04-29,2026-05-06,355597.0,357423.6297,False,2283.6535,1826.6297,3336575.9539,0.7999
izhodiscna,AGREGAT,Agregat,1,naivni,2026-05-06,2026-05-13,356367.0,355597.0,False,2282.8725,770.0,592900.0,0.3373
izhodiscna,AGREGAT,Agregat,1,lin,2026-05-06,2026-05-13,356367.0,356249.0874,False,2282.8725,117.9126,13903.3863,0.0517
izhodiscna,AGREGAT,Agregat,1,ar1,2026-05-06,2026-05-13,356367.0,355208.8601,False,2282.8725,1158.1399,1341287.9856,0.5073
izhodiscna,AGREGAT,Agregat,1,naivni,2026-05-13,2026-05-20,355114.0,356367.0,False,2268.1845,1253.0,1570009.0,0.5524
izhodiscna,AGREGAT,Agregat,1,lin,2026-05-13,2026-05-20,355114.0,356863.5831,False,2268.1845,1749.5831,3061040.9692,0.7714
izhodiscna,AGREGAT,Agregat,1,ar1,2026-05-13,2026-05-20,355114.0,355998.3821,False,2268.1845,884.3821,782131.6436,0.3899
izhodiscna,AGREGAT,Agregat,1,naivni,2026-05-20,2026-05-27,357006.0,355114.0,False,2258.4231,1892.0,3579664.0,0.8378
izhodiscna,AGREGAT,Agregat,1,lin,2026-05-20,2026-05-27,357006.0,357406.9577,False,2258.4231,400.9577,160767.071,0.1775
izhodiscna,AGREGAT,Agregat,1,ar1,2026-05-20,2026-05-27,357006.0,354749.7793,False,2258.4231,2256.2207,5090531.6616,0.999
izhodiscna,AGREGAT,Agregat,1,naivni,2026-05-27,2026-06-03,354706.0,357006.0,False,2254.9333,2300.0,5290000.0,1.02
izhodiscna,AGREGAT,Agregat,1,lin,2026-05-27,2026-06-03,354706.0,358000.9094,False,2254.9333,3294.9094,10856428.178,1.4612
izhodiscna,AGREGAT,Agregat,1,ar1,2026-05-27,2026-06-03,354706.0,356663.9004,False,2254.9333,1957.9004,3833374.0516,0.8683
izhodiscna,AGREGAT,Agregat,1,naivni,2026-06-03,2026-06-17,352051.0,354706.0,True,2255.3585,2655.0,7049025.0,1.1772
izhodiscna,AGREGAT,Agregat,1,lin,2026-06-03,2026-06-17,352051.0,358486.6054,True,2255.3585,6435.6054,41417016.3575,2.8535
izhodiscna,AGREGAT,Agregat,1,ar1,2026-06-03,2026-06-17,352051.0,354362.3192,True,2255.3585,2311.3192,5342196.5402,1.0248
izhodiscna,AGREGAT,Agregat,1,naivni,2026-06-17,2026-06-24,352445.0,352051.0,False,2259.0935,394.0,155236.0,0.1744
izhodiscna,AGREGAT,Agregat,1,lin,2026-06-17,2026-06-24,352445.0,358855.409,False,2259.0935,6410.409,41093343.0991,2.8376
izhodiscna,AGREGAT,Agregat,1,ar1,2026-06-17,2026-06-24,352445.0,351718.0741,False,2259.0935,726.9259,528421.2328,0.3218
izhodiscna,AGREGAT,Agregat,1,naivni,2026-06-24,2026-07-01,351046.0,352445.0,False,2241.8241,1399.0,1957201.0,0.624
izhodiscna,AGREGAT,Agregat,1,lin,2026-06-24,2026-07-01,351046.0,359224.0438,False,2241.8241,8178.0438,66880400.9316,3.6479
izhodiscna,AGREGAT,Agregat,1,ar1,2026-06-24,2026-07-01,351046.0,352118.9648,False,2241.8241,1072.9648,1151253.5452,0.4786
izhodiscna,AGREGAT,Agregat,1,naivni,2026-07-01,2026-07-08,350810.0,351046.0,False,2234.0917,236.0,55696.0,0.1056
izhodiscna,AGREGAT,Agregat,1,lin,2026-07-01,2026-07-08,350810.0,359527.3318,False,2234.0917,8717.3318,75991873.3012,3.902
izhodiscna,AGREGAT,Agregat,1,ar1,2026-07-01,2026-07-08,350810.0,350734.8902,False,2234.0917,75.1098,5641.4833,0.0336
izhodiscna,AGREGAT,Agregat,1,naivni,2026-07-08,2026-07-15,351969.0,350810.0,False,2215.9273,1159.0,1343281.0,0.523
izhodiscna,AGREGAT,Agregat,1,lin,2026-07-08,2026-07-15,351969.0,359809.8464,False,2215.9273,7840.8464,61478871.5697,3.5384
izhodiscna,AGREGAT,Agregat,1,ar1,2026-07-08,2026-07-15,351969.0,350507.6944,False,2215.9273,1461.3056,2135413.9249,0.6595
izhodiscna,AGREGAT,Agregat,4,naivni,2025-04-09,2025-05-07,328455.0,325445.0,False,1630.0196,3010.0,9060100.0,1.8466
izhodiscna,AGREGAT,Agregat,4,lin,2025-04-09,2025-05-07,328455.0,317002.5604,False,1630.0196,11452.4396,131158372.7236,7.026
izhodiscna,AGREGAT,Agregat,4,ar1,2025-04-09,2025-05-07,328455.0,326235.3184,False,1630.0196,2219.6816,4926986.4393,1.3618
izhodiscna,AGREGAT,Agregat,4,naivni,2025-04-16,2025-05-14,329807.0,326003.0,False,1609.4038,3804.0,14470416.0,2.3636
izhodiscna,AGREGAT,Agregat,4,lin,2025-04-16,2025-05-14,329807.0,318123.1746,False,1609.4038,11683.8254,136511774.8268,7.2597
izhodiscna,AGREGAT,Agregat,4,ar1,2025-04-16,2025-05-14,329807.0,326961.9931,False,1609.4038,2845.0069,8094064.0745,1.7677
izhodiscna,AGREGAT,Agregat,4,naivni,2025-04-23,2025-05-21,329389.0,327005.0,False,1597.9434,2384.0,5683456.0,1.4919
izhodiscna,AGREGAT,Agregat,4,lin,2025-04-23,2025-05-21,329389.0,319243.954,False,1597.9434,10145.046,102921959.0047,6.3488
izhodiscna,AGREGAT,Agregat,4,ar1,2025-04-23,2025-05-21,329389.0,328320.5751,False,1597.9434,1068.4249,1141531.7711,0.6686
izhodiscna,AGREGAT,Agregat,4,naivni,2025-04-30,2025-05-28,331652.0,330206.0,False,1627.6296,1446.0,2090916.0,0.8884
izhodiscna,AGREGAT,Agregat,4,lin,2025-04-30,2025-05-28,331652.0,320537.3903,False,1627.6296,11114.6097,123534548.0744,6.8287
izhodiscna,AGREGAT,Agregat,4,ar1,2025-04-30,2025-05-28,331652.0,333080.0376,False,1627.6296,1428.0376,2039291.3827,0.8774
izhodiscna,AGREGAT,Agregat,4,naivni,2025-05-07,2025-06-04,334280.0,328455.0,False,1629.8727,5825.0,33930625.0,3.5739
izhodiscna,AGREGAT,Agregat,4,lin,2025-05-07,2025-06-04,334280.0,321606.9453,False,1629.8727,12673.0547,160606314.977,7.7755
izhodiscna,AGREGAT,Agregat,4,ar1,2025-05-07,2025-06-04,334280.0,329960.3279,False,1629.8727,4319.6721,18659566.6542,2.6503
izhodiscna,AGREGAT,Agregat,4,naivni,2025-05-14,2025-06-11,301611.0,329807.0,False,1624.9107,28196.0,795014416.0,17.3523
izhodiscna,AGREGAT,Agregat,4,lin,2025-05-14,2025-06-11,301611.0,322705.6174,False,1624.9107,21094.6174,444982883.4879,12.982
izhodiscna,AGREGAT,Agregat,4,ar1,2025-05-14,2025-06-11,301611.0,331737.3812,False,1624.9107,30126.3812,907598843.5137,18.5403
izhodiscna,AGREGAT,Agregat,4,naivni,2025-05-21,2025-06-18,332772.0,329389.0,False,1603.7368,3383.0,11444689.0,2.1094
izhodiscna,AGREGAT,Agregat,4,lin,2025-05-21,2025-06-18,332772.0,323699.4397,False,1603.7368,9072.5603,82311350.5128,5.6571
izhodiscna,AGREGAT,Agregat,4,ar1,2025-05-21,2025-06-18,332772.0,330934.3935,False,1603.7368,1837.6065,3376797.5532,1.1458
izhodiscna,AGREGAT,Agregat,4,naivni,2025-05-28,2025-07-02,333508.0,331652.0,True,1615.1034,1856.0,3444736.0,1.1492
izhodiscna,AGREGAT,Agregat,4,lin,2025-05-28,2025-07-02,333508.0,324792.0257,True,1615.1034,8715.9743,75968208.7389,5.3965
izhodiscna,AGREGAT,Agregat,4,ar1,2025-05-28,2025-07-02,333508.0,333950.635,True,1615.1034,442.635,195925.7133,0.2741
izhodiscna,AGREGAT,Agregat,4,naivni,2025-06-04,2025-07-09,334710.0,334280.0,True,1632.2712,430.0,184900.0,0.2634
izhodiscna,AGREGAT,Agregat,4,lin,2025-06-04,2025-07-09,334710.0,326001.5482,True,1632.2712,8708.4518,75837132.4551,5.3352
izhodiscna,AGREGAT,Agregat,4,ar1,2025-06-04,2025-07-09,334710.0,337575.4676,True,1632.2712,2865.4676,8210904.8129,1.7555
izhodiscna,AGREGAT,Agregat,4,naivni,2025-06-11,2025-07-16,334073.0,301611.0,True,2149.55,32462.0,1053781444.0,15.1018
izhodiscna,AGREGAT,Agregat,4,lin,2025-06-11,2025-07-16,334073.0,324836.2096,True,2149.55,9236.7904,85318296.4402,4.2971
izhodiscna,AGREGAT,Agregat,4,ar1,2025-06-11,2025-07-16,334073.0,305148.99,True,2149.55,28924.01,836598353.11,13.4558
izhodiscna,AGREGAT,Agregat,4,naivni,2025-06-18,2025-07-23,337328.0,332772.0,True,2625.1475,4556.0,20757136.0,1.7355
izhodiscna,AGREGAT,Agregat,4,lin,2025-06-18,2025-07-23,337328.0,325889.1364,True,2625.1475,11438.8636,130847599.6416,4.3574
izhodiscna,AGREGAT,Agregat,4,ar1,2025-06-18,2025-07-23,337328.0,322949.2442,True,2625.1475,14378.7558,206748617.1561,5.4773
izhodiscna,AGREGAT,Agregat,4,naivni,2025-07-02,2025-07-30,336061.0,333508.0,False,2594.6774,2553.0,6517809.0,0.9839
izhodiscna,AGREGAT,Agregat,4,lin,2025-07-02,2025-07-30,336061.0,326926.7855,False,2594.6774,9134.2145,83433874.7097,3.5204
izhodiscna,AGREGAT,Agregat,4,ar1,2025-07-02,2025-07-30,336061.0,324229.6381,False,2594.6774,11831.3619,139981125.3846,4.5599
izhodiscna,AGREGAT,Agregat,4,naivni,2025-07-09,2025-08-06,337298.0,334710.0,False,2572.5714,2588.0,6697744.0,1.006
izhodiscna,AGREGAT,Agregat,4,lin,2025-07-09,2025-08-06,337298.0,327981.2744,False,2572.5714,9316.7256,86801375.3904,3.6216
izhodiscna,AGREGAT,Agregat,4,ar1,2025-07-09,2025-08-06,337298.0,325850.3338,False,2572.5714,11447.6662,131049060.386,4.4499
izhodiscna,AGREGAT,Agregat,4,naivni,2025-07-16,2025-08-13,338360.0,334073.0,False,2542.3281,4287.0,18378369.0,1.6862
izhodiscna,AGREGAT,Agregat,4,lin,2025-07-16,2025-08-13,338360.0,328930.3565,False,2542.3281,9429.6435,88918177.1306,3.7091
izhodiscna,AGREGAT,Agregat,4,ar1,2025-07-16,2025-08-13,338360.0,325986.7232,False,2542.3281,12373.2768,153097979.4453,4.8669
izhodiscna,AGREGAT,Agregat,4,naivni,2025-07-23,2025-08-20,330223.0,337328.0,False,2553.2923,7105.0,50481025.0,2.7827
izhodiscna,AGREGAT,Agregat,4,lin,2025-07-23,2025-08-20,330223.0,330033.1494,False,2553.2923,189.8506,36043.2424,0.0744
izhodiscna,AGREGAT,Agregat,4,ar1,2025-07-23,2025-08-20,330223.0,329225.9745,False,2553.2923,997.0255,994059.8795,0.3905
izhodiscna,AGREGAT,Agregat,4,naivni,2025-07-30,2025-08-27,336866.0,336061.0,False,2533.803,805.0,648025.0,0.3177
izhodiscna,AGREGAT,Agregat,4,lin,2025-07-30,2025-08-27,336866.0,330990.9001,False,2533.803,5875.0999,34516799.1659,2.3187
izhodiscna,AGREGAT,Agregat,4,ar1,2025-07-30,2025-08-27,336866.0,328733.967,False,2533.803,8132.033,66129960.2507,3.2094
izhodiscna,AGREGAT,Agregat,4,naivni,2025-08-06,2025-09-03,336324.0,337298.0,False,2514.4478,974.0,948676.0,0.3874
izhodiscna,AGREGAT,Agregat,4,lin,2025-08-06,2025-09-03,336324.0,331970.4237,False,2514.4478,4353.5763,18953626.6561,1.7314
izhodiscna,AGREGAT,Agregat,4,ar1,2025-08-06,2025-09-03,336324.0,330288.8881,False,2514.4478,6035.1119,36422576.2153,2.4002
izhodiscna,AGREGAT,Agregat,4,naivni,2025-08-13,2025-09-10,337284.0,338360.0,False,2493.0882,1076.0,1157776.0,0.4316
izhodiscna,AGREGAT,Agregat,4,lin,2025-08-13,2025-09-10,337284.0,332959.3424,False,2493.0882,4324.6576,18702663.4061,1.7347
izhodiscna,AGREGAT,Agregat,4,ar1,2025-08-13,2025-09-10,337284.0,331709.1998,False,2493.0882,5574.8002,31078397.094,2.2361
izhodiscna,AGREGAT,Agregat,4,naivni,2025-08-20,2025-09-17,337606.0,330223.0,False,2574.8841,7383.0,54508689.0,2.8673
izhodiscna,AGREGAT,Agregat,4,lin,2025-08-20,2025-09-17,337606.0,333397.9566,False,2574.8841,4208.0434,17707629.1787,1.6343
izhodiscna,AGREGAT,Agregat,4,ar1,2025-08-20,2025-09-17,337606.0,325240.7797,False,2574.8841,12365.2203,152898672.9036,4.8022
izhodiscna,AGREGAT,Agregat,4,naivni,2025-08-27,2025-09-24,338438.0,336866.0,False,2633.0,1572.0,2471184.0,0.597
izhodiscna,AGREGAT,Agregat,4,lin,2025-08-27,2025-09-24,338438.0,334207.337,False,2633.0,4230.663,17898509.2323,1.6068
izhodiscna,AGREGAT,Agregat,4,ar1,2025-08-27,2025-09-24,338438.0,330629.679,False,2633.0,7808.321,60969877.0864,2.9656
izhodiscna,AGREGAT,Agregat,4,naivni,2025-09-03,2025-10-01,337912.0,336324.0,False,2603.5493,1588.0,2521744.0,0.6099
izhodiscna,AGREGAT,Agregat,4,lin,2025-09-03,2025-10-01,337912.0,334939.5242,False,2603.5493,2972.4758,8835612.236,1.1417
izhodiscna,AGREGAT,Agregat,4,ar1,2025-09-03,2025-10-01,337912.0,330507.4396,False,2603.5493,7404.5604,54827514.0968,2.844
izhodiscna,AGREGAT,Agregat,4,naivni,2025-09-10,2025-10-08,339426.0,337284.0,False,2580.7222,2142.0,4588164.0,0.83
izhodiscna,AGREGAT,Agregat,4,lin,2025-09-10,2025-10-08,339426.0,335686.7382,False,2580.7222,3739.2618,13982078.4717,1.4489
izhodiscna,AGREGAT,Agregat,4,ar1,2025-09-10,2025-10-08,339426.0,331621.9452,False,2580.7222,7804.0548,60903271.2062,3.024
izhodiscna,AGREGAT,Agregat,4,naivni,2025-09-17,2025-10-15,341525.0,337606.0,False,2549.7808,3919.0,15358561.0,1.537
izhodiscna,AGREGAT,Agregat,4,lin,2025-09-17,2025-10-15,341525.0,336411.433,False,2549.7808,5113.567,26148567.0583,2.0055
izhodiscna,AGREGAT,Agregat,4,ar1,2025-09-17,2025-10-15,341525.0,332190.379,False,2549.7808,9334.621,87135149.3387,3.661
izhodiscna,AGREGAT,Agregat,4,naivni,2025-09-24,2025-10-22,342725.0,338438.0,False,2526.5676,4287.0,18378369.0,1.6968
izhodiscna,AGREGAT,Agregat,4,lin,2025-09-24,2025-10-22,342725.0,337143.7902,False,2526.5676,5581.2098,31149902.8941,2.209
izhodiscna,AGREGAT,Agregat,4,ar1,2025-09-24,2025-10-22,342725.0,333189.7892,False,2526.5676,9535.2108,90920245.8318,3.774
izhodiscna,AGREGAT,Agregat,4,naivni,2025-10-01,2025-10-29,345945.0,337912.0,False,2499.8933,8033.0,64529089.0,3.2133
izhodiscna,AGREGAT,Agregat,4,lin,2025-10-01,2025-10-29,345945.0,337807.6538,False,2499.8933,8137.3462,66216403.0607,3.2551
izhodiscna,AGREGAT,Agregat,4,ar1,2025-10-01,2025-10-29,345945.0,332984.3976,False,2499.8933,12960.6024,167977215.335,5.1845
izhodiscna,AGREGAT,Agregat,4,naivni,2025-10-08,2025-11-05,344187.0,339426.0,False,2486.9211,4761.0,22667121.0,1.9144
izhodiscna,AGREGAT,Agregat,4,lin,2025-10-08,2025-11-05,344187.0,338519.2495,False,2486.9211,5667.7505,32123395.8736,2.279
izhodiscna,AGREGAT,Agregat,4,ar1,2025-10-08,2025-11-05,344187.0,334554.1416,False,2486.9211,9632.8584,92791961.1963,3.8734
izhodiscna,AGREGAT,Agregat,4,naivni,2025-10-15,2025-11-12,345410.0,341525.0,False,2481.8831,3885.0,15093225.0,1.5653
izhodiscna,AGREGAT,Agregat,4,lin,2025-10-15,2025-11-12,345410.0,339307.3988,False,2481.8831,6102.6012,37241741.7209,2.4589
izhodiscna,AGREGAT,Agregat,4,ar1,2025-10-15,2025-11-12,345410.0,336709.7462,False,2481.8831,8700.2538,75694416.5478,3.5055
izhodiscna,AGREGAT,Agregat,4,naivni,2025-10-22,2025-11-19,345542.0,342725.0,False,2465.4487,2817.0,7935489.0,1.1426
izhodiscna,AGREGAT,Agregat,4,lin,2025-10-22,2025-11-19,345542.0,340119.4578,False,2465.4487,5422.5422,29403964.2867,2.1994
izhodiscna,AGREGAT,Agregat,4,ar1,2025-10-22,2025-11-19,345542.0,338093.2875,False,2465.4487,7448.7125,55483318.4012,3.0212
izhodiscna,AGREGAT,Agregat,4,naivni,2025-10-29,2025-11-26,346771.0,345945.0,False,2475.0,826.0,682276.0,0.3337
izhodiscna,AGREGAT,Agregat,4,lin,2025-10-29,2025-11-26,346771.0,341060.6024,False,2475.0,5710.3976,32608640.8529,2.3072
izhodiscna,AGREGAT,Agregat,4,ar1,2025-10-29,2025-11-26,346771.0,341476.9614,False,2475.0,5294.0386,28026844.3522,2.139
izhodiscna,AGREGAT,Agregat,4,naivni,2025-11-05,2025-12-03,346438.0,344187.0,False,2466.0375,2251.0,5067001.0,0.9128
izhodiscna,AGREGAT,Agregat,4,lin,2025-11-05,2025-12-03,346438.0,341864.0203,False,2466.0375,4573.9797,20921290.3409,1.8548
izhodiscna,AGREGAT,Agregat,4,ar1,2025-11-05,2025-12-03,346438.0,339992.3712,False,2466.0375,6445.6288,41546131.1481,2.6138
izhodiscna,AGREGAT,Agregat,4,naivni,2025-11-12,2025-12-10,345448.0,345410.0,False,2450.6914,38.0,1444.0,0.0155
izhodiscna,AGREGAT,Agregat,4,lin,2025-11-12,2025-12-10,345448.0,342690.8118,False,2450.6914,2757.1882,7602086.95,1.1251
izhodiscna,AGREGAT,Agregat,4,ar1,2025-11-12,2025-12-10,345448.0,341405.988,False,2450.6914,4042.012,16337860.8919,1.6493
izhodiscna,AGREGAT,Agregat,4,naivni,2025-11-19,2025-12-17,343720.0,345542.0,False,2422.4146,1822.0,3319684.0,0.7521
izhodiscna,AGREGAT,Agregat,4,lin,2025-11-19,2025-12-17,343720.0,343484.2321,False,2422.4146,235.7679,55586.5196,0.0973
izhodiscna,AGREGAT,Agregat,4,ar1,2025-11-19,2025-12-17,343720.0,341746.2553,False,2422.4146,1973.7447,3895668.1452,0.8148
izhodiscna,AGREGAT,Agregat,4,naivni,2025-11-26,2026-01-07,343438.0,346771.0,True,2408.0361,3333.0,11108889.0,1.3841
izhodiscna,AGREGAT,Agregat,4,lin,2025-11-26,2026-01-07,343438.0,344301.1066,True,2408.0361,863.1066,744952.9701,0.3584
izhodiscna,AGREGAT,Agregat,4,ar1,2025-11-26,2026-01-07,343438.0,343157.0451,True,2408.0361,280.9549,78935.6608,0.1167
izhodiscna,AGREGAT,Agregat,4,naivni,2025-12-03,2026-01-14,344389.0,346438.0,True,2383.3333,2049.0,4198401.0,0.8597
izhodiscna,AGREGAT,Agregat,4,lin,2025-12-03,2026-01-14,344389.0,345062.7651,True,2383.3333,673.7651,453959.4582,0.2827
izhodiscna,AGREGAT,Agregat,4,ar1,2025-12-03,2026-01-14,344389.0,343008.3519,True,2383.3333,1380.6481,1906189.2535,0.5793
izhodiscna,AGREGAT,Agregat,4,naivni,2025-12-10,2026-01-21,346342.0,345448.0,True,2366.9412,894.0,799236.0,0.3777
izhodiscna,AGREGAT,Agregat,4,lin,2025-12-10,2026-01-21,346342.0,345740.0362,True,2366.9412,601.9638,362360.3713,0.2543
izhodiscna,AGREGAT,Agregat,4,ar1,2025-12-10,2026-01-21,346342.0,342194.6082,True,2366.9412,4147.3918,17200859.1324,1.7522
izhodiscna,AGREGAT,Agregat,4,naivni,2025-12-17,2026-01-28,349679.0,343720.0,True,2359.5116,5959.0,35509681.0,2.5255
izhodiscna,AGREGAT,Agregat,4,lin,2025-12-17,2026-01-28,349679.0,346301.7584,True,2359.5116,3377.2416,11405761.0576,1.4313
izhodiscna,AGREGAT,Agregat,4,ar1,2025-12-17,2026-01-28,349679.0,340664.9324,True,2359.5116,9014.0676,81253415.0118,3.8203
izhodiscna,AGREGAT,Agregat,4,naivni,2026-01-07,2026-02-04,351644.0,343438.0,False,2335.6322,8206.0,67338436.0,3.5134
izhodiscna,AGREGAT,Agregat,4,lin,2026-01-07,2026-02-04,351644.0,346823.0966,False,2335.6322,4820.9034,23241109.5312,2.0641
izhodiscna,AGREGAT,Agregat,4,ar1,2026-01-07,2026-02-04,351644.0,340512.4536,False,2335.6322,11131.5464,123911324.9272,4.766
izhodiscna,AGREGAT,Agregat,4,naivni,2026-01-14,2026-02-11,353144.0,344389.0,False,2319.8977,8755.0,76650025.0,3.7739
izhodiscna,AGREGAT,Agregat,4,lin,2026-01-14,2026-02-11,353144.0,347364.3555,False,2319.8977,5779.6445,33404290.9537,2.4913
izhodiscna,AGREGAT,Agregat,4,ar1,2026-01-14,2026-02-11,353144.0,341518.2994,False,2319.8977,11625.7006,135156913.7499,5.0113
izhodiscna,AGREGAT,Agregat,4,naivni,2026-01-21,2026-02-18,357623.0,346342.0,False,2315.7753,11281.0,127260961.0,4.8714
izhodiscna,AGREGAT,Agregat,4,lin,2026-01-21,2026-02-18,357623.0,347971.2445,False,2315.7753,9651.7555,93156383.7682,4.1678
izhodiscna,AGREGAT,Agregat,4,ar1,2026-01-21,2026-02-18,357623.0,343499.2003,False,2315.7753,14123.7997,199481717.6147,6.099
izhodiscna,AGREGAT,Agregat,4,naivni,2026-01-28,2026-02-25,356328.0,349679.0,False,2327.1222,6649.0,44209201.0,2.8572
izhodiscna,AGREGAT,Agregat,4,lin,2026-01-28,2026-02-25,356328.0,348704.2168,False,2327.1222,7623.7832,58122070.4924,3.2761
izhodiscna,AGREGAT,Agregat,4,ar1,2026-01-28,2026-02-25,356328.0,346905.5209,False,2327.1222,9422.4791,88783111.8806,4.049
izhodiscna,AGREGAT,Agregat,4,naivni,2026-02-04,2026-03-04,354998.0,351644.0,False,2323.1429,3354.0,11249316.0,1.4437
izhodiscna,AGREGAT,Agregat,4,lin,2026-02-04,2026-03-04,354998.0,349494.3449,False,2323.1429,5503.6551,30290219.2302,2.3691
izhodiscna,AGREGAT,Agregat,4,ar1,2026-02-04,2026-03-04,354998.0,349035.1601,False,2323.1429,5962.8399,35555460.0333,2.5667
izhodiscna,AGREGAT,Agregat,4,naivni,2026-02-11,2026-03-11,356104.0,353144.0,False,2314.1957,2960.0,8761600.0,1.2791
izhodiscna,AGREGAT,Agregat,4,lin,2026-02-11,2026-03-11,356104.0,350317.7926,False,2314.1957,5786.2074,33480196.0132,2.5003
izhodiscna,AGREGAT,Agregat,4,ar1,2026-02-11,2026-03-11,356104.0,350718.347,False,2314.1957,5385.653,29005258.2849,2.3272
izhodiscna,AGREGAT,Agregat,4,naivni,2026-02-18,2026-03-18,356088.0,357623.0,False,2337.4731,1535.0,2356225.0,0.6567
izhodiscna,AGREGAT,Agregat,4,lin,2026-02-18,2026-03-18,356088.0,351305.6585,False,2337.4731,4782.3415,22870789.8963,2.0459
izhodiscna,AGREGAT,Agregat,4,ar1,2026-02-18,2026-03-18,356088.0,355623.8137,False,2337.4731,464.1863,215468.9178,0.1986
izhodiscna,AGREGAT,Agregat,4,naivni,2026-02-25,2026-03-25,358335.0,356328.0,False,2326.383,2007.0,4028049.0,0.8627
izhodiscna,AGREGAT,Agregat,4,lin,2026-02-25,2026-03-25,358335.0,352195.3511,False,2326.383,6139.6489,37695288.0281,2.6391
izhodiscna,AGREGAT,Agregat,4,ar1,2026-02-25,2026-03-25,358335.0,354316.887,False,2326.383,4018.113,16145232.2601,1.7272
izhodiscna,AGREGAT,Agregat,4,naivni,2026-03-04,2026-04-08,356251.0,354998.0,True,2315.8947,1253.0,1570009.0,0.541
izhodiscna,AGREGAT,Agregat,4,lin,2026-03-04,2026-04-08,356251.0,352990.0638,True,2315.8947,3260.9362,10633705.1366,1.4081
izhodiscna,AGREGAT,Agregat,4,ar1,2026-03-04,2026-04-08,356251.0,352995.6433,True,2315.8947,3255.3567,10597347.1327,1.4057
izhodiscna,AGREGAT,Agregat,4,naivni,2026-03-11,2026-04-15,354433.0,356104.0,True,2303.2917,1671.0,2792241.0,0.7255
izhodiscna,AGREGAT,Agregat,4,lin,2026-03-11,2026-04-15,354433.0,353799.389,True,2303.2917,633.611,401462.8772,0.2751
izhodiscna,AGREGAT,Agregat,4,ar1,2026-03-11,2026-04-15,354433.0,354254.9324,True,2303.2917,178.0676,31708.0807,0.0773
izhodiscna,AGREGAT,Agregat,4,naivni,2026-03-18,2026-04-29,357801.0,356088.0,True,2279.7113,1713.0,2934369.0,0.7514
izhodiscna,AGREGAT,Agregat,4,lin,2026-03-18,2026-04-29,357801.0,354574.7375,True,2279.7113,3226.2625,10408769.8068,1.4152
izhodiscna,AGREGAT,Agregat,4,ar1,2026-03-18,2026-04-29,357801.0,354322.1459,True,2279.7113,3478.8541,12102425.8304,1.526
izhodiscna,AGREGAT,Agregat,4,naivni,2026-03-25,2026-05-06,355597.0,358335.0,True,2279.3776,2738.0,7496644.0,1.2012
izhodiscna,AGREGAT,Agregat,4,lin,2026-03-25,2026-05-06,355597.0,355413.2343,True,2279.3776,183.7657,33769.818,0.0806
izhodiscna,AGREGAT,Agregat,4,ar1,2026-03-25,2026-05-06,355597.0,356787.2713,True,2279.3776,1190.2713,1416745.6999,0.5222
izhodiscna,AGREGAT,Agregat,4,naivni,2026-04-08,2026-05-13,356367.0,356251.0,True,2277.404,116.0,13456.0,0.0509
izhodiscna,AGREGAT,Agregat,4,lin,2026-04-08,2026-05-13,356367.0,356130.9708,True,2277.404,236.0292,55709.7799,0.1036
izhodiscna,AGREGAT,Agregat,4,ar1,2026-04-08,2026-05-13,356367.0,354637.4921,True,2277.404,1729.5079,2991197.6457,0.7594
izhodiscna,AGREGAT,Agregat,4,naivni,2026-04-15,2026-05-20,355114.0,354433.0,True,2272.81,681.0,463761.0,0.2996
izhodiscna,AGREGAT,Agregat,4,lin,2026-04-15,2026-05-20,355114.0,356744.4808,True,2272.81,1630.4808,2658467.7653,0.7174
izhodiscna,AGREGAT,Agregat,4,ar1,2026-04-15,2026-05-20,355114.0,352815.151,True,2272.81,2298.849,5284706.7964,1.0115
izhodiscna,AGREGAT,Agregat,4,naivni,2026-04-29,2026-05-27,357006.0,357801.0,False,2283.6535,795.0,632025.0,0.3481
izhodiscna,AGREGAT,Agregat,4,lin,2026-04-29,2026-05-27,357006.0,357470.7588,False,2283.6535,464.7588,216000.7043,0.2035
izhodiscna,AGREGAT,Agregat,4,ar1,2026-04-29,2026-05-27,357006.0,356351.4573,False,2283.6535,654.5427,428426.1437,0.2866
izhodiscna,AGREGAT,Agregat,4,naivni,2026-05-06,2026-06-03,354706.0,355597.0,False,2282.8725,891.0,793881.0,0.3903
izhodiscna,AGREGAT,Agregat,4,lin,2026-05-06,2026-06-03,354706.0,358078.9692,False,2282.8725,3372.9692,11376921.1798,1.4775
izhodiscna,AGREGAT,Agregat,4,ar1,2026-05-06,2026-06-03,354706.0,354109.8275,False,2282.8725,596.1725,355421.6994,0.2612
izhodiscna,AGREGAT,Agregat,4,naivni,2026-05-13,2026-06-17,352051.0,356367.0,True,2268.1845,4316.0,18627856.0,1.9028
izhodiscna,AGREGAT,Agregat,4,lin,2026-05-13,2026-06-17,352051.0,358693.6593,True,2268.1845,6642.6593,44124922.053,2.9286
izhodiscna,AGREGAT,Agregat,4,ar1,2026-05-13,2026-06-17,352051.0,354952.5987,True,2268.1845,2901.5987,8419275.0842,1.2793
izhodiscna,AGREGAT,Agregat,4,naivni,2026-05-20,2026-06-24,352445.0,355114.0,True,2258.4231,2669.0,7123561.0,1.1818
izhodiscna,AGREGAT,Agregat,4,lin,2026-05-20,2026-06-24,352445.0,359234.2044,True,2258.4231,6789.2044,46093295.7622,3.0062
izhodiscna,AGREGAT,Agregat,4,ar1,2026-05-20,2026-06-24,352445.0,353717.9841,True,2258.4231,1272.9841,1620488.6301,0.5637
izhodiscna,AGREGAT,Agregat,4,naivni,2026-05-27,2026-07-01,351046.0,357006.0,True,2254.9333,5960.0,35521600.0,2.6431
izhodiscna,AGREGAT,Agregat,4,lin,2026-05-27,2026-07-01,351046.0,359827.5198,True,2254.9333,8781.5198,77115089.4224,3.8944
izhodiscna,AGREGAT,Agregat,4,ar1,2026-05-27,2026-07-01,351046.0,355691.4002,True,2254.9333,4645.4002,21579743.0239,2.0601
izhodiscna,AGREGAT,Agregat,4,naivni,2026-06-03,2026-07-08,350810.0,354706.0,True,2255.3585,3896.0,15178816.0,1.7274
izhodiscna,AGREGAT,Agregat,4,lin,2026-06-03,2026-07-08,350810.0,360308.0834,True,2255.3585,9498.0834,90213588.9609,4.2113
izhodiscna,AGREGAT,Agregat,4,ar1,2026-06-03,2026-07-08,350810.0,353388.3431,True,2255.3585,2578.3431,6647853.0182,1.1432
izhodiscna,AGREGAT,Agregat,4,naivni,2026-06-17,2026-07-15,351969.0,352051.0,False,2259.0935,82.0,6724.0,0.0363
izhodiscna,AGREGAT,Agregat,4,lin,2026-06-17,2026-07-15,351969.0,360667.0467,False,2259.0935,8698.0467,75656015.7945,3.8502
izhodiscna,AGREGAT,Agregat,4,ar1,2026-06-17,2026-07-15,351969.0,350777.6766,False,2259.0935,1191.3234,1419251.5247,0.5273
delno_ocisceno,1010P,Dermatološki pregled - prvi,1,naivni,2025-04-09,2025-04-16,29052.0,28616.0,False,199.3529,436.0,190096.0,2.1871
delno_ocisceno,1010P,Dermatološki pregled - prvi,1,lin,2025-04-09,2025-04-16,29052.0,29422.638,False,199.3529,370.638,137372.5338,1.8592
delno_ocisceno,1010P,Dermatološki pregled - prvi,1,ar1,2025-04-09,2025-04-16,29052.0,28624.6838,False,199.3529,427.3162,182599.1071,2.1435
delno_ocisceno,1010P,Dermatološki pregled - prvi,1,naivni,2025-04-16,2025-04-23,29251.0,29052.0,False,203.9038,199.0,39601.0,0.976
delno_ocisceno,1010P,Dermatološki pregled - prvi,1,lin,2025-04-16,2025-04-23,29251.0,29466.3578,False,203.9038,215.3578,46378.9669,1.0562
delno_ocisceno,1010P,Dermatološki pregled - prvi,1,ar1,2025-04-16,2025-04-23,29251.0,29047.3906,False,203.9038,203.6094,41456.8009,0.9986
delno_ocisceno,1010P,Dermatološki pregled - prvi,1,naivni,2025-04-23,2025-04-30,29477.0,29251.0,False,203.8113,226.0,51076.0,1.1089
delno_ocisceno,1010P,Dermatološki pregled - prvi,1,lin,2025-04-23,2025-04-30,29477.0,29521.3208,False,203.8113,44.3208,1964.3293,0.2175
delno_ocisceno,1010P,Dermatološki pregled - prvi,1,ar1,2025-04-23,2025-04-30,29477.0,29243.4171,False,203.8113,233.5829,54560.9864,1.1461
delno_ocisceno,1010P,Dermatološki pregled - prvi,1,naivni,2025-04-30,2025-05-07,29399.0,29477.0,False,204.2222,78.0,6084.0,0.3819
delno_ocisceno,1010P,Dermatološki pregled - prvi,1,lin,2025-04-30,2025-05-07,29399.0,29588.5778,False,204.2222,189.5778,35939.7338,0.9283
delno_ocisceno,1010P,Dermatološki pregled - prvi,1,ar1,2025-04-30,2025-05-07,29399.0,29468.0989,False,204.2222,69.0989,4774.6519,0.3384
delno_ocisceno,1010P,Dermatološki pregled - prvi,1,naivni,2025-05-07,2025-05-14,29670.0,29399.0,False,201.9273,271.0,73441.0,1.3421
delno_ocisceno,1010P,Dermatološki pregled - prvi,1,lin,2025-05-07,2025-05-14,29670.0,29645.4305,False,201.9273,24.5695,603.6594,0.1217
delno_ocisceno,1010P,Dermatološki pregled - prvi,1,ar1,2025-05-07,2025-05-14,29670.0,29390.8264,False,201.9273,279.1736,77937.9075,1.3825
delno_ocisceno,1010P,Dermatološki pregled - prvi,1,naivni,2025-05-14,2025-05-21,29970.0,29670.0,False,203.1607,300.0,90000.0,1.4767
delno_ocisceno,1010P,Dermatološki pregled - prvi,1,lin,2025-05-14,2025-05-21,29970.0,29717.1924,False,203.1607,252.8076,63911.7049,1.2444
delno_ocisceno,1010P,Dermatološki pregled - prvi,1,ar1,2025-05-14,2025-05-21,29970.0,29661.1932,False,203.1607,308.8068,95361.6573,1.52
delno_ocisceno,1010P,Dermatološki pregled - prvi,1,naivni,2025-05-21,2025-05-28,30268.0,29970.0,False,204.8596,298.0,88804.0,1.4547
delno_ocisceno,1010P,Dermatološki pregled - prvi,1,lin,2025-05-21,2025-05-28,30268.0,29804.7096,False,204.8596,463.2904,214637.9772,2.2615
delno_ocisceno,1010P,Dermatološki pregled - prvi,1,ar1,2025-05-21,2025-05-28,30268.0,29964.3048,False,204.8596,303.6952,92230.7699,1.4825
delno_ocisceno,1010P,Dermatološki pregled - prvi,1,naivni,2025-05-28,2025-06-04,30363.0,30268.0,False,206.4655,95.0,9025.0,0.4601
delno_ocisceno,1010P,Dermatološki pregled - prvi,1,lin,2025-05-28,2025-06-04,30363.0,29906.6447,False,206.4655,456.3553,208260.2034,2.2103
delno_ocisceno,1010P,Dermatološki pregled - prvi,1,ar1,2025-05-28,2025-06-04,30363.0,30269.4317,False,206.4655,93.5683,8755.0259,0.4532
delno_ocisceno,1010P,Dermatološki pregled - prvi,1,naivni,2025-06-04,2025-06-18,30935.0,30363.0,True,204.5763,572.0,327184.0,2.796
delno_ocisceno,1010P,Dermatološki pregled - prvi,1,lin,2025-06-04,2025-06-18,30935.0,30008.3791,True,204.5763,926.6209,858626.2996,4.5295
delno_ocisceno,1010P,Dermatološki pregled - prvi,1,ar1,2025-06-04,2025-06-18,30935.0,30367.3922,True,204.5763,567.6078,322178.5604,2.7746
delno_ocisceno,1010P,Dermatološki pregled - prvi,1,naivni,2025-06-18,2025-07-02,31670.0,30935.0,True,210.7,735.0,540225.0,3.4884
delno_ocisceno,1010P,Dermatološki pregled - prvi,1,lin,2025-06-18,2025-07-02,31670.0,30141.2,True,210.7,1528.8,2337229.44,7.2558
delno_ocisceno,1010P,Dermatološki pregled - prvi,1,ar1,2025-06-18,2025-07-02,31670.0,30963.5837,True,210.7,706.4163,499023.9521,3.3527
delno_ocisceno,1010P,Dermatološki pregled - prvi,1,naivni,2025-07-02,2025-07-09,31780.0,31670.0,False,219.2951,110.0,12100.0,0.5016
delno_ocisceno,1010P,Dermatološki pregled - prvi,1,lin,2025-07-02,2025-07-09,31780.0,30313.3612,False,219.2951,1466.6388,2151029.415,6.688
delno_ocisceno,1010P,Dermatološki pregled - prvi,1,ar1,2025-07-02,2025-07-09,31780.0,31752.5167,False,219.2951,27.4833,755.3315,0.1253
delno_ocisceno,1010P,Dermatološki pregled - prvi,1,naivni,2025-07-09,2025-07-16,31700.0,31780.0,False,217.5323,80.0,6400.0,0.3678
delno_ocisceno,1010P,Dermatološki pregled - prvi,1,lin,2025-07-09,2025-07-16,31700.0,30482.3584,False,217.5323,1217.6416,1482651.0102,5.5975
delno_ocisceno,1010P,Dermatološki pregled - prvi,1,ar1,2025-07-09,2025-07-16,31700.0,31864.5444,False,217.5323,164.5444,27074.8566,0.7564
delno_ocisceno,1010P,Dermatološki pregled - prvi,1,naivni,2025-07-16,2025-07-23,31383.0,31700.0,False,215.3492,317.0,100489.0,1.472
delno_ocisceno,1010P,Dermatološki pregled - prvi,1,lin,2025-07-16,2025-07-23,31383.0,30636.5208,False,215.3492,746.4792,557231.1463,3.4664
delno_ocisceno,1010P,Dermatološki pregled - prvi,1,ar1,2025-07-16,2025-07-23,31383.0,31768.466,False,215.3492,385.466,148584.0189,1.79
delno_ocisceno,1010P,Dermatološki pregled - prvi,1,naivni,2025-07-23,2025-07-30,31320.0,31383.0,False,216.9375,63.0,3969.0,0.2904
delno_ocisceno,1010P,Dermatološki pregled - prvi,1,lin,2025-07-23,2025-07-30,31320.0,30762.274,False,216.9375,557.726,311058.2482,2.5709
delno_ocisceno,1010P,Dermatološki pregled - prvi,1,ar1,2025-07-23,2025-07-30,31320.0,31422.9546,False,216.9375,102.9546,10599.6426,0.4746
delno_ocisceno,1010P,Dermatološki pregled - prvi,1,naivni,2025-07-30,2025-08-06,31705.0,31320.0,False,214.5692,385.0,148225.0,1.7943
delno_ocisceno,1010P,Dermatološki pregled - prvi,1,lin,2025-07-30,2025-08-06,31705.0,30876.9357,False,214.5692,828.0643,685690.544,3.8592
delno_ocisceno,1010P,Dermatološki pregled - prvi,1,ar1,2025-07-30,2025-08-06,31705.0,31353.8798,False,214.5692,351.1202,123285.3941,1.6364
delno_ocisceno,1010P,Dermatološki pregled - prvi,1,naivni,2025-08-06,2025-08-13,31763.0,31705.0,False,217.1515,58.0,3364.0,0.2671
delno_ocisceno,1010P,Dermatološki pregled - prvi,1,lin,2025-08-06,2025-08-13,31763.0,31007.9891,False,217.1515,755.0109,570041.3909,3.4769
delno_ocisceno,1010P,Dermatološki pregled - prvi,1,ar1,2025-08-06,2025-08-13,31763.0,31755.4835,False,217.1515,7.5165,56.4982,0.0346
delno_ocisceno,1010P,Dermatološki pregled - prvi,1,naivni,2025-08-13,2025-08-20,31629.0,31763.0,False,214.7761,134.0,17956.0,0.6239
delno_ocisceno,1010P,Dermatološki pregled - prvi,1,lin,2025-08-13,2025-08-20,31629.0,31135.1089,False,214.7761,493.8911,243928.4508,2.2996
delno_ocisceno,1010P,Dermatološki pregled - prvi,1,ar1,2025-08-13,2025-08-20,31629.0,31813.0484,False,214.7761,184.0484,33873.812,0.8569
delno_ocisceno,1010P,Dermatološki pregled - prvi,1,naivni,2025-08-20,2025-08-27,31624.0,31629.0,False,213.5882,5.0,25.0,0.0234
delno_ocisceno,1010P,Dermatološki pregled - prvi,1,lin,2025-08-20,2025-08-27,31624.0,31247.413,False,213.5882,376.587,141817.7358,1.7631
delno_ocisceno,1010P,Dermatološki pregled - prvi,1,ar1,2025-08-20,2025-08-27,31624.0,31668.8268,False,213.5882,44.8268,2009.4434,0.2099
delno_ocisceno,1010P,Dermatološki pregled - prvi,1,naivni,2025-08-27,2025-09-03,31639.0,31624.0,False,210.5652,15.0,225.0,0.0712
delno_ocisceno,1010P,Dermatološki pregled - prvi,1,lin,2025-08-27,2025-09-03,31639.0,31353.2186,False,210.5652,285.7814,81670.9894,1.3572
delno_ocisceno,1010P,Dermatološki pregled - prvi,1,ar1,2025-08-27,2025-09-03,31639.0,31661.1584,False,210.5652,22.1584,490.9952,0.1052
delno_ocisceno,1010P,Dermatološki pregled - prvi,1,naivni,2025-09-03,2025-09-10,31563.0,31639.0,False,207.7714,76.0,5776.0,0.3658
delno_ocisceno,1010P,Dermatološki pregled - prvi,1,lin,2025-09-03,2025-09-10,31563.0,31454.06,False,207.7714,108.94,11867.9324,0.5243
delno_ocisceno,1010P,Dermatološki pregled - prvi,1,ar1,2025-09-03,2025-09-10,31563.0,31674.5586,False,207.7714,111.5586,12445.3193,0.5369
delno_ocisceno,1010P,Dermatološki pregled - prvi,1,naivni,2025-09-10,2025-09-17,31723.0,31563.0,False,205.9155,160.0,25600.0,0.777
delno_ocisceno,1010P,Dermatološki pregled - prvi,1,lin,2025-09-10,2025-09-17,31723.0,31545.1886,False,205.9155,177.8114,31616.9025,0.8635
delno_ocisceno,1010P,Dermatološki pregled - prvi,1,ar1,2025-09-10,2025-09-17,31723.0,31594.0848,False,205.9155,128.9152,16619.1373,0.6261
delno_ocisceno,1010P,Dermatološki pregled - prvi,1,naivni,2025-09-17,2025-09-24,31872.0,31723.0,False,205.2778,149.0,22201.0,0.7258
delno_ocisceno,1010P,Dermatološki pregled - prvi,1,lin,2025-09-17,2025-09-24,31872.0,31640.1324,False,205.2778,231.8676,53762.5746,1.1295
delno_ocisceno,1010P,Dermatološki pregled - prvi,1,ar1,2025-09-17,2025-09-24,31872.0,31757.2971,False,205.2778,114.7029,13156.7638,0.5588
delno_ocisceno,1010P,Dermatološki pregled - prvi,1,naivni,2025-09-24,2025-10-01,31771.0,31872.0,False,204.5068,101.0,10201.0,0.4939
delno_ocisceno,1010P,Dermatološki pregled - prvi,1,lin,2025-09-24,2025-10-01,31771.0,31738.0641,False,204.5068,32.9359,1084.7768,0.1611
delno_ocisceno,1010P,Dermatološki pregled - prvi,1,ar1,2025-09-24,2025-10-01,31771.0,31909.3371,False,204.5068,138.3371,19137.1482,0.6764
delno_ocisceno,1010P,Dermatološki pregled - prvi,1,naivni,2025-10-01,2025-10-08,31646.0,31771.0,False,203.1081,125.0,15625.0,0.6154
delno_ocisceno,1010P,Dermatološki pregled - prvi,1,lin,2025-10-01,2025-10-08,31646.0,31825.4695,False,203.1081,179.4695,32209.3192,0.8836
delno_ocisceno,1010P,Dermatološki pregled - prvi,1,ar1,2025-10-01,2025-10-08,31646.0,31803.213,False,203.1081,157.213,24715.9209,0.774
delno_ocisceno,1010P,Dermatološki pregled - prvi,1,naivni,2025-10-08,2025-10-15,31631.0,31646.0,False,202.0667,15.0,225.0,0.0742
delno_ocisceno,1010P,Dermatološki pregled - prvi,1,lin,2025-10-08,2025-10-15,31631.0,31901.7074,False,202.0667,270.7074,73282.4793,1.3397
delno_ocisceno,1010P,Dermatološki pregled - prvi,1,ar1,2025-10-08,2025-10-15,31631.0,31673.5536,False,202.0667,42.5536,1810.8066,0.2106
delno_ocisceno,1010P,Dermatološki pregled - prvi,1,naivni,2025-10-15,2025-10-22,31599.0,31631.0,False,199.6053,32.0,1024.0,0.1603
delno_ocisceno,1010P,Dermatološki pregled - prvi,1,lin,2025-10-15,2025-10-22,31599.0,31973.1442,False,199.6053,374.1442,139983.9005,1.8744
delno_ocisceno,1010P,Dermatološki pregled - prvi,1,ar1,2025-10-15,2025-10-22,31599.0,31657.0659,False,199.6053,58.0659,3371.6517,0.2909
delno_ocisceno,1010P,Dermatološki pregled - prvi,1,naivni,2025-10-22,2025-10-29,31664.0,31599.0,False,197.4286,65.0,4225.0,0.3292
delno_ocisceno,1010P,Dermatološki pregled - prvi,1,lin,2025-10-22,2025-10-29,31664.0,32039.1865,False,197.4286,375.1865,140764.8949,1.9004
delno_ocisceno,1010P,Dermatološki pregled - prvi,1,ar1,2025-10-22,2025-10-29,31664.0,31623.4391,False,197.4286,40.5609,1645.1867,0.2054
delno_ocisceno,1010P,Dermatološki pregled - prvi,1,naivni,2025-10-29,2025-11-05,31420.0,31664.0,False,195.7308,244.0,59536.0,1.2466
delno_ocisceno,1010P,Dermatološki pregled - prvi,1,lin,2025-10-29,2025-11-05,31420.0,32105.0545,False,195.7308,685.0545,469299.706,3.5
delno_ocisceno,1010P,Dermatološki pregled - prvi,1,ar1,2025-10-29,2025-11-05,31420.0,31688.5023,False,195.7308,268.5023,72093.4846,1.3718
delno_ocisceno,1010P,Dermatološki pregled - prvi,1,naivni,2025-11-05,2025-11-12,31411.0,31420.0,False,196.3418,9.0,81.0,0.0458
delno_ocisceno,1010P,Dermatološki pregled - prvi,1,lin,2025-11-05,2025-11-12,31411.0,32155.3104,False,196.3418,744.3104,553998.0356,3.7909
delno_ocisceno,1010P,Dermatološki pregled - prvi,1,ar1,2025-11-05,2025-11-12,31411.0,31440.4202,False,196.3418,29.4202,865.5498,0.1498
delno_ocisceno,1010P,Dermatološki pregled - prvi,1,naivni,2025-11-12,2025-11-19,31276.0,31411.0,False,194.0,135.0,18225.0,0.6959
delno_ocisceno,1010P,Dermatološki pregled - prvi,1,lin,2025-11-12,2025-11-19,31276.0,32202.4287,False,194.0,926.4287,858270.143,4.7754
delno_ocisceno,1010P,Dermatološki pregled - prvi,1,ar1,2025-11-12,2025-11-19,31276.0,31430.6748,False,194.0,154.6748,23924.2891,0.7973
delno_ocisceno,1010P,Dermatološki pregled - prvi,1,naivni,2025-11-19,2025-11-26,31343.0,31276.0,False,193.2716,67.0,4489.0,0.3467
delno_ocisceno,1010P,Dermatološki pregled - prvi,1,lin,2025-11-19,2025-11-26,31343.0,32240.439,False,193.2716,897.439,805396.8025,4.6434
delno_ocisceno,1010P,Dermatološki pregled - prvi,1,ar1,2025-11-19,2025-11-26,31343.0,31294.3679,False,193.2716,48.6321,2365.0843,0.2516
delno_ocisceno,1010P,Dermatološki pregled - prvi,1,naivni,2025-11-26,2025-12-03,31108.0,31343.0,False,191.7317,235.0,55225.0,1.2257
delno_ocisceno,1010P,Dermatološki pregled - prvi,1,lin,2025-11-26,2025-12-03,31108.0,32279.5742,False,191.7317,1171.5742,1372586.1043,6.1105
delno_ocisceno,1010P,Dermatološki pregled - prvi,1,ar1,2025-11-26,2025-12-03,31108.0,31360.9984,False,191.7317,252.9984,64008.1834,1.3195
delno_ocisceno,1010P,Dermatološki pregled - prvi,1,naivni,2025-12-03,2025-12-10,30893.0,31108.0,False,192.253,215.0,46225.0,1.1183
delno_ocisceno,1010P,Dermatološki pregled - prvi,1,lin,2025-12-03,2025-12-10,30893.0,32305.3979,False,192.253,1412.3979,1994867.7636,7.3466
delno_ocisceno,1010P,Dermatološki pregled - prvi,1,ar1,2025-12-03,2025-12-10,30893.0,31125.2836,False,192.253,232.2836,53955.6621,1.2082
delno_ocisceno,1010P,Dermatološki pregled - prvi,1,naivni,2025-12-10,2025-12-17,30842.0,30893.0,False,192.5238,51.0,2601.0,0.2649
delno_ocisceno,1010P,Dermatološki pregled - prvi,1,lin,2025-12-10,2025-12-17,30842.0,32319.5605,False,192.5238,1477.5605,2183185.0436,7.6747
delno_ocisceno,1010P,Dermatološki pregled - prvi,1,ar1,2025-12-10,2025-12-17,30842.0,30910.7836,False,192.5238,68.7836,4731.1884,0.3573
delno_ocisceno,1010P,Dermatološki pregled - prvi,1,naivni,2025-12-17,2026-01-07,30948.0,30842.0,True,190.8588,106.0,11236.0,0.5554
delno_ocisceno,1010P,Dermatološki pregled - prvi,1,lin,2025-12-17,2026-01-07,30948.0,32330.3059,True,190.8588,1382.3059,1910769.5524,7.2426
delno_ocisceno,1010P,Dermatološki pregled - prvi,1,ar1,2025-12-17,2026-01-07,30948.0,30859.7795,True,190.8588,88.2205,7782.865,0.4622
delno_ocisceno,1010P,Dermatološki pregled - prvi,1,naivni,2026-01-07,2026-01-14,30875.0,30948.0,False,189.8721,73.0,5329.0,0.3845
delno_ocisceno,1010P,Dermatološki pregled - prvi,1,lin,2026-01-07,2026-01-14,30875.0,32345.0358,False,189.8721,1470.0358,2161005.31,7.7422
delno_ocisceno,1010P,Dermatološki pregled - prvi,1,ar1,2026-01-07,2026-01-14,30875.0,30964.516,False,189.8721,89.516,8013.1145,0.4715
delno_ocisceno,1010P,Dermatološki pregled - prvi,1,naivni,2026-01-14,2026-01-21,30830.0,30875.0,False,188.5287,45.0,2025.0,0.2387
delno_ocisceno,1010P,Dermatološki pregled - prvi,1,lin,2026-01-14,2026-01-21,30830.0,32355.4169,False,188.5287,1525.4169,2326896.8039,8.0912
delno_ocisceno,1010P,Dermatološki pregled - prvi,1,ar1,2026-01-14,2026-01-21,30830.0,30891.7478,False,188.5287,61.7478,3812.7904,0.3275
delno_ocisceno,1010P,Dermatološki pregled - prvi,1,naivni,2026-01-21,2026-01-28,30715.0,30830.0,False,186.8977,115.0,13225.0,0.6153
delno_ocisceno,1010P,Dermatološki pregled - prvi,1,lin,2026-01-21,2026-01-28,30715.0,32362.9336,False,186.8977,1647.9336,2715685.1689,8.8173
delno_ocisceno,1010P,Dermatološki pregled - prvi,1,ar1,2026-01-21,2026-01-28,30715.0,30846.8339,False,186.8977,131.8339,17380.1814,0.7054
delno_ocisceno,1010P,Dermatološki pregled - prvi,1,naivni,2026-01-28,2026-02-04,30714.0,30715.0,False,186.0899,1.0,1.0,0.0054
delno_ocisceno,1010P,Dermatološki pregled - prvi,1,lin,2026-01-28,2026-02-04,30714.0,32364.6242,False,186.0899,1650.6242,2724560.3147,8.87
delno_ocisceno,1010P,Dermatološki pregled - prvi,1,ar1,2026-01-28,2026-02-04,30714.0,30732.7814,False,186.0899,18.7814,352.7398,0.1009
delno_ocisceno,1010P,Dermatološki pregled - prvi,1,naivni,2026-02-04,2026-02-11,30555.0,30714.0,False,184.0333,159.0,25281.0,0.864
delno_ocisceno,1010P,Dermatološki pregled - prvi,1,lin,2026-02-04,2026-02-11,30555.0,32365.7941,False,184.0333,1810.7941,3278975.4145,9.8395
delno_ocisceno,1010P,Dermatološki pregled - prvi,1,ar1,2026-02-04,2026-02-11,30555.0,30731.4631,False,184.0333,176.4631,31139.223,0.9589
delno_ocisceno,1010P,Dermatološki pregled - prvi,1,naivni,2026-02-11,2026-02-18,30201.0,30555.0,False,183.7582,354.0,125316.0,1.9264
delno_ocisceno,1010P,Dermatološki pregled - prvi,1,lin,2026-02-11,2026-02-18,30201.0,32359.6058,False,183.7582,2158.6058,4659579.1248,11.747
delno_ocisceno,1010P,Dermatološki pregled - prvi,1,ar1,2026-02-11,2026-02-18,30201.0,30574.3355,False,183.7582,373.3355,139379.428,2.0317
delno_ocisceno,1010P,Dermatološki pregled - prvi,1,naivni,2026-02-18,2026-02-25,30066.0,30201.0,False,185.6087,135.0,18225.0,0.7273
delno_ocisceno,1010P,Dermatološki pregled - prvi,1,lin,2026-02-18,2026-02-25,30066.0,32338.0346,False,185.6087,2272.0346,5162141.2036,12.241
delno_ocisceno,1010P,Dermatološki pregled - prvi,1,ar1,2026-02-18,2026-02-25,30066.0,30225.9633,False,185.6087,159.9633,25588.2553,0.8618
delno_ocisceno,1010P,Dermatološki pregled - prvi,1,naivni,2026-02-25,2026-03-04,30035.0,30066.0,False,185.0645,31.0,961.0,0.1675
delno_ocisceno,1010P,Dermatološki pregled - prvi,1,lin,2026-02-25,2026-03-04,30035.0,32311.1428,False,185.0645,2276.1428,5180825.8598,12.2992
delno_ocisceno,1010P,Dermatološki pregled - prvi,1,ar1,2026-02-25,2026-03-04,30035.0,30093.2953,False,185.0645,58.2953,3398.3438,0.315
delno_ocisceno,1010P,Dermatološki pregled - prvi,1,naivni,2026-03-04,2026-03-11,29977.0,30035.0,False,183.4255,58.0,3364.0,0.3162
delno_ocisceno,1010P,Dermatološki pregled - prvi,1,lin,2026-03-04,2026-03-11,29977.0,32283.5691,False,183.4255,2306.5691,5320260.9805,12.575
delno_ocisceno,1010P,Dermatološki pregled - prvi,1,ar1,2026-03-04,2026-03-11,29977.0,30062.5852,False,183.4255,85.5852,7324.8263,0.4666
delno_ocisceno,1010P,Dermatološki pregled - prvi,1,naivni,2026-03-11,2026-03-18,29945.0,29977.0,False,182.1053,32.0,1024.0,0.1757
delno_ocisceno,1010P,Dermatološki pregled - prvi,1,lin,2026-03-11,2026-03-18,29945.0,32254.2285,False,182.1053,2309.2285,5332536.3057,12.6807
delno_ocisceno,1010P,Dermatološki pregled - prvi,1,ar1,2026-03-11,2026-03-18,29945.0,30005.476,False,182.1053,60.476,3657.3458,0.3321
delno_ocisceno,1010P,Dermatološki pregled - prvi,1,naivni,2026-03-18,2026-03-25,30229.0,29945.0,False,180.5417,284.0,80656.0,1.573
delno_ocisceno,1010P,Dermatološki pregled - prvi,1,lin,2026-03-18,2026-03-25,30229.0,32224.2829,False,180.5417,1995.2829,3981153.6947,11.0516
delno_ocisceno,1010P,Dermatološki pregled - prvi,1,ar1,2026-03-18,2026-03-25,30229.0,29973.8275,False,180.5417,255.1725,65113.004,1.4134
delno_ocisceno,1010P,Dermatološki pregled - prvi,1,naivni,2026-03-25,2026-04-08,29859.0,30229.0,True,181.6082,370.0,136900.0,2.0374
delno_ocisceno,1010P,Dermatološki pregled - prvi,1,lin,2026-03-25,2026-04-08,29859.0,32206.6655,True,181.6082,2347.6655,5511533.1799,12.9271
delno_ocisceno,1010P,Dermatološki pregled - prvi,1,ar1,2026-03-25,2026-04-08,29859.0,30251.2951,True,181.6082,392.2951,153895.4196,2.1601
delno_ocisceno,1010P,Dermatološki pregled - prvi,1,naivni,2026-04-08,2026-04-15,29864.0,29859.0,False,183.5306,5.0,25.0,0.0272
delno_ocisceno,1010P,Dermatološki pregled - prvi,1,lin,2026-04-08,2026-04-15,29864.0,32174.3991,False,183.5306,2310.3991,5337943.9688,12.5886
delno_ocisceno,1010P,Dermatološki pregled - prvi,1,ar1,2026-04-08,2026-04-15,29864.0,29889.004,False,183.5306,25.004,625.2022,0.1362
delno_ocisceno,1010P,Dermatološki pregled - prvi,1,naivni,2026-04-15,2026-04-29,30164.0,29864.0,True,181.7273,300.0,90000.0,1.6508
delno_ocisceno,1010P,Dermatološki pregled - prvi,1,lin,2026-04-15,2026-04-29,30164.0,32143.1491,True,181.7273,1979.1491,3917031.124,10.8908
delno_ocisceno,1010P,Dermatološki pregled - prvi,1,ar1,2026-04-15,2026-04-29,30164.0,29893.5417,True,181.7273,270.4583,73147.6818,1.4883
delno_ocisceno,1010P,Dermatološki pregled - prvi,1,naivni,2026-04-29,2026-05-06,30026.0,30164.0,False,182.91,138.0,19044.0,0.7545
delno_ocisceno,1010P,Dermatološki pregled - prvi,1,lin,2026-04-29,2026-05-06,30026.0,32124.5604,False,182.91,2098.5604,4403955.7358,11.4732
delno_ocisceno,1010P,Dermatološki pregled - prvi,1,ar1,2026-04-29,2026-05-06,30026.0,30186.2557,False,182.91,160.2557,25681.8761,0.8761
delno_ocisceno,1010P,Dermatološki pregled - prvi,1,naivni,2026-05-06,2026-05-13,30346.0,30026.0,False,182.4653,320.0,102400.0,1.7538
delno_ocisceno,1010P,Dermatološki pregled - prvi,1,lin,2026-05-06,2026-05-13,30346.0,32100.9047,False,182.4653,1754.9047,3079690.4313,9.6177
delno_ocisceno,1010P,Dermatološki pregled - prvi,1,ar1,2026-05-06,2026-05-13,30346.0,30051.0679,False,182.4653,294.9321,86984.9508,1.6164
delno_ocisceno,1010P,Dermatološki pregled - prvi,1,naivni,2026-05-13,2026-05-20,30447.0,30346.0,False,183.8137,101.0,10201.0,0.5495
delno_ocisceno,1010P,Dermatološki pregled - prvi,1,lin,2026-05-13,2026-05-20,30447.0,32090.1953,False,183.8137,1643.1953,2700090.8497,8.9395
delno_ocisceno,1010P,Dermatološki pregled - prvi,1,ar1,2026-05-13,2026-05-20,30447.0,30363.5559,False,183.8137,83.4441,6962.9213,0.454
delno_ocisceno,1010P,Dermatološki pregled - prvi,1,naivni,2026-05-20,2026-05-27,30870.0,30447.0,False,183.0097,423.0,178929.0,2.3114
delno_ocisceno,1010P,Dermatološki pregled - prvi,1,lin,2026-05-20,2026-05-27,30870.0,32083.4548,False,183.0097,1213.4548,1472472.593,6.6305
delno_ocisceno,1010P,Dermatološki pregled - prvi,1,ar1,2026-05-20,2026-05-27,30870.0,30462.2204,False,183.0097,407.7796,166284.1629,2.2282
delno_ocisceno,1010P,Dermatološki pregled - prvi,1,naivni,2026-05-27,2026-06-03,30293.0,30870.0,False,185.3173,577.0,332929.0,3.1136
delno_ocisceno,1010P,Dermatološki pregled - prvi,1,lin,2026-05-27,2026-06-03,30293.0,32092.7844,False,185.3173,1799.7844,3239224.0025,9.7119
delno_ocisceno,1010P,Dermatološki pregled - prvi,1,ar1,2026-05-27,2026-06-03,30293.0,30876.9331,False,185.3173,583.9331,340977.8408,3.151
delno_ocisceno,1010P,Dermatološki pregled - prvi,1,naivni,2026-06-03,2026-06-17,30068.0,30293.0,True,189.0476,225.0,50625.0,1.1902
delno_ocisceno,1010P,Dermatološki pregled - prvi,1,lin,2026-06-03,2026-06-17,30068.0,32079.7704,True,189.0476,2011.7704,4047219.9428,10.6416
delno_ocisceno,1010P,Dermatološki pregled - prvi,1,ar1,2026-06-03,2026-06-17,30068.0,30310.5947,True,189.0476,242.5947,58852.166,1.2832
delno_ocisceno,1010P,Dermatološki pregled - prvi,1,naivni,2026-06-17,2026-06-24,29952.0,30068.0,False,189.3868,116.0,13456.0,0.6125
delno_ocisceno,1010P,Dermatološki pregled - prvi,1,lin,2026-06-17,2026-06-24,29952.0,32058.5142,False,189.3868,2106.5142,4437402.0539,11.1228
delno_ocisceno,1010P,Dermatološki pregled - prvi,1,ar1,2026-06-17,2026-06-24,29952.0,30090.6513,False,189.3868,138.6513,19224.1855,0.7321
delno_ocisceno,1010P,Dermatološki pregled - prvi,1,naivni,2026-06-24,2026-07-01,29643.0,29952.0,False,188.7009,309.0,95481.0,1.6375
delno_ocisceno,1010P,Dermatološki pregled - prvi,1,lin,2026-06-24,2026-07-01,29643.0,32033.4008,False,188.7009,2390.4008,5714016.1316,12.6677
delno_ocisceno,1010P,Dermatološki pregled - prvi,1,ar1,2026-06-24,2026-07-01,29643.0,29977.2922,False,188.7009,334.2922,111751.2683,1.7715
delno_ocisceno,1010P,Dermatološki pregled - prvi,1,naivni,2026-07-01,2026-07-08,29577.0,29643.0,False,189.8148,66.0,4356.0,0.3477
delno_ocisceno,1010P,Dermatološki pregled - prvi,1,lin,2026-07-01,2026-07-08,29577.0,31997.5117,False,189.8148,2420.5117,5858876.9999,12.752
delno_ocisceno,1010P,Dermatološki pregled - prvi,1,ar1,2026-07-01,2026-07-08,29577.0,29676.097,False,189.8148,99.097,9820.2163,0.5221
delno_ocisceno,1010P,Dermatološki pregled - prvi,1,naivni,2026-07-08,2026-07-15,29233.0,29577.0,False,188.6789,344.0,118336.0,1.8232
delno_ocisceno,1010P,Dermatološki pregled - prvi,1,lin,2026-07-08,2026-07-15,29233.0,31960.1289,False,188.6789,2727.1289,7437232.2597,14.4538
delno_ocisceno,1010P,Dermatološki pregled - prvi,1,ar1,2026-07-08,2026-07-15,29233.0,29611.5744,False,188.6789,378.5744,143318.5506,2.0064
delno_ocisceno,1010P,Dermatološki pregled - prvi,4,naivni,2025-04-09,2025-05-07,29399.0,28616.0,False,199.3529,783.0,613089.0,3.9277
delno_ocisceno,1010P,Dermatološki pregled - prvi,4,lin,2025-04-09,2025-05-07,29399.0,29637.7153,False,199.3529,238.7153,56985.0022,1.1975
delno_ocisceno,1010P,Dermatološki pregled - prvi,4,ar1,2025-04-09,2025-05-07,29399.0,28647.3815,False,199.3529,751.6185,564930.3157,3.7703
delno_ocisceno,1010P,Dermatološki pregled - prvi,4,naivni,2025-04-16,2025-05-14,29670.0,29052.0,False,203.9038,618.0,381924.0,3.0308
delno_ocisceno,1010P,Dermatološki pregled - prvi,4,lin,2025-04-16,2025-05-14,29670.0,29679.104,False,203.9038,9.104,82.8831,0.0446
delno_ocisceno,1010P,Dermatološki pregled - prvi,4,ar1,2025-04-16,2025-05-14,29670.0,29035.2125,False,203.9038,634.7875,402955.1925,3.1132
delno_ocisceno,1010P,Dermatološki pregled - prvi,4,naivni,2025-04-23,2025-05-21,29970.0,29251.0,False,203.8113,719.0,516961.0,3.5278
delno_ocisceno,1010P,Dermatološki pregled - prvi,4,lin,2025-04-23,2025-05-21,29970.0,29732.7618,False,203.8113,237.2382,56281.9603,1.164
delno_ocisceno,1010P,Dermatološki pregled - prvi,4,ar1,2025-04-23,2025-05-21,29970.0,29223.2458,False,203.8113,746.7542,557641.8301,3.6639
delno_ocisceno,1010P,Dermatološki pregled - prvi,4,naivni,2025-04-30,2025-05-28,30268.0,29477.0,False,204.2222,791.0,625681.0,3.8732
delno_ocisceno,1010P,Dermatološki pregled - prvi,4,lin,2025-04-30,2025-05-28,30268.0,29799.7598,False,204.2222,468.2402,219248.8733,2.2928
delno_ocisceno,1010P,Dermatološki pregled - prvi,4,ar1,2025-04-30,2025-05-28,30268.0,29444.2207,False,204.2222,823.7793,678612.386,4.0337
delno_ocisceno,1010P,Dermatološki pregled - prvi,4,naivni,2025-05-07,2025-06-04,30363.0,29399.0,False,201.9273,964.0,929296.0,4.774
delno_ocisceno,1010P,Dermatološki pregled - prvi,4,lin,2025-05-07,2025-06-04,30363.0,29855.5435,False,201.9273,507.4565,257512.0928,2.5131
delno_ocisceno,1010P,Dermatološki pregled - prvi,4,ar1,2025-05-07,2025-06-04,30363.0,29368.9585,False,201.9273,994.0415,988118.4805,4.9228
delno_ocisceno,1010P,Dermatološki pregled - prvi,4,naivni,2025-05-14,2025-06-18,30935.0,29670.0,True,203.1607,1265.0,1600225.0,6.2266
delno_ocisceno,1010P,Dermatološki pregled - prvi,4,lin,2025-05-14,2025-06-18,30935.0,29927.4391,True,203.1607,1007.5609,1015178.9369,4.9594
delno_ocisceno,1010P,Dermatološki pregled - prvi,4,ar1,2025-05-14,2025-06-18,30935.0,29637.3977,True,203.1607,1297.6023,1683771.7439,6.3871
delno_ocisceno,1010P,Dermatološki pregled - prvi,4,naivni,2025-05-21,2025-07-02,31670.0,29970.0,True,204.8596,1700.0,2890000.0,8.2984
delno_ocisceno,1010P,Dermatološki pregled - prvi,4,lin,2025-05-21,2025-07-02,31670.0,30016.2862,True,204.8596,1653.7138,2734769.4418,8.0724
delno_ocisceno,1010P,Dermatološki pregled - prvi,4,ar1,2025-05-21,2025-07-02,31670.0,29948.7331,True,204.8596,1721.2669,2962759.8779,8.4022
delno_ocisceno,1010P,Dermatološki pregled - prvi,4,naivni,2025-05-28,2025-07-09,31780.0,30268.0,True,206.4655,1512.0,2286144.0,7.3233
delno_ocisceno,1010P,Dermatološki pregled - prvi,4,lin,2025-05-28,2025-07-09,31780.0,30120.5769,True,206.4655,1659.4231,2753684.9781,8.0373
delno_ocisceno,1010P,Dermatološki pregled - prvi,4,ar1,2025-05-28,2025-07-09,31780.0,30273.3957,True,206.4655,1506.6043,2269856.5687,7.2971
delno_ocisceno,1010P,Dermatološki pregled - prvi,4,naivni,2025-06-04,2025-07-16,31700.0,30363.0,True,204.5763,1337.0,1787569.0,6.5355
delno_ocisceno,1010P,Dermatološki pregled - prvi,4,lin,2025-06-04,2025-07-16,31700.0,30224.5557,True,204.5763,1475.4443,2176935.7985,7.2122
delno_ocisceno,1010P,Dermatološki pregled - prvi,4,ar1,2025-06-04,2025-07-16,31700.0,30379.6026,True,204.5763,1320.3974,1743449.2782,6.4543
delno_ocisceno,1010P,Dermatološki pregled - prvi,4,naivni,2025-06-18,2025-07-23,31383.0,30935.0,True,210.7,448.0,200704.0,2.1262
delno_ocisceno,1010P,Dermatološki pregled - prvi,4,lin,2025-06-18,2025-07-23,31383.0,30361.7868,True,210.7,1021.2132,1042876.4418,4.8468
delno_ocisceno,1010P,Dermatološki pregled - prvi,4,ar1,2025-06-18,2025-07-23,31383.0,31044.9518,True,210.7,338.0482,114276.5532,1.6044
delno_ocisceno,1010P,Dermatološki pregled - prvi,4,naivni,2025-07-02,2025-07-30,31320.0,31670.0,False,219.2951,350.0,122500.0,1.596
delno_ocisceno,1010P,Dermatološki pregled - prvi,4,lin,2025-07-02,2025-07-30,31320.0,30540.9931,False,219.2951,779.0069,606851.7108,3.5523
delno_ocisceno,1010P,Dermatološki pregled - prvi,4,ar1,2025-07-02,2025-07-30,31320.0,31995.215,False,219.2951,675.215,455915.3441,3.079
delno_ocisceno,1010P,Dermatološki pregled - prvi,4,naivni,2025-07-09,2025-08-06,31705.0,31780.0,False,217.5323,75.0,5625.0,0.3448
delno_ocisceno,1010P,Dermatološki pregled - prvi,4,lin,2025-07-09,2025-08-06,31705.0,30716.5379,False,217.5323,988.4621,977057.4053,4.544
delno_ocisceno,1010P,Dermatološki pregled - prvi,4,ar1,2025-07-09,2025-08-06,31705.0,32113.5532,False,217.5323,408.5532,166915.7329,1.8781
delno_ocisceno,1010P,Dermatološki pregled - prvi,4,naivni,2025-07-16,2025-08-13,31763.0,31700.0,False,215.3492,63.0,3969.0,0.2925
delno_ocisceno,1010P,Dermatološki pregled - prvi,4,lin,2025-07-16,2025-08-13,31763.0,30875.9689,False,215.3492,887.0311,786824.1542,4.119
delno_ocisceno,1010P,Dermatološki pregled - prvi,4,ar1,2025-07-16,2025-08-13,31763.0,31968.5721,False,215.3492,205.5721,42259.8884,0.9546
delno_ocisceno,1010P,Dermatološki pregled - prvi,4,naivni,2025-07-23,2025-08-20,31629.0,31383.0,False,216.9375,246.0,60516.0,1.134
delno_ocisceno,1010P,Dermatološki pregled - prvi,4,lin,2025-07-23,2025-08-20,31629.0,31004.8542,False,216.9375,624.1458,389557.9849,2.8771
delno_ocisceno,1010P,Dermatološki pregled - prvi,4,ar1,2025-07-23,2025-08-20,31629.0,31537.8636,False,216.9375,91.1364,8305.8417,0.4201
delno_ocisceno,1010P,Dermatološki pregled - prvi,4,naivni,2025-07-30,2025-08-27,31624.0,31320.0,False,214.5692,304.0,92416.0,1.4168
delno_ocisceno,1010P,Dermatološki pregled - prvi,4,lin,2025-07-30,2025-08-27,31624.0,31121.7861,False,214.5692,502.2139,252218.8248,2.3406
delno_ocisceno,1010P,Dermatološki pregled - prvi,4,ar1,2025-07-30,2025-08-27,31624.0,31450.9623,False,214.5692,173.0377,29942.0533,0.8064
delno_ocisceno,1010P,Dermatološki pregled - prvi,4,naivni,2025-08-06,2025-09-03,31639.0,31705.0,False,217.1515,66.0,4356.0,0.3039
delno_ocisceno,1010P,Dermatološki pregled - prvi,4,lin,2025-08-06,2025-09-03,31639.0,31256.1111,False,217.1515,382.8889,146603.908,1.7632
delno_ocisceno,1010P,Dermatološki pregled - prvi,4,ar1,2025-08-06,2025-09-03,31639.0,31901.8033,False,217.1515,262.8033,69065.5772,1.2102
delno_ocisceno,1010P,Dermatološki pregled - prvi,4,naivni,2025-08-13,2025-09-10,31563.0,31763.0,False,214.7761,200.0,40000.0,0.9312
delno_ocisceno,1010P,Dermatološki pregled - prvi,4,lin,2025-08-13,2025-09-10,31563.0,31386.1273,False,214.7761,176.8727,31283.9571,0.8235
delno_ocisceno,1010P,Dermatološki pregled - prvi,4,ar1,2025-08-13,2025-09-10,31563.0,31958.144,False,214.7761,395.144,156138.743,1.8398
delno_ocisceno,1010P,Dermatološki pregled - prvi,4,naivni,2025-08-20,2025-09-17,31723.0,31629.0,False,213.5882,94.0,8836.0,0.4401
delno_ocisceno,1010P,Dermatološki pregled - prvi,4,lin,2025-08-20,2025-09-17,31723.0,31500.272,False,213.5882,222.728,49607.7398,1.0428
delno_ocisceno,1010P,Dermatološki pregled - prvi,4,ar1,2025-08-20,2025-09-17,31723.0,31783.6136,False,213.5882,60.6136,3674.0032,0.2838
delno_ocisceno,1010P,Dermatološki pregled - prvi,4,naivni,2025-08-27,2025-09-24,31872.0,31624.0,False,210.5652,248.0,61504.0,1.1778
delno_ocisceno,1010P,Dermatološki pregled - prvi,4,lin,2025-08-27,2025-09-24,31872.0,31607.4415,False,210.5652,264.5585,69991.1808,1.2564
delno_ocisceno,1010P,Dermatološki pregled - prvi,4,ar1,2025-08-27,2025-09-24,31872.0,31768.1163,False,210.5652,103.8837,10791.8326,0.4934
delno_ocisceno,1010P,Dermatološki pregled - prvi,4,naivni,2025-09-03,2025-10-01,31771.0,31639.0,False,207.7714,132.0,17424.0,0.6353
delno_ocisceno,1010P,Dermatološki pregled - prvi,4,lin,2025-09-03,2025-10-01,31771.0,31709.2891,False,207.7714,61.7109,3808.2309,0.297
delno_ocisceno,1010P,Dermatološki pregled - prvi,4,ar1,2025-09-03,2025-10-01,31771.0,31776.85,False,207.7714,5.85,34.2229,0.0282
delno_ocisceno,1010P,Dermatološki pregled - prvi,4,naivni,2025-09-10,2025-10-08,31646.0,31563.0,False,205.9155,83.0,6889.0,0.4031
delno_ocisceno,1010P,Dermatološki pregled - prvi,4,lin,2025-09-10,2025-10-08,31646.0,31800.7908,False,205.9155,154.7908,23960.2021,0.7517
delno_ocisceno,1010P,Dermatološki pregled - prvi,4,ar1,2025-09-10,2025-10-08,31646.0,31683.2501,False,205.9155,37.2501,1387.5669,0.1809
delno_ocisceno,1010P,Dermatološki pregled - prvi,4,naivni,2025-09-17,2025-10-15,31631.0,31723.0,False,205.2778,92.0,8464.0,0.4482
delno_ocisceno,1010P,Dermatološki pregled - prvi,4,lin,2025-09-17,2025-10-15,31631.0,31896.3272,False,205.2778,265.3272,70398.5033,1.2925
delno_ocisceno,1010P,Dermatološki pregled - prvi,4,ar1,2025-09-17,2025-10-15,31631.0,31855.9797,False,205.2778,224.9797,50615.851,1.096
delno_ocisceno,1010P,Dermatološki pregled - prvi,4,naivni,2025-09-24,2025-10-22,31599.0,31872.0,False,204.5068,273.0,74529.0,1.3349
delno_ocisceno,1010P,Dermatološki pregled - prvi,4,lin,2025-09-24,2025-10-22,31599.0,31995.0108,False,204.5068,396.0108,156824.5505,1.9364
delno_ocisceno,1010P,Dermatološki pregled - prvi,4,ar1,2025-09-24,2025-10-22,31599.0,32017.0598,False,204.5068,418.0598,174774.0042,2.0442
delno_ocisceno,1010P,Dermatološki pregled - prvi,4,naivni,2025-10-01,2025-10-29,31664.0,31771.0,False,203.1081,107.0,11449.0,0.5268
delno_ocisceno,1010P,Dermatološki pregled - prvi,4,lin,2025-10-01,2025-10-29,31664.0,32082.5203,False,203.1081,418.5203,175159.2444,2.0606
delno_ocisceno,1010P,Dermatološki pregled - prvi,4,ar1,2025-10-01,2025-10-29,31664.0,31895.8497,False,203.1081,231.8497,53754.2888,1.1415
delno_ocisceno,1010P,Dermatološki pregled - prvi,4,naivni,2025-10-08,2025-11-05,31420.0,31646.0,False,202.0667,226.0,51076.0,1.1184
delno_ocisceno,1010P,Dermatološki pregled - prvi,4,lin,2025-10-08,2025-11-05,31420.0,32158.2061,False,202.0667,738.2061,544948.2417,3.6533
delno_ocisceno,1010P,Dermatološki pregled - prvi,4,ar1,2025-10-08,2025-11-05,31420.0,31752.5202,False,202.0667,332.5202,110569.7111,1.6456
delno_ocisceno,1010P,Dermatološki pregled - prvi,4,naivni,2025-10-15,2025-11-12,31411.0,31631.0,False,199.6053,220.0,48400.0,1.1022
delno_ocisceno,1010P,Dermatološki pregled - prvi,4,lin,2025-10-15,2025-11-12,31411.0,32228.8316,False,199.6053,817.8316,668848.5947,4.0972
delno_ocisceno,1010P,Dermatološki pregled - prvi,4,ar1,2025-10-15,2025-11-12,31411.0,31731.7054,False,199.6053,320.7054,102851.9782,1.6067
delno_ocisceno,1010P,Dermatološki pregled - prvi,4,naivni,2025-10-22,2025-11-19,31276.0,31599.0,False,197.4286,323.0,104329.0,1.636
delno_ocisceno,1010P,Dermatološki pregled - prvi,4,lin,2025-10-22,2025-11-19,31276.0,32293.781,False,197.4286,1017.781,1035878.1116,5.1552
delno_ocisceno,1010P,Dermatološki pregled - prvi,4,ar1,2025-10-22,2025-11-19,31276.0,31693.3425,False,197.4286,417.3425,174174.8009,2.1139
delno_ocisceno,1010P,Dermatološki pregled - prvi,4,naivni,2025-10-29,2025-11-26,31343.0,31664.0,False,195.7308,321.0,103041.0,1.64
delno_ocisceno,1010P,Dermatološki pregled - prvi,4,lin,2025-10-29,2025-11-26,31343.0,32358.5805,False,195.7308,1015.5805,1031403.6561,5.1887
delno_ocisceno,1010P,Dermatološki pregled - prvi,4,ar1,2025-10-29,2025-11-26,31343.0,31758.6382,False,195.7308,415.6382,172755.1359,2.1235
delno_ocisceno,1010P,Dermatološki pregled - prvi,4,naivni,2025-11-05,2025-12-03,31108.0,31420.0,False,196.3418,312.0,97344.0,1.5891
delno_ocisceno,1010P,Dermatološki pregled - prvi,4,lin,2025-11-05,2025-12-03,31108.0,32406.9334,False,196.3418,1298.9334,1687228.0785,6.6157
delno_ocisceno,1010P,Dermatološki pregled - prvi,4,ar1,2025-11-05,2025-12-03,31108.0,31498.5915,False,196.3418,390.5915,152561.7385,1.9893
delno_ocisceno,1010P,Dermatološki pregled - prvi,4,naivni,2025-11-12,2025-12-10,30893.0,31411.0,False,194.0,518.0,268324.0,2.6701
delno_ocisceno,1010P,Dermatološki pregled - prvi,4,lin,2025-11-12,2025-12-10,30893.0,32452.0346,False,194.0,1559.0346,2430588.8778,8.0363
delno_ocisceno,1010P,Dermatološki pregled - prvi,4,ar1,2025-11-12,2025-12-10,30893.0,31486.6964,False,194.0,593.6964,352475.3785,3.0603
delno_ocisceno,1010P,Dermatološki pregled - prvi,4,naivni,2025-11-19,2025-12-17,30842.0,31276.0,False,193.2716,434.0,188356.0,2.2455
delno_ocisceno,1010P,Dermatološki pregled - prvi,4,lin,2025-11-19,2025-12-17,30842.0,32487.5948,False,193.2716,1645.5948,2707982.1448,8.5144
delno_ocisceno,1010P,Dermatološki pregled - prvi,4,ar1,2025-11-19,2025-12-17,30842.0,31346.5444,False,193.2716,504.5444,254565.0649,2.6105
delno_ocisceno,1010P,Dermatološki pregled - prvi,4,naivni,2025-11-26,2026-01-07,30948.0,31343.0,True,191.7317,395.0,156025.0,2.0602
delno_ocisceno,1010P,Dermatološki pregled - prvi,4,lin,2025-11-26,2026-01-07,30948.0,32524.413,True,191.7317,1576.413,2485077.8707,8.222
delno_ocisceno,1010P,Dermatološki pregled - prvi,4,ar1,2025-11-26,2026-01-07,30948.0,31412.1605,True,191.7317,464.1605,215444.925,2.4209
delno_ocisceno,1010P,Dermatološki pregled - prvi,4,naivni,2025-12-03,2026-01-14,30875.0,31108.0,True,192.253,233.0,54289.0,1.2119
delno_ocisceno,1010P,Dermatološki pregled - prvi,4,lin,2025-12-03,2026-01-14,30875.0,32547.2831,True,192.253,1672.2831,2796530.785,8.6983
delno_ocisceno,1010P,Dermatološki pregled - prvi,4,ar1,2025-12-03,2026-01-14,30875.0,31174.2391,True,192.253,299.2391,89544.0506,1.5565
delno_ocisceno,1010P,Dermatološki pregled - prvi,4,naivni,2025-12-10,2026-01-21,30830.0,30893.0,True,192.5238,63.0,3969.0,0.3272
delno_ocisceno,1010P,Dermatološki pregled - prvi,4,lin,2025-12-10,2026-01-21,30830.0,32557.9679,True,192.5238,1727.9679,2985872.966,8.9753
delno_ocisceno,1010P,Dermatološki pregled - prvi,4,ar1,2025-12-10,2026-01-21,30830.0,30961.0103,True,192.5238,131.0103,17163.6941,0.6805
delno_ocisceno,1010P,Dermatološki pregled - prvi,4,naivni,2025-12-17,2026-01-28,30715.0,30842.0,True,190.8588,127.0,16129.0,0.6654
delno_ocisceno,1010P,Dermatološki pregled - prvi,4,lin,2025-12-17,2026-01-28,30715.0,32565.1586,True,190.8588,1850.1586,3423086.7472,9.6939
delno_ocisceno,1010P,Dermatološki pregled - prvi,4,ar1,2025-12-17,2026-01-28,30715.0,30909.9563,True,190.8588,194.9563,38007.9762,1.0215
delno_ocisceno,1010P,Dermatološki pregled - prvi,4,naivni,2026-01-07,2026-02-04,30714.0,30948.0,False,189.8721,234.0,54756.0,1.2324
delno_ocisceno,1010P,Dermatološki pregled - prvi,4,lin,2026-01-07,2026-02-04,30714.0,32576.6386,False,189.8721,1862.6386,3469422.4611,9.81
delno_ocisceno,1010P,Dermatološki pregled - prvi,4,ar1,2026-01-07,2026-02-04,30714.0,31011.1703,False,189.8721,297.1703,88310.1912,1.5651
delno_ocisceno,1010P,Dermatološki pregled - prvi,4,naivni,2026-01-14,2026-02-11,30555.0,30875.0,False,188.5287,320.0,102400.0,1.6974
delno_ocisceno,1010P,Dermatološki pregled - prvi,4,lin,2026-01-14,2026-02-11,30555.0,32583.6412,False,188.5287,2028.6412,4115384.9312,10.7604
delno_ocisceno,1010P,Dermatološki pregled - prvi,4,ar1,2026-01-14,2026-02-11,30555.0,30939.0111,False,188.5287,384.0111,147464.5293,2.0369
delno_ocisceno,1010P,Dermatološki pregled - prvi,4,naivni,2026-01-21,2026-02-18,30201.0,30830.0,False,186.8977,629.0,395641.0,3.3655
delno_ocisceno,1010P,Dermatološki pregled - prvi,4,lin,2026-01-21,2026-02-18,30201.0,32587.7299,False,186.8977,2386.7299,5696479.7516,12.7702
delno_ocisceno,1010P,Dermatološki pregled - prvi,4,ar1,2026-01-21,2026-02-18,30201.0,30894.3103,False,186.8977,693.3103,480679.2229,3.7096
delno_ocisceno,1010P,Dermatološki pregled - prvi,4,naivni,2026-01-28,2026-02-25,30066.0,30715.0,False,186.0899,649.0,421201.0,3.4876
delno_ocisceno,1010P,Dermatološki pregled - prvi,4,lin,2026-01-28,2026-02-25,30066.0,32585.7987,False,186.0899,2519.7987,6349385.5409,13.5408
delno_ocisceno,1010P,Dermatološki pregled - prvi,4,ar1,2026-01-28,2026-02-25,30066.0,30782.8654,False,186.0899,716.8654,513895.9321,3.8523
delno_ocisceno,1010P,Dermatološki pregled - prvi,4,naivni,2026-02-04,2026-03-04,30035.0,30714.0,False,184.0333,679.0,461041.0,3.6895
delno_ocisceno,1010P,Dermatološki pregled - prvi,4,lin,2026-02-04,2026-03-04,30035.0,32583.4197,False,184.0333,2548.4197,6494443.2139,13.8476
delno_ocisceno,1010P,Dermatološki pregled - prvi,4,ar1,2026-02-04,2026-03-04,30035.0,30780.6423,False,184.0333,745.6423,555982.4356,4.0517
delno_ocisceno,1010P,Dermatološki pregled - prvi,4,naivni,2026-02-11,2026-03-11,29977.0,30555.0,False,183.7582,578.0,334084.0,3.1454
delno_ocisceno,1010P,Dermatološki pregled - prvi,4,lin,2026-02-11,2026-03-11,29977.0,32573.4219,False,183.7582,2596.4219,6741406.7518,14.1296
delno_ocisceno,1010P,Dermatološki pregled - prvi,4,ar1,2026-02-11,2026-03-11,29977.0,30628.7032,False,183.7582,651.7032,424717.0844,3.5465
delno_ocisceno,1010P,Dermatološki pregled - prvi,4,naivni,2026-02-18,2026-03-18,29945.0,30201.0,False,185.6087,256.0,65536.0,1.3792
delno_ocisceno,1010P,Dermatološki pregled - prvi,4,lin,2026-02-18,2026-03-18,29945.0,32547.4061,False,185.6087,2602.4061,6772517.2789,14.0209
delno_ocisceno,1010P,Dermatološki pregled - prvi,4,ar1,2026-02-18,2026-03-18,29945.0,30295.9494,False,185.6087,350.9494,123165.4666,1.8908
delno_ocisceno,1010P,Dermatološki pregled - prvi,4,naivni,2026-02-25,2026-03-25,30229.0,30066.0,False,185.0645,163.0,26569.0,0.8808
delno_ocisceno,1010P,Dermatološki pregled - prvi,4,lin,2026-02-25,2026-03-25,30229.0,32515.9345,False,185.0645,2286.9345,5230069.5455,12.3575
delno_ocisceno,1010P,Dermatološki pregled - prvi,4,ar1,2026-02-25,2026-03-25,30229.0,30169.7467,False,185.0645,59.2533,3510.9504,0.3202
delno_ocisceno,1010P,Dermatološki pregled - prvi,4,naivni,2026-03-04,2026-04-08,29859.0,30035.0,True,183.4255,176.0,30976.0,0.9595
delno_ocisceno,1010P,Dermatološki pregled - prvi,4,lin,2026-03-04,2026-04-08,29859.0,32483.8685,True,183.4255,2624.8685,6889934.5218,14.3103
delno_ocisceno,1010P,Dermatološki pregled - prvi,4,ar1,2026-03-04,2026-04-08,29859.0,30139.8253,True,183.4255,280.8253,78862.8331,1.531
delno_ocisceno,1010P,Dermatološki pregled - prvi,4,naivni,2026-03-11,2026-04-15,29864.0,29977.0,True,182.1053,113.0,12769.0,0.6205
delno_ocisceno,1010P,Dermatološki pregled - prvi,4,lin,2026-03-11,2026-04-15,29864.0,32450.0693,True,182.1053,2586.0693,6687754.5206,14.201
delno_ocisceno,1010P,Dermatološki pregled - prvi,4,ar1,2026-03-11,2026-04-15,29864.0,30085.1766,True,182.1053,221.1766,48919.0939,1.2146
delno_ocisceno,1010P,Dermatološki pregled - prvi,4,naivni,2026-03-18,2026-04-29,30164.0,29945.0,True,180.5417,219.0,47961.0,1.213
delno_ocisceno,1010P,Dermatološki pregled - prvi,4,lin,2026-03-18,2026-04-29,30164.0,32415.7511,True,180.5417,2251.7511,5070382.8,12.4722
delno_ocisceno,1010P,Dermatološki pregled - prvi,4,ar1,2026-03-18,2026-04-29,30164.0,30054.4896,True,180.5417,109.5104,11992.5347,0.6066
delno_ocisceno,1010P,Dermatološki pregled - prvi,4,naivni,2026-03-25,2026-05-06,30026.0,30229.0,True,181.6082,203.0,41209.0,1.1178
delno_ocisceno,1010P,Dermatološki pregled - prvi,4,lin,2026-03-25,2026-05-06,30026.0,32394.4318,True,181.6082,2368.4318,5609469.3906,13.0414
delno_ocisceno,1010P,Dermatološki pregled - prvi,4,ar1,2026-03-25,2026-05-06,30026.0,30313.7483,True,181.6082,287.7483,82799.0986,1.5844
delno_ocisceno,1010P,Dermatološki pregled - prvi,4,naivni,2026-04-08,2026-05-13,30346.0,29859.0,True,183.5306,487.0,237169.0,2.6535
delno_ocisceno,1010P,Dermatološki pregled - prvi,4,lin,2026-04-08,2026-05-13,30346.0,32357.897,True,183.5306,2011.897,4047729.4499,10.9622
delno_ocisceno,1010P,Dermatološki pregled - prvi,4,ar1,2026-04-08,2026-05-13,30346.0,29972.8623,True,183.5306,373.1377,139231.7259,2.0331
delno_ocisceno,1010P,Dermatološki pregled - prvi,4,naivni,2026-04-15,2026-05-20,30447.0,29864.0,True,181.7273,583.0,339889.0,3.2081
delno_ocisceno,1010P,Dermatološki pregled - prvi,4,lin,2026-04-15,2026-05-20,30447.0,32322.5294,True,181.7273,1875.5294,3517610.6538,10.3206
delno_ocisceno,1010P,Dermatološki pregled - prvi,4,ar1,2026-04-15,2026-05-20,30447.0,29976.1,True,181.7273,470.9,221746.8286,2.5912
delno_ocisceno,1010P,Dermatološki pregled - prvi,4,naivni,2026-04-29,2026-05-27,30870.0,30164.0,False,182.91,706.0,498436.0,3.8598
delno_ocisceno,1010P,Dermatološki pregled - prvi,4,lin,2026-04-29,2026-05-27,30870.0,32300.4827,False,182.91,1430.4827,2046280.7618,7.8207
delno_ocisceno,1010P,Dermatološki pregled - prvi,4,ar1,2026-04-29,2026-05-27,30870.0,30248.5159,False,182.91,621.4841,386242.5171,3.3978
delno_ocisceno,1010P,Dermatološki pregled - prvi,4,naivni,2026-05-06,2026-06-03,30293.0,30026.0,False,182.4653,267.0,71289.0,1.4633
delno_ocisceno,1010P,Dermatološki pregled - prvi,4,lin,2026-05-06,2026-06-03,30293.0,32273.2315,False,182.4653,1980.2315,3921316.8233,10.8526
delno_ocisceno,1010P,Dermatološki pregled - prvi,4,ar1,2026-05-06,2026-06-03,30293.0,30121.1362,False,182.4653,171.8638,29537.1611,0.9419
delno_ocisceno,1010P,Dermatološki pregled - prvi,4,naivni,2026-05-13,2026-06-17,30068.0,30346.0,True,183.8137,278.0,77284.0,1.5124
delno_ocisceno,1010P,Dermatološki pregled - prvi,4,lin,2026-05-13,2026-06-17,30068.0,32259.5733,True,183.8137,2191.5733,4802993.4276,11.9228
delno_ocisceno,1010P,Dermatološki pregled - prvi,4,ar1,2026-05-13,2026-06-17,30068.0,30412.6923,True,183.8137,344.6923,118812.7653,1.8752
delno_ocisceno,1010P,Dermatološki pregled - prvi,4,naivni,2026-05-20,2026-06-24,29952.0,30447.0,True,183.0097,495.0,245025.0,2.7048
delno_ocisceno,1010P,Dermatološki pregled - prvi,4,lin,2026-05-20,2026-06-24,29952.0,32250.1242,True,183.0097,2298.1242,5281374.8991,12.5574
delno_ocisceno,1010P,Dermatološki pregled - prvi,4,ar1,2026-05-20,2026-06-24,29952.0,30504.8418,True,183.0097,552.8418,305634.0804,3.0208
delno_ocisceno,1010P,Dermatološki pregled - prvi,4,naivni,2026-05-27,2026-07-01,29643.0,30870.0,True,185.3173,1227.0,1505529.0,6.6211
delno_ocisceno,1010P,Dermatološki pregled - prvi,4,lin,2026-05-27,2026-07-01,29643.0,32257.4914,True,185.3173,2614.4914,6835565.112,14.1082
delno_ocisceno,1010P,Dermatološki pregled - prvi,4,ar1,2026-05-27,2026-07-01,29643.0,30896.3989,True,185.3173,1253.3989,1571008.7278,6.7635
delno_ocisceno,1010P,Dermatološki pregled - prvi,4,naivni,2026-06-03,2026-07-08,29577.0,30293.0,True,189.0476,716.0,512656.0,3.7874
delno_ocisceno,1010P,Dermatološki pregled - prvi,4,lin,2026-06-03,2026-07-08,29577.0,32241.621,True,189.0476,2664.621,7100205.015,14.095
delno_ocisceno,1010P,Dermatološki pregled - prvi,4,ar1,2026-06-03,2026-07-08,29577.0,30359.7509,True,189.0476,782.7509,612698.9819,4.1405
delno_ocisceno,1010P,Dermatološki pregled - prvi,4,naivni,2026-06-17,2026-07-15,29233.0,30068.0,False,189.3868,835.0,697225.0,4.409
delno_ocisceno,1010P,Dermatološki pregled - prvi,4,lin,2026-06-17,2026-07-15,29233.0,32217.2312,False,189.3868,2984.2312,8905636.0636,15.7573
delno_ocisceno,1010P,Dermatološki pregled - prvi,4,ar1,2026-06-17,2026-07-15,29233.0,30153.8504,False,189.3868,920.8504,847965.4722,4.8623
delno_ocisceno,1018P,Kardiološki pregled - prvi,1,naivni,2025-04-09,2025-04-16,17261.0,17276.0,False,186.6078,15.0,225.0,0.0804
delno_ocisceno,1018P,Kardiološki pregled - prvi,1,lin,2025-04-09,2025-04-16,17261.0,15908.0701,False,186.6078,1352.9299,1830419.2176,7.2501
delno_ocisceno,1018P,Kardiološki pregled - prvi,1,ar1,2025-04-09,2025-04-16,17261.0,17253.73,False,186.6078,7.27,52.8524,0.039
delno_ocisceno,1018P,Kardiološki pregled - prvi,1,naivni,2025-04-16,2025-04-23,17309.0,17261.0,False,183.3077,48.0,2304.0,0.2619
delno_ocisceno,1018P,Kardiološki pregled - prvi,1,lin,2025-04-16,2025-04-23,17309.0,15945.9906,False,183.3077,1363.0094,1857794.7171,7.4356
delno_ocisceno,1018P,Kardiološki pregled - prvi,1,ar1,2025-04-16,2025-04-23,17309.0,17239.5042,False,183.3077,69.4958,4829.6682,0.3791
delno_ocisceno,1018P,Kardiološki pregled - prvi,1,naivni,2025-04-23,2025-04-30,17760.0,17309.0,False,180.7547,451.0,203401.0,2.4951
delno_ocisceno,1018P,Kardiološki pregled - prvi,1,lin,2025-04-23,2025-04-30,17760.0,15985.6031,False,180.7547,1774.3969,3148484.4483,9.8166
delno_ocisceno,1018P,Kardiološki pregled - prvi,1,ar1,2025-04-23,2025-04-30,17760.0,17286.9338,False,180.7547,473.0662,223791.5954,2.6172
delno_ocisceno,1018P,Kardiološki pregled - prvi,1,naivni,2025-04-30,2025-05-07,17774.0,17760.0,False,185.7593,14.0,196.0,0.0754
delno_ocisceno,1018P,Kardiološki pregled - prvi,1,lin,2025-04-30,2025-05-07,17774.0,16056.0525,False,185.7593,1717.9475,2951343.526,9.2482
delno_ocisceno,1018P,Kardiološki pregled - prvi,1,ar1,2025-04-30,2025-05-07,17774.0,17727.4884,False,185.7593,46.5116,2163.331,0.2504
delno_ocisceno,1018P,Kardiološki pregled - prvi,1,naivni,2025-05-07,2025-05-14,17956.0,17774.0,False,182.6364,182.0,33124.0,0.9965
delno_ocisceno,1018P,Kardiološki pregled - prvi,1,lin,2025-05-07,2025-05-14,17956.0,16123.6221,False,182.6364,1832.3779,3357608.8493,10.0329
delno_ocisceno,1018P,Kardiološki pregled - prvi,1,ar1,2025-05-07,2025-05-14,17956.0,17741.739,False,182.6364,214.261,45907.7636,1.1732
delno_ocisceno,1018P,Kardiološki pregled - prvi,1,naivni,2025-05-14,2025-05-21,17935.0,17956.0,False,182.625,21.0,441.0,0.115
delno_ocisceno,1018P,Kardiološki pregled - prvi,1,lin,2025-05-14,2025-05-21,17935.0,16200.2982,False,182.625,1734.7018,3009190.1767,9.4987
delno_ocisceno,1018P,Kardiološki pregled - prvi,1,ar1,2025-05-14,2025-05-21,17935.0,17919.7902,False,182.625,15.2098,231.3384,0.0833
delno_ocisceno,1018P,Kardiološki pregled - prvi,1,naivni,2025-05-21,2025-05-28,18127.0,17935.0,False,179.7895,192.0,36864.0,1.0679
delno_ocisceno,1018P,Kardiološki pregled - prvi,1,lin,2025-05-21,2025-05-28,18127.0,16271.3466,False,179.7895,1855.6534,3443449.3833,10.3213
delno_ocisceno,1018P,Kardiološki pregled - prvi,1,ar1,2025-05-21,2025-05-28,18127.0,17899.9919,False,179.7895,227.0081,51532.684,1.2626
delno_ocisceno,1018P,Kardiološki pregled - prvi,1,naivni,2025-05-28,2025-06-04,18035.0,18127.0,False,180.0,92.0,8464.0,0.5111
delno_ocisceno,1018P,Kardiološki pregled - prvi,1,lin,2025-05-28,2025-06-04,18035.0,16351.609,False,180.0,1683.391,2833805.2569,9.3522
delno_ocisceno,1018P,Kardiološki pregled - prvi,1,ar1,2025-05-28,2025-06-04,18035.0,18088.1916,False,180.0,53.1916,2829.351,0.2955
delno_ocisceno,1018P,Kardiološki pregled - prvi,1,naivni,2025-06-04,2025-06-18,18228.0,18035.0,True,178.5085,193.0,37249.0,1.0812
delno_ocisceno,1018P,Kardiološki pregled - prvi,1,lin,2025-06-04,2025-06-18,18228.0,16421.4356,True,178.5085,1806.5644,3263674.9558,10.1203
delno_ocisceno,1018P,Kardiološki pregled - prvi,1,ar1,2025-06-04,2025-06-18,18228.0,17998.9891,True,178.5085,229.0109,52445.9825,1.2829
delno_ocisceno,1018P,Kardiološki pregled - prvi,1,naivni,2025-06-18,2025-07-02,18295.0,18228.0,True,178.75,67.0,4489.0,0.3748
delno_ocisceno,1018P,Kardiološki pregled - prvi,1,lin,2025-06-18,2025-07-02,18295.0,16500.259,True,178.75,1794.741,3221095.1982,10.0405
delno_ocisceno,1018P,Kardiološki pregled - prvi,1,ar1,2025-06-18,2025-07-02,18295.0,18188.4604,True,178.75,106.5396,11350.6814,0.596
delno_ocisceno,1018P,Kardiološki pregled - prvi,1,naivni,2025-07-02,2025-07-09,18337.0,18295.0,False,176.918,42.0,1764.0,0.2374
delno_ocisceno,1018P,Kardiološki pregled - prvi,1,lin,2025-07-02,2025-07-09,18337.0,16579.275,False,176.918,1757.725,3089597.2221,9.9353
delno_ocisceno,1018P,Kardiološki pregled - prvi,1,ar1,2025-07-02,2025-07-09,18337.0,18255.083,False,176.918,81.917,6710.3974,0.463
delno_ocisceno,1018P,Kardiološki pregled - prvi,1,naivni,2025-07-09,2025-07-16,18320.0,18337.0,False,174.7419,17.0,289.0,0.0973
delno_ocisceno,1018P,Kardiološki pregled - prvi,1,lin,2025-07-09,2025-07-16,18320.0,16656.8597,False,174.7419,1663.1403,2766035.6474,9.5177
delno_ocisceno,1018P,Kardiološki pregled - prvi,1,ar1,2025-07-09,2025-07-16,18320.0,18297.2697,False,174.7419,22.7303,516.6651,0.1301
delno_ocisceno,1018P,Kardiološki pregled - prvi,1,naivni,2025-07-16,2025-07-23,18480.0,18320.0,False,172.2381,160.0,25600.0,0.9289
delno_ocisceno,1018P,Kardiološki pregled - prvi,1,lin,2025-07-16,2025-07-23,18480.0,16729.4048,False,172.2381,1750.5952,3064583.6876,10.1638
delno_ocisceno,1018P,Kardiološki pregled - prvi,1,ar1,2025-07-16,2025-07-23,18480.0,18281.4505,False,172.2381,198.5495,39421.9102,1.1528
delno_ocisceno,1018P,Kardiološki pregled - prvi,1,naivni,2025-07-23,2025-07-30,18604.0,18480.0,False,172.0469,124.0,15376.0,0.7207
delno_ocisceno,1018P,Kardiološki pregled - prvi,1,lin,2025-07-23,2025-07-30,18604.0,16808.1313,False,172.0469,1795.8687,3225144.5672,10.4383
delno_ocisceno,1018P,Kardiološki pregled - prvi,1,ar1,2025-07-23,2025-07-30,18604.0,18439.8597,False,172.0469,164.1403,26942.0424,0.954
delno_ocisceno,1018P,Kardiološki pregled - prvi,1,naivni,2025-07-30,2025-08-06,18500.0,18604.0,False,171.3077,104.0,10816.0,0.6071
delno_ocisceno,1018P,Kardiološki pregled - prvi,1,lin,2025-07-30,2025-08-06,18500.0,16890.4177,False,171.3077,1609.5823,2590755.1302,9.3959
delno_ocisceno,1018P,Kardiološki pregled - prvi,1,ar1,2025-07-30,2025-08-06,18500.0,18563.5605,False,171.3077,63.5605,4039.9311,0.371
delno_ocisceno,1018P,Kardiološki pregled - prvi,1,naivni,2025-08-06,2025-08-13,18485.0,18500.0,False,170.2879,15.0,225.0,0.0881
delno_ocisceno,1018P,Kardiološki pregled - prvi,1,lin,2025-08-06,2025-08-13,18485.0,16962.3948,False,170.2879,1522.6052,2318326.4612,8.9414
delno_ocisceno,1018P,Kardiološki pregled - prvi,1,ar1,2025-08-06,2025-08-13,18485.0,18461.582,False,170.2879,23.418,548.4014,0.1375
delno_ocisceno,1018P,Kardiološki pregled - prvi,1,naivni,2025-08-13,2025-08-20,18372.0,18485.0,False,167.9701,113.0,12769.0,0.6727
delno_ocisceno,1018P,Kardiološki pregled - prvi,1,lin,2025-08-13,2025-08-20,18372.0,17029.9622,False,167.9701,1342.0378,1801065.3289,7.9897
delno_ocisceno,1018P,Kardiološki pregled - prvi,1,ar1,2025-08-13,2025-08-20,18372.0,18447.6798,False,167.9701,75.6798,5727.4382,0.4506
delno_ocisceno,1018P,Kardiološki pregled - prvi,1,naivni,2025-08-20,2025-08-27,18470.0,18372.0,False,167.1618,98.0,9604.0,0.5863
delno_ocisceno,1018P,Kardiološki pregled - prvi,1,lin,2025-08-20,2025-08-27,18470.0,17087.711,False,167.1618,1382.289,1910722.8866,8.2692
delno_ocisceno,1018P,Kardiološki pregled - prvi,1,ar1,2025-08-20,2025-08-27,18470.0,18337.0684,False,167.1618,132.9316,17670.8028,0.7952
delno_ocisceno,1018P,Kardiološki pregled - prvi,1,naivni,2025-08-27,2025-09-03,18408.0,18470.0,False,166.1594,62.0,3844.0,0.3731
delno_ocisceno,1018P,Kardiološki pregled - prvi,1,lin,2025-08-27,2025-09-03,18408.0,17148.3155,False,166.1594,1259.6845,1586804.9691,7.5812
delno_ocisceno,1018P,Kardiološki pregled - prvi,1,ar1,2025-08-27,2025-09-03,18408.0,18434.3081,False,166.1594,26.3081,692.1166,0.1583
delno_ocisceno,1018P,Kardiološki pregled - prvi,1,naivni,2025-09-03,2025-09-10,18295.0,18408.0,False,164.6714,113.0,12769.0,0.6862
delno_ocisceno,1018P,Kardiološki pregled - prvi,1,lin,2025-09-03,2025-09-10,18295.0,17202.569,False,164.6714,1092.431,1193405.459,6.634
delno_ocisceno,1018P,Kardiološki pregled - prvi,1,ar1,2025-09-03,2025-09-10,18295.0,18373.9447,False,164.6714,78.9447,6232.2729,0.4794
delno_ocisceno,1018P,Kardiološki pregled - prvi,1,naivni,2025-09-10,2025-09-17,18112.0,18295.0,False,163.9437,183.0,33489.0,1.1162
delno_ocisceno,1018P,Kardiološki pregled - prvi,1,lin,2025-09-10,2025-09-17,18112.0,17248.0235,False,163.9437,863.9765,746455.4372,5.27
delno_ocisceno,1018P,Kardiološki pregled - prvi,1,ar1,2025-09-10,2025-09-17,18112.0,18263.4638,False,163.9437,151.4638,22941.2952,0.9239
delno_ocisceno,1018P,Kardiološki pregled - prvi,1,naivni,2025-09-17,2025-09-24,17777.0,18112.0,False,164.2083,335.0,112225.0,2.0401
delno_ocisceno,1018P,Kardiološki pregled - prvi,1,lin,2025-09-17,2025-09-24,17777.0,17281.3756,False,164.2083,495.6244,245643.5748,3.0183
delno_ocisceno,1018P,Kardiološki pregled - prvi,1,ar1,2025-09-17,2025-09-24,17777.0,18084.6152,False,164.2083,307.6152,94627.104,1.8733
delno_ocisceno,1018P,Kardiološki pregled - prvi,1,naivni,2025-09-24,2025-10-01,17322.0,17777.0,False,166.5479,455.0,207025.0,2.7319
delno_ocisceno,1018P,Kardiološki pregled - prvi,1,lin,2025-09-24,2025-10-01,17322.0,17295.1366,False,166.5479,26.8634,721.6414,0.1613
delno_ocisceno,1018P,Kardiološki pregled - prvi,1,ar1,2025-09-24,2025-10-01,17322.0,17757.9513,False,166.5479,435.9513,190053.5059,2.6176
delno_ocisceno,1018P,Kardiološki pregled - prvi,1,naivni,2025-10-01,2025-10-08,17132.0,17322.0,False,170.4459,190.0,36100.0,1.1147
delno_ocisceno,1018P,Kardiološki pregled - prvi,1,lin,2025-10-01,2025-10-08,17132.0,17284.0757,False,170.4459,152.0757,23127.0111,0.8922
delno_ocisceno,1018P,Kardiološki pregled - prvi,1,ar1,2025-10-01,2025-10-08,17132.0,17314.8529,False,170.4459,182.8529,33435.1669,1.0728
delno_ocisceno,1018P,Kardiološki pregled - prvi,1,naivni,2025-10-08,2025-10-15,16998.0,17132.0,False,170.7067,134.0,17956.0,0.785
delno_ocisceno,1018P,Kardiološki pregled - prvi,1,lin,2025-10-08,2025-10-15,16998.0,17263.6063,False,170.7067,265.6063,70546.715,1.5559
delno_ocisceno,1018P,Kardiološki pregled - prvi,1,ar1,2025-10-08,2025-10-15,16998.0,17129.1483,False,170.7067,131.1483,17199.8875,0.7683
delno_ocisceno,1018P,Kardiološki pregled - prvi,1,naivni,2025-10-15,2025-10-22,16671.0,16998.0,False,170.2237,327.0,106929.0,1.921
delno_ocisceno,1018P,Kardiološki pregled - prvi,1,lin,2025-10-15,2025-10-22,16671.0,17237.1873,False,170.2237,566.1873,320568.0433,3.3261
delno_ocisceno,1018P,Kardiološki pregled - prvi,1,ar1,2025-10-15,2025-10-22,16671.0,16997.6677,False,170.2237,326.6677,106711.816,1.919
delno_ocisceno,1018P,Kardiološki pregled - prvi,1,naivni,2025-10-22,2025-10-29,16787.0,16671.0,False,172.2597,116.0,13456.0,0.6734
delno_ocisceno,1018P,Kardiološki pregled - prvi,1,lin,2025-10-22,2025-10-29,16787.0,17195.2654,False,172.2597,408.2654,166680.6379,2.3701
delno_ocisceno,1018P,Kardiološki pregled - prvi,1,ar1,2025-10-22,2025-10-29,16787.0,16674.9086,False,172.2597,112.0914,12564.4887,0.6507
delno_ocisceno,1018P,Kardiološki pregled - prvi,1,naivni,2025-10-29,2025-11-05,16613.0,16787.0,False,171.5385,174.0,30276.0,1.0143
delno_ocisceno,1018P,Kardiološki pregled - prvi,1,lin,2025-10-29,2025-11-05,16613.0,17161.1558,False,171.5385,548.1558,300474.774,3.1955
delno_ocisceno,1018P,Kardiološki pregled - prvi,1,ar1,2025-10-29,2025-11-05,16613.0,16789.9653,False,171.5385,176.9653,31316.7104,1.0316
delno_ocisceno,1018P,Kardiološki pregled - prvi,1,naivni,2025-11-05,2025-11-12,16567.0,16613.0,False,171.5696,46.0,2116.0,0.2681
delno_ocisceno,1018P,Kardiološki pregled - prvi,1,lin,2025-11-05,2025-11-12,16567.0,17119.9225,False,171.5696,552.9225,305723.256,3.2227
delno_ocisceno,1018P,Kardiološki pregled - prvi,1,ar1,2025-11-05,2025-11-12,16567.0,16617.4125,False,171.5696,50.4125,2541.4225,0.2938
delno_ocisceno,1018P,Kardiološki pregled - prvi,1,naivni,2025-11-12,2025-11-19,16393.0,16567.0,False,170.0,174.0,30276.0,1.0235
delno_ocisceno,1018P,Kardiološki pregled - prvi,1,lin,2025-11-12,2025-11-19,16393.0,17078.2846,False,170.0,685.2846,469614.939,4.0311
delno_ocisceno,1018P,Kardiološki pregled - prvi,1,ar1,2025-11-12,2025-11-19,16393.0,16571.4762,False,170.0,178.4762,31853.7422,1.0499
delno_ocisceno,1018P,Kardiološki pregled - prvi,1,naivni,2025-11-19,2025-11-26,16340.0,16393.0,False,170.0494,53.0,2809.0,0.3117
delno_ocisceno,1018P,Kardiološki pregled - prvi,1,lin,2025-11-19,2025-11-26,16340.0,17030.0235,False,170.0494,690.0235,476132.4125,4.0578
delno_ocisceno,1018P,Kardiološki pregled - prvi,1,ar1,2025-11-19,2025-11-26,16340.0,16397.5184,False,170.0494,57.5184,3308.3642,0.3382
delno_ocisceno,1018P,Kardiološki pregled - prvi,1,naivni,2025-11-26,2025-12-03,16279.0,16340.0,False,168.622,61.0,3721.0,0.3618
delno_ocisceno,1018P,Kardiološki pregled - prvi,1,lin,2025-11-26,2025-12-03,16279.0,16981.3326,False,168.622,702.3326,493271.148,4.1651
delno_ocisceno,1018P,Kardiološki pregled - prvi,1,ar1,2025-11-26,2025-12-03,16279.0,16344.1422,False,168.622,65.1422,4243.5049,0.3863
delno_ocisceno,1018P,Kardiološki pregled - prvi,1,naivni,2025-12-03,2025-12-10,16212.0,16279.0,False,167.3253,67.0,4489.0,0.4004
delno_ocisceno,1018P,Kardiološki pregled - prvi,1,lin,2025-12-03,2025-12-10,16212.0,16931.8577,False,167.3253,719.8577,518195.1321,4.3021
delno_ocisceno,1018P,Kardiološki pregled - prvi,1,ar1,2025-12-03,2025-12-10,16212.0,16282.6404,False,167.3253,70.6404,4990.0688,0.4222
delno_ocisceno,1018P,Kardiološki pregled - prvi,1,naivni,2025-12-10,2025-12-17,15945.0,16212.0,False,166.131,267.0,71289.0,1.6072
delno_ocisceno,1018P,Kardiološki pregled - prvi,1,lin,2025-12-10,2025-12-17,15945.0,16881.3613,False,166.131,936.3613,876772.5675,5.6363
delno_ocisceno,1018P,Kardiološki pregled - prvi,1,ar1,2025-12-10,2025-12-17,15945.0,16214.9837,False,166.131,269.9837,72891.2189,1.6251
delno_ocisceno,1018P,Kardiološki pregled - prvi,1,naivni,2025-12-17,2026-01-07,15897.0,15945.0,True,167.3176,48.0,2304.0,0.2869
delno_ocisceno,1018P,Kardiološki pregled - prvi,1,lin,2025-12-17,2026-01-07,15897.0,16820.5981,True,167.3176,923.5981,853033.4223,5.52
delno_ocisceno,1018P,Kardiološki pregled - prvi,1,ar1,2025-12-17,2026-01-07,15897.0,15944.2937,True,167.3176,47.2937,2236.6939,0.2827
delno_ocisceno,1018P,Kardiološki pregled - prvi,1,naivni,2026-01-07,2026-01-14,15901.0,15897.0,False,165.9302,4.0,16.0,0.0241
delno_ocisceno,1018P,Kardiološki pregled - prvi,1,lin,2026-01-07,2026-01-14,15901.0,16760.1713,False,165.9302,859.1713,738175.3993,5.1779
delno_ocisceno,1018P,Kardiološki pregled - prvi,1,ar1,2026-01-07,2026-01-14,15901.0,15895.2606,False,165.9302,5.7394,32.9409,0.0346
delno_ocisceno,1018P,Kardiološki pregled - prvi,1,naivni,2026-01-14,2026-01-21,16004.0,15901.0,False,164.069,103.0,10609.0,0.6278
delno_ocisceno,1018P,Kardiološki pregled - prvi,1,lin,2026-01-14,2026-01-21,16004.0,16702.4318,False,164.069,698.4318,487807.0046,4.2569
delno_ocisceno,1018P,Kardiološki pregled - prvi,1,ar1,2026-01-14,2026-01-21,16004.0,15899.4234,False,164.069,104.5766,10936.2641,0.6374
delno_ocisceno,1018P,Kardiološki pregled - prvi,1,naivni,2026-01-21,2026-01-28,16267.0,16004.0,False,163.375,263.0,69169.0,1.6098
delno_ocisceno,1018P,Kardiološki pregled - prvi,1,lin,2026-01-21,2026-01-28,16267.0,16651.6971,False,163.375,384.6971,147991.8895,2.3547
delno_ocisceno,1018P,Kardiološki pregled - prvi,1,ar1,2026-01-21,2026-01-28,16267.0,16004.3599,False,163.375,262.6401,68979.8026,1.6076
delno_ocisceno,1018P,Kardiološki pregled - prvi,1,naivni,2026-01-28,2026-02-04,16388.0,16267.0,False,164.4944,121.0,14641.0,0.7356
delno_ocisceno,1018P,Kardiološki pregled - prvi,1,lin,2026-01-28,2026-02-04,16388.0,16614.7318,False,164.4944,226.7318,51407.3251,1.3784
delno_ocisceno,1018P,Kardiološki pregled - prvi,1,ar1,2026-01-28,2026-02-04,16388.0,16269.706,False,164.4944,118.294,13993.4613,0.7191
delno_ocisceno,1018P,Kardiološki pregled - prvi,1,naivni,2026-02-04,2026-02-11,16379.0,16388.0,False,164.0111,9.0,81.0,0.0549
delno_ocisceno,1018P,Kardiološki pregled - prvi,1,lin,2026-02-04,2026-02-11,16379.0,16584.6161,False,164.0111,205.6161,42277.9877,1.2537
delno_ocisceno,1018P,Kardiološki pregled - prvi,1,ar1,2026-02-04,2026-02-11,16379.0,16390.4904,False,164.0111,11.4904,132.0289,0.0701
delno_ocisceno,1018P,Kardiološki pregled - prvi,1,naivni,2026-02-11,2026-02-18,16714.0,16379.0,False,162.3077,335.0,112225.0,2.064
delno_ocisceno,1018P,Kardiološki pregled - prvi,1,lin,2026-02-11,2026-02-18,16714.0,16555.3643,False,162.3077,158.6357,25165.2823,0.9774
delno_ocisceno,1018P,Kardiološki pregled - prvi,1,ar1,2026-02-11,2026-02-18,16714.0,16381.4722,False,162.3077,332.5278,110574.7105,2.0487
delno_ocisceno,1018P,Kardiološki pregled - prvi,1,naivni,2026-02-18,2026-02-25,16733.0,16714.0,False,164.1848,19.0,361.0,0.1157
delno_ocisceno,1018P,Kardiološki pregled - prvi,1,lin,2026-02-18,2026-02-25,16733.0,16541.7312,False,164.1848,191.2688,36583.7604,1.165
delno_ocisceno,1018P,Kardiološki pregled - prvi,1,ar1,2026-02-18,2026-02-25,16733.0,16713.4728,False,164.1848,19.5272,381.3122,0.1189
delno_ocisceno,1018P,Kardiološki pregled - prvi,1,naivni,2026-02-25,2026-03-04,16860.0,16733.0,False,162.6237,127.0,16129.0,0.7809
delno_ocisceno,1018P,Kardiološki pregled - prvi,1,lin,2026-02-25,2026-03-04,16860.0,16529.523,False,162.6237,330.477,109215.0525,2.0322
delno_ocisceno,1018P,Kardiološki pregled - prvi,1,ar1,2026-02-25,2026-03-04,16860.0,16732.1834,False,162.6237,127.8166,16337.0932,0.786
delno_ocisceno,1018P,Kardiološki pregled - prvi,1,naivni,2026-03-04,2026-03-11,16931.0,16860.0,False,162.2447,71.0,5041.0,0.4376
delno_ocisceno,1018P,Kardiološki pregled - prvi,1,lin,2026-03-04,2026-03-11,16931.0,16523.219,False,162.2447,407.781,166285.3138,2.5134
delno_ocisceno,1018P,Kardiološki pregled - prvi,1,ar1,2026-03-04,2026-03-11,16931.0,16857.0084,False,162.2447,73.9916,5474.7568,0.456
delno_ocisceno,1018P,Kardiološki pregled - prvi,1,naivni,2026-03-11,2026-03-18,16741.0,16931.0,False,161.2842,190.0,36100.0,1.178
delno_ocisceno,1018P,Kardiološki pregled - prvi,1,lin,2026-03-11,2026-03-18,16741.0,16520.2086,False,161.2842,220.7914,48748.8632,1.369
delno_ocisceno,1018P,Kardiološki pregled - prvi,1,ar1,2026-03-11,2026-03-18,16741.0,16926.6562,False,161.2842,185.6562,34468.2355,1.1511
delno_ocisceno,1018P,Kardiološki pregled - prvi,1,naivni,2026-03-18,2026-03-25,16886.0,16741.0,False,161.5833,145.0,21025.0,0.8974
delno_ocisceno,1018P,Kardiološki pregled - prvi,1,lin,2026-03-18,2026-03-25,16886.0,16509.5747,False,161.5833,376.4253,141695.9747,2.3296
delno_ocisceno,1018P,Kardiološki pregled - prvi,1,ar1,2026-03-18,2026-03-25,16886.0,16740.449,False,161.5833,145.551,21185.1023,0.9008
delno_ocisceno,1018P,Kardiološki pregled - prvi,1,naivni,2026-03-25,2026-04-08,16603.0,16886.0,True,161.4124,283.0,80089.0,1.7533
delno_ocisceno,1018P,Kardiološki pregled - prvi,1,lin,2026-03-25,2026-04-08,16603.0,16505.3398,True,161.4124,97.6602,9537.5175,0.605
delno_ocisceno,1018P,Kardiološki pregled - prvi,1,ar1,2026-03-25,2026-04-08,16603.0,16882.77,True,161.4124,279.77,78271.2367,1.7333
delno_ocisceno,1018P,Kardiološki pregled - prvi,1,naivni,2026-04-08,2026-04-15,16708.0,16603.0,False,162.6531,105.0,11025.0,0.6455
delno_ocisceno,1018P,Kardiološki pregled - prvi,1,lin,2026-04-08,2026-04-15,16708.0,16489.9192,False,162.6531,218.0808,47559.2389,1.3408
delno_ocisceno,1018P,Kardiološki pregled - prvi,1,ar1,2026-04-08,2026-04-15,16708.0,16605.1922,False,162.6531,102.8078,10569.4378,0.6321
delno_ocisceno,1018P,Kardiološki pregled - prvi,1,naivni,2026-04-15,2026-04-29,17067.0,16708.0,True,162.0707,359.0,128881.0,2.2151
delno_ocisceno,1018P,Kardiološki pregled - prvi,1,lin,2026-04-15,2026-04-29,17067.0,16479.3352,True,162.0707,587.6648,345349.9741,3.626
delno_ocisceno,1018P,Kardiološki pregled - prvi,1,ar1,2026-04-15,2026-04-29,17067.0,16708.4569,True,162.0707,358.5431,128553.1216,2.2123
delno_ocisceno,1018P,Kardiološki pregled - prvi,1,naivni,2026-04-29,2026-05-06,16765.0,17067.0,False,164.04,302.0,91204.0,1.841
delno_ocisceno,1018P,Kardiološki pregled - prvi,1,lin,2026-04-29,2026-05-06,16765.0,16483.4313,False,164.04,281.5687,79280.9401,1.7165
delno_ocisceno,1018P,Kardiološki pregled - prvi,1,ar1,2026-04-29,2026-05-06,16765.0,17060.0522,False,164.04,295.0522,87055.8015,1.7987
delno_ocisceno,1018P,Kardiološki pregled - prvi,1,naivni,2026-05-06,2026-05-13,16896.0,16765.0,False,165.4059,131.0,17161.0,0.792
delno_ocisceno,1018P,Kardiološki pregled - prvi,1,lin,2026-05-06,2026-05-13,16896.0,16475.6377,False,165.4059,420.3623,176704.4294,2.5414
delno_ocisceno,1018P,Kardiološki pregled - prvi,1,ar1,2026-05-06,2026-05-13,16896.0,16765.2436,False,165.4059,130.7564,17097.2383,0.7905
delno_ocisceno,1018P,Kardiološki pregled - prvi,1,naivni,2026-05-13,2026-05-20,16788.0,16896.0,False,165.0686,108.0,11664.0,0.6543
delno_ocisceno,1018P,Kardiološki pregled - prvi,1,lin,2026-05-13,2026-05-20,16788.0,16473.2878,False,165.0686,314.7122,99043.7465,1.9066
delno_ocisceno,1018P,Kardiološki pregled - prvi,1,ar1,2026-05-13,2026-05-20,16788.0,16893.421,False,165.0686,105.421,11113.5872,0.6386
delno_ocisceno,1018P,Kardiološki pregled - prvi,1,naivni,2026-05-20,2026-05-27,16843.0,16788.0,False,164.5146,55.0,3025.0,0.3343
delno_ocisceno,1018P,Kardiološki pregled - prvi,1,lin,2026-05-20,2026-05-27,16843.0,16466.9529,False,164.5146,376.0471,141411.3838,2.2858
delno_ocisceno,1018P,Kardiološki pregled - prvi,1,ar1,2026-05-20,2026-05-27,16843.0,16787.901,False,164.5146,55.099,3035.902,0.3349
delno_ocisceno,1018P,Kardiološki pregled - prvi,1,naivni,2026-05-27,2026-06-03,16753.0,16843.0,False,163.4615,90.0,8100.0,0.5506
delno_ocisceno,1018P,Kardiološki pregled - prvi,1,lin,2026-05-27,2026-06-03,16753.0,16463.0123,False,163.4615,289.9877,84092.8829,1.774
delno_ocisceno,1018P,Kardiološki pregled - prvi,1,ar1,2026-05-27,2026-06-03,16753.0,16841.6944,False,163.4615,88.6944,7866.6891,0.5426
delno_ocisceno,1018P,Kardiološki pregled - prvi,1,naivni,2026-06-03,2026-06-17,16719.0,16753.0,True,162.7619,34.0,1156.0,0.2089
delno_ocisceno,1018P,Kardiološki pregled - prvi,1,lin,2026-06-03,2026-06-17,16719.0,16455.8916,True,162.7619,263.1084,69226.0069,1.6165
delno_ocisceno,1018P,Kardiološki pregled - prvi,1,ar1,2026-06-03,2026-06-17,16719.0,16753.7162,True,162.7619,34.7162,1205.2111,0.2133
delno_ocisceno,1018P,Kardiološki pregled - prvi,1,naivni,2026-06-17,2026-06-24,16949.0,16719.0,False,161.5472,230.0,52900.0,1.4237
delno_ocisceno,1018P,Kardiološki pregled - prvi,1,lin,2026-06-17,2026-06-24,16949.0,16447.8173,False,161.5472,501.1827,251184.0826,3.1024
delno_ocisceno,1018P,Kardiološki pregled - prvi,1,ar1,2026-06-17,2026-06-24,16949.0,16720.4266,False,161.5472,228.5734,52245.7904,1.4149
delno_ocisceno,1018P,Kardiološki pregled - prvi,1,naivni,2026-06-24,2026-07-01,16760.0,16949.0,False,162.1869,189.0,35721.0,1.1653
delno_ocisceno,1018P,Kardiološki pregled - prvi,1,lin,2026-06-24,2026-07-01,16760.0,16448.6061,False,162.1869,311.3939,96966.1659,1.92
delno_ocisceno,1018P,Kardiološki pregled - prvi,1,ar1,2026-06-24,2026-07-01,16760.0,16945.2492,False,162.1869,185.2492,34317.2602,1.1422
delno_ocisceno,1018P,Kardiološki pregled - prvi,1,naivni,2026-07-01,2026-07-08,16806.0,16760.0,False,162.4352,46.0,2116.0,0.2832
delno_ocisceno,1018P,Kardiološki pregled - prvi,1,lin,2026-07-01,2026-07-08,16806.0,16442.5153,False,162.4352,363.4847,132121.134,2.2377
delno_ocisceno,1018P,Kardiološki pregled - prvi,1,ar1,2026-07-01,2026-07-08,16806.0,16760.8745,False,162.4352,45.1255,2036.3112,0.2778
delno_ocisceno,1018P,Kardiološki pregled - prvi,1,naivni,2026-07-08,2026-07-15,16912.0,16806.0,False,161.367,106.0,11236.0,0.6569
delno_ocisceno,1018P,Kardiološki pregled - prvi,1,lin,2026-07-08,2026-07-15,16912.0,16438.3706,False,161.367,473.6294,224324.7686,2.9351
delno_ocisceno,1018P,Kardiološki pregled - prvi,1,ar1,2026-07-08,2026-07-15,16912.0,16805.8173,False,161.367,106.1827,11274.7691,0.658
delno_ocisceno,1018P,Kardiološki pregled - prvi,4,naivni,2025-04-09,2025-05-07,17774.0,17276.0,False,186.6078,498.0,248004.0,2.6687
delno_ocisceno,1018P,Kardiološki pregled - prvi,4,lin,2025-04-09,2025-05-07,17774.0,15715.5077,False,186.6078,2058.4923,4237390.616,11.0311
delno_ocisceno,1018P,Kardiološki pregled - prvi,4,ar1,2025-04-09,2025-05-07,17774.0,17192.3029,False,186.6078,581.6971,338371.5685,3.1172
delno_ocisceno,1018P,Kardiološki pregled - prvi,4,naivni,2025-04-16,2025-05-14,17956.0,17261.0,False,183.3077,695.0,483025.0,3.7914
delno_ocisceno,1018P,Kardiološki pregled - prvi,4,lin,2025-04-16,2025-05-14,17956.0,15761.9371,False,183.3077,2194.0629,4813911.9788,11.9693
delno_ocisceno,1018P,Kardiološki pregled - prvi,4,ar1,2025-04-16,2025-05-14,17956.0,17180.2169,False,183.3077,775.7831,601839.3711,4.2321
delno_ocisceno,1018P,Kardiološki pregled - prvi,4,naivni,2025-04-23,2025-05-21,17935.0,17309.0,False,180.7547,626.0,391876.0,3.4633
delno_ocisceno,1018P,Kardiološki pregled - prvi,4,lin,2025-04-23,2025-05-21,17935.0,15809.8103,False,180.7547,2125.1897,4516431.3507,11.7573
delno_ocisceno,1018P,Kardiološki pregled - prvi,4,ar1,2025-04-23,2025-05-21,17935.0,17226.1196,False,180.7547,708.8804,502511.3725,3.9218
delno_ocisceno,1018P,Kardiološki pregled - prvi,4,naivni,2025-04-30,2025-05-28,18127.0,17760.0,False,185.7593,367.0,134689.0,1.9757
delno_ocisceno,1018P,Kardiološki pregled - prvi,4,lin,2025-04-30,2025-05-28,18127.0,15890.6296,False,185.7593,2236.3704,5001352.6486,12.0391
delno_ocisceno,1018P,Kardiološki pregled - prvi,4,ar1,2025-04-30,2025-05-28,18127.0,17638.2756,False,185.7593,488.7244,238851.5177,2.631
delno_ocisceno,1018P,Kardiološki pregled - prvi,4,naivni,2025-05-07,2025-06-04,18035.0,17774.0,False,182.6364,261.0,68121.0,1.4291
delno_ocisceno,1018P,Kardiološki pregled - prvi,4,lin,2025-05-07,2025-06-04,18035.0,15967.8868,False,182.6364,2067.1132,4272956.9488,11.3182
delno_ocisceno,1018P,Kardiološki pregled - prvi,4,ar1,2025-05-07,2025-06-04,18035.0,17653.193,False,182.6364,381.807,145776.5697,2.0905
delno_ocisceno,1018P,Kardiološki pregled - prvi,4,naivni,2025-05-14,2025-06-18,18228.0,17956.0,True,182.625,272.0,73984.0,1.4894
delno_ocisceno,1018P,Kardiološki pregled - prvi,4,lin,2025-05-14,2025-06-18,18228.0,16054.5396,True,182.625,2173.4604,4723930.002,11.9012
delno_ocisceno,1018P,Kardiološki pregled - prvi,4,ar1,2025-05-14,2025-06-18,18228.0,17820.2896,True,182.625,407.7104,166227.7393,2.2325
delno_ocisceno,1018P,Kardiološki pregled - prvi,4,naivni,2025-05-21,2025-07-02,18295.0,17935.0,True,179.7895,360.0,129600.0,2.0023
delno_ocisceno,1018P,Kardiološki pregled - prvi,4,lin,2025-05-21,2025-07-02,18295.0,16134.7127,True,179.7895,2160.2873,4666841.2404,12.0156
delno_ocisceno,1018P,Kardiološki pregled - prvi,4,ar1,2025-05-21,2025-07-02,18295.0,17803.7773,True,179.7895,491.2227,241299.7291,2.7322
delno_ocisceno,1018P,Kardiološki pregled - prvi,4,naivni,2025-05-28,2025-07-09,18337.0,18127.0,True,180.0,210.0,44100.0,1.1667
delno_ocisceno,1018P,Kardiološki pregled - prvi,4,lin,2025-05-28,2025-07-09,18337.0,16224.4106,True,180.0,2112.5894,4463034.0634,11.7366
delno_ocisceno,1018P,Kardiološki pregled - prvi,4,ar1,2025-05-28,2025-07-09,18337.0,17981.286,True,180.0,355.714,126532.4413,1.9762
delno_ocisceno,1018P,Kardiološki pregled - prvi,4,naivni,2025-06-04,2025-07-16,18320.0,18035.0,True,178.5085,285.0,81225.0,1.5966
delno_ocisceno,1018P,Kardiološki pregled - prvi,4,lin,2025-06-04,2025-07-16,18320.0,16302.5161,True,178.5085,2017.4839,4070241.1117,11.3019
delno_ocisceno,1018P,Kardiološki pregled - prvi,4,ar1,2025-06-04,2025-07-16,18320.0,17899.8738,True,178.5085,420.1262,176506.0481,2.3535
delno_ocisceno,1018P,Kardiološki pregled - prvi,4,naivni,2025-06-18,2025-07-23,18480.0,18228.0,True,178.75,252.0,63504.0,1.4098
delno_ocisceno,1018P,Kardiološki pregled - prvi,4,lin,2025-06-18,2025-07-23,18480.0,16389.9377,True,178.75,2090.0623,4368360.3973,11.6927
delno_ocisceno,1018P,Kardiološki pregled - prvi,4,ar1,2025-06-18,2025-07-23,18480.0,18079.3141,True,178.75,400.6859,160549.2184,2.2416
delno_ocisceno,1018P,Kardiološki pregled - prvi,4,naivni,2025-07-02,2025-07-30,18604.0,18295.0,False,176.918,309.0,95481.0,1.7466
delno_ocisceno,1018P,Kardiološki pregled - prvi,4,lin,2025-07-02,2025-07-30,18604.0,16477.2244,False,176.918,2126.7756,4523174.5758,12.0212
delno_ocisceno,1018P,Kardiološki pregled - prvi,4,ar1,2025-07-02,2025-07-30,18604.0,18144.6781,False,176.918,459.3219,210976.6344,2.5962
delno_ocisceno,1018P,Kardiološki pregled - prvi,4,naivni,2025-07-09,2025-08-06,18500.0,18337.0,False,174.7419,163.0,26569.0,0.9328
delno_ocisceno,1018P,Kardiološki pregled - prvi,4,lin,2025-07-09,2025-08-06,18500.0,16562.6561,False,174.7419,1937.3439,3753301.4877,11.0869
delno_ocisceno,1018P,Kardiološki pregled - prvi,4,ar1,2025-07-09,2025-08-06,18500.0,18187.2005,False,174.7419,312.7995,97843.4978,1.7901
delno_ocisceno,1018P,Kardiološki pregled - prvi,4,naivni,2025-07-16,2025-08-13,18485.0,18320.0,False,172.2381,165.0,27225.0,0.958
delno_ocisceno,1018P,Kardiološki pregled - prvi,4,lin,2025-07-16,2025-08-13,18485.0,16642.3974,False,172.2381,1842.6026,3395184.2936,10.698
delno_ocisceno,1018P,Kardiološki pregled - prvi,4,ar1,2025-07-16,2025-08-13,18485.0,18174.6018,False,172.2381,310.3982,96347.0609,1.8021
delno_ocisceno,1018P,Kardiološki pregled - prvi,4,naivni,2025-07-23,2025-08-20,18372.0,18480.0,False,172.0469,108.0,11664.0,0.6277
delno_ocisceno,1018P,Kardiološki pregled - prvi,4,lin,2025-07-23,2025-08-20,18372.0,16728.4691,False,172.0469,1643.5309,2701193.9641,9.5528
delno_ocisceno,1018P,Kardiološki pregled - prvi,4,ar1,2025-07-23,2025-08-20,18372.0,18328.1614,False,172.0469,43.8386,1921.8266,0.2548
delno_ocisceno,1018P,Kardiološki pregled - prvi,4,naivni,2025-07-30,2025-08-27,18470.0,18604.0,False,171.3077,134.0,17956.0,0.7822
delno_ocisceno,1018P,Kardiološki pregled - prvi,4,lin,2025-07-30,2025-08-27,18470.0,16818.0657,False,171.3077,1651.9343,2728886.9103,9.6431
delno_ocisceno,1018P,Kardiološki pregled - prvi,4,ar1,2025-07-30,2025-08-27,18470.0,18450.5823,False,171.3077,19.4177,377.0478,0.1133
delno_ocisceno,1018P,Kardiološki pregled - prvi,4,naivni,2025-08-06,2025-09-03,18408.0,18500.0,False,170.2879,92.0,8464.0,0.5403
delno_ocisceno,1018P,Kardiološki pregled - prvi,4,lin,2025-08-06,2025-09-03,18408.0,16896.402,False,170.2879,1511.598,2284928.4311,8.8767
delno_ocisceno,1018P,Kardiološki pregled - prvi,4,ar1,2025-08-06,2025-09-03,18408.0,18354.4368,False,170.2879,53.5632,2869.0212,0.3145
delno_ocisceno,1018P,Kardiološki pregled - prvi,4,naivni,2025-08-13,2025-09-10,18295.0,18485.0,False,167.9701,190.0,36100.0,1.1312
delno_ocisceno,1018P,Kardiološki pregled - prvi,4,lin,2025-08-13,2025-09-10,18295.0,16969.8106,False,167.9701,1325.1894,1756126.8739,7.8894
delno_ocisceno,1018P,Kardiološki pregled - prvi,4,ar1,2025-08-13,2025-09-10,18295.0,18343.5391,False,167.9701,48.5391,2356.0422,0.289
delno_ocisceno,1018P,Kardiološki pregled - prvi,4,naivni,2025-08-20,2025-09-17,18112.0,18372.0,False,167.1618,260.0,67600.0,1.5554
delno_ocisceno,1018P,Kardiološki pregled - prvi,4,lin,2025-08-20,2025-09-17,18112.0,17032.5608,False,167.1618,1079.4392,1165189.0729,6.4575
delno_ocisceno,1018P,Kardiološki pregled - prvi,4,ar1,2025-08-20,2025-09-17,18112.0,18239.7588,False,167.1618,127.7588,16322.2987,0.7643
delno_ocisceno,1018P,Kardiološki pregled - prvi,4,naivni,2025-08-27,2025-09-24,17777.0,18470.0,False,166.1594,693.0,480249.0,4.1707
delno_ocisceno,1018P,Kardiološki pregled - prvi,4,lin,2025-08-27,2025-09-24,17777.0,17098.1716,False,166.1594,678.8284,460808.0394,4.0854
delno_ocisceno,1018P,Kardiološki pregled - prvi,4,ar1,2025-08-27,2025-09-24,17777.0,18334.632,False,166.1594,557.632,310953.415,3.356
delno_ocisceno,1018P,Kardiološki pregled - prvi,4,naivni,2025-09-03,2025-10-01,17322.0,18408.0,False,164.6714,1086.0,1179396.0,6.595
delno_ocisceno,1018P,Kardiološki pregled - prvi,4,lin,2025-09-03,2025-10-01,17322.0,17156.8606,False,164.6714,165.1394,27271.0335,1.0028
delno_ocisceno,1018P,Kardiološki pregled - prvi,4,ar1,2025-09-03,2025-10-01,17322.0,18278.8922,False,164.6714,956.8922,915642.595,5.8109
delno_ocisceno,1018P,Kardiološki pregled - prvi,4,naivni,2025-09-10,2025-10-08,17132.0,18295.0,False,163.9437,1163.0,1352569.0,7.0939
delno_ocisceno,1018P,Kardiološki pregled - prvi,4,lin,2025-09-10,2025-10-08,17132.0,17206.0562,False,163.9437,74.0562,5484.3245,0.4517
delno_ocisceno,1018P,Kardiološki pregled - prvi,4,ar1,2025-09-10,2025-10-08,17132.0,18175.5741,False,163.9437,1043.5741,1089047.0013,6.3654
delno_ocisceno,1018P,Kardiološki pregled - prvi,4,naivni,2025-09-17,2025-10-15,16998.0,18112.0,False,164.2083,1114.0,1240996.0,6.7841
delno_ocisceno,1018P,Kardiološki pregled - prvi,4,lin,2025-09-17,2025-10-15,16998.0,17242.2872,False,164.2083,244.2872,59676.2251,1.4877
delno_ocisceno,1018P,Kardiološki pregled - prvi,4,ar1,2025-09-17,2025-10-15,16998.0,18008.4734,False,164.2083,1010.4734,1021056.4651,6.1536
delno_ocisceno,1018P,Kardiološki pregled - prvi,4,naivni,2025-09-24,2025-10-22,16671.0,17777.0,False,166.5479,1106.0,1223236.0,6.6407
delno_ocisceno,1018P,Kardiološki pregled - prvi,4,lin,2025-09-24,2025-10-22,16671.0,17257.6557,False,166.5479,586.6557,344164.8557,3.5224
delno_ocisceno,1018P,Kardiološki pregled - prvi,4,ar1,2025-09-24,2025-10-22,16671.0,17705.1505,False,166.5479,1034.1505,1069467.2874,6.2093
delno_ocisceno,1018P,Kardiološki pregled - prvi,4,naivni,2025-10-01,2025-10-29,16787.0,17322.0,False,170.4459,535.0,286225.0,3.1388
delno_ocisceno,1018P,Kardiološki pregled - prvi,4,lin,2025-10-01,2025-10-29,16787.0,17246.6795,False,170.4459,459.6795,211305.2839,2.6969
delno_ocisceno,1018P,Kardiološki pregled - prvi,4,ar1,2025-10-01,2025-10-29,16787.0,17295.0452,False,170.4459,508.0452,258109.8937,2.9807
delno_ocisceno,1018P,Kardiološki pregled - prvi,4,naivni,2025-10-08,2025-11-05,16613.0,17132.0,False,170.7067,519.0,269361.0,3.0403
delno_ocisceno,1018P,Kardiološki pregled - prvi,4,lin,2025-10-08,2025-11-05,16613.0,17225.7424,False,170.7067,612.7424,375453.2729,3.5894
delno_ocisceno,1018P,Kardiološki pregled - prvi,4,ar1,2025-10-08,2025-11-05,16613.0,17121.2271,False,170.7067,508.2271,258294.8145,2.9772
delno_ocisceno,1018P,Kardiološki pregled - prvi,4,naivni,2025-10-15,2025-11-12,16567.0,16998.0,False,170.2237,431.0,185761.0,2.532
delno_ocisceno,1018P,Kardiološki pregled - prvi,4,lin,2025-10-15,2025-11-12,16567.0,17198.5274,False,170.2237,631.5274,398826.8157,3.71
delno_ocisceno,1018P,Kardiološki pregled - prvi,4,ar1,2025-10-15,2025-11-12,16567.0,16996.7427,False,170.2237,429.7427,184678.7794,2.5246
delno_ocisceno,1018P,Kardiološki pregled - prvi,4,naivni,2025-10-22,2025-11-19,16393.0,16671.0,False,172.2597,278.0,77284.0,1.6138
delno_ocisceno,1018P,Kardiološki pregled - prvi,4,lin,2025-10-22,2025-11-19,16393.0,17154.9516,False,172.2597,761.9516,580570.2039,4.4233
delno_ocisceno,1018P,Kardiološki pregled - prvi,4,ar1,2025-10-22,2025-11-19,16393.0,16685.8655,False,172.2597,292.8655,85770.1955,1.7001
delno_ocisceno,1018P,Kardiološki pregled - prvi,4,naivni,2025-10-29,2025-11-26,16340.0,16787.0,False,171.5385,447.0,199809.0,2.6058
delno_ocisceno,1018P,Kardiološki pregled - prvi,4,lin,2025-10-29,2025-11-26,16340.0,17119.6792,False,171.5385,779.6792,607899.6346,4.5452
delno_ocisceno,1018P,Kardiološki pregled - prvi,4,ar1,2025-10-29,2025-11-26,16340.0,16798.2506,False,171.5385,458.2506,209993.5941,2.6714
delno_ocisceno,1018P,Kardiološki pregled - prvi,4,naivni,2025-11-05,2025-12-03,16279.0,16613.0,False,171.5696,334.0,111556.0,1.9467
delno_ocisceno,1018P,Kardiološki pregled - prvi,4,lin,2025-11-05,2025-12-03,16279.0,17076.9232,False,171.5696,797.9232,636681.4439,4.6507
delno_ocisceno,1018P,Kardiološki pregled - prvi,4,ar1,2025-11-05,2025-12-03,16279.0,16629.7973,False,171.5696,350.7973,123058.7276,2.0446
delno_ocisceno,1018P,Kardiološki pregled - prvi,4,naivni,2025-11-12,2025-12-10,16212.0,16567.0,False,170.0,355.0,126025.0,2.0882
delno_ocisceno,1018P,Kardiološki pregled - prvi,4,lin,2025-11-12,2025-12-10,16212.0,17033.7869,False,170.0,821.7869,675333.662,4.834
delno_ocisceno,1018P,Kardiološki pregled - prvi,4,ar1,2025-11-12,2025-12-10,16212.0,16584.0582,False,170.0,372.0582,138427.2798,2.1886
delno_ocisceno,1018P,Kardiološki pregled - prvi,4,naivni,2025-11-19,2025-12-17,15945.0,16393.0,False,170.0494,448.0,200704.0,2.6345
delno_ocisceno,1018P,Kardiološki pregled - prvi,4,lin,2025-11-19,2025-12-17,15945.0,16983.7134,False,170.0494,1038.7134,1078925.5295,6.1083
delno_ocisceno,1018P,Kardiološki pregled - prvi,4,ar1,2025-11-19,2025-12-17,15945.0,16410.2866,False,170.0494,465.2866,216491.5811,2.7362
delno_ocisceno,1018P,Kardiološki pregled - prvi,4,naivni,2025-11-26,2026-01-07,15897.0,16340.0,True,168.622,443.0,196249.0,2.6272
delno_ocisceno,1018P,Kardiološki pregled - prvi,4,lin,2025-11-26,2026-01-07,15897.0,16933.2411,True,168.622,1036.2411,1073795.5962,6.1454
delno_ocisceno,1018P,Kardiološki pregled - prvi,4,ar1,2025-11-26,2026-01-07,15897.0,16355.8697,True,168.622,458.8697,210561.3602,2.7213
delno_ocisceno,1018P,Kardiološki pregled - prvi,4,naivni,2025-12-03,2026-01-14,15901.0,16279.0,True,167.3253,378.0,142884.0,2.2591
delno_ocisceno,1018P,Kardiološki pregled - prvi,4,lin,2025-12-03,2026-01-14,15901.0,16881.9956,True,167.3253,980.9956,962352.3127,5.8628
delno_ocisceno,1018P,Kardiološki pregled - prvi,4,ar1,2025-12-03,2026-01-14,15901.0,16292.9697,True,167.3253,391.9697,153640.2241,2.3426
delno_ocisceno,1018P,Kardiološki pregled - prvi,4,naivni,2025-12-10,2026-01-21,16004.0,16212.0,True,166.131,208.0,43264.0,1.252
delno_ocisceno,1018P,Kardiološki pregled - prvi,4,lin,2025-12-10,2026-01-21,16004.0,16829.7266,True,166.131,825.7266,681824.4786,4.9703
delno_ocisceno,1018P,Kardiološki pregled - prvi,4,ar1,2025-12-10,2026-01-21,16004.0,16223.4699,True,166.131,219.4699,48167.0365,1.3211
delno_ocisceno,1018P,Kardiološki pregled - prvi,4,naivni,2025-12-17,2026-01-28,16267.0,15945.0,True,167.3176,322.0,103684.0,1.9245
delno_ocisceno,1018P,Kardiološki pregled - prvi,4,lin,2025-12-17,2026-01-28,16267.0,16766.7107,True,167.3176,499.7107,249710.787,2.9866
delno_ocisceno,1018P,Kardiološki pregled - prvi,4,ar1,2025-12-17,2026-01-28,16267.0,15942.2663,True,167.3176,324.7337,105451.9449,1.9408
delno_ocisceno,1018P,Kardiološki pregled - prvi,4,naivni,2026-01-07,2026-02-04,16388.0,15897.0,False,165.9302,491.0,241081.0,2.9591
delno_ocisceno,1018P,Kardiološki pregled - prvi,4,lin,2026-01-07,2026-02-04,16388.0,16704.1125,False,165.9302,316.1125,99927.109,1.9051
delno_ocisceno,1018P,Kardiološki pregled - prvi,4,ar1,2026-01-07,2026-02-04,16388.0,15890.2587,False,165.9302,497.7413,247746.4132,2.9997
delno_ocisceno,1018P,Kardiološki pregled - prvi,4,naivni,2026-01-14,2026-02-11,16379.0,15901.0,False,164.069,478.0,228484.0,2.9134
delno_ocisceno,1018P,Kardiološki pregled - prvi,4,lin,2026-01-14,2026-02-11,16379.0,16644.3984,False,164.069,265.3984,70436.2925,1.6176
delno_ocisceno,1018P,Kardiološki pregled - prvi,4,ar1,2026-01-14,2026-02-11,16379.0,15894.8907,False,164.069,484.1093,234361.8153,2.9506
delno_ocisceno,1018P,Kardiološki pregled - prvi,4,naivni,2026-01-21,2026-02-18,16714.0,16004.0,False,163.375,710.0,504100.0,4.3458
delno_ocisceno,1018P,Kardiološki pregled - prvi,4,lin,2026-01-21,2026-02-18,16714.0,16592.0942,False,163.375,121.9058,14861.0295,0.7462
delno_ocisceno,1018P,Kardiološki pregled - prvi,4,ar1,2026-01-21,2026-02-18,16714.0,16005.3908,False,163.375,708.6092,502126.9647,4.3373
delno_ocisceno,1018P,Kardiološki pregled - prvi,4,naivni,2026-01-28,2026-02-25,16733.0,16267.0,False,164.4944,466.0,217156.0,2.8329
delno_ocisceno,1018P,Kardiološki pregled - prvi,4,lin,2026-01-28,2026-02-25,16733.0,16554.2834,False,164.4944,178.7166,31939.6286,1.0865
delno_ocisceno,1018P,Kardiološki pregled - prvi,4,ar1,2026-01-28,2026-02-25,16733.0,16277.3895,False,164.4944,455.6105,207580.9421,2.7698
delno_ocisceno,1018P,Kardiološki pregled - prvi,4,naivni,2026-02-04,2026-03-04,16860.0,16388.0,False,164.0111,472.0,222784.0,2.8779
delno_ocisceno,1018P,Kardiološki pregled - prvi,4,lin,2026-02-04,2026-03-04,16860.0,16523.6802,False,164.0111,336.3198,113111.016,2.0506
delno_ocisceno,1018P,Kardiološki pregled - prvi,4,ar1,2026-02-04,2026-03-04,16860.0,16397.5392,False,164.0111,462.4608,213869.9514,2.8197
delno_ocisceno,1018P,Kardiološki pregled - prvi,4,naivni,2026-02-11,2026-03-11,16931.0,16379.0,False,162.3077,552.0,304704.0,3.4009
delno_ocisceno,1018P,Kardiološki pregled - prvi,4,lin,2026-02-11,2026-03-11,16931.0,16493.9958,False,162.3077,437.0042,190972.664,2.6924
delno_ocisceno,1018P,Kardiološki pregled - prvi,4,ar1,2026-02-11,2026-03-11,16931.0,16388.4716,False,162.3077,542.5284,294337.0166,3.3426
delno_ocisceno,1018P,Kardiološki pregled - prvi,4,naivni,2026-02-18,2026-03-18,16741.0,16714.0,False,164.1848,27.0,729.0,0.1644
delno_ocisceno,1018P,Kardiološki pregled - prvi,4,lin,2026-02-18,2026-03-18,16741.0,16480.6893,False,164.1848,260.3107,67761.6522,1.5855
delno_ocisceno,1018P,Kardiološki pregled - prvi,4,ar1,2026-02-18,2026-03-18,16741.0,16711.9916,False,164.1848,29.0084,841.4876,0.1767
delno_ocisceno,1018P,Kardiološki pregled - prvi,4,naivni,2026-02-25,2026-03-25,16886.0,16733.0,False,162.6237,153.0,23409.0,0.9408
delno_ocisceno,1018P,Kardiološki pregled - prvi,4,lin,2026-02-25,2026-03-25,16886.0,16468.8667,False,162.6237,417.1333,174000.2218,2.565
delno_ocisceno,1018P,Kardiološki pregled - prvi,4,ar1,2026-02-25,2026-03-25,16886.0,16729.8898,False,162.6237,156.1102,24370.4033,0.9599
delno_ocisceno,1018P,Kardiološki pregled - prvi,4,naivni,2026-03-04,2026-04-08,16603.0,16860.0,True,162.2447,257.0,66049.0,1.584
delno_ocisceno,1018P,Kardiološki pregled - prvi,4,lin,2026-03-04,2026-04-08,16603.0,16463.215,True,162.2447,139.785,19539.8564,0.8616
delno_ocisceno,1018P,Kardiološki pregled - prvi,4,ar1,2026-03-04,2026-04-08,16603.0,16848.6228,True,162.2447,245.6228,60330.5647,1.5139
delno_ocisceno,1018P,Kardiološki pregled - prvi,4,naivni,2026-03-11,2026-04-15,16708.0,16931.0,True,161.2842,223.0,49729.0,1.3827
delno_ocisceno,1018P,Kardiološki pregled - prvi,4,lin,2026-03-11,2026-04-15,16708.0,16460.9927,True,161.2842,247.0073,61012.5985,1.5315
delno_ocisceno,1018P,Kardiološki pregled - prvi,4,ar1,2026-03-11,2026-04-15,16708.0,16914.4918,True,161.2842,206.4918,42638.8744,1.2803
delno_ocisceno,1018P,Kardiološki pregled - prvi,4,naivni,2026-03-18,2026-04-29,17067.0,16741.0,True,161.5833,326.0,106276.0,2.0175
delno_ocisceno,1018P,Kardiološki pregled - prvi,4,lin,2026-03-18,2026-04-29,17067.0,16450.777,True,161.5833,616.223,379730.8067,3.8137
delno_ocisceno,1018P,Kardiološki pregled - prvi,4,ar1,2026-03-18,2026-04-29,17067.0,16738.9027,True,161.5833,328.0973,107647.8493,2.0305
delno_ocisceno,1018P,Kardiološki pregled - prvi,4,naivni,2026-03-25,2026-05-06,16765.0,16886.0,True,161.4124,121.0,14641.0,0.7496
delno_ocisceno,1018P,Kardiološki pregled - prvi,4,lin,2026-03-25,2026-05-06,16765.0,16447.2404,True,161.4124,317.7596,100971.1614,1.9686
delno_ocisceno,1018P,Kardiološki pregled - prvi,4,ar1,2026-03-25,2026-05-06,16765.0,16873.7253,True,161.4124,108.7253,11821.1828,0.6736
delno_ocisceno,1018P,Kardiološki pregled - prvi,4,naivni,2026-04-08,2026-05-13,16896.0,16603.0,True,162.6531,293.0,85849.0,1.8014
delno_ocisceno,1018P,Kardiološki pregled - prvi,4,lin,2026-04-08,2026-05-13,16896.0,16431.9974,True,162.6531,464.0026,215298.4372,2.8527
delno_ocisceno,1018P,Kardiološki pregled - prvi,4,ar1,2026-04-08,2026-05-13,16896.0,16611.3508,True,162.6531,284.6492,81025.1537,1.75
delno_ocisceno,1018P,Kardiološki pregled - prvi,4,naivni,2026-04-15,2026-05-20,16788.0,16708.0,True,162.0707,80.0,6400.0,0.4936
delno_ocisceno,1018P,Kardiološki pregled - prvi,4,lin,2026-04-15,2026-05-20,16788.0,16421.802,True,162.0707,366.198,134100.9809,2.2595
delno_ocisceno,1018P,Kardiološki pregled - prvi,4,ar1,2026-04-15,2026-05-20,16788.0,16709.7384,True,162.0707,78.2616,6124.8778,0.4829
delno_ocisceno,1018P,Kardiološki pregled - prvi,4,naivni,2026-04-29,2026-05-27,16843.0,17067.0,False,164.04,224.0,50176.0,1.3655
delno_ocisceno,1018P,Kardiološki pregled - prvi,4,lin,2026-04-29,2026-05-27,16843.0,16426.9249,False,164.04,416.0751,173118.4759,2.5364
delno_ocisceno,1018P,Kardiološki pregled - prvi,4,ar1,2026-04-29,2026-05-27,16843.0,17040.67,False,164.04,197.67,39073.4219,1.205
delno_ocisceno,1018P,Kardiološki pregled - prvi,4,naivni,2026-05-06,2026-06-03,16753.0,16765.0,False,165.4059,12.0,144.0,0.0725
delno_ocisceno,1018P,Kardiološki pregled - prvi,4,lin,2026-05-06,2026-06-03,16753.0,16419.6138,False,165.4059,333.3862,111146.3702,2.0156
delno_ocisceno,1018P,Kardiološki pregled - prvi,4,ar1,2026-05-06,2026-06-03,16753.0,16765.9246,False,165.4059,12.9246,167.0462,0.0781
delno_ocisceno,1018P,Kardiološki pregled - prvi,4,naivni,2026-05-13,2026-06-17,16719.0,16896.0,True,165.0686,177.0,31329.0,1.0723
delno_ocisceno,1018P,Kardiološki pregled - prvi,4,lin,2026-05-13,2026-06-17,16719.0,16417.9702,True,165.0686,301.0298,90618.9183,1.8237
delno_ocisceno,1018P,Kardiološki pregled - prvi,4,ar1,2026-05-13,2026-06-17,16719.0,16886.223,True,165.0686,167.223,27963.5334,1.0131
delno_ocisceno,1018P,Kardiološki pregled - prvi,4,naivni,2026-05-20,2026-06-24,16949.0,16788.0,True,164.5146,161.0,25921.0,0.9786
delno_ocisceno,1018P,Kardiološki pregled - prvi,4,lin,2026-05-20,2026-06-24,16949.0,16412.1541,True,164.5146,536.8459,288203.5122,3.2632
delno_ocisceno,1018P,Kardiološki pregled - prvi,4,ar1,2026-05-20,2026-06-24,16949.0,16787.6243,True,164.5146,161.3757,26042.1141,0.9809
delno_ocisceno,1018P,Kardiološki pregled - prvi,4,naivni,2026-05-27,2026-07-01,16760.0,16843.0,True,163.4615,83.0,6889.0,0.5078
delno_ocisceno,1018P,Kardiološki pregled - prvi,4,lin,2026-05-27,2026-07-01,16760.0,16408.8216,True,163.4615,351.1784,123326.275,2.1484
delno_ocisceno,1018P,Kardiološki pregled - prvi,4,ar1,2026-05-27,2026-07-01,16760.0,16838.0488,True,163.4615,78.0488,6091.6098,0.4775
delno_ocisceno,1018P,Kardiološki pregled - prvi,4,naivni,2026-06-03,2026-07-08,16806.0,16753.0,True,162.7619,53.0,2809.0,0.3256
delno_ocisceno,1018P,Kardiološki pregled - prvi,4,lin,2026-06-03,2026-07-08,16806.0,16402.1612,True,162.7619,403.8388,163085.7918,2.4812
delno_ocisceno,1018P,Kardiološki pregled - prvi,4,ar1,2026-06-03,2026-07-08,16806.0,16755.7178,True,162.7619,50.2822,2528.3026,0.3089
delno_ocisceno,1018P,Kardiološki pregled - prvi,4,naivni,2026-06-17,2026-07-15,16912.0,16719.0,False,161.5472,193.0,37249.0,1.1947
delno_ocisceno,1018P,Kardiološki pregled - prvi,4,lin,2026-06-17,2026-07-15,16912.0,16394.4967,False,161.5472,517.5033,267809.6872,3.2034
delno_ocisceno,1018P,Kardiološki pregled - prvi,4,ar1,2026-06-17,2026-07-15,16912.0,16724.4158,False,161.5472,187.5842,35187.8468,1.1612
delno_ocisceno,1941,UZ vratnih žil,1,naivni,2025-04-09,2025-04-16,25659.0,25404.0,False,263.2549,255.0,65025.0,0.9686
delno_ocisceno,1941,UZ vratnih žil,1,lin,2025-04-09,2025-04-16,25659.0,23329.1833,False,263.2549,2329.8167,5428046.0517,8.85
delno_ocisceno,1941,UZ vratnih žil,1,ar1,2025-04-09,2025-04-16,25659.0,25764.5734,False,263.2549,105.5734,11145.7528,0.401
delno_ocisceno,1941,UZ vratnih žil,1,naivni,2025-04-16,2025-04-23,25944.0,25659.0,False,263.0962,285.0,81225.0,1.0833
delno_ocisceno,1941,UZ vratnih žil,1,lin,2025-04-16,2025-04-23,25944.0,23609.2736,False,263.0962,2334.7264,5450947.4333,8.874
delno_ocisceno,1941,UZ vratnih žil,1,ar1,2025-04-16,2025-04-23,25944.0,26013.0956,False,263.0962,69.0956,4774.2074,0.2626
delno_ocisceno,1941,UZ vratnih žil,1,naivni,2025-04-23,2025-04-30,26313.0,25944.0,False,263.5094,369.0,136161.0,1.4003
delno_ocisceno,1941,UZ vratnih žil,1,lin,2025-04-23,2025-04-30,26313.0,23891.3557,False,263.5094,2421.6443,5864361.1384,9.19
delno_ocisceno,1941,UZ vratnih žil,1,ar1,2025-04-23,2025-04-30,26313.0,26298.8494,False,263.5094,14.1506,200.2408,0.0537
delno_ocisceno,1941,UZ vratnih žil,1,naivni,2025-04-30,2025-05-07,26339.0,26313.0,False,265.463,26.0,676.0,0.0979
delno_ocisceno,1941,UZ vratnih žil,1,lin,2025-04-30,2025-05-07,26339.0,24181.3313,False,265.463,2157.6687,4655534.1623,8.1279
delno_ocisceno,1941,UZ vratnih žil,1,ar1,2025-04-30,2025-05-07,26339.0,26684.1893,False,265.463,345.1893,119155.6344,1.3003
delno_ocisceno,1941,UZ vratnih žil,1,naivni,2025-05-07,2025-05-14,26820.0,26339.0,False,261.1091,481.0,231361.0,1.8421
delno_ocisceno,1941,UZ vratnih žil,1,lin,2025-05-07,2025-05-14,26820.0,24454.024,False,261.1091,2365.976,5597842.3097,9.0613
delno_ocisceno,1941,UZ vratnih žil,1,ar1,2025-05-07,2025-05-14,26820.0,26663.8121,False,261.1091,156.1879,24394.6553,0.5982
delno_ocisceno,1941,UZ vratnih žil,1,naivni,2025-05-14,2025-05-21,27120.0,26820.0,False,265.0357,300.0,90000.0,1.1319
delno_ocisceno,1941,UZ vratnih žil,1,lin,2025-05-14,2025-05-21,27120.0,24742.6867,False,265.0357,2377.3133,5651618.4465,8.9698
delno_ocisceno,1941,UZ vratnih žil,1,ar1,2025-05-14,2025-05-21,27120.0,27180.2763,False,265.0357,60.2763,3633.2333,0.2274
delno_ocisceno,1941,UZ vratnih žil,1,naivni,2025-05-21,2025-05-28,27516.0,27120.0,False,265.6491,396.0,156816.0,1.4907
delno_ocisceno,1941,UZ vratnih žil,1,lin,2025-05-21,2025-05-28,27516.0,25033.5626,False,265.6491,2482.4374,6162495.3782,9.3448
delno_ocisceno,1941,UZ vratnih žil,1,ar1,2025-05-21,2025-05-28,27516.0,27482.8389,False,265.6491,33.1611,1099.6582,0.1248
delno_ocisceno,1941,UZ vratnih žil,1,naivni,2025-05-28,2025-06-04,28048.0,27516.0,False,267.8966,532.0,283024.0,1.9858
delno_ocisceno,1941,UZ vratnih žil,1,lin,2025-05-28,2025-06-04,28048.0,25332.955,False,267.8966,2715.045,7371469.3679,10.1347
delno_ocisceno,1941,UZ vratnih žil,1,ar1,2025-05-28,2025-06-04,28048.0,27896.1732,False,267.8966,151.8268,23051.3888,0.5667
delno_ocisceno,1941,UZ vratnih žil,1,naivni,2025-06-04,2025-06-18,28281.0,28048.0,True,272.3729,233.0,54289.0,0.8554
delno_ocisceno,1941,UZ vratnih žil,1,lin,2025-06-04,2025-06-18,28281.0,25649.2571,True,272.3729,2631.7429,6926070.8909,9.6623
delno_ocisceno,1941,UZ vratnih žil,1,ar1,2025-06-04,2025-06-18,28281.0,28465.2298,True,272.3729,184.2298,33940.6357,0.6764
delno_ocisceno,1941,UZ vratnih žil,1,naivni,2025-06-18,2025-07-02,28359.0,28281.0,True,271.7167,78.0,6084.0,0.2871
delno_ocisceno,1941,UZ vratnih žil,1,lin,2025-06-18,2025-07-02,28359.0,25961.5803,True,271.7167,2397.4197,5747621.0843,8.8232
delno_ocisceno,1941,UZ vratnih žil,1,ar1,2025-06-18,2025-07-02,28359.0,28684.1542,True,271.7167,325.1542,105725.2228,1.1967
delno_ocisceno,1941,UZ vratnih žil,1,naivni,2025-07-02,2025-07-09,28353.0,28359.0,False,268.541,6.0,36.0,0.0223
delno_ocisceno,1941,UZ vratnih žil,1,lin,2025-07-02,2025-07-09,28353.0,26260.1777,False,268.541,2092.8223,4379905.2473,7.7933
delno_ocisceno,1941,UZ vratnih žil,1,ar1,2025-07-02,2025-07-09,28353.0,28728.0261,False,268.541,375.0261,140644.5441,1.3965
delno_ocisceno,1941,UZ vratnih žil,1,naivni,2025-07-09,2025-07-16,27558.0,28353.0,False,264.3065,795.0,632025.0,3.0079
delno_ocisceno,1941,UZ vratnih žil,1,lin,2025-07-09,2025-07-16,27558.0,26540.6631,False,264.3065,1017.3369,1034974.4038,3.8491
delno_ocisceno,1941,UZ vratnih žil,1,ar1,2025-07-09,2025-07-16,27558.0,28683.4743,False,264.3065,1125.4743,1266692.3834,4.2582
delno_ocisceno,1941,UZ vratnih žil,1,naivni,2025-07-16,2025-07-23,28572.0,27558.0,False,272.7302,1014.0,1028196.0,3.718
delno_ocisceno,1941,UZ vratnih žil,1,lin,2025-07-16,2025-07-23,28572.0,26754.9688,False,272.7302,1817.0312,3301602.5635,6.6624
delno_ocisceno,1941,UZ vratnih žil,1,ar1,2025-07-16,2025-07-23,28572.0,27775.2834,False,272.7302,796.7166,634757.4108,2.9213
delno_ocisceno,1941,UZ vratnih žil,1,naivni,2025-07-23,2025-07-30,28431.0,28572.0,False,284.3125,141.0,19881.0,0.4959
delno_ocisceno,1941,UZ vratnih žil,1,lin,2025-07-23,2025-07-30,28431.0,27018.9755,False,284.3125,1412.0245,1993813.2429,4.9665
delno_ocisceno,1941,UZ vratnih žil,1,ar1,2025-07-23,2025-07-30,28431.0,28864.037,False,284.3125,433.037,187521.0213,1.5231
delno_ocisceno,1941,UZ vratnih žil,1,naivni,2025-07-30,2025-08-06,28707.0,28431.0,False,282.1077,276.0,76176.0,0.9783
delno_ocisceno,1941,UZ vratnih žil,1,lin,2025-07-30,2025-08-06,28707.0,27259.2834,False,282.1077,1447.7166,2095883.2095,5.1318
delno_ocisceno,1941,UZ vratnih žil,1,ar1,2025-07-30,2025-08-06,28707.0,28684.8875,False,282.1077,22.1125,488.9633,0.0784
delno_ocisceno,1941,UZ vratnih žil,1,naivni,2025-08-06,2025-08-13,28723.0,28707.0,False,282.0152,16.0,256.0,0.0567
delno_ocisceno,1941,UZ vratnih žil,1,lin,2025-08-06,2025-08-13,28723.0,27502.3609,False,282.0152,1220.6391,1489959.7571,4.3283
delno_ocisceno,1941,UZ vratnih žil,1,ar1,2025-08-06,2025-08-13,28723.0,28966.5049,False,282.0152,243.5049,59294.6578,0.8634
delno_ocisceno,1941,UZ vratnih žil,1,naivni,2025-08-13,2025-08-20,27115.0,28723.0,False,278.0448,1608.0,2585664.0,5.7832
delno_ocisceno,1941,UZ vratnih žil,1,lin,2025-08-13,2025-08-20,27115.0,27732.7164,False,278.0448,617.7164,381573.573,2.2216
delno_ocisceno,1941,UZ vratnih žil,1,ar1,2025-08-13,2025-08-20,27115.0,28964.6967,False,278.0448,1849.6967,3421377.8175,6.6525
delno_ocisceno,1941,UZ vratnih žil,1,naivni,2025-08-20,2025-08-27,28635.0,27115.0,False,297.6029,1520.0,2310400.0,5.1075
delno_ocisceno,1941,UZ vratnih žil,1,lin,2025-08-20,2025-08-27,28635.0,27857.0209,False,297.6029,777.9791,605251.5009,2.6142
delno_ocisceno,1941,UZ vratnih žil,1,ar1,2025-08-20,2025-08-27,28635.0,27234.1161,False,297.6029,1400.8839,1962475.834,4.7072
delno_ocisceno,1941,UZ vratnih žil,1,naivni,2025-08-27,2025-09-03,28217.0,28635.0,False,315.3188,418.0,174724.0,1.3256
delno_ocisceno,1941,UZ vratnih žil,1,lin,2025-08-27,2025-09-03,28217.0,28060.8236,False,315.3188,156.1764,24391.0671,0.4953
delno_ocisceno,1941,UZ vratnih žil,1,ar1,2025-08-27,2025-09-03,28217.0,28823.0262,False,315.3188,606.0262,367267.7519,1.9219
delno_ocisceno,1941,UZ vratnih žil,1,naivni,2025-09-03,2025-09-10,27994.0,28217.0,False,316.7857,223.0,49729.0,0.7039
delno_ocisceno,1941,UZ vratnih žil,1,lin,2025-09-03,2025-09-10,27994.0,28229.9082,False,316.7857,235.9082,55652.7022,0.7447
delno_ocisceno,1941,UZ vratnih žil,1,ar1,2025-09-03,2025-09-10,27994.0,28367.9,False,316.7857,373.9,139801.2037,1.1803
delno_ocisceno,1941,UZ vratnih žil,1,naivni,2025-09-10,2025-09-17,27862.0,27994.0,False,315.4648,132.0,17424.0,0.4184
delno_ocisceno,1941,UZ vratnih žil,1,lin,2025-09-10,2025-09-17,27862.0,28377.2715,False,315.4648,515.2715,265504.7373,1.6334
delno_ocisceno,1941,UZ vratnih žil,1,ar1,2025-09-10,2025-09-17,27862.0,28125.8731,False,315.4648,263.8731,69629.0314,0.8365
delno_ocisceno,1941,UZ vratnih žil,1,naivni,2025-09-17,2025-09-24,27586.0,27862.0,False,312.9167,276.0,76176.0,0.882
delno_ocisceno,1941,UZ vratnih žil,1,lin,2025-09-17,2025-09-24,27586.0,28509.2374,False,312.9167,923.2374,852367.376,2.9504
delno_ocisceno,1941,UZ vratnih žil,1,ar1,2025-09-17,2025-09-24,27586.0,27981.9737,False,312.9167,395.9737,156795.1828,1.2654
delno_ocisceno,1941,UZ vratnih žil,1,naivni,2025-09-24,2025-10-01,27884.0,27586.0,False,312.411,298.0,88804.0,0.9539
delno_ocisceno,1941,UZ vratnih žil,1,lin,2025-09-24,2025-10-01,27884.0,28618.9604,False,312.411,734.9604,540166.7676,2.3525
delno_ocisceno,1941,UZ vratnih žil,1,ar1,2025-09-24,2025-10-01,27884.0,27690.3895,False,312.411,193.6105,37485.02,0.6197
delno_ocisceno,1941,UZ vratnih žil,1,naivni,2025-10-01,2025-10-08,28060.0,27884.0,False,312.2162,176.0,30976.0,0.5637
delno_ocisceno,1941,UZ vratnih žil,1,lin,2025-10-01,2025-10-08,28060.0,28738.3921,False,312.2162,678.3921,460215.8035,2.1728
delno_ocisceno,1941,UZ vratnih žil,1,ar1,2025-10-01,2025-10-08,28060.0,27994.5071,False,312.2162,65.4929,4289.3227,0.2098
delno_ocisceno,1941,UZ vratnih žil,1,naivni,2025-10-08,2025-10-15,27955.0,28060.0,False,310.4,105.0,11025.0,0.3383
delno_ocisceno,1941,UZ vratnih žil,1,lin,2025-10-08,2025-10-15,27955.0,28860.5432,False,310.4,905.5432,820008.4108,2.9173
delno_ocisceno,1941,UZ vratnih žil,1,ar1,2025-10-08,2025-10-15,27955.0,28172.3866,False,310.4,217.3866,47256.9443,0.7003
delno_ocisceno,1941,UZ vratnih žil,1,naivni,2025-10-15,2025-10-22,28289.0,27955.0,False,307.6974,334.0,111556.0,1.0855
delno_ocisceno,1941,UZ vratnih žil,1,lin,2025-10-15,2025-10-22,28289.0,28970.6623,False,307.6974,681.6623,464663.5426,2.2154
delno_ocisceno,1941,UZ vratnih žil,1,ar1,2025-10-15,2025-10-22,28289.0,28059.1882,False,307.6974,229.8118,52813.477,0.7469
delno_ocisceno,1941,UZ vratnih žil,1,naivni,2025-10-22,2025-10-29,28694.0,28289.0,False,308.039,405.0,164025.0,1.3148
delno_ocisceno,1941,UZ vratnih žil,1,lin,2025-10-22,2025-10-29,28694.0,29091.961,False,308.039,397.961,158372.9885,1.2919
delno_ocisceno,1941,UZ vratnih žil,1,ar1,2025-10-22,2025-10-29,28694.0,28400.4417,False,308.039,293.5583,86176.4514,0.953
delno_ocisceno,1941,UZ vratnih žil,1,naivni,2025-10-29,2025-11-05,28325.0,28694.0,False,309.2821,369.0,136161.0,1.1931
delno_ocisceno,1941,UZ vratnih žil,1,lin,2025-10-29,2025-11-05,28325.0,29227.4031,False,309.2821,902.4031,814331.3835,2.9177
delno_ocisceno,1941,UZ vratnih žil,1,ar1,2025-10-29,2025-11-05,28325.0,28815.9043,False,309.2821,490.9043,240987.0661,1.5872
delno_ocisceno,1941,UZ vratnih žil,1,naivni,2025-11-05,2025-11-12,28115.0,28325.0,False,310.038,210.0,44100.0,0.6773
delno_ocisceno,1941,UZ vratnih žil,1,lin,2025-11-05,2025-11-12,28115.0,29337.4972,False,310.038,1222.4972,1494499.2864,3.9431
delno_ocisceno,1941,UZ vratnih žil,1,ar1,2025-11-05,2025-11-12,28115.0,28428.316,False,310.038,313.316,98166.9458,1.0106
delno_ocisceno,1941,UZ vratnih žil,1,naivni,2025-11-12,2025-11-19,28342.0,28115.0,False,308.7875,227.0,51529.0,0.7351
delno_ocisceno,1941,UZ vratnih žil,1,lin,2025-11-12,2025-11-19,28342.0,29431.5056,False,308.7875,1089.5056,1187022.3556,3.5283
delno_ocisceno,1941,UZ vratnih žil,1,ar1,2025-11-12,2025-11-19,28342.0,28208.2129,False,308.7875,133.7871,17898.9816,0.4333
delno_ocisceno,1941,UZ vratnih žil,1,naivni,2025-11-19,2025-11-26,28127.0,28342.0,False,307.7778,215.0,46225.0,0.6986
delno_ocisceno,1941,UZ vratnih žil,1,lin,2025-11-19,2025-11-26,28127.0,29531.6332,False,307.7778,1404.6332,1972994.5473,4.5638
delno_ocisceno,1941,UZ vratnih žil,1,ar1,2025-11-19,2025-11-26,28127.0,28438.3147,False,307.7778,311.3147,96916.8636,1.0115
delno_ocisceno,1941,UZ vratnih žil,1,naivni,2025-11-26,2025-12-03,28348.0,28127.0,False,306.6463,221.0,48841.0,0.7207
delno_ocisceno,1941,UZ vratnih žil,1,lin,2025-11-26,2025-12-03,28348.0,29616.2539,False,306.6463,1268.2539,1608467.9387,4.1359
delno_ocisceno,1941,UZ vratnih žil,1,ar1,2025-11-26,2025-12-03,28348.0,28214.2074,False,306.6463,133.7926,17900.4652,0.4363
delno_ocisceno,1941,UZ vratnih žil,1,naivni,2025-12-03,2025-12-10,27794.0,28348.0,False,305.6145,554.0,306916.0,1.8127
delno_ocisceno,1941,UZ vratnih žil,1,lin,2025-12-03,2025-12-10,27794.0,29706.9659,False,305.6145,1912.9659,3659438.3947,6.2594
delno_ocisceno,1941,UZ vratnih žil,1,ar1,2025-12-03,2025-12-10,27794.0,28437.8869,False,305.6145,643.8869,414590.3943,2.1069
delno_ocisceno,1941,UZ vratnih žil,1,naivni,2025-12-10,2025-12-17,27793.0,27794.0,False,308.5714,1.0,1.0,0.0032
delno_ocisceno,1941,UZ vratnih žil,1,lin,2025-12-10,2025-12-17,27793.0,29766.9832,False,308.5714,1973.9832,3896609.6473,6.3972
delno_ocisceno,1941,UZ vratnih žil,1,ar1,2025-12-10,2025-12-17,27793.0,27868.3957,False,308.5714,75.3957,5684.5191,0.2443
delno_ocisceno,1941,UZ vratnih žil,1,naivni,2025-12-17,2026-01-07,27792.0,27793.0,True,304.9529,1.0,1.0,0.0033
delno_ocisceno,1941,UZ vratnih žil,1,lin,2025-12-17,2026-01-07,27792.0,29823.6391,True,304.9529,2031.6391,4127557.5321,6.6621
delno_ocisceno,1941,UZ vratnih žil,1,ar1,2025-12-17,2026-01-07,27792.0,27865.3461,True,304.9529,73.3461,5379.6491,0.2405
delno_ocisceno,1941,UZ vratnih žil,1,naivni,2026-01-07,2026-01-14,27922.0,27792.0,False,301.4186,130.0,16900.0,0.4313
delno_ocisceno,1941,UZ vratnih žil,1,lin,2026-01-07,2026-01-14,27922.0,29877.1165,False,301.4186,1955.1165,3822480.7099,6.4864
delno_ocisceno,1941,UZ vratnih žil,1,ar1,2026-01-07,2026-01-14,27922.0,27862.4064,False,301.4186,59.5936,3551.3924,0.1977
delno_ocisceno,1941,UZ vratnih žil,1,naivni,2026-01-14,2026-01-21,28082.0,27922.0,False,299.4483,160.0,25600.0,0.5343
delno_ocisceno,1941,UZ vratnih žil,1,lin,2026-01-14,2026-01-21,28082.0,29933.5415,False,299.4483,1851.5415,3428206.0597,6.1832
delno_ocisceno,1941,UZ vratnih žil,1,ar1,2026-01-14,2026-01-21,28082.0,27992.6553,False,299.4483,89.3447,7982.4807,0.2984
delno_ocisceno,1941,UZ vratnih žil,1,naivni,2026-01-21,2026-01-28,28455.0,28082.0,False,297.8636,373.0,139129.0,1.2523
delno_ocisceno,1941,UZ vratnih žil,1,lin,2026-01-21,2026-01-28,28455.0,29994.1223,False,297.8636,1539.1223,2368897.5119,5.1672
delno_ocisceno,1941,UZ vratnih žil,1,ar1,2026-01-21,2026-01-28,28455.0,28153.4401,False,297.8636,301.5599,90938.3919,1.0124
delno_ocisceno,1941,UZ vratnih žil,1,naivni,2026-01-28,2026-02-04,28479.0,28455.0,False,298.7079,24.0,576.0,0.0803
delno_ocisceno,1941,UZ vratnih žil,1,lin,2026-01-28,2026-02-04,28479.0,30068.1261,False,298.7079,1589.1261,2525321.7375,5.32
delno_ocisceno,1941,UZ vratnih žil,1,ar1,2026-01-28,2026-02-04,28479.0,28531.1948,False,298.7079,52.1948,2724.3019,0.1747
delno_ocisceno,1941,UZ vratnih žil,1,naivni,2026-02-04,2026-02-11,28594.0,28479.0,False,295.6556,115.0,13225.0,0.389
delno_ocisceno,1941,UZ vratnih žil,1,lin,2026-02-04,2026-02-11,28594.0,30139.556,False,295.6556,1545.556,2388743.485,5.2276
delno_ocisceno,1941,UZ vratnih žil,1,ar1,2026-02-04,2026-02-11,28594.0,28553.5085,False,295.6556,40.4915,1639.5627,0.137
delno_ocisceno,1941,UZ vratnih žil,1,naivni,2026-02-11,2026-02-18,29143.0,28594.0,False,293.6703,549.0,301401.0,1.8694
delno_ocisceno,1941,UZ vratnih žil,1,lin,2026-02-11,2026-02-18,29143.0,30212.5007,False,293.6703,1069.5007,1143831.783,3.6418
delno_ocisceno,1941,UZ vratnih žil,1,ar1,2026-02-11,2026-02-18,29143.0,28668.6296,False,293.6703,474.3704,225027.3088,1.6153
delno_ocisceno,1941,UZ vratnih žil,1,naivni,2026-02-18,2026-02-25,29036.0,29143.0,False,296.4457,107.0,11449.0,0.3609
delno_ocisceno,1941,UZ vratnih žil,1,lin,2026-02-18,2026-02-25,29036.0,30305.5596,False,296.4457,1269.5596,1611781.5965,4.2826
delno_ocisceno,1941,UZ vratnih žil,1,ar1,2026-02-18,2026-02-25,29036.0,29226.889,False,296.4457,190.889,36438.6059,0.6439
delno_ocisceno,1941,UZ vratnih žil,1,naivni,2026-02-25,2026-03-04,29111.0,29036.0,False,294.4086,75.0,5625.0,0.2547
delno_ocisceno,1941,UZ vratnih žil,1,lin,2026-02-25,2026-03-04,29111.0,30389.8607,False,294.4086,1278.8607,1635484.62,4.3438
delno_ocisceno,1941,UZ vratnih žil,1,ar1,2026-02-25,2026-03-04,29111.0,29114.8564,False,294.4086,3.8564,14.8715,0.0131
delno_ocisceno,1941,UZ vratnih žil,1,naivni,2026-03-04,2026-03-11,29384.0,29111.0,False,292.0745,273.0,74529.0,0.9347
delno_ocisceno,1941,UZ vratnih žil,1,lin,2026-03-04,2026-03-11,29384.0,30473.4858,False,292.0745,1089.4858,1186979.2611,3.7302
delno_ocisceno,1941,UZ vratnih žil,1,ar1,2026-03-04,2026-03-11,29384.0,29189.1621,False,292.0745,194.8379,37961.7996,0.6671
delno_ocisceno,1941,UZ vratnih žil,1,naivni,2026-03-11,2026-03-18,29662.0,29384.0,False,291.8737,278.0,77284.0,0.9525
delno_ocisceno,1941,UZ vratnih žil,1,lin,2026-03-11,2026-03-18,29662.0,30564.7211,False,291.8737,902.7211,814905.2989,3.0928
delno_ocisceno,1941,UZ vratnih žil,1,ar1,2026-03-11,2026-03-18,29662.0,29465.8278,False,291.8737,196.1722,38483.541,0.6721
delno_ocisceno,1941,UZ vratnih žil,1,naivni,2026-03-18,2026-03-25,29485.0,29662.0,False,291.7292,177.0,31329.0,0.6067
delno_ocisceno,1941,UZ vratnih žil,1,lin,2026-03-18,2026-03-25,29485.0,30663.424,False,291.7292,1178.424,1388683.0509,4.0394
delno_ocisceno,1941,UZ vratnih žil,1,ar1,2026-03-18,2026-03-25,29485.0,29747.8974,False,291.7292,262.8974,69115.0409,0.9012
delno_ocisceno,1941,UZ vratnih žil,1,naivni,2026-03-25,2026-04-08,29036.0,29485.0,True,290.5464,449.0,201601.0,1.5454
delno_ocisceno,1941,UZ vratnih žil,1,lin,2026-03-25,2026-04-08,29036.0,30750.6838,True,290.5464,1714.6838,2940140.4608,5.9016
delno_ocisceno,1941,UZ vratnih žil,1,ar1,2026-03-25,2026-04-08,29036.0,29564.0875,True,290.5464,528.0875,278876.3755,1.8176
delno_ocisceno,1941,UZ vratnih žil,1,naivni,2026-04-08,2026-04-15,28874.0,29036.0,False,292.1633,162.0,26244.0,0.5545
delno_ocisceno,1941,UZ vratnih žil,1,lin,2026-04-08,2026-04-15,28874.0,30816.0336,False,292.1633,1942.0336,3771494.5087,6.6471
delno_ocisceno,1941,UZ vratnih žil,1,ar1,2026-04-08,2026-04-15,28874.0,29104.0268,False,292.1633,230.0268,52912.3273,0.7873
delno_ocisceno,1941,UZ vratnih žil,1,naivni,2026-04-15,2026-04-29,29110.0,28874.0,True,290.8485,236.0,55696.0,0.8114
delno_ocisceno,1941,UZ vratnih žil,1,lin,2026-04-15,2026-04-29,29110.0,30871.943,True,290.8485,1761.943,3104443.242,6.0579
delno_ocisceno,1941,UZ vratnih žil,1,ar1,2026-04-15,2026-04-29,29110.0,28937.8441,True,290.8485,172.1559,29637.6642,0.5919
delno_ocisceno,1941,UZ vratnih žil,1,naivni,2026-04-29,2026-05-06,29498.0,29110.0,False,290.3,388.0,150544.0,1.3365
delno_ocisceno,1941,UZ vratnih žil,1,lin,2026-04-29,2026-05-06,29498.0,30934.6002,False,290.3,1436.6002,2063820.129,4.9487
delno_ocisceno,1941,UZ vratnih žil,1,ar1,2026-04-29,2026-05-06,29498.0,29175.6951,False,290.3,322.3049,103880.4176,1.1102
delno_ocisceno,1941,UZ vratnih žil,1,naivni,2026-05-06,2026-05-13,29573.0,29498.0,False,291.2673,75.0,5625.0,0.2575
delno_ocisceno,1941,UZ vratnih žil,1,lin,2026-05-06,2026-05-13,29573.0,31009.6738,False,291.2673,1436.6738,2064031.7505,4.9325
delno_ocisceno,1941,UZ vratnih žil,1,ar1,2026-05-06,2026-05-13,29573.0,29568.2905,False,291.2673,4.7095,22.1793,0.0162
delno_ocisceno,1941,UZ vratnih žil,1,naivni,2026-05-13,2026-05-20,28621.0,29573.0,False,289.1471,952.0,906304.0,3.2924
delno_ocisceno,1941,UZ vratnih žil,1,lin,2026-05-13,2026-05-20,28621.0,31084.4712,False,289.1471,2463.4712,6068690.1529,8.5198
delno_ocisceno,1941,UZ vratnih žil,1,ar1,2026-05-13,2026-05-20,28621.0,29642.7844,False,289.1471,1021.7844,1044043.428,3.5338
delno_ocisceno,1941,UZ vratnih žil,1,naivni,2026-05-20,2026-05-27,28836.0,28621.0,False,295.5825,215.0,46225.0,0.7274
delno_ocisceno,1941,UZ vratnih žil,1,lin,2026-05-20,2026-05-27,28836.0,31119.508,False,295.5825,2283.508,5214408.9157,7.7255
delno_ocisceno,1941,UZ vratnih žil,1,ar1,2026-05-20,2026-05-27,28836.0,28675.3512,False,295.5825,160.6488,25808.0521,0.5435
delno_ocisceno,1941,UZ vratnih žil,1,naivni,2026-05-27,2026-06-03,28651.0,28836.0,False,294.8077,185.0,34225.0,0.6275
delno_ocisceno,1941,UZ vratnih žil,1,lin,2026-05-27,2026-06-03,28651.0,31160.9495,False,294.8077,2509.9495,6299846.2443,8.5139
delno_ocisceno,1941,UZ vratnih žil,1,ar1,2026-05-27,2026-06-03,28651.0,28891.1863,False,294.8077,240.1863,57689.4638,0.8147
delno_ocisceno,1941,UZ vratnih žil,1,naivni,2026-06-03,2026-06-17,27656.0,28651.0,True,293.7619,995.0,990025.0,3.3871
delno_ocisceno,1941,UZ vratnih žil,1,lin,2026-06-03,2026-06-17,27656.0,31193.4356,True,293.7619,3537.4356,12513450.4792,12.0418
delno_ocisceno,1941,UZ vratnih žil,1,ar1,2026-06-03,2026-06-17,27656.0,28703.375,True,293.7619,1047.375,1096994.4904,3.5654
delno_ocisceno,1941,UZ vratnih žil,1,naivni,2026-06-17,2026-06-24,27853.0,27656.0,False,300.3774,197.0,38809.0,0.6558
delno_ocisceno,1941,UZ vratnih žil,1,lin,2026-06-17,2026-06-24,27853.0,31187.0684,False,300.3774,3334.0684,11116012.2177,11.0996
delno_ocisceno,1941,UZ vratnih žil,1,ar1,2026-06-17,2026-06-24,27853.0,27702.1854,False,300.3774,150.8146,22745.0523,0.5021
delno_ocisceno,1941,UZ vratnih žil,1,naivni,2026-06-24,2026-07-01,28747.0,27853.0,False,299.4112,894.0,799236.0,2.9859
delno_ocisceno,1941,UZ vratnih žil,1,lin,2026-06-24,2026-07-01,28747.0,31187.6211,False,299.4112,2440.6211,5956631.5939,8.1514
delno_ocisceno,1941,UZ vratnih žil,1,ar1,2026-06-24,2026-07-01,28747.0,27898.6981,False,299.4112,848.3019,719616.1734,2.8332
delno_ocisceno,1941,UZ vratnih žil,1,naivni,2026-07-01,2026-07-08,28597.0,28747.0,False,304.9167,150.0,22500.0,0.4919
delno_ocisceno,1941,UZ vratnih žil,1,lin,2026-07-01,2026-07-08,28597.0,31220.3945,False,304.9167,2623.3945,6882198.6786,8.6036
delno_ocisceno,1941,UZ vratnih žil,1,ar1,2026-07-01,2026-07-08,28597.0,28794.7834,False,304.9167,197.7834,39118.2923,0.6486
delno_ocisceno,1941,UZ vratnih žil,1,naivni,2026-07-08,2026-07-15,28688.0,28597.0,False,303.4954,91.0,8281.0,0.2998
delno_ocisceno,1941,UZ vratnih žil,1,lin,2026-07-08,2026-07-15,28688.0,31246.1144,False,303.4954,2558.1144,6543949.4303,8.4288
delno_ocisceno,1941,UZ vratnih žil,1,ar1,2026-07-08,2026-07-15,28688.0,28642.9626,False,303.4954,45.0374,2028.3711,0.1484
delno_ocisceno,1941,UZ vratnih žil,4,naivni,2025-04-09,2025-05-07,26339.0,25404.0,False,263.2549,935.0,874225.0,3.5517
delno_ocisceno,1941,UZ vratnih žil,4,lin,2025-04-09,2025-05-07,26339.0,23641.9486,False,263.2549,2697.0514,7274086.4623,10.245
delno_ocisceno,1941,UZ vratnih žil,4,ar1,2025-04-09,2025-05-07,26339.0,26942.9314,False,263.2549,603.9314,364733.18,2.2941
delno_ocisceno,1941,UZ vratnih žil,4,naivni,2025-04-16,2025-05-14,26820.0,25659.0,False,263.0962,1161.0,1347921.0,4.4128
delno_ocisceno,1941,UZ vratnih žil,4,lin,2025-04-16,2025-05-14,26820.0,23936.6918,False,263.0962,2883.3082,8313466.0384,10.9591
delno_ocisceno,1941,UZ vratnih žil,4,ar1,2025-04-16,2025-05-14,26820.0,27163.4446,False,263.0962,343.4446,117954.1797,1.3054
delno_ocisceno,1941,UZ vratnih žil,4,naivni,2025-04-23,2025-05-21,27120.0,25944.0,False,263.5094,1176.0,1382976.0,4.4628
delno_ocisceno,1941,UZ vratnih žil,4,lin,2025-04-23,2025-05-21,27120.0,24232.9238,False,263.5094,2887.0762,8335209.0344,10.9563
delno_ocisceno,1941,UZ vratnih žil,4,ar1,2025-04-23,2025-05-21,27120.0,27447.6369,False,263.5094,327.6369,107345.9312,1.2434
delno_ocisceno,1941,UZ vratnih žil,4,naivni,2025-04-30,2025-05-28,27516.0,26313.0,False,265.463,1203.0,1447209.0,4.5317
delno_ocisceno,1941,UZ vratnih žil,4,lin,2025-04-30,2025-05-28,27516.0,24537.0519,False,265.463,2978.9481,8874131.9261,11.2217
delno_ocisceno,1941,UZ vratnih žil,4,ar1,2025-04-30,2025-05-28,27516.0,27886.6554,False,265.463,370.6554,137385.4304,1.3963
delno_ocisceno,1941,UZ vratnih žil,4,naivni,2025-05-07,2025-06-04,28048.0,26339.0,False,261.1091,1709.0,2920681.0,6.5452
delno_ocisceno,1941,UZ vratnih žil,4,lin,2025-05-07,2025-06-04,28048.0,24821.9119,False,261.1091,3226.0881,10407644.4717,12.3553
delno_ocisceno,1941,UZ vratnih žil,4,ar1,2025-05-07,2025-06-04,28048.0,27700.7182,False,261.1091,347.2818,120604.6794,1.33
delno_ocisceno,1941,UZ vratnih žil,4,naivni,2025-05-14,2025-06-18,28281.0,26820.0,True,265.0357,1461.0,2134521.0,5.5125
delno_ocisceno,1941,UZ vratnih žil,4,lin,2025-05-14,2025-06-18,28281.0,25123.4565,True,265.0357,3157.5435,9970081.0425,11.9137
delno_ocisceno,1941,UZ vratnih žil,4,ar1,2025-05-14,2025-06-18,28281.0,28337.1657,True,265.0357,56.1657,3154.5858,0.2119
delno_ocisceno,1941,UZ vratnih žil,4,naivni,2025-05-21,2025-07-02,28359.0,27120.0,True,265.6491,1239.0,1535121.0,4.664
delno_ocisceno,1941,UZ vratnih žil,4,lin,2025-05-21,2025-07-02,28359.0,25426.8372,True,265.6491,2932.1628,8597578.4214,11.0377
delno_ocisceno,1941,UZ vratnih žil,4,ar1,2025-05-21,2025-07-02,28359.0,28645.4404,True,265.6491,286.4404,82048.1215,1.0783
delno_ocisceno,1941,UZ vratnih žil,4,naivni,2025-05-28,2025-07-09,28353.0,27516.0,True,267.8966,837.0,700569.0,3.1243
delno_ocisceno,1941,UZ vratnih žil,4,lin,2025-05-28,2025-07-09,28353.0,25738.8522,True,267.8966,2614.1478,6833768.7636,9.758
delno_ocisceno,1941,UZ vratnih žil,4,ar1,2025-05-28,2025-07-09,28353.0,29115.6617,True,267.8966,762.6617,581652.8768,2.8469
delno_ocisceno,1941,UZ vratnih žil,4,naivni,2025-06-04,2025-07-16,27558.0,28048.0,True,272.3729,490.0,240100.0,1.799
delno_ocisceno,1941,UZ vratnih žil,4,lin,2025-06-04,2025-07-16,27558.0,26068.5069,True,272.3729,1489.4931,2218589.5844,5.4686
delno_ocisceno,1941,UZ vratnih žil,4,ar1,2025-06-04,2025-07-16,27558.0,29809.9628,True,272.3729,2251.9628,5071336.4987,8.2679
delno_ocisceno,1941,UZ vratnih žil,4,naivni,2025-06-18,2025-07-23,28572.0,28281.0,True,271.7167,291.0,84681.0,1.071
delno_ocisceno,1941,UZ vratnih žil,4,lin,2025-06-18,2025-07-23,28572.0,26393.3557,True,271.7167,2178.6443,4746491.0521,8.0181
delno_ocisceno,1941,UZ vratnih žil,4,ar1,2025-06-18,2025-07-23,28572.0,29976.3721,True,271.7167,1404.3721,1972260.8823,5.1685
delno_ocisceno,1941,UZ vratnih žil,4,naivni,2025-07-02,2025-07-30,28431.0,28359.0,False,268.541,72.0,5184.0,0.2681
delno_ocisceno,1941,UZ vratnih žil,4,lin,2025-07-02,2025-07-30,28431.0,26703.0011,False,268.541,1727.9989,2985980.3448,6.4348
delno_ocisceno,1941,UZ vratnih žil,4,ar1,2025-07-02,2025-07-30,28431.0,29900.2894,False,268.541,1469.2894,2158811.3377,5.4714
delno_ocisceno,1941,UZ vratnih žil,4,naivni,2025-07-09,2025-08-06,28707.0,28353.0,False,264.3065,354.0,125316.0,1.3394
delno_ocisceno,1941,UZ vratnih žil,4,lin,2025-07-09,2025-08-06,28707.0,26992.8294,False,264.3065,1714.1706,2938380.8011,6.4855
delno_ocisceno,1941,UZ vratnih žil,4,ar1,2025-07-09,2025-08-06,28707.0,29723.4258,False,264.3065,1016.4258,1033121.4919,3.8456
delno_ocisceno,1941,UZ vratnih žil,4,naivni,2025-07-16,2025-08-13,28723.0,27558.0,False,272.7302,1165.0,1357225.0,4.2716
delno_ocisceno,1941,UZ vratnih žil,4,lin,2025-07-16,2025-08-13,28723.0,27211.537,False,272.7302,1511.463,2284520.3422,5.542
delno_ocisceno,1941,UZ vratnih žil,4,ar1,2025-07-16,2025-08-13,28723.0,28441.635,False,272.7302,281.365,79166.2442,1.0317
delno_ocisceno,1941,UZ vratnih žil,4,naivni,2025-07-23,2025-08-20,27115.0,28572.0,False,284.3125,1457.0,2122849.0,5.1246
delno_ocisceno,1941,UZ vratnih žil,4,lin,2025-07-23,2025-08-20,27115.0,27483.1677,False,284.3125,368.1677,135547.4239,1.2949
delno_ocisceno,1941,UZ vratnih žil,4,ar1,2025-07-23,2025-08-20,27115.0,29773.143,False,284.3125,2658.143,7065724.3601,9.3494
delno_ocisceno,1941,UZ vratnih žil,4,naivni,2025-07-30,2025-08-27,28635.0,28431.0,False,282.1077,204.0,41616.0,0.7231
delno_ocisceno,1941,UZ vratnih žil,4,lin,2025-07-30,2025-08-27,28635.0,27729.2234,False,282.1077,905.7766,820431.3365,3.2107
delno_ocisceno,1941,UZ vratnih žil,4,ar1,2025-07-30,2025-08-27,28635.0,29468.3407,False,282.1077,833.3407,694456.6515,2.954
delno_ocisceno,1941,UZ vratnih žil,4,naivni,2025-08-06,2025-09-03,28217.0,28707.0,False,282.0152,490.0,240100.0,1.7375
delno_ocisceno,1941,UZ vratnih žil,4,lin,2025-08-06,2025-09-03,28217.0,27978.0205,False,282.0152,238.9795,57111.1955,0.8474
delno_ocisceno,1941,UZ vratnih žil,4,ar1,2025-08-06,2025-09-03,28217.0,29767.6177,False,282.0152,1550.6177,2404415.1085,5.4983
delno_ocisceno,1941,UZ vratnih žil,4,naivni,2025-08-13,2025-09-10,27994.0,28723.0,False,278.0448,729.0,531441.0,2.6219
delno_ocisceno,1941,UZ vratnih žil,4,lin,2025-08-13,2025-09-10,27994.0,28213.0588,False,278.0448,219.0588,47986.7431,0.7879
delno_ocisceno,1941,UZ vratnih žil,4,ar1,2025-08-13,2025-09-10,27994.0,29707.6182,False,278.0448,1713.6182,2936487.3577,6.1631
delno_ocisceno,1941,UZ vratnih žil,4,naivni,2025-08-20,2025-09-17,27862.0,27115.0,False,297.6029,747.0,558009.0,2.5101
delno_ocisceno,1941,UZ vratnih žil,4,lin,2025-08-20,2025-09-17,27862.0,28335.0612,False,297.6029,473.0612,223786.8859,1.5896
delno_ocisceno,1941,UZ vratnih žil,4,ar1,2025-08-20,2025-09-17,27862.0,27589.149,False,297.6029,272.851,74447.6879,0.9168
delno_ocisceno,1941,UZ vratnih žil,4,naivni,2025-08-27,2025-09-24,27586.0,28635.0,False,315.3188,1049.0,1100401.0,3.3268
delno_ocisceno,1941,UZ vratnih žil,4,lin,2025-08-27,2025-09-24,27586.0,28541.6815,False,315.3188,955.6815,913327.1919,3.0308
delno_ocisceno,1941,UZ vratnih žil,4,ar1,2025-08-27,2025-09-24,27586.0,29392.9672,False,315.3188,1806.9672,3265130.4543,5.7306
delno_ocisceno,1941,UZ vratnih žil,4,naivni,2025-09-03,2025-10-01,27884.0,28217.0,False,316.7857,333.0,110889.0,1.0512
delno_ocisceno,1941,UZ vratnih žil,4,lin,2025-09-03,2025-10-01,27884.0,28711.3161,False,316.7857,827.3161,684451.9237,2.6116
delno_ocisceno,1941,UZ vratnih žil,4,ar1,2025-09-03,2025-10-01,27884.0,28821.2153,False,316.7857,937.2153,878372.4893,2.9585
delno_ocisceno,1941,UZ vratnih žil,4,naivni,2025-09-10,2025-10-08,28060.0,27994.0,False,315.4648,66.0,4356.0,0.2092
delno_ocisceno,1941,UZ vratnih žil,4,lin,2025-09-10,2025-10-08,28060.0,28857.8715,False,315.4648,797.8715,636598.8669,2.5292
delno_ocisceno,1941,UZ vratnih žil,4,ar1,2025-09-10,2025-10-08,28060.0,28520.0883,False,315.4648,460.0883,211681.2794,1.4584
delno_ocisceno,1941,UZ vratnih žil,4,naivni,2025-09-17,2025-10-15,27955.0,27862.0,False,312.9167,93.0,8649.0,0.2972
delno_ocisceno,1941,UZ vratnih žil,4,lin,2025-09-17,2025-10-15,27955.0,28988.1204,False,312.9167,1033.1204,1067337.8626,3.3016
delno_ocisceno,1941,UZ vratnih žil,4,ar1,2025-09-17,2025-10-15,27955.0,28339.4779,False,312.9167,384.4779,147823.2773,1.2287
delno_ocisceno,1941,UZ vratnih žil,4,naivni,2025-09-24,2025-10-22,28289.0,27586.0,False,312.411,703.0,494209.0,2.2502
delno_ocisceno,1941,UZ vratnih žil,4,lin,2025-09-24,2025-10-22,28289.0,29094.8491,False,312.411,805.8491,649392.7844,2.5795
delno_ocisceno,1941,UZ vratnih žil,4,ar1,2025-09-24,2025-10-22,28289.0,28000.0696,False,312.411,288.9304,83480.7794,0.9248
delno_ocisceno,1941,UZ vratnih žil,4,naivni,2025-10-01,2025-10-29,28694.0,27884.0,False,312.2162,810.0,656100.0,2.5944
delno_ocisceno,1941,UZ vratnih žil,4,lin,2025-10-01,2025-10-29,28694.0,29211.9599,False,312.2162,517.9599,268282.4241,1.659
delno_ocisceno,1941,UZ vratnih žil,4,ar1,2025-10-01,2025-10-29,28694.0,28322.9881,False,312.2162,371.0119,137649.8374,1.1883
delno_ocisceno,1941,UZ vratnih žil,4,naivni,2025-10-08,2025-11-05,28325.0,28060.0,False,310.4,265.0,70225.0,0.8537
delno_ocisceno,1941,UZ vratnih žil,4,lin,2025-10-08,2025-11-05,28325.0,29332.0243,False,310.4,1007.0243,1014097.9533,3.2443
delno_ocisceno,1941,UZ vratnih žil,4,ar1,2025-10-08,2025-11-05,28325.0,28506.6834,False,310.4,181.6834,33008.8408,0.5853
delno_ocisceno,1941,UZ vratnih žil,4,naivni,2025-10-15,2025-11-12,28115.0,27955.0,False,307.6974,160.0,25600.0,0.52
delno_ocisceno,1941,UZ vratnih žil,4,lin,2025-10-15,2025-11-12,28115.0,29439.4296,False,307.6974,1324.4296,1754113.687,4.3043
delno_ocisceno,1941,UZ vratnih žil,4,ar1,2025-10-15,2025-11-12,28115.0,28368.4,False,307.6974,253.4,64211.5673,0.8235
delno_ocisceno,1941,UZ vratnih žil,4,naivni,2025-10-22,2025-11-19,28342.0,28289.0,False,308.039,53.0,2809.0,0.1721
delno_ocisceno,1941,UZ vratnih žil,4,lin,2025-10-22,2025-11-19,28342.0,29558.737,False,308.039,1216.737,1480449.0434,3.9499
delno_ocisceno,1941,UZ vratnih žil,4,ar1,2025-10-22,2025-11-19,28342.0,28731.9256,False,308.039,389.9256,152041.9531,1.2658
delno_ocisceno,1941,UZ vratnih žil,4,naivni,2025-10-29,2025-11-26,28127.0,28694.0,False,309.2821,567.0,321489.0,1.8333
delno_ocisceno,1941,UZ vratnih žil,4,lin,2025-10-29,2025-11-26,28127.0,29693.0457,False,309.2821,1566.0457,2452499.1073,5.0635
delno_ocisceno,1941,UZ vratnih žil,4,ar1,2025-10-29,2025-11-26,28127.0,29179.5762,False,309.2821,1052.5762,1107916.7207,3.4033
delno_ocisceno,1941,UZ vratnih žil,4,naivni,2025-11-05,2025-12-03,28348.0,28325.0,False,310.038,23.0,529.0,0.0742
delno_ocisceno,1941,UZ vratnih žil,4,lin,2025-11-05,2025-12-03,28348.0,29800.6331,False,310.038,1452.6331,2110142.7839,4.6853
delno_ocisceno,1941,UZ vratnih žil,4,ar1,2025-11-05,2025-12-03,28348.0,28734.9766,False,310.038,386.9766,149750.9028,1.2482
delno_ocisceno,1941,UZ vratnih žil,4,naivni,2025-11-12,2025-12-10,27794.0,28115.0,False,308.7875,321.0,103041.0,1.0395
delno_ocisceno,1941,UZ vratnih žil,4,lin,2025-11-12,2025-12-10,27794.0,29891.3285,False,308.7875,2097.3285,4398786.6493,6.7921
delno_ocisceno,1941,UZ vratnih žil,4,ar1,2025-11-12,2025-12-10,27794.0,28484.08,False,308.7875,690.08,476210.3531,2.2348
delno_ocisceno,1941,UZ vratnih žil,4,naivni,2025-11-19,2025-12-17,27793.0,28342.0,False,307.7778,549.0,301401.0,1.7838
delno_ocisceno,1941,UZ vratnih žil,4,lin,2025-11-19,2025-12-17,27793.0,29988.5747,False,307.7778,2195.5747,4820548.2628,7.1336
delno_ocisceno,1941,UZ vratnih žil,4,ar1,2025-11-19,2025-12-17,27793.0,28723.6912,False,307.7778,930.6912,866186.1322,3.0239
delno_ocisceno,1941,UZ vratnih žil,4,naivni,2025-11-26,2026-01-07,27792.0,28127.0,True,306.6463,335.0,112225.0,1.0925
delno_ocisceno,1941,UZ vratnih žil,4,lin,2025-11-26,2026-01-07,27792.0,30069.5689,True,306.6463,2277.5689,5187320.2344,7.4273
delno_ocisceno,1941,UZ vratnih žil,4,ar1,2025-11-26,2026-01-07,27792.0,28471.8985,True,306.6463,679.8985,462262.0251,2.2172
delno_ocisceno,1941,UZ vratnih žil,4,naivni,2025-12-03,2026-01-14,27922.0,28348.0,True,305.6145,426.0,181476.0,1.3939
delno_ocisceno,1941,UZ vratnih žil,4,lin,2025-12-03,2026-01-14,27922.0,30157.0836,True,305.6145,2235.0836,4995598.7968,7.3134
delno_ocisceno,1941,UZ vratnih žil,4,ar1,2025-12-03,2026-01-14,27922.0,28703.7838,True,305.6145,781.7838,611185.9067,2.5581
delno_ocisceno,1941,UZ vratnih žil,4,naivni,2025-12-10,2026-01-21,28082.0,27794.0,True,308.5714,288.0,82944.0,0.9333
delno_ocisceno,1941,UZ vratnih žil,4,lin,2025-12-10,2026-01-21,28082.0,30212.3905,True,308.5714,2130.3905,4538563.6921,6.904
delno_ocisceno,1941,UZ vratnih žil,4,ar1,2025-12-10,2026-01-21,28082.0,28087.3096,True,308.5714,5.3096,28.192,0.0172
delno_ocisceno,1941,UZ vratnih žil,4,naivni,2025-12-17,2026-01-28,28455.0,27793.0,True,304.9529,662.0,438244.0,2.1708
delno_ocisceno,1941,UZ vratnih žil,4,lin,2025-12-17,2026-01-28,28455.0,30264.2975,True,304.9529,1809.2975,3273557.3577,5.933
delno_ocisceno,1941,UZ vratnih žil,4,ar1,2025-12-17,2026-01-28,28455.0,28078.1148,True,304.9529,376.8852,142042.429,1.2359
delno_ocisceno,1941,UZ vratnih žil,4,naivni,2026-01-07,2026-02-04,28479.0,27792.0,False,301.4186,687.0,471969.0,2.2792
delno_ocisceno,1941,UZ vratnih žil,4,lin,2026-01-07,2026-02-04,28479.0,30312.9983,False,301.4186,1833.9983,3363549.8274,6.0846
delno_ocisceno,1941,UZ vratnih žil,4,ar1,2026-01-07,2026-02-04,28479.0,28069.3658,False,301.4186,409.6342,167800.1743,1.359
delno_ocisceno,1941,UZ vratnih žil,4,naivni,2026-01-14,2026-02-11,28594.0,27922.0,False,299.4483,672.0,451584.0,2.2441
delno_ocisceno,1941,UZ vratnih žil,4,lin,2026-01-14,2026-02-11,28594.0,30364.9299,False,299.4483,1770.9299,3136192.8304,5.914
delno_ocisceno,1941,UZ vratnih žil,4,ar1,2026-01-14,2026-02-11,28594.0,28200.4294,False,299.4483,393.5706,154897.8478,1.3143
delno_ocisceno,1941,UZ vratnih žil,4,naivni,2026-01-21,2026-02-18,29143.0,28082.0,False,297.8636,1061.0,1125721.0,3.562
delno_ocisceno,1941,UZ vratnih žil,4,lin,2026-01-21,2026-02-18,29143.0,30421.3499,False,297.8636,1278.3499,1634178.5919,4.2917
delno_ocisceno,1941,UZ vratnih žil,4,ar1,2026-01-21,2026-02-18,29143.0,28363.6487,False,297.8636,779.3513,607388.4236,2.6165
delno_ocisceno,1941,UZ vratnih žil,4,naivni,2026-01-28,2026-02-25,29036.0,28455.0,False,298.7079,581.0,337561.0,1.945
delno_ocisceno,1941,UZ vratnih žil,4,lin,2026-01-28,2026-02-25,29036.0,30491.971,False,298.7079,1455.971,2119851.6583,4.8742
delno_ocisceno,1941,UZ vratnih žil,4,ar1,2026-01-28,2026-02-25,29036.0,28755.8549,False,298.7079,280.1451,78481.2844,0.9379
delno_ocisceno,1941,UZ vratnih žil,4,naivni,2026-02-04,2026-03-04,29111.0,28479.0,False,295.6556,632.0,399424.0,2.1376
delno_ocisceno,1941,UZ vratnih žil,4,lin,2026-02-04,2026-03-04,29111.0,30559.9843,False,295.6556,1448.9843,2099555.5849,4.9009
delno_ocisceno,1941,UZ vratnih žil,4,ar1,2026-02-04,2026-03-04,29111.0,28773.1142,False,295.6556,337.8858,114166.8116,1.1428
delno_ocisceno,1941,UZ vratnih žil,4,naivni,2026-02-11,2026-03-11,29384.0,28594.0,False,293.6703,790.0,624100.0,2.6901
delno_ocisceno,1941,UZ vratnih žil,4,lin,2026-02-11,2026-03-11,29384.0,30629.6775,False,293.6703,1245.6775,1551712.3867,4.2418
delno_ocisceno,1941,UZ vratnih žil,4,ar1,2026-02-11,2026-03-11,29384.0,28888.6545,False,293.6703,495.3455,245367.1693,1.6867
delno_ocisceno,1941,UZ vratnih žil,4,naivni,2026-02-18,2026-03-18,29662.0,29143.0,False,296.4457,519.0,269361.0,1.7507
delno_ocisceno,1941,UZ vratnih žil,4,lin,2026-02-18,2026-03-18,29662.0,30720.5342,False,296.4457,1058.5342,1120494.7425,3.5708
delno_ocisceno,1941,UZ vratnih žil,4,ar1,2026-02-18,2026-03-18,29662.0,29475.0312,False,296.4457,186.9688,34957.3173,0.6307
delno_ocisceno,1941,UZ vratnih žil,4,naivni,2026-02-25,2026-03-25,29485.0,29036.0,False,294.4086,449.0,201601.0,1.5251
delno_ocisceno,1941,UZ vratnih žil,4,lin,2026-02-25,2026-03-25,29485.0,30802.2763,False,294.4086,1317.2763,1735216.8112,4.4743
delno_ocisceno,1941,UZ vratnih žil,4,ar1,2026-02-25,2026-03-25,29485.0,29347.7779,False,294.4086,137.2221,18829.91,0.4661
delno_ocisceno,1941,UZ vratnih žil,4,naivni,2026-03-04,2026-04-08,29036.0,29111.0,True,292.0745,75.0,5625.0,0.2568
delno_ocisceno,1941,UZ vratnih žil,4,lin,2026-03-04,2026-04-08,29036.0,30883.3773,True,292.0745,1847.3773,3412802.9759,6.325
delno_ocisceno,1941,UZ vratnih žil,4,ar1,2026-03-04,2026-04-08,29036.0,29420.0267,True,292.0745,384.0267,147476.5016,1.3148
delno_ocisceno,1941,UZ vratnih žil,4,naivni,2026-03-11,2026-04-15,28874.0,29384.0,True,291.8737,510.0,260100.0,1.7473
delno_ocisceno,1941,UZ vratnih žil,4,lin,2026-03-11,2026-04-15,28874.0,30972.5066,True,291.8737,2098.5066,4403730.0896,7.1898
delno_ocisceno,1941,UZ vratnih žil,4,ar1,2026-03-11,2026-04-15,28874.0,29707.8514,True,291.8737,833.8514,695308.1348,2.8569
delno_ocisceno,1941,UZ vratnih žil,4,naivni,2026-03-18,2026-04-29,29110.0,29662.0,True,291.7292,552.0,304704.0,1.8922
delno_ocisceno,1941,UZ vratnih žil,4,lin,2026-03-18,2026-04-29,29110.0,31069.5002,True,291.7292,1959.5002,3839641.0745,6.7168
delno_ocisceno,1941,UZ vratnih žil,4,ar1,2026-03-18,2026-04-29,29110.0,30002.3164,True,291.7292,892.3164,796228.512,3.0587
delno_ocisceno,1941,UZ vratnih žil,4,naivni,2026-03-25,2026-05-06,29498.0,29485.0,True,290.5464,13.0,169.0,0.0447
delno_ocisceno,1941,UZ vratnih žil,4,lin,2026-03-25,2026-05-06,29498.0,31154.5737,True,290.5464,1656.5737,2744236.4389,5.7016
delno_ocisceno,1941,UZ vratnih žil,4,ar1,2026-03-25,2026-05-06,29498.0,29797.8854,True,290.5464,299.8854,89931.264,1.0321
delno_ocisceno,1941,UZ vratnih žil,4,naivni,2026-04-08,2026-05-13,29573.0,29036.0,True,292.1633,537.0,288369.0,1.838
delno_ocisceno,1941,UZ vratnih žil,4,lin,2026-04-08,2026-05-13,29573.0,31216.8059,True,292.1633,1643.8059,2702097.904,5.6263
delno_ocisceno,1941,UZ vratnih žil,4,ar1,2026-04-08,2026-05-13,29573.0,29304.3959,True,292.1633,268.6041,72148.1374,0.9194
delno_ocisceno,1941,UZ vratnih žil,4,naivni,2026-04-15,2026-05-20,28621.0,28874.0,True,290.8485,253.0,64009.0,0.8699
delno_ocisceno,1941,UZ vratnih žil,4,lin,2026-04-15,2026-05-20,28621.0,31269.2543,True,290.8485,2648.2543,7013250.8344,9.1053
delno_ocisceno,1941,UZ vratnih žil,4,ar1,2026-04-15,2026-05-20,28621.0,29125.6265,True,290.8485,504.6265,254647.8792,1.735
delno_ocisceno,1941,UZ vratnih žil,4,naivni,2026-04-29,2026-05-27,28836.0,29110.0,False,290.3,274.0,75076.0,0.9439
delno_ocisceno,1941,UZ vratnih žil,4,lin,2026-04-29,2026-05-27,28836.0,31328.8329,False,290.3,2492.8329,6214216.0726,8.5871
delno_ocisceno,1941,UZ vratnih žil,4,ar1,2026-04-29,2026-05-27,28836.0,29369.116,False,290.3,533.116,284212.6647,1.8364
delno_ocisceno,1941,UZ vratnih žil,4,naivni,2026-05-06,2026-06-03,28651.0,29498.0,False,291.2673,847.0,717409.0,2.908
delno_ocisceno,1941,UZ vratnih žil,4,lin,2026-05-06,2026-06-03,28651.0,31401.4453,False,291.2673,2750.4453,7564949.1072,9.443
delno_ocisceno,1941,UZ vratnih žil,4,ar1,2026-05-06,2026-06-03,28651.0,29775.6396,False,291.2673,1124.6396,1264814.1797,3.8612
delno_ocisceno,1941,UZ vratnih žil,4,naivni,2026-05-13,2026-06-17,27656.0,29573.0,True,289.1471,1917.0,3674889.0,6.6298
delno_ocisceno,1941,UZ vratnih žil,4,lin,2026-05-13,2026-06-17,27656.0,31473.8284,True,289.1471,3817.8284,14575813.9873,13.2038
delno_ocisceno,1941,UZ vratnih žil,4,ar1,2026-05-13,2026-06-17,27656.0,29848.6467,True,289.1471,2192.6467,4807699.5495,7.5832
delno_ocisceno,1941,UZ vratnih žil,4,naivni,2026-05-20,2026-06-24,27853.0,28621.0,True,295.5825,768.0,589824.0,2.5983
delno_ocisceno,1941,UZ vratnih žil,4,lin,2026-05-20,2026-06-24,27853.0,31504.8046,True,295.5825,3651.8046,13335677.136,12.3546
delno_ocisceno,1941,UZ vratnih žil,4,ar1,2026-05-20,2026-06-24,27853.0,28834.6723,True,295.5825,981.6723,963680.4873,3.3211
delno_ocisceno,1941,UZ vratnih žil,4,naivni,2026-05-27,2026-07-01,28747.0,28836.0,True,294.8077,89.0,7921.0,0.3019
delno_ocisceno,1941,UZ vratnih žil,4,lin,2026-05-27,2026-07-01,28747.0,31542.5531,True,294.8077,2795.5531,7815116.9016,9.4826
delno_ocisceno,1941,UZ vratnih žil,4,ar1,2026-05-27,2026-07-01,28747.0,29053.085,True,294.8077,306.085,93688.0504,1.0383
delno_ocisceno,1941,UZ vratnih žil,4,naivni,2026-06-03,2026-07-08,28597.0,28651.0,True,293.7619,54.0,2916.0,0.1838
delno_ocisceno,1941,UZ vratnih žil,4,lin,2026-06-03,2026-07-08,28597.0,31571.0558,True,293.7619,2974.0558,8845008.1573,10.124
delno_ocisceno,1941,UZ vratnih žil,4,ar1,2026-06-03,2026-07-08,28597.0,28856.8375,True,293.7619,259.8375,67515.5079,0.8845
delno_ocisceno,1941,UZ vratnih žil,4,naivni,2026-06-17,2026-07-15,28688.0,27656.0,False,300.3774,1032.0,1065024.0,3.4357
delno_ocisceno,1941,UZ vratnih žil,4,lin,2026-06-17,2026-07-15,28688.0,31559.1787,False,300.3774,2871.1787,8243666.8833,9.5586
delno_ocisceno,1941,UZ vratnih žil,4,ar1,2026-06-17,2026-07-15,28688.0,27836.8303,False,300.3774,851.1697,724489.7911,2.8337
delno_ocisceno,1755,MR glave brez kontrasta,1,naivni,2025-04-09,2025-04-16,4441.0,4263.0,False,94.2157,178.0,31684.0,1.8893
delno_ocisceno,1755,MR glave brez kontrasta,1,lin,2025-04-09,2025-04-16,4441.0,3365.9525,False,94.2157,1075.0475,1155727.1516,11.4105
delno_ocisceno,1755,MR glave brez kontrasta,1,ar1,2025-04-09,2025-04-16,4441.0,4236.3575,False,94.2157,204.6425,41878.5622,2.1721
delno_ocisceno,1755,MR glave brez kontrasta,1,naivni,2025-04-16,2025-04-23,4583.0,4441.0,False,95.8269,142.0,20164.0,1.4818
delno_ocisceno,1755,MR glave brez kontrasta,1,lin,2025-04-16,2025-04-23,4583.0,3423.4608,False,95.8269,1159.5392,1344531.1267,12.1003
delno_ocisceno,1755,MR glave brez kontrasta,1,ar1,2025-04-16,2025-04-23,4583.0,4411.3658,False,95.8269,171.6342,29458.2942,1.7911
delno_ocisceno,1755,MR glave brez kontrasta,1,naivni,2025-04-23,2025-04-30,4594.0,4583.0,False,96.6981,11.0,121.0,0.1138
delno_ocisceno,1755,MR glave brez kontrasta,1,lin,2025-04-23,2025-04-30,4594.0,3487.979,False,96.6981,1106.021,1223282.3736,11.4379
delno_ocisceno,1755,MR glave brez kontrasta,1,ar1,2025-04-23,2025-04-30,4594.0,4552.9279,False,96.6981,41.0721,1686.9213,0.4247
delno_ocisceno,1755,MR glave brez kontrasta,1,naivni,2025-04-30,2025-05-07,4538.0,4594.0,False,95.1111,56.0,3136.0,0.5888
delno_ocisceno,1755,MR glave brez kontrasta,1,lin,2025-04-30,2025-05-07,4538.0,3549.3859,False,95.1111,988.6141,977357.9206,10.3943
delno_ocisceno,1755,MR glave brez kontrasta,1,ar1,2025-04-30,2025-05-07,4538.0,4565.0322,False,95.1111,27.0322,730.7387,0.2842
delno_ocisceno,1755,MR glave brez kontrasta,1,naivni,2025-05-07,2025-05-14,4567.0,4538.0,False,94.4,29.0,841.0,0.3072
delno_ocisceno,1755,MR glave brez kontrasta,1,lin,2025-05-07,2025-05-14,4567.0,3603.1247,False,94.4,963.8753,929055.6415,10.2105
delno_ocisceno,1755,MR glave brez kontrasta,1,ar1,2025-05-07,2025-05-14,4567.0,4510.2315,False,94.4,56.7685,3222.6629,0.6014
delno_ocisceno,1755,MR glave brez kontrasta,1,naivni,2025-05-14,2025-05-21,4762.0,4567.0,False,93.2321,195.0,38025.0,2.0916
delno_ocisceno,1755,MR glave brez kontrasta,1,lin,2025-05-14,2025-05-21,4762.0,3655.7469,False,93.2321,1106.2531,1223795.9939,11.8656
delno_ocisceno,1755,MR glave brez kontrasta,1,ar1,2025-05-14,2025-05-21,4762.0,4539.9621,False,93.2321,222.0379,49300.8331,2.3816
delno_ocisceno,1755,MR glave brez kontrasta,1,naivni,2025-05-21,2025-05-28,4873.0,4762.0,False,95.0175,111.0,12321.0,1.1682
delno_ocisceno,1755,MR glave brez kontrasta,1,lin,2025-05-21,2025-05-28,4873.0,3718.7713,False,95.0175,1154.2287,1332243.8345,12.1475
delno_ocisceno,1755,MR glave brez kontrasta,1,ar1,2025-05-21,2025-05-28,4873.0,4736.1274,False,95.0175,136.8726,18734.1072,1.4405
delno_ocisceno,1755,MR glave brez kontrasta,1,naivni,2025-05-28,2025-06-04,5048.0,4873.0,False,95.2931,175.0,30625.0,1.8364
delno_ocisceno,1755,MR glave brez kontrasta,1,lin,2025-05-28,2025-06-04,5048.0,3785.6949,False,95.2931,1262.3051,1593414.127,13.2466
delno_ocisceno,1755,MR glave brez kontrasta,1,ar1,2025-05-28,2025-06-04,5048.0,4850.2302,False,95.2931,197.7698,39112.9081,2.0754
delno_ocisceno,1755,MR glave brez kontrasta,1,naivni,2025-06-04,2025-06-18,5081.0,5048.0,True,96.6441,33.0,1089.0,0.3415
delno_ocisceno,1755,MR glave brez kontrasta,1,lin,2025-06-04,2025-06-18,5081.0,3860.4757,True,96.6441,1220.5243,1489679.5517,12.6291
delno_ocisceno,1755,MR glave brez kontrasta,1,ar1,2025-06-04,2025-06-18,5081.0,5032.0025,True,96.6441,48.9975,2400.7531,0.507
delno_ocisceno,1755,MR glave brez kontrasta,1,naivni,2025-06-18,2025-07-02,4956.0,5081.0,True,95.5833,125.0,15625.0,1.3078
delno_ocisceno,1755,MR glave brez kontrasta,1,lin,2025-06-18,2025-07-02,4956.0,3933.2066,True,95.5833,1022.7934,1046106.4263,10.7005
delno_ocisceno,1755,MR glave brez kontrasta,1,ar1,2025-06-18,2025-07-02,4956.0,5067.5216,True,95.5833,111.5216,12437.0668,1.1667
delno_ocisceno,1755,MR glave brez kontrasta,1,naivni,2025-07-02,2025-07-09,4865.0,4956.0,False,96.0656,91.0,8281.0,0.9473
delno_ocisceno,1755,MR glave brez kontrasta,1,lin,2025-07-02,2025-07-09,4865.0,3993.826,False,96.0656,871.174,758944.1069,9.0685
delno_ocisceno,1755,MR glave brez kontrasta,1,ar1,2025-07-02,2025-07-09,4865.0,4938.291,False,96.0656,73.291,5371.5772,0.7629
delno_ocisceno,1755,MR glave brez kontrasta,1,naivni,2025-07-09,2025-07-16,4789.0,4865.0,False,95.9839,76.0,5776.0,0.7918
delno_ocisceno,1755,MR glave brez kontrasta,1,lin,2025-07-09,2025-07-16,4789.0,4045.3425,False,95.9839,743.6575,553026.4031,7.7477
delno_ocisceno,1755,MR glave brez kontrasta,1,ar1,2025-07-09,2025-07-16,4789.0,4845.904,False,95.9839,56.904,3238.0618,0.5928
delno_ocisceno,1755,MR glave brez kontrasta,1,naivni,2025-07-16,2025-07-23,4847.0,4789.0,False,95.6667,58.0,3364.0,0.6063
delno_ocisceno,1755,MR glave brez kontrasta,1,lin,2025-07-16,2025-07-23,4847.0,4089.3214,False,95.6667,757.6786,574076.8176,7.92
delno_ocisceno,1755,MR glave brez kontrasta,1,ar1,2025-07-16,2025-07-23,4847.0,4769.5568,False,95.6667,77.4432,5997.4481,0.8095
delno_ocisceno,1755,MR glave brez kontrasta,1,naivni,2025-07-23,2025-07-30,4736.0,4847.0,False,95.0781,111.0,12321.0,1.1675
delno_ocisceno,1755,MR glave brez kontrasta,1,lin,2025-07-23,2025-07-30,4736.0,4134.5207,False,95.0781,601.4793,361777.3807,6.3262
delno_ocisceno,1755,MR glave brez kontrasta,1,ar1,2025-07-23,2025-07-30,4736.0,4828.8486,False,95.0781,92.8486,8620.8578,0.9766
delno_ocisceno,1755,MR glave brez kontrasta,1,naivni,2025-07-30,2025-08-06,4760.0,4736.0,False,95.3231,24.0,576.0,0.2518
delno_ocisceno,1755,MR glave brez kontrasta,1,lin,2025-07-30,2025-08-06,4760.0,4170.6065,False,95.3231,589.3935,347384.6662,6.1831
delno_ocisceno,1755,MR glave brez kontrasta,1,ar1,2025-07-30,2025-08-06,4760.0,4717.3697,False,95.3231,42.6303,1817.3449,0.4472
delno_ocisceno,1755,MR glave brez kontrasta,1,naivni,2025-08-06,2025-08-13,4645.0,4760.0,False,94.2424,115.0,13225.0,1.2203
delno_ocisceno,1755,MR glave brez kontrasta,1,lin,2025-08-06,2025-08-13,4645.0,4206.2429,False,94.2424,438.7571,192507.8134,4.6556
delno_ocisceno,1755,MR glave brez kontrasta,1,ar1,2025-08-06,2025-08-13,4645.0,4742.0163,False,94.2424,97.0163,9412.1615,1.0294
delno_ocisceno,1755,MR glave brez kontrasta,1,naivni,2025-08-13,2025-08-20,4242.0,4645.0,False,94.5522,403.0,162409.0,4.2622
delno_ocisceno,1755,MR glave brez kontrasta,1,lin,2025-08-13,2025-08-20,4242.0,4233.277,False,94.5522,8.723,76.0908,0.0923
delno_ocisceno,1755,MR glave brez kontrasta,1,ar1,2025-08-13,2025-08-20,4242.0,4627.2851,False,94.5522,385.2851,148444.6232,4.0748
delno_ocisceno,1755,MR glave brez kontrasta,1,naivni,2025-08-20,2025-08-27,4372.0,4242.0,False,99.0882,130.0,16900.0,1.312
delno_ocisceno,1755,MR glave brez kontrasta,1,lin,2025-08-20,2025-08-27,4372.0,4235.5686,False,99.0882,136.4314,18613.5194,1.3769
delno_ocisceno,1755,MR glave brez kontrasta,1,ar1,2025-08-20,2025-08-27,4372.0,4229.0415,False,99.0882,142.9585,20437.1396,1.4427
delno_ocisceno,1755,MR glave brez kontrasta,1,naivni,2025-08-27,2025-09-03,4465.0,4372.0,False,99.5362,93.0,8649.0,0.9343
delno_ocisceno,1755,MR glave brez kontrasta,1,lin,2025-08-27,2025-09-03,4465.0,4245.1615,False,99.5362,219.8385,48328.9702,2.2086
delno_ocisceno,1755,MR glave brez kontrasta,1,ar1,2025-08-27,2025-09-03,4465.0,4356.7038,False,99.5362,108.2962,11728.0708,1.088
delno_ocisceno,1755,MR glave brez kontrasta,1,naivni,2025-09-03,2025-09-10,4544.0,4465.0,False,99.4429,79.0,6241.0,0.7944
delno_ocisceno,1755,MR glave brez kontrasta,1,lin,2025-09-03,2025-09-10,4544.0,4259.5082,False,99.4429,284.4918,80935.5561,2.8609
delno_ocisceno,1755,MR glave brez kontrasta,1,ar1,2025-09-03,2025-09-10,4544.0,4448.3254,False,99.4429,95.6746,9153.6319,0.9621
delno_ocisceno,1755,MR glave brez kontrasta,1,naivni,2025-09-10,2025-09-17,4766.0,4544.0,False,99.1549,222.0,49284.0,2.2389
delno_ocisceno,1755,MR glave brez kontrasta,1,lin,2025-09-10,2025-09-17,4766.0,4277.5329,False,99.1549,488.4671,238600.1431,4.9263
delno_ocisceno,1755,MR glave brez kontrasta,1,ar1,2025-09-10,2025-09-17,4766.0,4526.4451,False,99.1549,239.5549,57386.5456,2.416
delno_ocisceno,1755,MR glave brez kontrasta,1,naivni,2025-09-17,2025-09-24,4956.0,4766.0,False,100.8611,190.0,36100.0,1.8838
delno_ocisceno,1755,MR glave brez kontrasta,1,lin,2025-09-17,2025-09-24,4956.0,4306.8425,False,100.8611,649.1575,421405.5043,6.4362
delno_ocisceno,1755,MR glave brez kontrasta,1,ar1,2025-09-17,2025-09-24,4956.0,4746.6349,False,100.8611,209.3651,43833.726,2.0758
delno_ocisceno,1755,MR glave brez kontrasta,1,naivni,2025-09-24,2025-10-01,5187.0,4956.0,False,102.0822,231.0,53361.0,2.2629
delno_ocisceno,1755,MR glave brez kontrasta,1,lin,2025-09-24,2025-10-01,5187.0,4345.0189,False,102.0822,841.9811,708932.2032,8.2481
delno_ocisceno,1755,MR glave brez kontrasta,1,ar1,2025-09-24,2025-10-01,5187.0,4937.669,False,102.0822,249.331,62165.9332,2.4425
delno_ocisceno,1755,MR glave brez kontrasta,1,naivni,2025-10-01,2025-10-08,5300.0,5187.0,False,103.8243,113.0,12769.0,1.0884
delno_ocisceno,1755,MR glave brez kontrasta,1,lin,2025-10-01,2025-10-08,5300.0,4393.7132,False,103.8243,906.2868,821355.8488,8.729
delno_ocisceno,1755,MR glave brez kontrasta,1,ar1,2025-10-01,2025-10-08,5300.0,5173.6435,False,103.8243,126.3565,15965.9629,1.217
delno_ocisceno,1755,MR glave brez kontrasta,1,naivni,2025-10-08,2025-10-15,5604.0,5300.0,False,103.9467,304.0,92416.0,2.9246
delno_ocisceno,1755,MR glave brez kontrasta,1,lin,2025-10-08,2025-10-15,5604.0,4446.0874,False,103.9467,1157.9126,1340761.6624,11.1395
delno_ocisceno,1755,MR glave brez kontrasta,1,ar1,2025-10-08,2025-10-15,5604.0,5291.3977,False,103.9467,312.6023,97720.2259,3.0073
delno_ocisceno,1755,MR glave brez kontrasta,1,naivni,2025-10-15,2025-10-22,5681.0,5604.0,False,106.5789,77.0,5929.0,0.7225
delno_ocisceno,1755,MR glave brez kontrasta,1,lin,2025-10-15,2025-10-22,5681.0,4511.8428,False,106.5789,1169.1572,1366928.5845,10.9699
delno_ocisceno,1755,MR glave brez kontrasta,1,ar1,2025-10-15,2025-10-22,5681.0,5612.2367,False,106.5789,68.7633,4728.3896,0.6452
delno_ocisceno,1755,MR glave brez kontrasta,1,naivni,2025-10-22,2025-10-29,5728.0,5681.0,False,106.1948,47.0,2209.0,0.4426
delno_ocisceno,1755,MR glave brez kontrasta,1,lin,2025-10-22,2025-10-29,5728.0,4578.5604,False,106.1948,1149.4396,1321211.3031,10.8239
delno_ocisceno,1755,MR glave brez kontrasta,1,ar1,2025-10-22,2025-10-29,5728.0,5694.5916,False,106.1948,33.4084,1116.1229,0.3146
delno_ocisceno,1755,MR glave brez kontrasta,1,naivni,2025-10-29,2025-11-05,5742.0,5728.0,False,105.4359,14.0,196.0,0.1328
delno_ocisceno,1755,MR glave brez kontrasta,1,lin,2025-10-29,2025-11-05,5742.0,4644.6592,False,105.4359,1097.3408,1204156.8279,10.4077
delno_ocisceno,1755,MR glave brez kontrasta,1,ar1,2025-10-29,2025-11-05,5742.0,5744.3249,False,105.4359,2.3249,5.405,0.0221
delno_ocisceno,1755,MR glave brez kontrasta,1,naivni,2025-11-05,2025-11-12,5896.0,5742.0,False,104.2785,154.0,23716.0,1.4768
delno_ocisceno,1755,MR glave brez kontrasta,1,lin,2025-11-05,2025-11-12,5896.0,4708.5168,False,104.2785,1187.4832,1410116.4164,11.3876
delno_ocisceno,1755,MR glave brez kontrasta,1,ar1,2025-11-05,2025-11-12,5896.0,5758.2134,False,104.2785,137.7866,18985.1483,1.3213
delno_ocisceno,1755,MR glave brez kontrasta,1,naivni,2025-11-12,2025-11-19,6014.0,5896.0,False,104.9,118.0,13924.0,1.1249
delno_ocisceno,1755,MR glave brez kontrasta,1,lin,2025-11-12,2025-11-19,6014.0,4777.1645,False,104.9,1236.8355,1529762.0388,11.7906
delno_ocisceno,1755,MR glave brez kontrasta,1,ar1,2025-11-12,2025-11-19,6014.0,5923.3536,False,104.9,90.6464,8216.7612,0.8641
delno_ocisceno,1755,MR glave brez kontrasta,1,naivni,2025-11-19,2025-11-26,6157.0,6014.0,False,105.0617,143.0,20449.0,1.3611
delno_ocisceno,1755,MR glave brez kontrasta,1,lin,2025-11-19,2025-11-26,6157.0,4848.5772,False,105.0617,1308.4228,1711970.1299,12.4538
delno_ocisceno,1755,MR glave brez kontrasta,1,ar1,2025-11-19,2025-11-26,6157.0,6049.8813,False,105.0617,107.1187,11474.4161,1.0196
delno_ocisceno,1755,MR glave brez kontrasta,1,naivni,2025-11-26,2025-12-03,6275.0,6157.0,False,105.5244,118.0,13924.0,1.1182
delno_ocisceno,1755,MR glave brez kontrasta,1,lin,2025-11-26,2025-12-03,6275.0,4923.8034,False,105.5244,1351.1966,1825732.2282,12.8046
delno_ocisceno,1755,MR glave brez kontrasta,1,ar1,2025-11-26,2025-12-03,6275.0,6203.9569,False,105.5244,71.0431,5047.1214,0.6732
delno_ocisceno,1755,MR glave brez kontrasta,1,naivni,2025-12-03,2025-12-10,6473.0,6275.0,False,105.6747,198.0,39204.0,1.8737
delno_ocisceno,1755,MR glave brez kontrasta,1,lin,2025-12-03,2025-12-10,6473.0,5001.4418,False,105.6747,1471.5582,2165483.6329,13.9254
delno_ocisceno,1755,MR glave brez kontrasta,1,ar1,2025-12-03,2025-12-10,6473.0,6330.3603,False,105.6747,142.6397,20346.0947,1.3498
delno_ocisceno,1755,MR glave brez kontrasta,1,naivni,2025-12-10,2025-12-17,6480.0,6473.0,False,106.7738,7.0,49.0,0.0656
delno_ocisceno,1755,MR glave brez kontrasta,1,lin,2025-12-10,2025-12-17,6480.0,5085.1227,False,106.7738,1394.8773,1945682.7125,13.0639
delno_ocisceno,1755,MR glave brez kontrasta,1,ar1,2025-12-10,2025-12-17,6480.0,6545.7817,False,106.7738,65.7817,4327.2277,0.6161
delno_ocisceno,1755,MR glave brez kontrasta,1,naivni,2025-12-17,2026-01-07,6399.0,6480.0,True,105.6,81.0,6561.0,0.767
delno_ocisceno,1755,MR glave brez kontrasta,1,lin,2025-12-17,2026-01-07,6399.0,5165.6397,True,105.6,1233.3603,1521177.6995,11.6795
delno_ocisceno,1755,MR glave brez kontrasta,1,ar1,2025-12-17,2026-01-07,6399.0,6546.8597,True,105.6,147.8597,21862.4827,1.4002
delno_ocisceno,1755,MR glave brez kontrasta,1,naivni,2026-01-07,2026-01-14,6573.0,6399.0,False,105.314,174.0,30276.0,1.6522
delno_ocisceno,1755,MR glave brez kontrasta,1,lin,2026-01-07,2026-01-14,6573.0,5239.1034,False,105.314,1333.8966,1779280.0107,12.6659
delno_ocisceno,1755,MR glave brez kontrasta,1,ar1,2026-01-07,2026-01-14,6573.0,6451.78,False,105.314,121.22,14694.2791,1.151
delno_ocisceno,1755,MR glave brez kontrasta,1,naivni,2026-01-14,2026-01-21,6725.0,6573.0,False,106.1034,152.0,23104.0,1.4326
delno_ocisceno,1755,MR glave brez kontrasta,1,lin,2026-01-14,2026-01-21,6725.0,5317.4592,False,106.1034,1407.5408,1981170.9695,13.2657
delno_ocisceno,1755,MR glave brez kontrasta,1,ar1,2026-01-14,2026-01-21,6725.0,6638.5719,False,106.1034,86.4281,7469.8168,0.8146
delno_ocisceno,1755,MR glave brez kontrasta,1,naivni,2026-01-21,2026-01-28,6925.0,6725.0,False,106.625,200.0,40000.0,1.8757
delno_ocisceno,1755,MR glave brez kontrasta,1,lin,2026-01-21,2026-01-28,6925.0,5399.4655,False,106.625,1525.5345,2327255.4312,14.3075
delno_ocisceno,1755,MR glave brez kontrasta,1,ar1,2026-01-21,2026-01-28,6925.0,6801.1636,False,106.625,123.8364,15335.4647,1.1614
delno_ocisceno,1755,MR glave brez kontrasta,1,naivni,2026-01-28,2026-02-04,7142.0,6925.0,False,107.6742,217.0,47089.0,2.0153
delno_ocisceno,1755,MR glave brez kontrasta,1,lin,2026-01-28,2026-02-04,7142.0,5487.0674,False,107.6742,1654.9326,2738801.8585,15.3698
delno_ocisceno,1755,MR glave brez kontrasta,1,ar1,2026-01-28,2026-02-04,7142.0,7017.039,False,107.6742,124.961,15615.2601,1.1605
delno_ocisceno,1755,MR glave brez kontrasta,1,naivni,2026-02-04,2026-02-11,7249.0,7142.0,False,108.8889,107.0,11449.0,0.9827
delno_ocisceno,1755,MR glave brez kontrasta,1,lin,2026-02-04,2026-02-11,7249.0,5580.7297,False,108.8889,1668.2703,2783125.8929,15.3208
delno_ocisceno,1755,MR glave brez kontrasta,1,ar1,2026-02-04,2026-02-11,7249.0,7251.9847,False,108.8889,2.9847,8.9087,0.0274
delno_ocisceno,1755,MR glave brez kontrasta,1,naivni,2026-02-11,2026-02-18,7482.0,7249.0,False,108.8681,233.0,54289.0,2.1402
delno_ocisceno,1755,MR glave brez kontrasta,1,lin,2026-02-11,2026-02-18,7482.0,5675.3672,False,108.8681,1806.6328,3263922.1597,16.5947
delno_ocisceno,1755,MR glave brez kontrasta,1,ar1,2026-02-11,2026-02-18,7482.0,7362.22,False,108.8681,119.78,14347.2583,1.1002
delno_ocisceno,1755,MR glave brez kontrasta,1,naivni,2026-02-18,2026-02-25,7507.0,7482.0,False,110.2174,25.0,625.0,0.2268
delno_ocisceno,1755,MR glave brez kontrasta,1,lin,2026-02-18,2026-02-25,7507.0,5776.3457,False,110.2174,1730.6543,2995164.2289,15.7022
delno_ocisceno,1755,MR glave brez kontrasta,1,ar1,2026-02-18,2026-02-25,7507.0,7614.4196,False,110.2174,107.4196,11538.9674,0.9746
delno_ocisceno,1755,MR glave brez kontrasta,1,naivni,2026-02-25,2026-03-04,7447.0,7507.0,False,109.3011,60.0,3600.0,0.5489
delno_ocisceno,1755,MR glave brez kontrasta,1,lin,2026-02-25,2026-03-04,7447.0,5874.5045,False,109.3011,1572.4955,2472742.2195,14.3868
delno_ocisceno,1755,MR glave brez kontrasta,1,ar1,2026-02-25,2026-03-04,7447.0,7630.1288,False,109.3011,183.1288,33536.161,1.6755
delno_ocisceno,1755,MR glave brez kontrasta,1,naivni,2026-03-04,2026-03-11,7524.0,7447.0,False,108.7766,77.0,5929.0,0.7079
delno_ocisceno,1755,MR glave brez kontrasta,1,lin,2026-03-04,2026-03-11,7524.0,5966.3915,False,108.7766,1557.6085,2426144.2724,14.3193
delno_ocisceno,1755,MR glave brez kontrasta,1,ar1,2026-03-04,2026-03-11,7524.0,7552.4396,False,108.7766,28.4396,808.8115,0.2614
delno_ocisceno,1755,MR glave brez kontrasta,1,naivni,2026-03-11,2026-03-18,7623.0,7524.0,False,108.4421,99.0,9801.0,0.9129
delno_ocisceno,1755,MR glave brez kontrasta,1,lin,2026-03-11,2026-03-18,7623.0,6058.0031,False,108.4421,1564.9969,2449215.3904,14.4316
delno_ocisceno,1755,MR glave brez kontrasta,1,ar1,2026-03-11,2026-03-18,7623.0,7629.3569,False,108.4421,6.3569,40.4099,0.0586
delno_ocisceno,1755,MR glave brez kontrasta,1,naivni,2026-03-18,2026-03-25,7847.0,7623.0,False,108.3438,224.0,50176.0,2.0675
delno_ocisceno,1755,MR glave brez kontrasta,1,lin,2026-03-18,2026-03-25,7847.0,6150.2539,False,108.3438,1696.7461,2878947.4433,15.6608
delno_ocisceno,1755,MR glave brez kontrasta,1,ar1,2026-03-18,2026-03-25,7847.0,7730.5952,False,108.3438,116.4048,13550.0779,1.0744
delno_ocisceno,1755,MR glave brez kontrasta,1,naivni,2026-03-25,2026-04-08,8026.0,7847.0,True,109.5361,179.0,32041.0,1.6342
delno_ocisceno,1755,MR glave brez kontrasta,1,lin,2026-03-25,2026-04-08,8026.0,6248.2114,True,109.5361,1777.7886,3160532.1449,16.2302
delno_ocisceno,1755,MR glave brez kontrasta,1,ar1,2026-03-25,2026-04-08,8026.0,7969.9339,True,109.5361,56.0661,3143.4116,0.5119
delno_ocisceno,1755,MR glave brez kontrasta,1,naivni,2026-04-08,2026-04-15,8157.0,8026.0,False,110.2449,131.0,17161.0,1.1883
delno_ocisceno,1755,MR glave brez kontrasta,1,lin,2026-04-08,2026-04-15,8157.0,6349.7932,False,110.2449,1807.2068,3265996.2788,16.3927
delno_ocisceno,1755,MR glave brez kontrasta,1,ar1,2026-04-08,2026-04-15,8157.0,8158.8868,False,110.2449,1.8868,3.56,0.0171
delno_ocisceno,1755,MR glave brez kontrasta,1,naivni,2026-04-15,2026-04-29,8238.0,8157.0,True,110.4545,81.0,6561.0,0.7333
delno_ocisceno,1755,MR glave brez kontrasta,1,lin,2026-04-15,2026-04-29,8238.0,6452.9109,True,110.4545,1785.0891,3186543.0625,16.1613
delno_ocisceno,1755,MR glave brez kontrasta,1,ar1,2026-04-15,2026-04-29,8238.0,8293.8262,True,110.4545,55.8262,3116.5613,0.5054
delno_ocisceno,1755,MR glave brez kontrasta,1,naivni,2026-04-29,2026-05-06,8284.0,8238.0,False,110.16,46.0,2116.0,0.4176
delno_ocisceno,1755,MR glave brez kontrasta,1,lin,2026-04-29,2026-05-06,8284.0,6555.5105,False,110.16,1728.4895,2987675.9687,15.6907
delno_ocisceno,1755,MR glave brez kontrasta,1,ar1,2026-04-29,2026-05-06,8284.0,8372.8976,False,110.16,88.8976,7902.7797,0.807
delno_ocisceno,1755,MR glave brez kontrasta,1,naivni,2026-05-06,2026-05-13,8379.0,8284.0,False,109.5248,95.0,9025.0,0.8674
delno_ocisceno,1755,MR glave brez kontrasta,1,lin,2026-05-06,2026-05-13,8379.0,6656.237,False,109.5248,1722.763,2967912.2117,15.7294
delno_ocisceno,1755,MR glave brez kontrasta,1,ar1,2026-05-06,2026-05-13,8379.0,8413.4989,False,109.5248,34.4989,1190.1717,0.315
delno_ocisceno,1755,MR glave brez kontrasta,1,naivni,2026-05-13,2026-05-20,8401.0,8379.0,False,109.3824,22.0,484.0,0.2011
delno_ocisceno,1755,MR glave brez kontrasta,1,lin,2026-05-13,2026-05-20,8401.0,6757.0702,False,109.3824,1643.9298,2702505.0375,15.0292
delno_ocisceno,1755,MR glave brez kontrasta,1,ar1,2026-05-13,2026-05-20,8401.0,8508.658,False,109.3824,107.658,11590.245,0.9842
delno_ocisceno,1755,MR glave brez kontrasta,1,naivni,2026-05-20,2026-05-27,8404.0,8401.0,False,108.534,3.0,9.0,0.0276
delno_ocisceno,1755,MR glave brez kontrasta,1,lin,2026-05-20,2026-05-27,8404.0,6855.1931,False,108.534,1548.8069,2398802.9544,14.2702
delno_ocisceno,1755,MR glave brez kontrasta,1,ar1,2026-05-20,2026-05-27,8404.0,8523.6969,False,108.534,119.6969,14327.3412,1.1029
delno_ocisceno,1755,MR glave brez kontrasta,1,naivni,2026-05-27,2026-06-03,8268.0,8404.0,False,107.5192,136.0,18496.0,1.2649
delno_ocisceno,1755,MR glave brez kontrasta,1,lin,2026-05-27,2026-06-03,8268.0,6949.9932,False,107.5192,1318.0068,1737141.863,12.2583
delno_ocisceno,1755,MR glave brez kontrasta,1,ar1,2026-05-27,2026-06-03,8268.0,8518.8638,False,107.5192,250.8638,62932.6421,2.3332
delno_ocisceno,1755,MR glave brez kontrasta,1,naivni,2026-06-03,2026-06-17,8251.0,8268.0,True,107.7905,17.0,289.0,0.1577
delno_ocisceno,1755,MR glave brez kontrasta,1,lin,2026-06-03,2026-06-17,8251.0,7036.3623,True,107.7905,1214.6377,1475344.8293,11.2685
delno_ocisceno,1755,MR glave brez kontrasta,1,ar1,2026-06-03,2026-06-17,8251.0,8364.5869,True,107.7905,113.5869,12901.9846,1.0538
delno_ocisceno,1755,MR glave brez kontrasta,1,naivni,2026-06-17,2026-06-24,8218.0,8251.0,False,106.934,33.0,1089.0,0.3086
delno_ocisceno,1755,MR glave brez kontrasta,1,lin,2026-06-17,2026-06-24,8218.0,7119.0995,False,106.934,1098.9005,1207582.4114,10.2764
delno_ocisceno,1755,MR glave brez kontrasta,1,ar1,2026-06-17,2026-06-24,8218.0,8341.0567,False,106.934,123.0567,15142.9444,1.1508
delno_ocisceno,1755,MR glave brez kontrasta,1,naivni,2026-06-24,2026-07-01,8153.0,8218.0,False,106.243,65.0,4225.0,0.6118
delno_ocisceno,1755,MR glave brez kontrasta,1,lin,2026-06-24,2026-07-01,8153.0,7197.7603,False,106.243,955.2397,912482.8889,8.9911
delno_ocisceno,1755,MR glave brez kontrasta,1,ar1,2026-06-24,2026-07-01,8153.0,8301.1702,False,106.243,148.1702,21954.4158,1.3946
delno_ocisceno,1755,MR glave brez kontrasta,1,naivni,2026-07-01,2026-07-08,8032.0,8153.0,False,105.8611,121.0,14641.0,1.143
delno_ocisceno,1755,MR glave brez kontrasta,1,lin,2026-07-01,2026-07-08,8032.0,7271.3359,False,105.8611,760.6641,578609.9008,7.1855
delno_ocisceno,1755,MR glave brez kontrasta,1,ar1,2026-07-01,2026-07-08,8032.0,8228.0656,False,105.8611,196.0656,38441.7116,1.8521
delno_ocisceno,1755,MR glave brez kontrasta,1,naivni,2026-07-08,2026-07-15,7884.0,8032.0,False,106.0,148.0,21904.0,1.3962
delno_ocisceno,1755,MR glave brez kontrasta,1,lin,2026-07-08,2026-07-15,7884.0,7337.9953,False,106.0,546.0047,298121.1003,5.151
delno_ocisceno,1755,MR glave brez kontrasta,1,ar1,2026-07-08,2026-07-15,7884.0,8096.8177,False,106.0,212.8177,45291.3857,2.0077
delno_ocisceno,1755,MR glave brez kontrasta,4,naivni,2025-04-09,2025-05-07,4538.0,4263.0,False,94.2157,275.0,75625.0,2.9188
delno_ocisceno,1755,MR glave brez kontrasta,4,lin,2025-04-09,2025-05-07,4538.0,3295.0705,False,94.2157,1242.9295,1544873.7985,13.1924
delno_ocisceno,1755,MR glave brez kontrasta,4,ar1,2025-04-09,2025-05-07,4538.0,4163.7278,False,94.2157,374.2722,140079.6525,3.9725
delno_ocisceno,1755,MR glave brez kontrasta,4,naivni,2025-04-16,2025-05-14,4567.0,4441.0,False,95.8269,126.0,15876.0,1.3149
delno_ocisceno,1755,MR glave brez kontrasta,4,lin,2025-04-16,2025-05-14,4567.0,3359.3401,False,95.8269,1207.6599,1458442.4185,12.6025
delno_ocisceno,1755,MR glave brez kontrasta,4,ar1,2025-04-16,2025-05-14,4567.0,4330.037,False,95.8269,236.963,56151.4425,2.4728
delno_ocisceno,1755,MR glave brez kontrasta,4,naivni,2025-04-23,2025-05-21,4762.0,4583.0,False,96.6981,179.0,32041.0,1.8511
delno_ocisceno,1755,MR glave brez kontrasta,4,lin,2025-04-23,2025-05-21,4762.0,3430.8858,False,96.6981,1331.1142,1771864.9082,13.7657
delno_ocisceno,1755,MR glave brez kontrasta,4,ar1,2025-04-23,2025-05-21,4762.0,4469.6497,False,96.6981,292.3503,85468.7069,3.0233
delno_ocisceno,1755,MR glave brez kontrasta,4,naivni,2025-04-30,2025-05-28,4873.0,4594.0,False,95.1111,279.0,77841.0,2.9334
delno_ocisceno,1755,MR glave brez kontrasta,4,lin,2025-04-30,2025-05-28,4873.0,3498.7564,False,95.1111,1374.2436,1888545.4134,14.4488
delno_ocisceno,1755,MR glave brez kontrasta,4,ar1,2025-04-30,2025-05-28,4873.0,4484.5919,False,95.1111,388.4081,150860.8152,4.0837
delno_ocisceno,1755,MR glave brez kontrasta,4,naivni,2025-05-07,2025-06-04,5048.0,4538.0,False,94.4,510.0,260100.0,5.4025
delno_ocisceno,1755,MR glave brez kontrasta,4,lin,2025-05-07,2025-06-04,5048.0,3558.0701,False,94.4,1489.9299,2219891.0179,15.7832
delno_ocisceno,1755,MR glave brez kontrasta,4,ar1,2025-05-07,2025-06-04,5048.0,4433.2581,False,94.4,614.7419,377907.545,6.5121
delno_ocisceno,1755,MR glave brez kontrasta,4,naivni,2025-05-14,2025-06-18,5081.0,4567.0,True,93.2321,514.0,264196.0,5.5131
delno_ocisceno,1755,MR glave brez kontrasta,4,lin,2025-05-14,2025-06-18,5081.0,3615.9403,True,93.2321,1465.0597,2146399.9781,15.7141
delno_ocisceno,1755,MR glave brez kontrasta,4,ar1,2025-05-14,2025-06-18,5081.0,4464.77,True,93.2321,616.23,379739.3625,6.6096
delno_ocisceno,1755,MR glave brez kontrasta,4,naivni,2025-05-21,2025-07-02,4956.0,4762.0,True,95.0175,194.0,37636.0,2.0417
delno_ocisceno,1755,MR glave brez kontrasta,4,lin,2025-05-21,2025-07-02,4956.0,3684.7837,True,95.0175,1271.2163,1615990.8269,13.3788
delno_ocisceno,1755,MR glave brez kontrasta,4,ar1,2025-05-21,2025-07-02,4956.0,4663.2374,True,95.0175,292.7626,85709.911,3.0811
delno_ocisceno,1755,MR glave brez kontrasta,4,naivni,2025-05-28,2025-07-09,4865.0,4873.0,True,95.2931,8.0,64.0,0.084
delno_ocisceno,1755,MR glave brez kontrasta,4,lin,2025-05-28,2025-07-09,4865.0,3757.5763,True,95.2931,1107.4237,1226387.3151,11.6212
delno_ocisceno,1755,MR glave brez kontrasta,4,ar1,2025-05-28,2025-07-09,4865.0,4785.409,True,95.2931,79.591,6334.7296,0.8352
delno_ocisceno,1755,MR glave brez kontrasta,4,naivni,2025-06-04,2025-07-16,4789.0,5048.0,True,96.6441,259.0,67081.0,2.6799
delno_ocisceno,1755,MR glave brez kontrasta,4,lin,2025-06-04,2025-07-16,4789.0,3838.5651,True,96.6441,950.4349,903326.4612,9.8344
delno_ocisceno,1755,MR glave brez kontrasta,4,ar1,2025-06-04,2025-07-16,4789.0,4985.7041,True,96.6441,196.7041,38692.4868,2.0353
delno_ocisceno,1755,MR glave brez kontrasta,4,naivni,2025-06-18,2025-07-23,4847.0,5081.0,True,95.5833,234.0,54756.0,2.4481
delno_ocisceno,1755,MR glave brez kontrasta,4,lin,2025-06-18,2025-07-23,4847.0,3917.1049,True,95.5833,929.8951,864704.8635,9.7286
delno_ocisceno,1755,MR glave brez kontrasta,4,ar1,2025-06-18,2025-07-23,4847.0,5028.332,True,95.5833,181.332,32881.2879,1.8971
delno_ocisceno,1755,MR glave brez kontrasta,4,naivni,2025-07-02,2025-07-30,4736.0,4956.0,False,96.0656,220.0,48400.0,2.2901
delno_ocisceno,1755,MR glave brez kontrasta,4,lin,2025-07-02,2025-07-30,4736.0,3982.4377,False,96.0656,753.5623,567856.1212,7.8442
delno_ocisceno,1755,MR glave brez kontrasta,4,ar1,2025-07-02,2025-07-30,4736.0,4887.3272,False,96.0656,151.3272,22899.9271,1.5752
delno_ocisceno,1755,MR glave brez kontrasta,4,naivni,2025-07-09,2025-08-06,4760.0,4865.0,False,95.9839,105.0,11025.0,1.0939
delno_ocisceno,1755,MR glave brez kontrasta,4,lin,2025-07-09,2025-08-06,4760.0,4037.8434,False,95.9839,722.1566,521510.1347,7.5237
delno_ocisceno,1755,MR glave brez kontrasta,4,ar1,2025-07-09,2025-08-06,4760.0,4791.2567,False,95.9839,31.2567,976.979,0.3256
delno_ocisceno,1755,MR glave brez kontrasta,4,naivni,2025-07-16,2025-08-13,4645.0,4789.0,False,95.6667,144.0,20736.0,1.5052
delno_ocisceno,1755,MR glave brez kontrasta,4,lin,2025-07-16,2025-08-13,4645.0,4085.04,False,95.6667,559.96,313555.1554,5.8532
delno_ocisceno,1755,MR glave brez kontrasta,4,ar1,2025-07-16,2025-08-13,4645.0,4714.1241,False,95.6667,69.1241,4778.1443,0.7226
delno_ocisceno,1755,MR glave brez kontrasta,4,naivni,2025-07-23,2025-08-20,4242.0,4847.0,False,95.0781,605.0,366025.0,6.3632
delno_ocisceno,1755,MR glave brez kontrasta,4,lin,2025-07-23,2025-08-20,4242.0,4133.4184,False,95.0781,108.5816,11789.9733,1.142
delno_ocisceno,1755,MR glave brez kontrasta,4,ar1,2025-07-23,2025-08-20,4242.0,4776.8695,False,95.0781,534.8695,286085.3852,5.6256
delno_ocisceno,1755,MR glave brez kontrasta,4,naivni,2025-07-30,2025-08-27,4372.0,4736.0,False,95.3231,364.0,132496.0,3.8186
delno_ocisceno,1755,MR glave brez kontrasta,4,lin,2025-07-30,2025-08-27,4372.0,4171.9526,False,95.3231,200.0474,40018.9759,2.0986
delno_ocisceno,1755,MR glave brez kontrasta,4,ar1,2025-07-30,2025-08-27,4372.0,4664.3151,False,95.3231,292.3151,85448.1399,3.0666
delno_ocisceno,1755,MR glave brez kontrasta,4,naivni,2025-08-06,2025-09-03,4465.0,4760.0,False,94.2424,295.0,87025.0,3.1302
delno_ocisceno,1755,MR glave brez kontrasta,4,lin,2025-08-06,2025-09-03,4465.0,4209.9175,False,94.2424,255.0825,65067.076,2.7067
delno_ocisceno,1755,MR glave brez kontrasta,4,ar1,2025-08-06,2025-09-03,4465.0,4690.6961,False,94.2424,225.6961,50938.751,2.3948
delno_ocisceno,1755,MR glave brez kontrasta,4,naivni,2025-08-13,2025-09-10,4544.0,4645.0,False,94.5522,101.0,10201.0,1.0682
delno_ocisceno,1755,MR glave brez kontrasta,4,lin,2025-08-13,2025-09-10,4544.0,4238.6348,False,94.5522,305.3652,93247.8787,3.2296
delno_ocisceno,1755,MR glave brez kontrasta,4,ar1,2025-08-13,2025-09-10,4544.0,4576.9744,False,94.5522,32.9744,1087.3122,0.3487
delno_ocisceno,1755,MR glave brez kontrasta,4,naivni,2025-08-20,2025-09-17,4766.0,4242.0,False,99.0882,524.0,274576.0,5.2882
delno_ocisceno,1755,MR glave brez kontrasta,4,lin,2025-08-20,2025-09-17,4766.0,4240.959,False,99.0882,525.041,275668.0707,5.2987
delno_ocisceno,1755,MR glave brez kontrasta,4,ar1,2025-08-20,2025-09-17,4766.0,4192.7897,False,99.0882,573.2103,328570.0107,5.7848
delno_ocisceno,1755,MR glave brez kontrasta,4,naivni,2025-08-27,2025-09-24,4956.0,4372.0,False,99.5362,584.0,341056.0,5.8672
delno_ocisceno,1755,MR glave brez kontrasta,4,lin,2025-08-27,2025-09-24,4956.0,4251.046,False,99.5362,704.954,496960.1947,7.0824
delno_ocisceno,1755,MR glave brez kontrasta,4,ar1,2025-08-27,2025-09-24,4956.0,4313.8771,False,99.5362,642.1229,412321.7706,6.4511
delno_ocisceno,1755,MR glave brez kontrasta,4,naivni,2025-09-03,2025-10-01,5187.0,4465.0,False,99.4429,722.0,521284.0,7.2605
delno_ocisceno,1755,MR glave brez kontrasta,4,lin,2025-09-03,2025-10-01,5187.0,4266.1668,False,99.4429,920.8332,847933.7807,9.2599
delno_ocisceno,1755,MR glave brez kontrasta,4,ar1,2025-09-03,2025-10-01,5187.0,4401.5573,False,99.4429,785.4427,616920.2989,7.8984
delno_ocisceno,1755,MR glave brez kontrasta,4,naivni,2025-09-10,2025-10-08,5300.0,4544.0,False,99.1549,756.0,571536.0,7.6244
delno_ocisceno,1755,MR glave brez kontrasta,4,lin,2025-09-10,2025-10-08,5300.0,4285.1657,False,99.1549,1014.8343,1029888.6524,10.2348
delno_ocisceno,1755,MR glave brez kontrasta,4,ar1,2025-09-10,2025-10-08,5300.0,4477.0972,False,99.1549,822.9028,677169.0736,8.2992
delno_ocisceno,1755,MR glave brez kontrasta,4,naivni,2025-09-17,2025-10-15,5604.0,4766.0,False,100.8611,838.0,702244.0,8.3085
delno_ocisceno,1755,MR glave brez kontrasta,4,lin,2025-09-17,2025-10-15,5604.0,4316.1029,False,100.8611,1287.8971,1658678.8762,12.769
delno_ocisceno,1755,MR glave brez kontrasta,4,ar1,2025-09-17,2025-10-15,5604.0,4691.8138,False,100.8611,912.1862,832083.6369,9.044
delno_ocisceno,1755,MR glave brez kontrasta,4,naivni,2025-09-24,2025-10-22,5681.0,4956.0,False,102.0822,725.0,525625.0,7.1021
delno_ocisceno,1755,MR glave brez kontrasta,4,lin,2025-09-24,2025-10-22,5681.0,4356.3847,False,102.0822,1324.6153,1754605.6486,12.976
delno_ocisceno,1755,MR glave brez kontrasta,4,ar1,2025-09-24,2025-10-22,5681.0,4885.2714,False,102.0822,795.7286,633184.037,7.795
delno_ocisceno,1755,MR glave brez kontrasta,4,naivni,2025-10-01,2025-10-29,5728.0,5187.0,False,103.8243,541.0,292681.0,5.2107
delno_ocisceno,1755,MR glave brez kontrasta,4,lin,2025-10-01,2025-10-29,5728.0,4407.7379,False,103.8243,1320.2621,1743092.0767,12.7163
delno_ocisceno,1755,MR glave brez kontrasta,4,ar1,2025-10-01,2025-10-29,5728.0,5134.8989,False,103.8243,593.1011,351768.9136,5.7125
delno_ocisceno,1755,MR glave brez kontrasta,4,naivni,2025-10-08,2025-11-05,5742.0,5300.0,False,103.9467,442.0,195364.0,4.2522
delno_ocisceno,1755,MR glave brez kontrasta,4,lin,2025-10-08,2025-11-05,5742.0,4462.8997,False,103.9467,1279.1003,1636097.5444,12.3054
delno_ocisceno,1755,MR glave brez kontrasta,4,ar1,2025-10-08,2025-11-05,5742.0,5266.2123,False,103.9467,475.7877,226373.9175,4.5772
delno_ocisceno,1755,MR glave brez kontrasta,4,naivni,2025-10-15,2025-11-12,5896.0,5604.0,False,106.5789,292.0,85264.0,2.7398
delno_ocisceno,1755,MR glave brez kontrasta,4,lin,2025-10-15,2025-11-12,5896.0,4532.1254,False,106.5789,1363.8746,1860153.922,12.7968
delno_ocisceno,1755,MR glave brez kontrasta,4,ar1,2025-10-15,2025-11-12,5896.0,5636.9374,False,106.5789,259.0626,67113.4397,2.4307
delno_ocisceno,1755,MR glave brez kontrasta,4,naivni,2025-10-22,2025-11-19,6014.0,5681.0,False,106.1948,333.0,110889.0,3.1357
delno_ocisceno,1755,MR glave brez kontrasta,4,lin,2025-10-22,2025-11-19,6014.0,4602.2583,False,106.1948,1411.7417,1993014.5956,13.2939
delno_ocisceno,1755,MR glave brez kontrasta,4,ar1,2025-10-22,2025-11-19,6014.0,5735.6059,False,106.1948,278.3941,77503.2638,2.6215
delno_ocisceno,1755,MR glave brez kontrasta,4,naivni,2025-10-29,2025-11-26,6157.0,5728.0,False,105.4359,429.0,184041.0,4.0688
delno_ocisceno,1755,MR glave brez kontrasta,4,lin,2025-10-29,2025-11-26,6157.0,4671.6308,False,105.4359,1485.3692,2206321.6794,14.0879
delno_ocisceno,1755,MR glave brez kontrasta,4,ar1,2025-10-29,2025-11-26,6157.0,5793.7332,False,105.4359,363.2668,131962.7552,3.4454
delno_ocisceno,1755,MR glave brez kontrasta,4,naivni,2025-11-05,2025-12-03,6275.0,5742.0,False,104.2785,533.0,284089.0,5.1113
delno_ocisceno,1755,MR glave brez kontrasta,4,lin,2025-11-05,2025-12-03,6275.0,4738.5365,False,104.2785,1536.4635,2360719.9853,14.7342
delno_ocisceno,1755,MR glave brez kontrasta,4,ar1,2025-11-05,2025-12-03,6275.0,5807.2747,False,104.2785,467.7253,218766.9299,4.4853
delno_ocisceno,1755,MR glave brez kontrasta,4,naivni,2025-11-12,2025-12-10,6473.0,5896.0,False,104.9,577.0,332929.0,5.5005
delno_ocisceno,1755,MR glave brez kontrasta,4,lin,2025-11-12,2025-12-10,6473.0,4810.4024,False,104.9,1662.5976,2764230.85,15.8494
delno_ocisceno,1755,MR glave brez kontrasta,4,ar1,2025-11-12,2025-12-10,6473.0,6007.0356,False,104.9,465.9644,217122.8456,4.442
delno_ocisceno,1755,MR glave brez kontrasta,4,naivni,2025-11-19,2025-12-17,6480.0,6014.0,False,105.0617,466.0,217156.0,4.4355
delno_ocisceno,1755,MR glave brez kontrasta,4,lin,2025-11-19,2025-12-17,6480.0,4885.0862,False,105.0617,1594.9138,2543750.0344,15.1807
delno_ocisceno,1755,MR glave brez kontrasta,4,ar1,2025-11-19,2025-12-17,6480.0,6160.4597,False,105.0617,319.5403,102105.9913,3.0415
delno_ocisceno,1755,MR glave brez kontrasta,4,naivni,2025-11-26,2026-01-07,6399.0,6157.0,True,105.5244,242.0,58564.0,2.2933
delno_ocisceno,1755,MR glave brez kontrasta,4,lin,2025-11-26,2026-01-07,6399.0,4963.6904,True,105.5244,1435.3096,2060113.6501,13.6017
delno_ocisceno,1755,MR glave brez kontrasta,4,ar1,2025-11-26,2026-01-07,6399.0,6349.9112,True,105.5244,49.0888,2409.7113,0.4652
delno_ocisceno,1755,MR glave brez kontrasta,4,naivni,2025-12-03,2026-01-14,6573.0,6275.0,True,105.6747,298.0,88804.0,2.82
delno_ocisceno,1755,MR glave brez kontrasta,4,lin,2025-12-03,2026-01-14,6573.0,5044.7351,True,105.6747,1528.2649,2335593.4961,14.462
delno_ocisceno,1755,MR glave brez kontrasta,4,ar1,2025-12-03,2026-01-14,6573.0,6503.4057,True,105.6747,69.5943,4843.3673,0.6586
delno_ocisceno,1755,MR glave brez kontrasta,4,naivni,2025-12-10,2026-01-21,6725.0,6473.0,True,106.7738,252.0,63504.0,2.3601
delno_ocisceno,1755,MR glave brez kontrasta,4,lin,2025-12-10,2026-01-21,6725.0,5132.0396,True,106.7738,1592.9604,2537522.8566,14.919
delno_ocisceno,1755,MR glave brez kontrasta,4,ar1,2025-12-10,2026-01-21,6725.0,6775.7956,True,106.7738,50.7956,2580.1895,0.4757
delno_ocisceno,1755,MR glave brez kontrasta,4,naivni,2025-12-17,2026-01-28,6925.0,6480.0,True,105.6,445.0,198025.0,4.214
delno_ocisceno,1755,MR glave brez kontrasta,4,lin,2025-12-17,2026-01-28,6925.0,5215.9123,True,105.6,1709.0877,2920980.645,16.1845
delno_ocisceno,1755,MR glave brez kontrasta,4,ar1,2025-12-17,2026-01-28,6925.0,6757.0887,True,105.6,167.9113,28194.192,1.5901
delno_ocisceno,1755,MR glave brez kontrasta,4,naivni,2026-01-07,2026-02-04,7142.0,6399.0,False,105.314,743.0,552049.0,7.0551
delno_ocisceno,1755,MR glave brez kontrasta,4,lin,2026-01-07,2026-02-04,7142.0,5292.2759,False,105.314,1849.7241,3421479.3864,17.5639
delno_ocisceno,1755,MR glave brez kontrasta,4,ar1,2026-01-07,2026-02-04,7142.0,6616.0053,False,105.314,525.9947,276670.4697,4.9945
delno_ocisceno,1755,MR glave brez kontrasta,4,naivni,2026-01-14,2026-02-11,7249.0,6573.0,False,106.1034,676.0,456976.0,6.3711
delno_ocisceno,1755,MR glave brez kontrasta,4,lin,2026-01-14,2026-02-11,7249.0,5373.6973,False,106.1034,1875.3027,3516760.1895,17.6743
delno_ocisceno,1755,MR glave brez kontrasta,4,ar1,2026-01-14,2026-02-11,7249.0,6844.1677,False,106.1034,404.8323,163889.1848,3.8154
delno_ocisceno,1755,MR glave brez kontrasta,4,naivni,2026-01-21,2026-02-18,7482.0,6725.0,False,106.625,757.0,573049.0,7.0996
delno_ocisceno,1755,MR glave brez kontrasta,4,lin,2026-01-21,2026-02-18,7482.0,5458.8666,False,106.625,2023.1334,4093068.76,18.9743
delno_ocisceno,1755,MR glave brez kontrasta,4,ar1,2026-01-21,2026-02-18,7482.0,7041.2789,False,106.625,440.7211,194235.0864,4.1334
delno_ocisceno,1755,MR glave brez kontrasta,4,naivni,2026-01-28,2026-02-25,7507.0,6925.0,False,107.6742,582.0,338724.0,5.4052
delno_ocisceno,1755,MR glave brez kontrasta,4,lin,2026-01-28,2026-02-25,7507.0,5549.8213,False,107.6742,1957.1787,3830548.4196,18.1769
delno_ocisceno,1755,MR glave brez kontrasta,4,ar1,2026-01-28,2026-02-25,7507.0,7309.4488,False,107.6742,197.5512,39026.4928,1.8347
delno_ocisceno,1755,MR glave brez kontrasta,4,naivni,2026-02-04,2026-03-04,7447.0,7142.0,False,108.8889,305.0,93025.0,2.801
delno_ocisceno,1755,MR glave brez kontrasta,4,lin,2026-02-04,2026-03-04,7447.0,5647.0417,False,108.8889,1799.9583,3239849.8441,16.5302
delno_ocisceno,1755,MR glave brez kontrasta,4,ar1,2026-02-04,2026-03-04,7447.0,7604.1189,False,108.8889,157.1189,24686.3466,1.4429
delno_ocisceno,1755,MR glave brez kontrasta,4,naivni,2026-02-11,2026-03-11,7524.0,7249.0,False,108.8681,275.0,75625.0,2.526
delno_ocisceno,1755,MR glave brez kontrasta,4,lin,2026-02-11,2026-03-11,7524.0,5745.1889,False,108.8681,1778.8111,3164168.9239,16.3391
delno_ocisceno,1755,MR glave brez kontrasta,4,ar1,2026-02-11,2026-03-11,7524.0,7724.646,False,108.8681,200.646,40258.8026,1.843
delno_ocisceno,1755,MR glave brez kontrasta,4,naivni,2026-02-18,2026-03-18,7623.0,7482.0,False,110.2174,141.0,19881.0,1.2793
delno_ocisceno,1755,MR glave brez kontrasta,4,lin,2026-02-18,2026-03-18,7623.0,5849.8874,False,110.2174,1773.1126,3143928.4681,16.0874
delno_ocisceno,1755,MR glave brez kontrasta,4,ar1,2026-02-18,2026-03-18,7623.0,8041.2579,False,110.2174,418.2579,174939.6728,3.7948
delno_ocisceno,1755,MR glave brez kontrasta,4,naivni,2026-02-25,2026-03-25,7847.0,7507.0,False,109.3011,340.0,115600.0,3.1107
delno_ocisceno,1755,MR glave brez kontrasta,4,lin,2026-02-25,2026-03-25,7847.0,5951.5345,False,109.3011,1895.4655,3592789.3471,17.3417
delno_ocisceno,1755,MR glave brez kontrasta,4,ar1,2026-02-25,2026-03-25,7847.0,8024.5928,False,109.3011,177.5928,31539.2128,1.6248
delno_ocisceno,1755,MR glave brez kontrasta,4,naivni,2026-03-04,2026-04-08,8026.0,7447.0,True,108.7766,579.0,335241.0,5.3228
delno_ocisceno,1755,MR glave brez kontrasta,4,lin,2026-03-04,2026-04-08,8026.0,6046.5252,True,108.7766,1979.4748,3918320.6106,18.1976
delno_ocisceno,1755,MR glave brez kontrasta,4,ar1,2026-03-04,2026-04-08,8026.0,7886.9889,True,108.7766,139.0111,19324.0731,1.278
delno_ocisceno,1755,MR glave brez kontrasta,4,naivni,2026-03-11,2026-04-15,8157.0,7524.0,True,108.4421,633.0,400689.0,5.8372
delno_ocisceno,1755,MR glave brez kontrasta,4,lin,2026-03-11,2026-04-15,8157.0,6141.1476,True,108.4421,2015.8524,4063660.939,18.5892
delno_ocisceno,1755,MR glave brez kontrasta,4,ar1,2026-03-11,2026-04-15,8157.0,7963.1908,True,108.4421,193.8092,37562.0143,1.7872
delno_ocisceno,1755,MR glave brez kontrasta,4,naivni,2026-03-18,2026-04-29,8238.0,7623.0,True,108.3438,615.0,378225.0,5.6764
delno_ocisceno,1755,MR glave brez kontrasta,4,lin,2026-03-18,2026-04-29,8238.0,6236.3618,True,108.3438,2001.6382,4006555.5977,18.4749
delno_ocisceno,1755,MR glave brez kontrasta,4,ar1,2026-03-18,2026-04-29,8238.0,8071.4232,True,108.3438,166.5768,27747.8256,1.5375
delno_ocisceno,1755,MR glave brez kontrasta,4,naivni,2026-03-25,2026-05-06,8284.0,7847.0,True,109.5361,437.0,190969.0,3.9896
delno_ocisceno,1755,MR glave brez kontrasta,4,lin,2026-03-25,2026-05-06,8284.0,6337.4673,True,109.5361,1946.5327,3788989.5407,17.7707
delno_ocisceno,1755,MR glave brez kontrasta,4,ar1,2026-03-25,2026-05-06,8284.0,8361.3231,True,109.5361,77.3231,5978.8558,0.7059
delno_ocisceno,1755,MR glave brez kontrasta,4,naivni,2026-04-08,2026-05-13,8379.0,8026.0,True,110.2449,353.0,124609.0,3.202
delno_ocisceno,1755,MR glave brez kontrasta,4,lin,2026-04-08,2026-05-13,8379.0,6442.2814,True,110.2449,1936.7186,3750878.785,17.5674
delno_ocisceno,1755,MR glave brez kontrasta,4,ar1,2026-04-08,2026-05-13,8379.0,8582.9872,True,110.2449,203.9872,41610.7817,1.8503
delno_ocisceno,1755,MR glave brez kontrasta,4,naivni,2026-04-15,2026-05-20,8401.0,8157.0,True,110.4545,244.0,59536.0,2.2091
delno_ocisceno,1755,MR glave brez kontrasta,4,lin,2026-04-15,2026-05-20,8401.0,6548.6199,True,110.4545,1852.3801,3431312.1312,16.7705
delno_ocisceno,1755,MR glave brez kontrasta,4,ar1,2026-04-15,2026-05-20,8401.0,8730.4642,True,110.4545,329.4642,108546.6815,2.9828
delno_ocisceno,1755,MR glave brez kontrasta,4,naivni,2026-04-29,2026-05-27,8404.0,8238.0,False,110.16,166.0,27556.0,1.5069
delno_ocisceno,1755,MR glave brez kontrasta,4,lin,2026-04-29,2026-05-27,8404.0,6654.3384,False,110.16,1749.6616,3061315.6183,15.8829
delno_ocisceno,1755,MR glave brez kontrasta,4,ar1,2026-04-29,2026-05-27,8404.0,8802.4137,False,110.16,398.4137,158733.4741,3.6167
delno_ocisceno,1755,MR glave brez kontrasta,4,naivni,2026-05-06,2026-06-03,8268.0,8284.0,False,109.5248,16.0,256.0,0.1461
delno_ocisceno,1755,MR glave brez kontrasta,4,lin,2026-05-06,2026-06-03,8268.0,6758.0264,False,109.5248,1509.9736,2280020.2533,13.7866
delno_ocisceno,1755,MR glave brez kontrasta,4,ar1,2026-05-06,2026-06-03,8268.0,8824.4272,False,109.5248,556.4272,309611.2239,5.0804
delno_ocisceno,1755,MR glave brez kontrasta,4,naivni,2026-05-13,2026-06-17,8251.0,8379.0,True,109.3824,128.0,16384.0,1.1702
delno_ocisceno,1755,MR glave brez kontrasta,4,lin,2026-05-13,2026-06-17,8251.0,6861.7545,True,109.3824,1389.2455,1930003.1427,12.7008
delno_ocisceno,1755,MR glave brez kontrasta,4,ar1,2026-05-13,2026-06-17,8251.0,8919.5809,True,109.3824,668.5809,447000.3648,6.1123
delno_ocisceno,1755,MR glave brez kontrasta,4,naivni,2026-05-20,2026-06-24,8218.0,8401.0,True,108.534,183.0,33489.0,1.6861
delno_ocisceno,1755,MR glave brez kontrasta,4,lin,2026-05-20,2026-06-24,8218.0,6962.5871,True,108.534,1255.4129,1576061.6669,11.567
delno_ocisceno,1755,MR glave brez kontrasta,4,ar1,2026-05-20,2026-06-24,8218.0,8911.1189,True,108.534,693.1189,480413.8139,6.3862
delno_ocisceno,1755,MR glave brez kontrasta,4,naivni,2026-05-27,2026-07-01,8153.0,8404.0,True,107.5192,251.0,63001.0,2.3345
delno_ocisceno,1755,MR glave brez kontrasta,4,lin,2026-05-27,2026-07-01,8153.0,7059.892,True,107.5192,1093.108,1194885.0314,10.1666
delno_ocisceno,1755,MR glave brez kontrasta,4,ar1,2026-05-27,2026-07-01,8153.0,8880.1481,True,107.5192,727.1481,528744.4247,6.763
delno_ocisceno,1755,MR glave brez kontrasta,4,naivni,2026-06-03,2026-07-08,8032.0,8268.0,True,107.7905,236.0,55696.0,2.1894
delno_ocisceno,1755,MR glave brez kontrasta,4,lin,2026-06-03,2026-07-08,8032.0,7148.3528,True,107.7905,883.6472,780832.4142,8.1978
delno_ocisceno,1755,MR glave brez kontrasta,4,ar1,2026-06-03,2026-07-08,8032.0,8666.07,True,107.7905,634.07,402044.7569,5.8824
delno_ocisceno,1755,MR glave brez kontrasta,4,naivni,2026-06-17,2026-07-15,7884.0,8251.0,False,106.934,367.0,134689.0,3.432
delno_ocisceno,1755,MR glave brez kontrasta,4,lin,2026-06-17,2026-07-15,7884.0,7232.9819,False,106.934,651.0181,423824.5332,6.088
delno_ocisceno,1755,MR glave brez kontrasta,4,ar1,2026-06-17,2026-07-15,7884.0,8621.2731,False,106.934,737.2731,543571.6214,6.8947
delno_ocisceno,1195,Operacija sive mrene (katarakte),1,naivni,2025-04-09,2025-04-16,14402.0,14378.0,False,107.098,24.0,576.0,0.2241
delno_ocisceno,1195,Operacija sive mrene (katarakte),1,lin,2025-04-09,2025-04-16,14402.0,14243.4955,False,107.098,158.5045,25123.6844,1.48
delno_ocisceno,1195,Operacija sive mrene (katarakte),1,ar1,2025-04-09,2025-04-16,14402.0,14449.7195,False,107.098,47.7195,2277.1544,0.4456
delno_ocisceno,1195,Operacija sive mrene (katarakte),1,naivni,2025-04-16,2025-04-23,14346.0,14402.0,False,105.5,56.0,3136.0,0.5308
delno_ocisceno,1195,Operacija sive mrene (katarakte),1,lin,2025-04-16,2025-04-23,14346.0,14317.2983,False,105.5,28.7017,823.79,0.2721
delno_ocisceno,1195,Operacija sive mrene (katarakte),1,ar1,2025-04-16,2025-04-23,14346.0,14469.6623,False,105.5,123.6623,15292.3652,1.1722
delno_ocisceno,1195,Operacija sive mrene (katarakte),1,naivni,2025-04-23,2025-04-30,14686.0,14346.0,False,104.566,340.0,115600.0,3.2515
delno_ocisceno,1195,Operacija sive mrene (katarakte),1,lin,2025-04-23,2025-04-30,14686.0,14381.5968,False,104.566,304.4032,92661.317,2.9111
delno_ocisceno,1195,Operacija sive mrene (katarakte),1,ar1,2025-04-23,2025-04-30,14686.0,14403.6594,False,104.566,282.3406,79716.2389,2.7001
delno_ocisceno,1195,Operacija sive mrene (katarakte),1,naivni,2025-04-30,2025-05-07,14582.0,14686.0,False,108.9259,104.0,10816.0,0.9548
delno_ocisceno,1195,Operacija sive mrene (katarakte),1,lin,2025-04-30,2025-05-07,14582.0,14465.9657,False,108.9259,116.0343,13463.9689,1.0653
delno_ocisceno,1195,Operacija sive mrene (katarakte),1,ar1,2025-04-30,2025-05-07,14582.0,14766.6642,False,108.9259,184.6642,34100.8778,1.6953
delno_ocisceno,1195,Operacija sive mrene (katarakte),1,naivni,2025-05-07,2025-05-14,14497.0,14582.0,False,108.8364,85.0,7225.0,0.781
delno_ocisceno,1195,Operacija sive mrene (katarakte),1,lin,2025-05-07,2025-05-14,14497.0,14537.0773,False,108.8364,40.0773,1606.1878,0.3682
delno_ocisceno,1195,Operacija sive mrene (katarakte),1,ar1,2025-05-07,2025-05-14,14497.0,14646.3734,False,108.8364,149.3734,22312.4013,1.3725
delno_ocisceno,1195,Operacija sive mrene (katarakte),1,naivni,2025-05-14,2025-05-21,14503.0,14497.0,False,108.4107,6.0,36.0,0.0553
delno_ocisceno,1195,Operacija sive mrene (katarakte),1,lin,2025-05-14,2025-05-21,14503.0,14597.3064,False,108.4107,94.3064,8893.6954,0.8699
delno_ocisceno,1195,Operacija sive mrene (katarakte),1,ar1,2025-05-14,2025-05-21,14503.0,14550.5325,False,108.4107,47.5325,2259.342,0.4384
delno_ocisceno,1195,Operacija sive mrene (katarakte),1,naivni,2025-05-21,2025-05-28,14442.0,14503.0,False,106.614,61.0,3721.0,0.5722
delno_ocisceno,1195,Operacija sive mrene (katarakte),1,lin,2025-05-21,2025-05-28,14442.0,14653.7713,False,106.614,211.7713,44847.094,1.9863
delno_ocisceno,1195,Operacija sive mrene (katarakte),1,ar1,2025-05-21,2025-05-28,14442.0,14553.4289,False,106.614,111.4289,12416.4042,1.0452
delno_ocisceno,1195,Operacija sive mrene (katarakte),1,naivni,2025-05-28,2025-06-04,14527.0,14442.0,False,105.8276,85.0,7225.0,0.8032
delno_ocisceno,1195,Operacija sive mrene (katarakte),1,lin,2025-05-28,2025-06-04,14527.0,14702.2174,False,105.8276,175.2174,30701.1431,1.6557
delno_ocisceno,1195,Operacija sive mrene (katarakte),1,ar1,2025-05-28,2025-06-04,14527.0,14486.0622,False,105.8276,40.9378,1675.9068,0.3868
delno_ocisceno,1195,Operacija sive mrene (katarakte),1,naivni,2025-06-04,2025-06-18,14326.0,14527.0,True,105.4746,201.0,40401.0,1.9057
delno_ocisceno,1195,Operacija sive mrene (katarakte),1,lin,2025-06-04,2025-06-18,14326.0,14752.9808,True,105.4746,426.9808,182312.5958,4.0482
delno_ocisceno,1195,Operacija sive mrene (katarakte),1,ar1,2025-06-04,2025-06-18,14326.0,14572.7736,True,105.4746,246.7736,60897.2328,2.3397
delno_ocisceno,1195,Operacija sive mrene (katarakte),1,naivni,2025-06-18,2025-07-02,14300.0,14326.0,True,107.0667,26.0,676.0,0.2428
delno_ocisceno,1195,Operacija sive mrene (katarakte),1,lin,2025-06-18,2025-07-02,14300.0,14787.1393,True,107.0667,487.1393,237304.7407,4.5499
delno_ocisceno,1195,Operacija sive mrene (katarakte),1,ar1,2025-06-18,2025-07-02,14300.0,14360.4599,True,107.0667,60.4599,3655.4015,0.5647
delno_ocisceno,1195,Operacija sive mrene (katarakte),1,naivni,2025-07-02,2025-07-09,14582.0,14300.0,False,105.7377,282.0,79524.0,2.667
delno_ocisceno,1195,Operacija sive mrene (katarakte),1,lin,2025-07-02,2025-07-09,14582.0,14817.1909,False,105.7377,235.1909,55314.7615,2.2243
delno_ocisceno,1195,Operacija sive mrene (katarakte),1,ar1,2025-07-02,2025-07-09,14582.0,14332.099,False,105.7377,249.901,62450.485,2.3634
delno_ocisceno,1195,Operacija sive mrene (katarakte),1,naivni,2025-07-09,2025-07-16,14676.0,14582.0,False,108.5806,94.0,8836.0,0.8657
delno_ocisceno,1195,Operacija sive mrene (katarakte),1,lin,2025-07-09,2025-07-16,14676.0,14862.9898,False,108.5806,186.9898,34965.1701,1.7221
delno_ocisceno,1195,Operacija sive mrene (katarakte),1,ar1,2025-07-09,2025-07-16,14676.0,14622.1406,False,108.5806,53.8594,2900.8403,0.496
delno_ocisceno,1195,Operacija sive mrene (katarakte),1,naivni,2025-07-16,2025-07-23,14656.0,14676.0,False,108.3492,20.0,400.0,0.1846
delno_ocisceno,1195,Operacija sive mrene (katarakte),1,lin,2025-07-16,2025-07-23,14656.0,14911.6845,False,108.3492,255.6845,65374.5757,2.3598
delno_ocisceno,1195,Operacija sive mrene (katarakte),1,ar1,2025-07-16,2025-07-23,14656.0,14718.1661,False,108.3492,62.1661,3864.6241,0.5738
delno_ocisceno,1195,Operacija sive mrene (katarakte),1,naivni,2025-07-23,2025-07-30,14682.0,14656.0,False,106.9688,26.0,676.0,0.2431
delno_ocisceno,1195,Operacija sive mrene (katarakte),1,lin,2025-07-23,2025-07-30,14682.0,14956.062,False,106.9688,274.062,75109.9904,2.5621
delno_ocisceno,1195,Operacija sive mrene (katarakte),1,ar1,2025-07-23,2025-07-30,14682.0,14695.1165,False,106.9688,13.1165,172.0422,0.1226
delno_ocisceno,1195,Operacija sive mrene (katarakte),1,naivni,2025-07-30,2025-08-06,14729.0,14682.0,False,105.7231,47.0,2209.0,0.4446
delno_ocisceno,1195,Operacija sive mrene (katarakte),1,lin,2025-07-30,2025-08-06,14729.0,14999.2065,False,105.7231,270.2065,73011.5671,2.5558
delno_ocisceno,1195,Operacija sive mrene (katarakte),1,ar1,2025-07-30,2025-08-06,14729.0,14720.2444,False,105.7231,8.7556,76.6614,0.0828
delno_ocisceno,1195,Operacija sive mrene (katarakte),1,naivni,2025-08-06,2025-08-13,14816.0,14729.0,False,104.8333,87.0,7569.0,0.8299
delno_ocisceno,1195,Operacija sive mrene (katarakte),1,lin,2025-08-06,2025-08-13,14816.0,15042.4573,False,104.8333,226.4573,51282.8902,2.1602
delno_ocisceno,1195,Operacija sive mrene (katarakte),1,ar1,2025-08-06,2025-08-13,14816.0,14767.241,False,104.8333,48.759,2377.4441,0.4651
delno_ocisceno,1195,Operacija sive mrene (katarakte),1,naivni,2025-08-13,2025-08-20,14781.0,14816.0,False,104.5672,35.0,1225.0,0.3347
delno_ocisceno,1195,Operacija sive mrene (katarakte),1,lin,2025-08-13,2025-08-20,14781.0,15088.1629,False,104.5672,307.1629,94349.0239,2.9375
delno_ocisceno,1195,Operacija sive mrene (katarakte),1,ar1,2025-08-13,2025-08-20,14781.0,14855.8301,False,104.5672,74.8301,5599.5492,0.7156
delno_ocisceno,1195,Operacija sive mrene (katarakte),1,naivni,2025-08-20,2025-08-27,14752.0,14781.0,False,103.5441,29.0,841.0,0.2801
delno_ocisceno,1195,Operacija sive mrene (katarakte),1,lin,2025-08-20,2025-08-27,14752.0,15129.0934,False,103.5441,377.0934,142199.3949,3.6419
delno_ocisceno,1195,Operacija sive mrene (katarakte),1,ar1,2025-08-20,2025-08-27,14752.0,14817.5844,False,103.5441,65.5844,4301.3164,0.6334
delno_ocisceno,1195,Operacija sive mrene (katarakte),1,naivni,2025-08-27,2025-09-03,14788.0,14752.0,False,102.4638,36.0,1296.0,0.3513
delno_ocisceno,1195,Operacija sive mrene (katarakte),1,lin,2025-08-27,2025-09-03,14788.0,15165.9006,False,102.4638,377.9006,142808.8794,3.6881
delno_ocisceno,1195,Operacija sive mrene (katarakte),1,ar1,2025-08-27,2025-09-03,14788.0,14785.9785,False,102.4638,2.0215,4.0866,0.0197
delno_ocisceno,1195,Operacija sive mrene (katarakte),1,naivni,2025-09-03,2025-09-10,14759.0,14788.0,False,101.5143,29.0,841.0,0.2857
delno_ocisceno,1195,Operacija sive mrene (katarakte),1,lin,2025-09-03,2025-09-10,14759.0,15202.5107,False,101.5143,443.5107,196701.7091,4.3689
delno_ocisceno,1195,Operacija sive mrene (katarakte),1,ar1,2025-09-03,2025-09-10,14759.0,14821.6848,False,101.5143,62.6848,3929.3817,0.6175
delno_ocisceno,1195,Operacija sive mrene (katarakte),1,naivni,2025-09-10,2025-09-17,14830.0,14759.0,False,100.493,71.0,5041.0,0.7065
delno_ocisceno,1195,Operacija sive mrene (katarakte),1,lin,2025-09-10,2025-09-17,14830.0,15235.3279,False,100.493,405.3279,164290.6709,4.0334
delno_ocisceno,1195,Operacija sive mrene (katarakte),1,ar1,2025-09-10,2025-09-17,14830.0,14790.447,False,100.493,39.553,1564.4423,0.3936
delno_ocisceno,1195,Operacija sive mrene (katarakte),1,naivni,2025-09-17,2025-09-24,14962.0,14830.0,False,100.0833,132.0,17424.0,1.3189
delno_ocisceno,1195,Operacija sive mrene (katarakte),1,lin,2025-09-17,2025-09-24,14962.0,15270.0685,False,100.0833,308.0685,94906.1965,3.0781
delno_ocisceno,1195,Operacija sive mrene (katarakte),1,ar1,2025-09-17,2025-09-24,14962.0,14862.1973,False,100.0833,99.8027,9960.582,0.9972
delno_ocisceno,1195,Operacija sive mrene (katarakte),1,naivni,2025-09-24,2025-10-01,14969.0,14962.0,False,100.5205,7.0,49.0,0.0696
delno_ocisceno,1195,Operacija sive mrene (katarakte),1,lin,2025-09-24,2025-10-01,14969.0,15309.9163,False,100.5205,340.9163,116223.9422,3.3915
delno_ocisceno,1195,Operacija sive mrene (katarakte),1,ar1,2025-09-24,2025-10-01,14969.0,14996.8715,False,100.5205,27.8715,776.8221,0.2773
delno_ocisceno,1195,Operacija sive mrene (katarakte),1,naivni,2025-10-01,2025-10-08,15028.0,14969.0,False,99.2568,59.0,3481.0,0.5944
delno_ocisceno,1195,Operacija sive mrene (katarakte),1,lin,2025-10-01,2025-10-08,15028.0,15347.9013,False,99.2568,319.9013,102336.817,3.223
delno_ocisceno,1195,Operacija sive mrene (katarakte),1,ar1,2025-10-01,2025-10-08,15028.0,15002.6431,False,99.2568,25.3569,642.9735,0.2555
delno_ocisceno,1195,Operacija sive mrene (katarakte),1,naivni,2025-10-08,2025-10-15,15062.0,15028.0,False,98.72,34.0,1156.0,0.3444
delno_ocisceno,1195,Operacija sive mrene (katarakte),1,lin,2025-10-08,2025-10-15,15062.0,15386.8726,False,98.72,324.8726,105542.2267,3.2908
delno_ocisceno,1195,Operacija sive mrene (katarakte),1,ar1,2025-10-08,2025-10-15,15062.0,15062.1056,False,98.72,0.1056,0.0112,0.0011
delno_ocisceno,1195,Operacija sive mrene (katarakte),1,naivni,2025-10-15,2025-10-22,15260.0,15062.0,False,97.8684,198.0,39204.0,2.0231
delno_ocisceno,1195,Operacija sive mrene (katarakte),1,lin,2025-10-15,2025-10-22,15260.0,15425.4764,False,97.8684,165.4764,27382.445,1.6908
delno_ocisceno,1195,Operacija sive mrene (katarakte),1,ar1,2025-10-15,2025-10-22,15260.0,15095.7811,False,97.8684,164.2189,26967.8551,1.678
delno_ocisceno,1195,Operacija sive mrene (katarakte),1,naivni,2025-10-22,2025-10-29,15349.0,15260.0,False,99.1688,89.0,7921.0,0.8975
delno_ocisceno,1195,Operacija sive mrene (katarakte),1,lin,2025-10-22,2025-10-29,15349.0,15472.1462,False,99.1688,123.1462,15164.9834,1.2418
delno_ocisceno,1195,Operacija sive mrene (katarakte),1,ar1,2025-10-22,2025-10-29,15349.0,15298.9244,False,99.1688,50.0756,2507.5685,0.505
delno_ocisceno,1195,Operacija sive mrene (katarakte),1,naivni,2025-10-29,2025-11-05,15273.0,15349.0,False,99.0385,76.0,5776.0,0.7674
delno_ocisceno,1195,Operacija sive mrene (katarakte),1,lin,2025-10-29,2025-11-05,15273.0,15520.9056,False,99.0385,247.9056,61457.1618,2.5031
delno_ocisceno,1195,Operacija sive mrene (katarakte),1,ar1,2025-10-29,2025-11-05,15273.0,15389.5759,False,99.0385,116.5759,13589.948,1.1771
delno_ocisceno,1195,Operacija sive mrene (katarakte),1,naivni,2025-11-05,2025-11-12,15280.0,15273.0,False,98.7468,7.0,49.0,0.0709
delno_ocisceno,1195,Operacija sive mrene (katarakte),1,lin,2025-11-05,2025-11-12,15280.0,15563.388,False,98.7468,283.388,80308.7442,2.8698
delno_ocisceno,1195,Operacija sive mrene (katarakte),1,ar1,2025-11-05,2025-11-12,15280.0,15308.9695,False,98.7468,28.9695,839.2336,0.2934
delno_ocisceno,1195,Operacija sive mrene (katarakte),1,naivni,2025-11-12,2025-11-19,15368.0,15280.0,False,97.6,88.0,7744.0,0.9016
delno_ocisceno,1195,Operacija sive mrene (katarakte),1,lin,2025-11-12,2025-11-19,15368.0,15604.0417,False,97.6,236.0417,55715.6684,2.4185
delno_ocisceno,1195,Operacija sive mrene (katarakte),1,ar1,2025-11-12,2025-11-19,15368.0,15314.7327,False,97.6,53.2673,2837.4034,0.5458
delno_ocisceno,1195,Operacija sive mrene (katarakte),1,naivni,2025-11-19,2025-11-26,15382.0,15368.0,False,97.4815,14.0,196.0,0.1436
delno_ocisceno,1195,Operacija sive mrene (katarakte),1,lin,2025-11-19,2025-11-26,15382.0,15646.9196,False,97.4815,264.9196,70182.3958,2.7176
delno_ocisceno,1195,Operacija sive mrene (katarakte),1,ar1,2025-11-19,2025-11-26,15382.0,15404.147,False,97.4815,22.147,490.4892,0.2272
delno_ocisceno,1195,Operacija sive mrene (katarakte),1,naivni,2025-11-26,2025-12-03,15457.0,15382.0,False,96.4634,75.0,5625.0,0.7775
delno_ocisceno,1195,Operacija sive mrene (katarakte),1,lin,2025-11-26,2025-12-03,15457.0,15688.3365,False,96.4634,231.3365,53516.5613,2.3982
delno_ocisceno,1195,Operacija sive mrene (katarakte),1,ar1,2025-11-26,2025-12-03,15457.0,15417.1464,False,96.4634,39.8536,1588.3102,0.4131
delno_ocisceno,1195,Operacija sive mrene (katarakte),1,naivni,2025-12-03,2025-12-10,15563.0,15457.0,False,96.2048,106.0,11236.0,1.1018
delno_ocisceno,1195,Operacija sive mrene (katarakte),1,lin,2025-12-03,2025-12-10,15563.0,15731.2765,False,96.2048,168.2765,28316.9921,1.7491
delno_ocisceno,1195,Operacija sive mrene (katarakte),1,ar1,2025-12-03,2025-12-10,15563.0,15493.139,False,96.2048,69.861,4880.5559,0.7262
delno_ocisceno,1195,Operacija sive mrene (katarakte),1,naivni,2025-12-10,2025-12-17,15721.0,15563.0,False,96.3214,158.0,24964.0,1.6403
delno_ocisceno,1195,Operacija sive mrene (katarakte),1,lin,2025-12-10,2025-12-17,15721.0,15777.1193,False,96.3214,56.1193,3149.3789,0.5826
delno_ocisceno,1195,Operacija sive mrene (katarakte),1,ar1,2025-12-10,2025-12-17,15721.0,15601.2039,False,96.3214,119.7961,14351.1138,1.2437
delno_ocisceno,1195,Operacija sive mrene (katarakte),1,naivni,2025-12-17,2026-01-07,15699.0,15721.0,True,97.0471,22.0,484.0,0.2267
delno_ocisceno,1195,Operacija sive mrene (katarakte),1,lin,2025-12-17,2026-01-07,15699.0,15828.1327,True,97.0471,129.1327,16675.2529,1.3306
delno_ocisceno,1195,Operacija sive mrene (katarakte),1,ar1,2025-12-17,2026-01-07,15699.0,15763.3109,True,97.0471,64.3109,4135.8871,0.6627
delno_ocisceno,1195,Operacija sive mrene (katarakte),1,naivni,2026-01-07,2026-01-14,15630.0,15699.0,False,96.1744,69.0,4761.0,0.7174
delno_ocisceno,1195,Operacija sive mrene (katarakte),1,lin,2026-01-07,2026-01-14,15630.0,15875.7741,False,96.1744,245.7741,60404.9203,2.5555
delno_ocisceno,1195,Operacija sive mrene (katarakte),1,ar1,2026-01-07,2026-01-14,15630.0,15738.6561,False,96.1744,108.6561,11806.141,1.1298
delno_ocisceno,1195,Operacija sive mrene (katarakte),1,naivni,2026-01-14,2026-01-21,15453.0,15630.0,False,95.8621,177.0,31329.0,1.8464
delno_ocisceno,1195,Operacija sive mrene (katarakte),1,lin,2026-01-14,2026-01-21,15453.0,15918.0799,False,95.8621,465.0799,216299.3481,4.8516
delno_ocisceno,1195,Operacija sive mrene (katarakte),1,ar1,2026-01-14,2026-01-21,15453.0,15665.7123,False,95.8621,212.7123,45246.525,2.2189
delno_ocisceno,1195,Operacija sive mrene (katarakte),1,naivni,2026-01-21,2026-01-28,15416.0,15453.0,False,96.7841,37.0,1369.0,0.3823
delno_ocisceno,1195,Operacija sive mrene (katarakte),1,lin,2026-01-21,2026-01-28,15416.0,15950.4665,False,96.7841,534.4665,285654.4904,5.5223
delno_ocisceno,1195,Operacija sive mrene (katarakte),1,ar1,2026-01-21,2026-01-28,15416.0,15482.4709,False,96.7841,66.4709,4418.3865,0.6868
delno_ocisceno,1195,Operacija sive mrene (katarakte),1,naivni,2026-01-28,2026-02-04,15489.0,15416.0,False,96.1124,73.0,5329.0,0.7595
delno_ocisceno,1195,Operacija sive mrene (katarakte),1,lin,2026-01-28,2026-02-04,15489.0,15979.6532,False,96.1124,490.6532,240740.5465,5.105
delno_ocisceno,1195,Operacija sive mrene (katarakte),1,ar1,2026-01-28,2026-02-04,15489.0,15443.7216,False,96.1124,45.2784,2050.1341,0.4711
delno_ocisceno,1195,Operacija sive mrene (katarakte),1,naivni,2026-02-04,2026-02-11,15475.0,15489.0,False,95.8556,14.0,196.0,0.1461
delno_ocisceno,1195,Operacija sive mrene (katarakte),1,lin,2026-02-04,2026-02-11,15475.0,16010.6352,False,95.8556,535.6352,286905.0298,5.5879
delno_ocisceno,1195,Operacija sive mrene (katarakte),1,ar1,2026-02-04,2026-02-11,15475.0,15517.3591,False,95.8556,42.3591,1794.2907,0.4419
delno_ocisceno,1195,Operacija sive mrene (katarakte),1,naivni,2026-02-11,2026-02-18,15877.0,15475.0,False,94.956,402.0,161604.0,4.2335
delno_ocisceno,1195,Operacija sive mrene (katarakte),1,lin,2026-02-11,2026-02-18,15877.0,16039.5442,False,94.956,162.5442,26420.6153,1.7118
delno_ocisceno,1195,Operacija sive mrene (katarakte),1,ar1,2026-02-11,2026-02-18,15877.0,15502.1924,False,94.956,374.8076,140480.73,3.9472
delno_ocisceno,1195,Operacija sive mrene (katarakte),1,naivni,2026-02-18,2026-02-25,15889.0,15877.0,False,98.2935,12.0,144.0,0.1221
delno_ocisceno,1195,Operacija sive mrene (katarakte),1,lin,2026-02-18,2026-02-25,15889.0,16084.3749,False,98.2935,195.3749,38171.3678,1.9877
delno_ocisceno,1195,Operacija sive mrene (katarakte),1,ar1,2026-02-18,2026-02-25,15889.0,15912.6555,False,98.2935,23.6555,559.5833,0.2407
delno_ocisceno,1195,Operacija sive mrene (katarakte),1,naivni,2026-02-25,2026-03-04,15842.0,15889.0,False,97.3656,47.0,2209.0,0.4827
delno_ocisceno,1195,Operacija sive mrene (katarakte),1,lin,2026-02-25,2026-03-04,15842.0,16127.7714,False,97.3656,285.7714,81665.3206,2.935
delno_ocisceno,1195,Operacija sive mrene (katarakte),1,ar1,2026-02-25,2026-03-04,15842.0,15923.683,False,97.3656,81.683,6672.1051,0.8389
delno_ocisceno,1195,Operacija sive mrene (katarakte),1,naivni,2026-03-04,2026-03-11,15854.0,15842.0,False,96.8298,12.0,144.0,0.1239
delno_ocisceno,1195,Operacija sive mrene (katarakte),1,lin,2026-03-04,2026-03-11,15854.0,16167.318,False,96.8298,313.318,98168.1874,3.2358
delno_ocisceno,1195,Operacija sive mrene (katarakte),1,ar1,2026-03-04,2026-03-11,15854.0,15874.082,False,96.8298,20.082,403.2849,0.2074
delno_ocisceno,1195,Operacija sive mrene (katarakte),1,naivni,2026-03-11,2026-03-18,15776.0,15854.0,False,95.9368,78.0,6084.0,0.813
delno_ocisceno,1195,Operacija sive mrene (katarakte),1,lin,2026-03-11,2026-03-18,15776.0,16205.6542,False,95.9368,429.6542,184602.7029,4.4785
delno_ocisceno,1195,Operacija sive mrene (katarakte),1,ar1,2026-03-11,2026-03-18,15776.0,15885.2974,False,95.9368,109.2974,11945.9118,1.1393
delno_ocisceno,1195,Operacija sive mrene (katarakte),1,naivni,2026-03-18,2026-03-25,15692.0,15776.0,False,95.75,84.0,7056.0,0.8773
delno_ocisceno,1195,Operacija sive mrene (katarakte),1,lin,2026-03-18,2026-03-25,15692.0,16239.1256,False,95.75,547.1256,299346.4707,5.7141
delno_ocisceno,1195,Operacija sive mrene (katarakte),1,ar1,2026-03-18,2026-03-25,15692.0,15804.3935,False,95.75,112.3935,12632.3042,1.1738
delno_ocisceno,1195,Operacija sive mrene (katarakte),1,naivni,2026-03-25,2026-04-08,15986.0,15692.0,True,95.6289,294.0,86436.0,3.0744
delno_ocisceno,1195,Operacija sive mrene (katarakte),1,lin,2026-03-25,2026-04-08,15986.0,16267.712,True,95.6289,281.712,79361.6348,2.9459
delno_ocisceno,1195,Operacija sive mrene (katarakte),1,ar1,2026-03-25,2026-04-08,15986.0,15717.8313,True,95.6289,268.1687,71914.4693,2.8043
delno_ocisceno,1195,Operacija sive mrene (katarakte),1,naivni,2026-04-08,2026-04-15,15796.0,15986.0,False,97.6531,190.0,36100.0,1.9457
delno_ocisceno,1195,Operacija sive mrene (katarakte),1,lin,2026-04-08,2026-04-15,15796.0,16306.9093,False,97.6531,510.9093,261028.3098,5.2319
delno_ocisceno,1195,Operacija sive mrene (katarakte),1,ar1,2026-04-08,2026-04-15,15796.0,16017.0344,False,97.6531,221.0344,48856.2015,2.2635
delno_ocisceno,1195,Operacija sive mrene (katarakte),1,naivni,2026-04-15,2026-04-29,15934.0,15796.0,True,98.5859,138.0,19044.0,1.3998
delno_ocisceno,1195,Operacija sive mrene (katarakte),1,lin,2026-04-15,2026-04-29,15934.0,16336.8818,True,98.5859,402.8818,162313.7594,4.0866
delno_ocisceno,1195,Operacija sive mrene (katarakte),1,ar1,2026-04-15,2026-04-29,15934.0,15821.7061,True,98.5859,112.2939,12609.9238,1.139
delno_ocisceno,1195,Operacija sive mrene (katarakte),1,naivni,2026-04-29,2026-05-06,15767.0,15934.0,False,98.98,167.0,27889.0,1.6872
delno_ocisceno,1195,Operacija sive mrene (katarakte),1,lin,2026-04-29,2026-05-06,15767.0,16371.0315,False,98.98,604.0315,364854.0351,6.1026
delno_ocisceno,1195,Operacija sive mrene (katarakte),1,ar1,2026-04-29,2026-05-06,15767.0,15961.6105,False,98.98,194.6105,37873.2468,1.9662
delno_ocisceno,1195,Operacija sive mrene (katarakte),1,naivni,2026-05-06,2026-05-13,15768.0,15767.0,False,99.6535,1.0,1.0,0.01
delno_ocisceno,1195,Operacija sive mrene (katarakte),1,lin,2026-05-06,2026-05-13,15768.0,16397.2147,False,99.6535,629.2147,395911.1583,6.314
delno_ocisceno,1195,Operacija sive mrene (katarakte),1,ar1,2026-05-06,2026-05-13,15768.0,15790.6197,False,99.6535,22.6197,511.6527,0.227
delno_ocisceno,1195,Operacija sive mrene (katarakte),1,naivni,2026-05-13,2026-05-20,15923.0,15768.0,False,98.6863,155.0,24025.0,1.5706
delno_ocisceno,1195,Operacija sive mrene (katarakte),1,lin,2026-05-13,2026-05-20,15923.0,16422.305,False,98.6863,499.305,249305.4517,5.0595
delno_ocisceno,1195,Operacija sive mrene (katarakte),1,ar1,2026-05-13,2026-05-20,15923.0,15791.0137,False,98.6863,131.9863,17420.3778,1.3374
delno_ocisceno,1195,Operacija sive mrene (katarakte),1,naivni,2026-05-20,2026-05-27,16032.0,15923.0,False,99.233,109.0,11881.0,1.0984
delno_ocisceno,1195,Operacija sive mrene (katarakte),1,lin,2026-05-20,2026-05-27,16032.0,16452.2743,False,99.233,420.2743,176630.4636,4.2352
delno_ocisceno,1195,Operacija sive mrene (katarakte),1,ar1,2026-05-20,2026-05-27,16032.0,15947.8103,False,99.233,84.1897,7087.905,0.8484
delno_ocisceno,1195,Operacija sive mrene (katarakte),1,naivni,2026-05-27,2026-06-03,15929.0,16032.0,False,99.3269,103.0,10609.0,1.037
delno_ocisceno,1195,Operacija sive mrene (katarakte),1,lin,2026-05-27,2026-06-03,15929.0,16485.1628,False,99.3269,556.1628,309317.0829,5.5993
delno_ocisceno,1195,Operacija sive mrene (katarakte),1,ar1,2026-05-27,2026-06-03,15929.0,16058.095,False,99.3269,129.095,16665.508,1.2997
delno_ocisceno,1195,Operacija sive mrene (katarakte),1,naivni,2026-06-03,2026-06-17,15961.0,15929.0,True,99.3619,32.0,1024.0,0.3221
delno_ocisceno,1195,Operacija sive mrene (katarakte),1,lin,2026-06-03,2026-06-17,15961.0,16512.848,True,99.3619,551.848,304536.1913,5.5539
delno_ocisceno,1195,Operacija sive mrene (katarakte),1,ar1,2026-06-03,2026-06-17,15961.0,15952.4908,True,99.3619,8.5092,72.4066,0.0856
delno_ocisceno,1195,Operacija sive mrene (katarakte),1,naivni,2026-06-17,2026-06-24,16326.0,15961.0,False,98.7264,365.0,133225.0,3.6971
delno_ocisceno,1195,Operacija sive mrene (katarakte),1,lin,2026-06-17,2026-06-24,16326.0,16540.5964,False,98.7264,214.5964,46051.6009,2.1736
delno_ocisceno,1195,Operacija sive mrene (katarakte),1,ar1,2026-06-17,2026-06-24,16326.0,15984.3746,False,98.7264,341.6254,116707.8908,3.4603
delno_ocisceno,1195,Operacija sive mrene (katarakte),1,naivni,2026-06-24,2026-07-01,16082.0,16326.0,False,101.215,244.0,59536.0,2.4107
delno_ocisceno,1195,Operacija sive mrene (katarakte),1,lin,2026-06-24,2026-07-01,16082.0,16580.74,False,101.215,498.74,248741.6359,4.9275
delno_ocisceno,1195,Operacija sive mrene (katarakte),1,ar1,2026-06-24,2026-07-01,16082.0,16355.4248,False,101.215,273.4248,74761.107,2.7014
delno_ocisceno,1195,Operacija sive mrene (katarakte),1,naivni,2026-07-01,2026-07-08,16066.0,16082.0,False,102.537,16.0,256.0,0.156
delno_ocisceno,1195,Operacija sive mrene (katarakte),1,lin,2026-07-01,2026-07-08,16066.0,16610.42,False,102.537,544.42,296393.1142,5.3095
delno_ocisceno,1195,Operacija sive mrene (katarakte),1,ar1,2026-07-01,2026-07-08,16066.0,16105.3223,False,102.537,39.3223,1546.2453,0.3835
delno_ocisceno,1195,Operacija sive mrene (katarakte),1,naivni,2026-07-08,2026-07-15,16139.0,16066.0,False,101.7431,73.0,5329.0,0.7175
delno_ocisceno,1195,Operacija sive mrene (katarakte),1,lin,2026-07-08,2026-07-15,16139.0,16638.3556,False,101.7431,499.3556,249356.0449,4.908
delno_ocisceno,1195,Operacija sive mrene (katarakte),1,ar1,2026-07-08,2026-07-15,16139.0,16088.4525,False,101.7431,50.5475,2555.049,0.4968
delno_ocisceno,1195,Operacija sive mrene (katarakte),4,naivni,2025-04-09,2025-05-07,14582.0,14378.0,False,107.098,204.0,41616.0,1.9048
delno_ocisceno,1195,Operacija sive mrene (katarakte),4,lin,2025-04-09,2025-05-07,14582.0,14429.016,False,107.098,152.984,23404.1019,1.4284
delno_ocisceno,1195,Operacija sive mrene (katarakte),4,ar1,2025-04-09,2025-05-07,14582.0,14667.1151,False,107.098,85.1151,7244.5863,0.7947
delno_ocisceno,1195,Operacija sive mrene (katarakte),4,naivni,2025-04-16,2025-05-14,14497.0,14402.0,False,105.5,95.0,9025.0,0.9005
delno_ocisceno,1195,Operacija sive mrene (katarakte),4,lin,2025-04-16,2025-05-14,14497.0,14503.8157,False,105.5,6.8157,46.4534,0.0646
delno_ocisceno,1195,Operacija sive mrene (katarakte),4,ar1,2025-04-16,2025-05-14,14497.0,14674.0182,False,105.5,177.0182,31335.4359,1.6779
delno_ocisceno,1195,Operacija sive mrene (katarakte),4,naivni,2025-04-23,2025-05-21,14503.0,14346.0,False,104.566,157.0,24649.0,1.5014
delno_ocisceno,1195,Operacija sive mrene (katarakte),4,lin,2025-04-23,2025-05-21,14503.0,14568.2882,False,104.566,65.2882,4262.5428,0.6244
delno_ocisceno,1195,Operacija sive mrene (katarakte),4,ar1,2025-04-23,2025-05-21,14503.0,14576.2857,False,104.566,73.2857,5370.7982,0.7009
delno_ocisceno,1195,Operacija sive mrene (katarakte),4,naivni,2025-04-30,2025-05-28,14442.0,14686.0,False,108.9259,244.0,59536.0,2.2401
delno_ocisceno,1195,Operacija sive mrene (katarakte),4,lin,2025-04-30,2025-05-28,14442.0,14654.436,False,108.9259,212.436,45129.0553,1.9503
delno_ocisceno,1195,Operacija sive mrene (katarakte),4,ar1,2025-04-30,2025-05-28,14442.0,15012.5363,False,108.9259,570.5363,325511.6917,5.2378
delno_ocisceno,1195,Operacija sive mrene (katarakte),4,naivni,2025-05-07,2025-06-04,14527.0,14582.0,False,108.8364,55.0,3025.0,0.5053
delno_ocisceno,1195,Operacija sive mrene (katarakte),4,lin,2025-05-07,2025-06-04,14527.0,14726.2019,False,108.8364,199.2019,39681.4161,1.8303
delno_ocisceno,1195,Operacija sive mrene (katarakte),4,ar1,2025-05-07,2025-06-04,14527.0,14840.0803,False,108.8364,313.0803,98019.2694,2.8766
delno_ocisceno,1195,Operacija sive mrene (katarakte),4,naivni,2025-05-14,2025-06-18,14326.0,14497.0,True,108.4107,171.0,29241.0,1.5773
delno_ocisceno,1195,Operacija sive mrene (katarakte),4,lin,2025-05-14,2025-06-18,14326.0,14786.2129,True,108.4107,460.2129,211795.8763,4.2451
delno_ocisceno,1195,Operacija sive mrene (katarakte),4,ar1,2025-05-14,2025-06-18,14326.0,14710.1488,True,108.4107,384.1488,147570.2652,3.5435
delno_ocisceno,1195,Operacija sive mrene (katarakte),4,naivni,2025-05-21,2025-07-02,14300.0,14503.0,True,106.614,203.0,41209.0,1.9041
delno_ocisceno,1195,Operacija sive mrene (katarakte),4,lin,2025-05-21,2025-07-02,14300.0,14842.1817,True,106.614,542.1817,293961.033,5.0855
delno_ocisceno,1195,Operacija sive mrene (katarakte),4,ar1,2025-05-21,2025-07-02,14300.0,14703.3998,True,106.614,403.3998,162731.3824,3.7837
delno_ocisceno,1195,Operacija sive mrene (katarakte),4,naivni,2025-05-28,2025-07-09,14582.0,14442.0,True,105.8276,140.0,19600.0,1.3229
delno_ocisceno,1195,Operacija sive mrene (katarakte),4,lin,2025-05-28,2025-07-09,14582.0,14889.551,True,105.8276,307.551,94587.6316,2.9062
delno_ocisceno,1195,Operacija sive mrene (katarakte),4,ar1,2025-05-28,2025-07-09,14582.0,14616.3456,True,105.8276,34.3456,1179.6221,0.3245
delno_ocisceno,1195,Operacija sive mrene (katarakte),4,naivni,2025-06-04,2025-07-16,14676.0,14527.0,True,105.4746,149.0,22201.0,1.4127
delno_ocisceno,1195,Operacija sive mrene (katarakte),4,lin,2025-06-04,2025-07-16,14676.0,14939.4527,True,105.4746,263.4527,69407.3104,2.4978
delno_ocisceno,1195,Operacija sive mrene (katarakte),4,ar1,2025-06-04,2025-07-16,14676.0,14708.3793,True,105.4746,32.3793,1048.4196,0.307
delno_ocisceno,1195,Operacija sive mrene (katarakte),4,naivni,2025-06-18,2025-07-23,14656.0,14326.0,True,107.0667,330.0,108900.0,3.0822
delno_ocisceno,1195,Operacija sive mrene (katarakte),4,lin,2025-06-18,2025-07-23,14656.0,14971.5791,True,107.0667,315.5791,99590.1423,2.9475
delno_ocisceno,1195,Operacija sive mrene (katarakte),4,ar1,2025-06-18,2025-07-23,14656.0,14461.3717,True,107.0667,194.6283,37880.1571,1.8178
delno_ocisceno,1195,Operacija sive mrene (katarakte),4,naivni,2025-07-02,2025-07-30,14682.0,14300.0,False,105.7377,382.0,145924.0,3.6127
delno_ocisceno,1195,Operacija sive mrene (katarakte),4,lin,2025-07-02,2025-07-30,14682.0,14999.3857,False,105.7377,317.3857,100733.706,3.0016
delno_ocisceno,1195,Operacija sive mrene (katarakte),4,ar1,2025-07-02,2025-07-30,14682.0,14425.8728,False,105.7377,256.1272,65601.1556,2.4223
delno_ocisceno,1195,Operacija sive mrene (katarakte),4,naivni,2025-07-09,2025-08-06,14729.0,14582.0,False,108.5806,147.0,21609.0,1.3538
delno_ocisceno,1195,Operacija sive mrene (katarakte),4,lin,2025-07-09,2025-08-06,14729.0,15044.1346,False,108.5806,315.1346,99309.8367,2.9023
delno_ocisceno,1195,Operacija sive mrene (katarakte),4,ar1,2025-07-09,2025-08-06,14729.0,14740.5013,False,108.5806,11.5013,132.28,0.1059
delno_ocisceno,1195,Operacija sive mrene (katarakte),4,naivni,2025-07-16,2025-08-13,14816.0,14676.0,False,108.3492,140.0,19600.0,1.2921
delno_ocisceno,1195,Operacija sive mrene (katarakte),4,lin,2025-07-16,2025-08-13,14816.0,15092.0203,False,108.3492,276.0203,76187.2098,2.5475
delno_ocisceno,1195,Operacija sive mrene (katarakte),4,ar1,2025-07-16,2025-08-13,14816.0,14842.7834,False,108.3492,26.7834,717.3515,0.2472
delno_ocisceno,1195,Operacija sive mrene (katarakte),4,naivni,2025-07-23,2025-08-20,14781.0,14656.0,False,106.9688,125.0,15625.0,1.1686
delno_ocisceno,1195,Operacija sive mrene (katarakte),4,lin,2025-07-23,2025-08-20,14781.0,15135.325,False,106.9688,354.325,125546.2056,3.3124
delno_ocisceno,1195,Operacija sive mrene (katarakte),4,ar1,2025-07-23,2025-08-20,14781.0,14810.4164,False,106.9688,29.4164,865.3251,0.275
delno_ocisceno,1195,Operacija sive mrene (katarakte),4,naivni,2025-07-30,2025-08-27,14752.0,14682.0,False,105.7231,70.0,4900.0,0.6621
delno_ocisceno,1195,Operacija sive mrene (katarakte),4,lin,2025-07-30,2025-08-27,14752.0,15177.3539,False,105.7231,425.3539,180925.9596,4.0233
delno_ocisceno,1195,Operacija sive mrene (katarakte),4,ar1,2025-07-30,2025-08-27,14752.0,14832.9145,False,105.7231,80.9145,6547.1613,0.7653
delno_ocisceno,1195,Operacija sive mrene (katarakte),4,naivni,2025-08-06,2025-09-03,14788.0,14729.0,False,104.8333,59.0,3481.0,0.5628
delno_ocisceno,1195,Operacija sive mrene (katarakte),4,lin,2025-08-06,2025-09-03,14788.0,15219.5371,False,104.8333,431.5371,186224.2807,4.1164
delno_ocisceno,1195,Operacija sive mrene (katarakte),4,ar1,2025-08-06,2025-09-03,14788.0,14879.9393,False,104.8333,91.9393,8452.8287,0.877
delno_ocisceno,1195,Operacija sive mrene (katarakte),4,naivni,2025-08-13,2025-09-10,14759.0,14816.0,False,104.5672,57.0,3249.0,0.5451
delno_ocisceno,1195,Operacija sive mrene (katarakte),4,lin,2025-08-13,2025-09-10,14759.0,15264.374,False,104.5672,505.374,255402.8344,4.833
delno_ocisceno,1195,Operacija sive mrene (katarakte),4,ar1,2025-08-13,2025-09-10,14759.0,14973.4287,False,104.5672,214.4287,45979.6505,2.0506
delno_ocisceno,1195,Operacija sive mrene (katarakte),4,naivni,2025-08-20,2025-09-17,14830.0,14781.0,False,103.5441,49.0,2401.0,0.4732
delno_ocisceno,1195,Operacija sive mrene (katarakte),4,lin,2025-08-20,2025-09-17,14830.0,15304.1597,False,103.5441,474.1597,224827.4561,4.5793
delno_ocisceno,1195,Operacija sive mrene (katarakte),4,ar1,2025-08-20,2025-09-17,14830.0,14925.2941,False,103.5441,95.2941,9080.9609,0.9203
delno_ocisceno,1195,Operacija sive mrene (katarakte),4,naivni,2025-08-27,2025-09-24,14962.0,14752.0,False,102.4638,210.0,44100.0,2.0495
delno_ocisceno,1195,Operacija sive mrene (katarakte),4,lin,2025-08-27,2025-09-24,14962.0,15339.6013,False,102.4638,377.6013,142582.7246,3.6852
delno_ocisceno,1195,Operacija sive mrene (katarakte),4,ar1,2025-08-27,2025-09-24,14962.0,14885.783,False,102.4638,76.217,5809.035,0.7438
delno_ocisceno,1195,Operacija sive mrene (katarakte),4,naivni,2025-09-03,2025-10-01,14969.0,14788.0,False,101.5143,181.0,32761.0,1.783
delno_ocisceno,1195,Operacija sive mrene (katarakte),4,lin,2025-09-03,2025-10-01,14969.0,15374.8807,False,101.5143,405.8807,164739.1297,3.9983
delno_ocisceno,1195,Operacija sive mrene (katarakte),4,ar1,2025-09-03,2025-10-01,14969.0,14920.6334,False,101.5143,48.3666,2339.329,0.4765
delno_ocisceno,1195,Operacija sive mrene (katarakte),4,naivni,2025-09-10,2025-10-08,15028.0,14759.0,False,100.493,269.0,72361.0,2.6768
delno_ocisceno,1195,Operacija sive mrene (katarakte),4,lin,2025-09-10,2025-10-08,15028.0,15406.179,False,100.493,378.179,143019.3591,3.7632
delno_ocisceno,1195,Operacija sive mrene (katarakte),4,ar1,2025-09-10,2025-10-08,15028.0,14882.6322,False,100.493,145.3678,21131.7999,1.4465
delno_ocisceno,1195,Operacija sive mrene (katarakte),4,naivni,2025-09-17,2025-10-15,15062.0,14830.0,False,100.0833,232.0,53824.0,2.3181
delno_ocisceno,1195,Operacija sive mrene (katarakte),4,lin,2025-09-17,2025-10-15,15062.0,15439.569,False,100.0833,377.569,142558.3864,3.7725
delno_ocisceno,1195,Operacija sive mrene (katarakte),4,ar1,2025-09-17,2025-10-15,15062.0,14956.6978,False,100.0833,105.3022,11088.5451,1.0521
delno_ocisceno,1195,Operacija sive mrene (katarakte),4,naivni,2025-09-24,2025-10-22,15260.0,14962.0,False,100.5205,298.0,88804.0,2.9646
delno_ocisceno,1195,Operacija sive mrene (katarakte),4,lin,2025-09-24,2025-10-22,15260.0,15478.4177,False,100.5205,218.4177,47706.3098,2.1729
delno_ocisceno,1195,Operacija sive mrene (katarakte),4,ar1,2025-09-24,2025-10-22,15260.0,15099.5392,False,100.5205,160.4608,25747.6782,1.5963
delno_ocisceno,1195,Operacija sive mrene (katarakte),4,naivni,2025-10-01,2025-10-29,15349.0,14969.0,False,99.2568,380.0,144400.0,3.8285
delno_ocisceno,1195,Operacija sive mrene (katarakte),4,lin,2025-10-01,2025-10-29,15349.0,15515.3261,False,99.2568,166.3261,27664.3708,1.6757
delno_ocisceno,1195,Operacija sive mrene (katarakte),4,ar1,2025-10-01,2025-10-29,15349.0,15101.6052,False,99.2568,247.3948,61204.19,2.4925
delno_ocisceno,1195,Operacija sive mrene (katarakte),4,naivni,2025-10-08,2025-11-05,15273.0,15028.0,False,98.72,245.0,60025.0,2.4818
delno_ocisceno,1195,Operacija sive mrene (katarakte),4,lin,2025-10-08,2025-11-05,15273.0,15553.3135,False,98.72,280.3135,78575.6543,2.8395
delno_ocisceno,1195,Operacija sive mrene (katarakte),4,ar1,2025-10-08,2025-11-05,15273.0,15162.5072,False,98.72,110.4928,12208.6597,1.1193
delno_ocisceno,1195,Operacija sive mrene (katarakte),4,naivni,2025-10-15,2025-11-12,15280.0,15062.0,False,97.8684,218.0,47524.0,2.2275
delno_ocisceno,1195,Operacija sive mrene (katarakte),4,lin,2025-10-15,2025-11-12,15280.0,15590.9436,False,97.8684,310.9436,96685.9443,3.1772
delno_ocisceno,1195,Operacija sive mrene (katarakte),4,ar1,2025-10-15,2025-11-12,15280.0,15195.2269,False,97.8684,84.7731,7186.474,0.8662
delno_ocisceno,1195,Operacija sive mrene (katarakte),4,naivni,2025-10-22,2025-11-19,15368.0,15260.0,False,99.1688,108.0,11664.0,1.0891
delno_ocisceno,1195,Operacija sive mrene (katarakte),4,lin,2025-10-22,2025-11-19,15368.0,15637.13,False,99.1688,269.13,72430.9709,2.7139
delno_ocisceno,1195,Operacija sive mrene (katarakte),4,ar1,2025-10-22,2025-11-19,15368.0,15414.0785,False,99.1688,46.0785,2123.2258,0.4646
delno_ocisceno,1195,Operacija sive mrene (katarakte),4,naivni,2025-10-29,2025-11-26,15382.0,15349.0,False,99.0385,33.0,1089.0,0.3332
delno_ocisceno,1195,Operacija sive mrene (katarakte),4,lin,2025-10-29,2025-11-26,15382.0,15685.5387,False,99.0385,303.5387,92135.7159,3.0649
delno_ocisceno,1195,Operacija sive mrene (katarakte),4,ar1,2025-10-29,2025-11-26,15382.0,15509.8079,False,99.0385,127.8079,16334.8636,1.2905
delno_ocisceno,1195,Operacija sive mrene (katarakte),4,naivni,2025-11-05,2025-12-03,15457.0,15273.0,False,98.7468,184.0,33856.0,1.8634
delno_ocisceno,1195,Operacija sive mrene (katarakte),4,lin,2025-11-05,2025-12-03,15457.0,15727.3325,False,98.7468,270.3325,73079.6358,2.7376
delno_ocisceno,1195,Operacija sive mrene (katarakte),4,ar1,2025-11-05,2025-12-03,15457.0,15415.1569,False,98.7468,41.8431,1750.844,0.4237
delno_ocisceno,1195,Operacija sive mrene (katarakte),4,naivni,2025-11-12,2025-12-10,15563.0,15280.0,False,97.6,283.0,80089.0,2.8996
delno_ocisceno,1195,Operacija sive mrene (katarakte),4,lin,2025-11-12,2025-12-10,15563.0,15767.2182,False,97.6,204.2182,41705.0557,2.0924
delno_ocisceno,1195,Operacija sive mrene (katarakte),4,ar1,2025-11-12,2025-12-10,15563.0,15417.1814,False,97.6,145.8186,21263.0566,1.494
delno_ocisceno,1195,Operacija sive mrene (katarakte),4,naivni,2025-11-19,2025-12-17,15721.0,15368.0,False,97.4815,353.0,124609.0,3.6212
delno_ocisceno,1195,Operacija sive mrene (katarakte),4,lin,2025-11-19,2025-12-17,15721.0,15809.4718,False,97.4815,88.4718,7827.2643,0.9076
delno_ocisceno,1195,Operacija sive mrene (katarakte),4,ar1,2025-11-19,2025-12-17,15721.0,15510.9286,False,97.4815,210.0714,44129.9771,2.155
delno_ocisceno,1195,Operacija sive mrene (katarakte),4,naivni,2025-11-26,2026-01-07,15699.0,15382.0,True,96.4634,317.0,100489.0,3.2862
delno_ocisceno,1195,Operacija sive mrene (katarakte),4,lin,2025-11-26,2026-01-07,15699.0,15850.2047,True,96.4634,151.2047,22862.872,1.5675
delno_ocisceno,1195,Operacija sive mrene (katarakte),4,ar1,2025-11-26,2026-01-07,15699.0,15520.9066,True,96.4634,178.0934,31717.2429,1.8462
delno_ocisceno,1195,Operacija sive mrene (katarakte),4,naivni,2025-12-03,2026-01-14,15630.0,15457.0,True,96.2048,173.0,29929.0,1.7982
delno_ocisceno,1195,Operacija sive mrene (katarakte),4,lin,2025-12-03,2026-01-14,15630.0,15892.5616,True,96.2048,262.5616,68938.5943,2.7292
delno_ocisceno,1195,Operacija sive mrene (katarakte),4,ar1,2025-12-03,2026-01-14,15630.0,15599.9471,True,96.2048,30.0529,903.1751,0.3124
delno_ocisceno,1195,Operacija sive mrene (katarakte),4,naivni,2025-12-10,2026-01-21,15453.0,15563.0,True,96.3214,110.0,12100.0,1.142
delno_ocisceno,1195,Operacija sive mrene (katarakte),4,lin,2025-12-10,2026-01-21,15453.0,15937.99,True,96.3214,484.99,235215.3323,5.0351
delno_ocisceno,1195,Operacija sive mrene (katarakte),4,ar1,2025-12-10,2026-01-21,15453.0,15714.3317,True,96.3214,261.3317,68294.2495,2.7131
delno_ocisceno,1195,Operacija sive mrene (katarakte),4,naivni,2025-12-17,2026-01-28,15416.0,15721.0,True,97.0471,305.0,93025.0,3.1428
delno_ocisceno,1195,Operacija sive mrene (katarakte),4,lin,2025-12-17,2026-01-28,15416.0,15988.8684,True,97.0471,572.8684,328178.1923,5.903
delno_ocisceno,1195,Operacija sive mrene (katarakte),4,ar1,2025-12-17,2026-01-28,15416.0,15889.0173,True,97.0471,473.0173,223745.3811,4.8741
delno_ocisceno,1195,Operacija sive mrene (katarakte),4,naivni,2026-01-07,2026-02-04,15489.0,15699.0,False,96.1744,210.0,44100.0,2.1835
delno_ocisceno,1195,Operacija sive mrene (katarakte),4,lin,2026-01-07,2026-02-04,15489.0,16036.2062,False,96.1744,547.2062,299434.643,5.6897
delno_ocisceno,1195,Operacija sive mrene (katarakte),4,ar1,2026-01-07,2026-02-04,15489.0,15856.259,False,96.1744,367.259,134879.1576,3.8187
delno_ocisceno,1195,Operacija sive mrene (katarakte),4,naivni,2026-01-14,2026-02-11,15475.0,15630.0,False,95.8621,155.0,24025.0,1.6169
delno_ocisceno,1195,Operacija sive mrene (katarakte),4,lin,2026-01-14,2026-02-11,15475.0,16077.9472,False,95.8621,602.9472,363545.296,6.2897
delno_ocisceno,1195,Operacija sive mrene (katarakte),4,ar1,2026-01-14,2026-02-11,15475.0,15771.308,False,95.8621,296.308,87798.4218,3.091
delno_ocisceno,1195,Operacija sive mrene (katarakte),4,naivni,2026-01-21,2026-02-18,15877.0,15453.0,False,96.7841,424.0,179776.0,4.3809
delno_ocisceno,1195,Operacija sive mrene (katarakte),4,lin,2026-01-21,2026-02-18,15877.0,16109.2887,False,96.7841,232.2887,53958.0224,2.4001
delno_ocisceno,1195,Operacija sive mrene (katarakte),4,ar1,2026-01-21,2026-02-18,15877.0,15569.1439,False,96.7841,307.8561,94775.3803,3.1809
delno_ocisceno,1195,Operacija sive mrene (katarakte),4,naivni,2026-01-28,2026-02-25,15889.0,15416.0,False,96.1124,473.0,223729.0,4.9213
delno_ocisceno,1195,Operacija sive mrene (katarakte),4,lin,2026-01-28,2026-02-25,15889.0,16137.3006,False,96.1124,248.3006,61653.2109,2.5834
delno_ocisceno,1195,Operacija sive mrene (katarakte),4,ar1,2026-01-28,2026-02-25,15889.0,15525.1282,False,96.1124,363.8718,132402.6682,3.7859
delno_ocisceno,1195,Operacija sive mrene (katarakte),4,naivni,2026-02-04,2026-03-04,15842.0,15489.0,False,95.8556,353.0,124609.0,3.6826
delno_ocisceno,1195,Operacija sive mrene (katarakte),4,lin,2026-02-04,2026-03-04,15842.0,16167.2277,False,95.8556,325.2277,105773.0643,3.3929
delno_ocisceno,1195,Operacija sive mrene (katarakte),4,ar1,2026-02-04,2026-03-04,15842.0,15600.7182,False,95.8556,241.2818,58216.9135,2.5171
delno_ocisceno,1195,Operacija sive mrene (katarakte),4,naivni,2026-02-11,2026-03-11,15854.0,15475.0,False,94.956,379.0,143641.0,3.9913
delno_ocisceno,1195,Operacija sive mrene (katarakte),4,lin,2026-02-11,2026-03-11,15854.0,16195.0099,False,94.956,341.0099,116287.7378,3.5912
delno_ocisceno,1195,Operacija sive mrene (katarakte),4,ar1,2026-02-11,2026-03-11,15854.0,15582.0495,False,94.956,271.9505,73957.089,2.864
delno_ocisceno,1195,Operacija sive mrene (katarakte),4,naivni,2026-02-18,2026-03-18,15776.0,15877.0,False,98.2935,101.0,10201.0,1.0275
delno_ocisceno,1195,Operacija sive mrene (katarakte),4,lin,2026-02-18,2026-03-18,15776.0,16239.5059,False,98.2935,463.5059,214837.7595,4.7155
delno_ocisceno,1195,Operacija sive mrene (katarakte),4,ar1,2026-02-18,2026-03-18,15776.0,16018.1812,False,98.2935,242.1812,58651.7386,2.4639
delno_ocisceno,1195,Operacija sive mrene (katarakte),4,naivni,2026-02-25,2026-03-25,15692.0,15889.0,False,97.3656,197.0,38809.0,2.0233
delno_ocisceno,1195,Operacija sive mrene (katarakte),4,lin,2026-02-25,2026-03-25,15692.0,16282.5086,False,97.3656,590.5086,348700.4505,6.0649
delno_ocisceno,1195,Operacija sive mrene (katarakte),4,ar1,2026-02-25,2026-03-25,15692.0,16026.2715,False,97.3656,334.2715,111737.4444,3.4332
delno_ocisceno,1195,Operacija sive mrene (katarakte),4,naivni,2026-03-04,2026-04-08,15986.0,15842.0,True,96.8298,144.0,20736.0,1.4871
delno_ocisceno,1195,Operacija sive mrene (katarakte),4,lin,2026-03-04,2026-04-08,15986.0,16321.4912,True,96.8298,335.4912,112554.3422,3.4648
delno_ocisceno,1195,Operacija sive mrene (katarakte),4,ar1,2026-03-04,2026-04-08,15986.0,15968.7953,True,96.8298,17.2047,296.0004,0.1777
delno_ocisceno,1195,Operacija sive mrene (katarakte),4,naivni,2026-03-11,2026-04-15,15796.0,15854.0,True,95.9368,58.0,3364.0,0.6046
delno_ocisceno,1195,Operacija sive mrene (katarakte),4,lin,2026-03-11,2026-04-15,15796.0,16359.2217,True,95.9368,563.2217,317218.6748,5.8708
delno_ocisceno,1195,Operacija sive mrene (katarakte),4,ar1,2026-03-11,2026-04-15,15796.0,15977.6533,True,95.9368,181.6533,32997.9065,1.8935
delno_ocisceno,1195,Operacija sive mrene (katarakte),4,naivni,2026-03-18,2026-04-29,15934.0,15776.0,True,95.75,158.0,24964.0,1.6501
delno_ocisceno,1195,Operacija sive mrene (katarakte),4,lin,2026-03-18,2026-04-29,15934.0,16391.8796,True,95.75,457.8796,209653.7303,4.782
delno_ocisceno,1195,Operacija sive mrene (katarakte),4,ar1,2026-03-18,2026-04-29,15934.0,15887.9831,True,95.75,46.0169,2117.5574,0.4806
delno_ocisceno,1195,Operacija sive mrene (katarakte),4,naivni,2026-03-25,2026-05-06,15767.0,15692.0,True,95.6289,75.0,5625.0,0.7843
delno_ocisceno,1195,Operacija sive mrene (katarakte),4,lin,2026-03-25,2026-05-06,15767.0,16419.4509,True,95.6289,652.4509,425692.1169,6.8227
delno_ocisceno,1195,Operacija sive mrene (katarakte),4,ar1,2026-03-25,2026-05-06,15767.0,15793.7054,True,95.6289,26.7054,713.1805,0.2793
delno_ocisceno,1195,Operacija sive mrene (katarakte),4,naivni,2026-04-08,2026-05-13,15768.0,15986.0,True,97.6531,218.0,47524.0,2.2324
delno_ocisceno,1195,Operacija sive mrene (katarakte),4,lin,2026-04-08,2026-05-13,15768.0,16458.136,True,97.6531,690.136,476287.6655,7.0672
delno_ocisceno,1195,Operacija sive mrene (katarakte),4,ar1,2026-04-08,2026-05-13,15768.0,16108.6519,True,97.6531,340.6519,116043.7496,3.4884
delno_ocisceno,1195,Operacija sive mrene (katarakte),4,naivni,2026-04-15,2026-05-20,15923.0,15796.0,True,98.5859,127.0,16129.0,1.2882
delno_ocisceno,1195,Operacija sive mrene (katarakte),4,lin,2026-04-15,2026-05-20,15923.0,16487.198,True,98.5859,564.198,318319.3446,5.7229
delno_ocisceno,1195,Operacija sive mrene (katarakte),4,ar1,2026-04-15,2026-05-20,15923.0,15897.2435,True,98.5859,25.7565,663.3954,0.2613
delno_ocisceno,1195,Operacija sive mrene (katarakte),4,naivni,2026-04-29,2026-05-27,16032.0,15934.0,False,98.98,98.0,9604.0,0.9901
delno_ocisceno,1195,Operacija sive mrene (katarakte),4,lin,2026-04-29,2026-05-27,16032.0,16520.6437,False,98.98,488.6437,238772.6696,4.9368
delno_ocisceno,1195,Operacija sive mrene (katarakte),4,ar1,2026-04-29,2026-05-27,16032.0,16042.9136,False,98.98,10.9136,119.1069,0.1103
delno_ocisceno,1195,Operacija sive mrene (katarakte),4,naivni,2026-05-06,2026-06-03,15929.0,15767.0,False,99.6535,162.0,26244.0,1.6256
delno_ocisceno,1195,Operacija sive mrene (katarakte),4,lin,2026-05-06,2026-06-03,15929.0,16545.792,False,99.6535,616.792,380432.4248,6.1894
delno_ocisceno,1195,Operacija sive mrene (katarakte),4,ar1,2026-05-06,2026-06-03,15929.0,15859.911,False,99.6535,69.089,4773.2949,0.6933
delno_ocisceno,1195,Operacija sive mrene (katarakte),4,naivni,2026-05-13,2026-06-17,15961.0,15768.0,True,98.6863,193.0,37249.0,1.9557
delno_ocisceno,1195,Operacija sive mrene (katarakte),4,lin,2026-05-13,2026-06-17,15961.0,16569.825,True,98.6863,608.825,370667.8686,6.1693
delno_ocisceno,1195,Operacija sive mrene (katarakte),4,ar1,2026-05-13,2026-06-17,15961.0,15858.5007,True,98.6863,102.4993,10506.1069,1.0386
delno_ocisceno,1195,Operacija sive mrene (katarakte),4,naivni,2026-05-20,2026-06-24,16326.0,15923.0,True,99.233,403.0,162409.0,4.0611
delno_ocisceno,1195,Operacija sive mrene (katarakte),4,lin,2026-05-20,2026-06-24,16326.0,16598.9713,True,99.233,272.9713,74513.3105,2.7508
delno_ocisceno,1195,Operacija sive mrene (katarakte),4,ar1,2026-05-20,2026-06-24,16326.0,16020.7278,True,99.233,305.2722,93191.1274,3.0763
delno_ocisceno,1195,Operacija sive mrene (katarakte),4,naivni,2026-05-27,2026-07-01,16082.0,16032.0,True,99.3269,50.0,2500.0,0.5034
delno_ocisceno,1195,Operacija sive mrene (katarakte),4,lin,2026-05-27,2026-07-01,16082.0,16631.1801,True,99.3269,549.1801,301598.8075,5.529
delno_ocisceno,1195,Operacija sive mrene (katarakte),4,ar1,2026-05-27,2026-07-01,16082.0,16134.9025,True,99.3269,52.9025,2798.6779,0.5326
delno_ocisceno,1195,Operacija sive mrene (katarakte),4,naivni,2026-06-03,2026-07-08,16066.0,15929.0,True,99.3619,137.0,18769.0,1.3788
delno_ocisceno,1195,Operacija sive mrene (katarakte),4,lin,2026-06-03,2026-07-08,16066.0,16657.9826,True,99.3619,591.9826,350443.4443,5.9578
delno_ocisceno,1195,Operacija sive mrene (katarakte),4,ar1,2026-06-03,2026-07-08,16066.0,16021.4716,True,99.3619,44.5284,1982.7762,0.4481
delno_ocisceno,1195,Operacija sive mrene (katarakte),4,naivni,2026-06-17,2026-07-15,16139.0,15961.0,False,98.7264,178.0,31684.0,1.803
delno_ocisceno,1195,Operacija sive mrene (katarakte),4,lin,2026-06-17,2026-07-15,16139.0,16684.8715,False,98.7264,545.8715,297975.6413,5.5291
delno_ocisceno,1195,Operacija sive mrene (katarakte),4,ar1,2026-06-17,2026-07-15,16139.0,16053.0242,False,98.7264,85.9758,7391.8421,0.8708
delno_ocisceno,1626,Endoproteza kolena,1,naivni,2025-04-09,2025-04-16,8601.0,9346.0,False,87.6667,745.0,555025.0,8.4981
delno_ocisceno,1626,Endoproteza kolena,1,lin,2025-04-09,2025-04-16,8601.0,8835.5294,False,87.6667,234.5294,55004.045,2.6752
delno_ocisceno,1626,Endoproteza kolena,1,ar1,2025-04-09,2025-04-16,8601.0,9176.5922,False,87.6667,575.5922,331306.4378,6.5657
delno_ocisceno,1626,Endoproteza kolena,1,naivni,2025-04-16,2025-04-23,8616.0,8601.0,False,100.3077,15.0,225.0,0.1495
delno_ocisceno,1626,Endoproteza kolena,1,lin,2025-04-16,2025-04-23,8616.0,8822.8302,False,100.3077,206.8302,42778.7269,2.062
delno_ocisceno,1626,Endoproteza kolena,1,ar1,2025-04-16,2025-04-23,8616.0,8657.2469,False,100.3077,41.2469,1701.3108,0.4112
delno_ocisceno,1626,Endoproteza kolena,1,naivni,2025-04-23,2025-04-30,8586.0,8616.0,False,98.6981,30.0,900.0,0.304
delno_ocisceno,1626,Endoproteza kolena,1,lin,2025-04-23,2025-04-30,8586.0,8812.0189,False,98.6981,226.0189,51084.5287,2.29
delno_ocisceno,1626,Endoproteza kolena,1,ar1,2025-04-23,2025-04-30,8586.0,8662.936,False,98.6981,76.936,5919.1516,0.7795
delno_ocisceno,1626,Endoproteza kolena,1,naivni,2025-04-30,2025-05-07,8970.0,8586.0,False,97.4259,384.0,147456.0,3.9415
delno_ocisceno,1626,Endoproteza kolena,1,lin,2025-04-30,2025-05-07,8970.0,8799.6727,False,97.4259,170.3273,29011.3798,1.7483
delno_ocisceno,1626,Endoproteza kolena,1,ar1,2025-04-30,2025-05-07,8970.0,8647.4482,False,97.4259,322.5518,104039.6929,3.3107
delno_ocisceno,1626,Endoproteza kolena,1,naivni,2025-05-07,2025-05-14,8951.0,8970.0,False,102.6364,19.0,361.0,0.1851
delno_ocisceno,1626,Endoproteza kolena,1,lin,2025-05-07,2025-05-14,8951.0,8815.4903,False,102.6364,135.5097,18362.8897,1.3203
delno_ocisceno,1626,Endoproteza kolena,1,ar1,2025-05-07,2025-05-14,8951.0,8821.3279,False,102.6364,129.6721,16814.8507,1.2634
delno_ocisceno,1626,Endoproteza kolena,1,naivni,2025-05-14,2025-05-21,8544.0,8951.0,False,101.1429,407.0,165649.0,4.024
delno_ocisceno,1626,Endoproteza kolena,1,lin,2025-05-14,2025-05-21,8544.0,8828.9712,False,101.1429,284.9712,81208.5723,2.8175
delno_ocisceno,1626,Endoproteza kolena,1,ar1,2025-05-14,2025-05-21,8544.0,8821.3546,False,101.1429,277.3546,76925.5565,2.7422
delno_ocisceno,1626,Endoproteza kolena,1,naivni,2025-05-21,2025-05-28,8646.0,8544.0,False,106.5088,102.0,10404.0,0.9577
delno_ocisceno,1626,Endoproteza kolena,1,lin,2025-05-21,2025-05-28,8646.0,8813.5354,False,106.5088,167.5354,28068.107,1.573
delno_ocisceno,1626,Endoproteza kolena,1,ar1,2025-05-21,2025-05-28,8646.0,8639.0401,False,106.5088,6.9599,48.4405,0.0653
delno_ocisceno,1626,Endoproteza kolena,1,naivni,2025-05-28,2025-06-04,8979.0,8646.0,False,106.431,333.0,110889.0,3.1288
delno_ocisceno,1626,Endoproteza kolena,1,lin,2025-05-28,2025-06-04,8979.0,8805.8948,False,106.431,173.1052,29965.4108,1.6265
delno_ocisceno,1626,Endoproteza kolena,1,ar1,2025-05-28,2025-06-04,8979.0,8680.9576,False,106.431,298.0424,88829.2481,2.8003
delno_ocisceno,1626,Endoproteza kolena,1,naivni,2025-06-04,2025-06-18,9014.0,8979.0,True,110.2712,35.0,1225.0,0.3174
delno_ocisceno,1626,Endoproteza kolena,1,lin,2025-06-04,2025-06-18,9014.0,8820.8689,True,110.2712,193.1311,37299.6115,1.7514
delno_ocisceno,1626,Endoproteza kolena,1,ar1,2025-06-04,2025-06-18,9014.0,8819.0873,True,110.2712,194.9127,37990.9781,1.7676
delno_ocisceno,1626,Endoproteza kolena,1,naivni,2025-06-18,2025-07-02,9018.0,9014.0,True,109.0167,4.0,16.0,0.0367
delno_ocisceno,1626,Endoproteza kolena,1,lin,2025-06-18,2025-07-02,9018.0,8837.2508,True,109.0167,180.7492,32670.2662,1.658
delno_ocisceno,1626,Endoproteza kolena,1,ar1,2025-06-18,2025-07-02,9018.0,8846.1935,True,109.0167,171.8065,29517.4622,1.576
delno_ocisceno,1626,Endoproteza kolena,1,naivni,2025-07-02,2025-07-09,9062.0,9018.0,False,107.2951,44.0,1936.0,0.4101
delno_ocisceno,1626,Endoproteza kolena,1,lin,2025-07-02,2025-07-09,9062.0,8852.936,False,107.2951,209.064,43707.7508,1.9485
delno_ocisceno,1626,Endoproteza kolena,1,ar1,2025-07-02,2025-07-09,9062.0,8859.9037,False,107.2951,202.0963,40842.9155,1.8836
delno_ocisceno,1626,Endoproteza kolena,1,naivni,2025-07-09,2025-07-16,8765.0,9062.0,False,106.2742,297.0,88209.0,2.7947
delno_ocisceno,1626,Endoproteza kolena,1,lin,2025-07-09,2025-07-16,8765.0,8870.5115,False,106.2742,105.5115,11132.681,0.9928
delno_ocisceno,1626,Endoproteza kolena,1,ar1,2025-07-09,2025-07-16,8765.0,8894.9324,False,106.2742,129.9324,16882.4325,1.2226
delno_ocisceno,1626,Endoproteza kolena,1,naivni,2025-07-16,2025-07-23,8859.0,8765.0,False,109.3016,94.0,8836.0,0.86
delno_ocisceno,1626,Endoproteza kolena,1,lin,2025-07-16,2025-07-23,8859.0,8868.5298,False,109.3016,9.5298,90.8164,0.0872
delno_ocisceno,1626,Endoproteza kolena,1,ar1,2025-07-16,2025-07-23,8859.0,8745.2973,False,109.3016,113.7027,12928.3018,1.0403
delno_ocisceno,1626,Endoproteza kolena,1,naivni,2025-07-23,2025-07-30,8821.0,8859.0,False,109.0625,38.0,1444.0,0.3484
delno_ocisceno,1626,Endoproteza kolena,1,lin,2025-07-23,2025-07-30,8821.0,8872.4038,False,109.0625,51.4038,2642.3554,0.4713
delno_ocisceno,1626,Endoproteza kolena,1,ar1,2025-07-23,2025-07-30,8821.0,8791.6648,False,109.0625,29.3352,860.5541,0.269
delno_ocisceno,1626,Endoproteza kolena,1,naivni,2025-07-30,2025-08-06,9162.0,8821.0,False,107.9692,341.0,116281.0,3.1583
delno_ocisceno,1626,Endoproteza kolena,1,lin,2025-07-30,2025-08-06,9162.0,8873.7357,False,107.9692,288.2643,83096.3272,2.6699
delno_ocisceno,1626,Endoproteza kolena,1,ar1,2025-07-30,2025-08-06,9162.0,8774.3217,False,107.9692,387.6783,150294.4404,3.5906
delno_ocisceno,1626,Endoproteza kolena,1,naivni,2025-08-06,2025-08-13,9205.0,9162.0,False,111.5,43.0,1849.0,0.3857
delno_ocisceno,1626,Endoproteza kolena,1,lin,2025-08-06,2025-08-13,9205.0,8895.3229,False,111.5,309.6771,95899.8872,2.7774
delno_ocisceno,1626,Endoproteza kolena,1,ar1,2025-08-06,2025-08-13,9205.0,8950.3412,False,111.5,254.6588,64851.1149,2.2839
delno_ocisceno,1626,Endoproteza kolena,1,naivni,2025-08-13,2025-08-20,9123.0,9205.0,False,110.4776,82.0,6724.0,0.7422
delno_ocisceno,1626,Endoproteza kolena,1,lin,2025-08-13,2025-08-20,9123.0,8918.2963,False,110.4776,204.7037,41903.5997,1.8529
delno_ocisceno,1626,Endoproteza kolena,1,ar1,2025-08-13,2025-08-20,9123.0,8999.3127,False,110.4776,123.6873,15298.5576,1.1196
delno_ocisceno,1626,Endoproteza kolena,1,naivni,2025-08-20,2025-08-27,9142.0,9123.0,False,110.0588,19.0,361.0,0.1726
delno_ocisceno,1626,Endoproteza kolena,1,lin,2025-08-20,2025-08-27,9142.0,8935.3163,False,110.0588,206.6837,42718.1589,1.8779
delno_ocisceno,1626,Endoproteza kolena,1,ar1,2025-08-20,2025-08-27,9142.0,8965.7529,False,110.0588,176.2471,31063.0406,1.6014
delno_ocisceno,1626,Endoproteza kolena,1,naivni,2025-08-27,2025-09-03,9162.0,9142.0,False,108.7391,20.0,400.0,0.1839
delno_ocisceno,1626,Endoproteza kolena,1,lin,2025-08-27,2025-09-03,9162.0,8952.5342,False,108.7391,209.4658,43875.9375,1.9263
delno_ocisceno,1626,Endoproteza kolena,1,ar1,2025-08-27,2025-09-03,9162.0,8989.5877,False,108.7391,172.4123,29725.9889,1.5856
delno_ocisceno,1626,Endoproteza kolena,1,naivni,2025-09-03,2025-09-10,9178.0,9162.0,False,107.4714,16.0,256.0,0.1489
delno_ocisceno,1626,Endoproteza kolena,1,lin,2025-09-03,2025-09-10,9178.0,8969.992,False,107.4714,208.008,43267.3482,1.9355
delno_ocisceno,1626,Endoproteza kolena,1,ar1,2025-09-03,2025-09-10,9178.0,9014.3112,False,107.4714,163.6888,26794.0181,1.5231
delno_ocisceno,1626,Endoproteza kolena,1,naivni,2025-09-10,2025-09-17,8918.0,9178.0,False,106.1831,260.0,67600.0,2.4486
delno_ocisceno,1626,Endoproteza kolena,1,lin,2025-09-10,2025-09-17,8918.0,8987.4507,False,106.1831,69.4507,4823.4003,0.6541
delno_ocisceno,1626,Endoproteza kolena,1,ar1,2025-09-10,2025-09-17,8918.0,9036.3759,False,106.1831,118.3759,14012.8467,1.1148
delno_ocisceno,1626,Endoproteza kolena,1,naivni,2025-09-17,2025-09-24,8936.0,8918.0,False,108.3194,18.0,324.0,0.1662
delno_ocisceno,1626,Endoproteza kolena,1,lin,2025-09-17,2025-09-24,8936.0,8989.7854,False,108.3194,53.7854,2892.868,0.4965
delno_ocisceno,1626,Endoproteza kolena,1,ar1,2025-09-17,2025-09-24,8936.0,8864.7806,False,108.3194,71.2194,5072.2094,0.6575
delno_ocisceno,1626,Endoproteza kolena,1,naivni,2025-09-24,2025-10-01,8746.0,8936.0,False,107.0822,190.0,36100.0,1.7743
delno_ocisceno,1626,Endoproteza kolena,1,lin,2025-09-24,2025-10-01,8746.0,8992.9411,False,107.0822,246.9411,60979.9231,2.3061
delno_ocisceno,1626,Endoproteza kolena,1,ar1,2025-09-24,2025-10-01,8746.0,8877.6648,False,107.0822,131.6648,17335.6183,1.2296
delno_ocisceno,1626,Endoproteza kolena,1,naivni,2025-10-01,2025-10-08,8888.0,8746.0,False,108.2027,142.0,20164.0,1.3124
delno_ocisceno,1626,Endoproteza kolena,1,lin,2025-10-01,2025-10-08,8888.0,8985.7759,False,108.2027,97.7759,9560.118,0.9036
delno_ocisceno,1626,Endoproteza kolena,1,ar1,2025-10-01,2025-10-08,8888.0,8756.1137,False,108.2027,131.8863,17393.9928,1.2189
delno_ocisceno,1626,Endoproteza kolena,1,naivni,2025-10-08,2025-10-15,9136.0,8888.0,False,108.6533,248.0,61504.0,2.2825
delno_ocisceno,1626,Endoproteza kolena,1,lin,2025-10-08,2025-10-15,9136.0,8986.3747,False,108.6533,149.6253,22387.7194,1.3771
delno_ocisceno,1626,Endoproteza kolena,1,ar1,2025-10-08,2025-10-15,9136.0,8846.3638,False,108.6533,289.6362,83889.1085,2.6657
delno_ocisceno,1626,Endoproteza kolena,1,naivni,2025-10-15,2025-10-22,9133.0,9136.0,False,110.4868,3.0,9.0,0.0272
delno_ocisceno,1626,Endoproteza kolena,1,lin,2025-10-15,2025-10-22,9133.0,8999.7922,False,110.4868,133.2078,17744.3159,1.2056
delno_ocisceno,1626,Endoproteza kolena,1,ar1,2025-10-15,2025-10-22,9133.0,9008.8016,False,110.4868,124.1984,15425.2547,1.1241
delno_ocisceno,1626,Endoproteza kolena,1,naivni,2025-10-22,2025-10-29,9222.0,9133.0,False,109.0909,89.0,7921.0,0.8158
delno_ocisceno,1626,Endoproteza kolena,1,lin,2025-10-22,2025-10-29,9222.0,9012.4176,False,109.0909,209.5824,43924.7898,1.9212
delno_ocisceno,1626,Endoproteza kolena,1,ar1,2025-10-22,2025-10-29,9222.0,9013.5501,False,109.0909,208.4499,43451.3762,1.9108
delno_ocisceno,1626,Endoproteza kolena,1,naivni,2025-10-29,2025-11-05,9134.0,9222.0,False,108.8333,88.0,7744.0,0.8086
delno_ocisceno,1626,Endoproteza kolena,1,lin,2025-10-29,2025-11-05,9134.0,9028.9533,False,108.8333,105.0467,11034.8172,0.9652
delno_ocisceno,1626,Endoproteza kolena,1,ar1,2025-10-29,2025-11-05,9134.0,9083.7522,False,108.8333,50.2478,2524.844,0.4617
delno_ocisceno,1626,Endoproteza kolena,1,naivni,2025-11-05,2025-11-12,9232.0,9134.0,False,108.5696,98.0,9604.0,0.9026
delno_ocisceno,1626,Endoproteza kolena,1,lin,2025-11-05,2025-11-12,9232.0,9040.3285,False,108.5696,191.6715,36737.9712,1.7654
delno_ocisceno,1626,Endoproteza kolena,1,ar1,2025-11-05,2025-11-12,9232.0,9027.5719,False,108.5696,204.4281,41790.8501,1.8829
delno_ocisceno,1626,Endoproteza kolena,1,naivni,2025-11-12,2025-11-19,8891.0,9232.0,False,108.4375,341.0,116281.0,3.1447
delno_ocisceno,1626,Endoproteza kolena,1,lin,2025-11-12,2025-11-19,8891.0,9056.0139,False,108.4375,165.0139,27229.5835,1.5217
delno_ocisceno,1626,Endoproteza kolena,1,ar1,2025-11-12,2025-11-19,8891.0,9105.0292,False,108.4375,214.0292,45808.5176,1.9738
delno_ocisceno,1626,Endoproteza kolena,1,naivni,2025-11-19,2025-11-26,8900.0,8891.0,False,111.3086,9.0,81.0,0.0809
delno_ocisceno,1626,Endoproteza kolena,1,lin,2025-11-19,2025-11-26,8900.0,9054.3577,False,111.3086,154.3577,23826.3068,1.3868
delno_ocisceno,1626,Endoproteza kolena,1,ar1,2025-11-19,2025-11-26,8900.0,8862.6685,False,111.3086,37.3315,1393.6389,0.3354
delno_ocisceno,1626,Endoproteza kolena,1,naivni,2025-11-26,2025-12-03,8816.0,8900.0,False,110.061,84.0,7056.0,0.7632
delno_ocisceno,1626,Endoproteza kolena,1,lin,2025-11-26,2025-12-03,8816.0,9053.1666,False,110.061,237.1666,56248.0045,2.1549
delno_ocisceno,1626,Endoproteza kolena,1,ar1,2025-11-26,2025-12-03,8816.0,8869.2661,False,110.061,53.2661,2837.2779,0.484
delno_ocisceno,1626,Endoproteza kolena,1,naivni,2025-12-03,2025-12-10,9069.0,8816.0,False,109.747,253.0,64009.0,2.3053
delno_ocisceno,1626,Endoproteza kolena,1,lin,2025-12-03,2025-12-10,9069.0,9047.988,False,109.747,21.012,441.5062,0.1915
delno_ocisceno,1626,Endoproteza kolena,1,ar1,2025-12-03,2025-12-10,9069.0,8812.1001,False,109.747,256.8999,65997.5641,2.3408
delno_ocisceno,1626,Endoproteza kolena,1,naivni,2025-12-10,2025-12-17,8676.0,9069.0,False,111.4524,393.0,154449.0,3.5262
delno_ocisceno,1626,Endoproteza kolena,1,lin,2025-12-10,2025-12-17,8676.0,9054.8924,False,111.4524,378.8924,143559.4788,3.3996
delno_ocisceno,1626,Endoproteza kolena,1,ar1,2025-12-10,2025-12-17,8676.0,8985.3098,False,111.4524,309.3098,95672.5455,2.7753
delno_ocisceno,1626,Endoproteza kolena,1,naivni,2025-12-17,2026-01-07,8817.0,8676.0,True,114.7647,141.0,19881.0,1.2286
delno_ocisceno,1626,Endoproteza kolena,1,lin,2025-12-17,2026-01-07,8817.0,9043.2025,True,114.7647,226.2025,51167.554,1.971
delno_ocisceno,1626,Endoproteza kolena,1,ar1,2025-12-17,2026-01-07,8817.0,8720.0212,True,114.7647,96.9788,9404.8903,0.845
delno_ocisceno,1626,Endoproteza kolena,1,naivni,2026-01-07,2026-01-14,8808.0,8817.0,False,115.0698,9.0,81.0,0.0782
delno_ocisceno,1626,Endoproteza kolena,1,lin,2026-01-07,2026-01-14,8808.0,9038.4314,False,115.0698,230.4314,53098.6464,2.0025
delno_ocisceno,1626,Endoproteza kolena,1,ar1,2026-01-07,2026-01-14,8808.0,8812.9244,False,115.0698,4.9244,24.2499,0.0428
delno_ocisceno,1626,Endoproteza kolena,1,naivni,2026-01-14,2026-01-21,8818.0,8808.0,False,113.8506,10.0,100.0,0.0878
delno_ocisceno,1626,Endoproteza kolena,1,lin,2026-01-14,2026-01-21,8818.0,9033.4091,False,113.8506,215.4091,46401.0764,1.892
delno_ocisceno,1626,Endoproteza kolena,1,ar1,2026-01-14,2026-01-21,8818.0,8807.033,False,113.8506,10.967,120.2747,0.0963
delno_ocisceno,1626,Endoproteza kolena,1,naivni,2026-01-21,2026-01-28,8894.0,8818.0,False,112.6705,76.0,5776.0,0.6745
delno_ocisceno,1626,Endoproteza kolena,1,lin,2026-01-21,2026-01-28,8894.0,9029.0031,False,112.6705,135.0031,18225.8274,1.1982
delno_ocisceno,1626,Endoproteza kolena,1,ar1,2026-01-21,2026-01-28,8894.0,8813.6408,False,112.6705,80.3592,6457.6047,0.7132
delno_ocisceno,1626,Endoproteza kolena,1,naivni,2026-01-28,2026-02-04,8884.0,8894.0,False,112.2584,10.0,100.0,0.0891
delno_ocisceno,1626,Endoproteza kolena,1,lin,2026-01-28,2026-02-04,8884.0,9028.1169,False,112.2584,144.1169,20769.6676,1.2838
delno_ocisceno,1626,Endoproteza kolena,1,ar1,2026-01-28,2026-02-04,8884.0,8863.8507,False,112.2584,20.1493,405.9963,0.1795
delno_ocisceno,1626,Endoproteza kolena,1,naivni,2026-02-04,2026-02-11,8846.0,8884.0,False,111.1222,38.0,1444.0,0.342
delno_ocisceno,1626,Endoproteza kolena,1,lin,2026-02-04,2026-02-11,8846.0,9026.7971,False,111.1222,180.7971,32687.5804,1.627
delno_ocisceno,1626,Endoproteza kolena,1,ar1,2026-02-04,2026-02-11,8846.0,8857.628,False,111.1222,11.628,135.2095,0.1046
delno_ocisceno,1626,Endoproteza kolena,1,naivni,2026-02-11,2026-02-18,8868.0,8846.0,False,110.3187,22.0,484.0,0.1994
delno_ocisceno,1626,Endoproteza kolena,1,lin,2026-02-11,2026-02-18,8868.0,9023.8481,False,110.3187,155.8481,24288.6194,1.4127
delno_ocisceno,1626,Endoproteza kolena,1,ar1,2026-02-11,2026-02-18,8868.0,8832.8212,False,110.3187,35.1788,1237.5445,0.3189
delno_ocisceno,1626,Endoproteza kolena,1,naivni,2026-02-18,2026-02-25,8820.0,8868.0,False,109.3587,48.0,2304.0,0.4389
delno_ocisceno,1626,Endoproteza kolena,1,lin,2026-02-18,2026-02-25,8820.0,9021.9299,False,109.3587,201.9299,40775.6739,1.8465
delno_ocisceno,1626,Endoproteza kolena,1,ar1,2026-02-18,2026-02-25,8820.0,8847.5061,False,109.3587,27.5061,756.5839,0.2515
delno_ocisceno,1626,Endoproteza kolena,1,naivni,2026-02-25,2026-03-04,8628.0,8820.0,False,108.6989,192.0,36864.0,1.7663
delno_ocisceno,1626,Endoproteza kolena,1,lin,2026-02-25,2026-03-04,8628.0,9018.0151,False,108.6989,390.0151,152111.7779,3.588
delno_ocisceno,1626,Endoproteza kolena,1,ar1,2026-02-25,2026-03-04,8628.0,8816.0353,False,108.6989,188.0353,35357.284,1.7299
delno_ocisceno,1626,Endoproteza kolena,1,naivni,2026-03-04,2026-03-11,8632.0,8628.0,False,109.5851,4.0,16.0,0.0365
delno_ocisceno,1626,Endoproteza kolena,1,lin,2026-03-04,2026-03-11,8632.0,9006.1357,False,109.5851,374.1357,139977.5387,3.4141
delno_ocisceno,1626,Endoproteza kolena,1,ar1,2026-03-04,2026-03-11,8632.0,8689.6016,False,109.5851,57.6016,3317.9403,0.5256
delno_ocisceno,1626,Endoproteza kolena,1,naivni,2026-03-11,2026-03-18,8743.0,8632.0,False,108.4737,111.0,12321.0,1.0233
delno_ocisceno,1626,Endoproteza kolena,1,lin,2026-03-11,2026-03-18,8743.0,8994.8325,False,108.4737,251.8325,63419.586,2.3216
delno_ocisceno,1626,Endoproteza kolena,1,ar1,2026-03-11,2026-03-18,8743.0,8691.1698,False,108.4737,51.8302,2686.3733,0.4778
delno_ocisceno,1626,Endoproteza kolena,1,naivni,2026-03-18,2026-03-25,8784.0,8743.0,False,108.5,41.0,1681.0,0.3779
delno_ocisceno,1626,Endoproteza kolena,1,lin,2026-03-18,2026-03-25,8784.0,8988.4923,False,108.5,204.4923,41817.0877,1.8847
delno_ocisceno,1626,Endoproteza kolena,1,ar1,2026-03-18,2026-03-25,8784.0,8764.0335,False,108.5,19.9665,398.6623,0.184
delno_ocisceno,1626,Endoproteza kolena,1,naivni,2026-03-25,2026-04-08,8844.0,8784.0,True,107.8041,60.0,3600.0,0.5566
delno_ocisceno,1626,Endoproteza kolena,1,lin,2026-03-25,2026-04-08,8844.0,8984.0313,True,107.8041,140.0313,19608.7786,1.2989
delno_ocisceno,1626,Endoproteza kolena,1,ar1,2026-03-25,2026-04-08,8844.0,8790.8255,True,107.8041,53.1745,2827.5238,0.4933
delno_ocisceno,1626,Endoproteza kolena,1,naivni,2026-04-08,2026-04-15,8543.0,8844.0,False,107.3163,301.0,90601.0,2.8048
delno_ocisceno,1626,Endoproteza kolena,1,lin,2026-04-08,2026-04-15,8543.0,8982.1328,False,107.3163,439.1328,192837.5775,4.0919
delno_ocisceno,1626,Endoproteza kolena,1,ar1,2026-04-08,2026-04-15,8543.0,8830.2444,False,107.3163,287.2444,82509.3304,2.6766
delno_ocisceno,1626,Endoproteza kolena,1,naivni,2026-04-15,2026-04-29,9276.0,8543.0,True,109.2727,733.0,537289.0,6.708
delno_ocisceno,1626,Endoproteza kolena,1,lin,2026-04-15,2026-04-29,9276.0,8968.2418,True,109.2727,307.7582,94715.0985,2.8164
delno_ocisceno,1626,Endoproteza kolena,1,ar1,2026-04-15,2026-04-29,9276.0,8633.1545,True,109.2727,642.8455,413250.322,5.8829
delno_ocisceno,1626,Endoproteza kolena,1,naivni,2026-04-29,2026-05-06,9215.0,9276.0,False,115.51,61.0,3721.0,0.5281
delno_ocisceno,1626,Endoproteza kolena,1,lin,2026-04-29,2026-05-06,9215.0,8983.8438,False,115.51,231.1562,53433.2062,2.0012
delno_ocisceno,1626,Endoproteza kolena,1,ar1,2026-04-29,2026-05-06,9215.0,9093.0981,False,115.51,121.9019,14860.0784,1.0553
delno_ocisceno,1626,Endoproteza kolena,1,naivni,2026-05-06,2026-05-13,9250.0,9215.0,False,114.9703,35.0,1225.0,0.3044
delno_ocisceno,1626,Endoproteza kolena,1,lin,2026-05-06,2026-05-13,9250.0,8996.5015,False,114.9703,253.4985,64261.5118,2.2049
delno_ocisceno,1626,Endoproteza kolena,1,ar1,2026-05-06,2026-05-13,9250.0,9062.9397,False,114.9703,187.0603,34991.5563,1.627
delno_ocisceno,1626,Endoproteza kolena,1,naivni,2026-05-13,2026-05-20,9224.0,9250.0,False,114.1863,26.0,676.0,0.2277
delno_ocisceno,1626,Endoproteza kolena,1,lin,2026-05-13,2026-05-20,9224.0,9010.0708,False,114.1863,213.9292,45765.6955,1.8735
delno_ocisceno,1626,Endoproteza kolena,1,ar1,2026-05-13,2026-05-20,9224.0,9094.0098,False,114.1863,129.9902,16897.4416,1.1384
delno_ocisceno,1626,Endoproteza kolena,1,naivni,2026-05-20,2026-05-27,9266.0,9224.0,False,113.3301,42.0,1764.0,0.3706
delno_ocisceno,1626,Endoproteza kolena,1,lin,2026-05-20,2026-05-27,9266.0,9022.1656,False,113.3301,243.8344,59455.2104,2.1515
delno_ocisceno,1626,Endoproteza kolena,1,ar1,2026-05-20,2026-05-27,9266.0,9083.8125,False,113.3301,182.1875,33192.3019,1.6076
delno_ocisceno,1626,Endoproteza kolena,1,naivni,2026-05-27,2026-06-03,9226.0,9266.0,False,112.6442,40.0,1600.0,0.3551
delno_ocisceno,1626,Endoproteza kolena,1,lin,2026-05-27,2026-06-03,9226.0,9035.4388,False,112.6442,190.5612,36313.5603,1.6917
delno_ocisceno,1626,Endoproteza kolena,1,ar1,2026-05-27,2026-06-03,9226.0,9119.7325,False,112.6442,106.2675,11292.7804,0.9434
delno_ocisceno,1626,Endoproteza kolena,1,naivni,2026-06-03,2026-06-17,9221.0,9226.0,True,111.9524,5.0,25.0,0.0447
delno_ocisceno,1626,Endoproteza kolena,1,lin,2026-06-03,2026-06-17,9221.0,9046.7456,True,111.9524,174.2544,30364.6125,1.5565
delno_ocisceno,1626,Endoproteza kolena,1,ar1,2026-06-03,2026-06-17,9221.0,9098.0642,True,111.9524,122.9358,15113.2194,1.0981
delno_ocisceno,1626,Endoproteza kolena,1,naivni,2026-06-17,2026-06-24,9334.0,9221.0,False,110.9434,113.0,12769.0,1.0185
delno_ocisceno,1626,Endoproteza kolena,1,lin,2026-06-17,2026-06-24,9334.0,9057.4763,False,110.9434,276.5237,76465.3662,2.4925
delno_ocisceno,1626,Endoproteza kolena,1,ar1,2026-06-17,2026-06-24,9334.0,9099.6606,False,110.9434,234.3394,54914.9505,2.1122
delno_ocisceno,1626,Endoproteza kolena,1,naivni,2026-06-24,2026-07-01,9315.0,9334.0,False,110.9626,19.0,361.0,0.1712
delno_ocisceno,1626,Endoproteza kolena,1,lin,2026-06-24,2026-07-01,9315.0,9072.0249,False,110.9626,242.9751,59036.8885,2.1897
delno_ocisceno,1626,Endoproteza kolena,1,ar1,2026-06-24,2026-07-01,9315.0,9187.6674,False,110.9626,127.3326,16213.5786,1.1475
delno_ocisceno,1626,Endoproteza kolena,1,naivni,2026-07-01,2026-07-08,9433.0,9315.0,False,110.1111,118.0,13924.0,1.0716
delno_ocisceno,1626,Endoproteza kolena,1,lin,2026-07-01,2026-07-08,9433.0,9085.3894,False,110.1111,347.6106,120833.1302,3.1569
delno_ocisceno,1626,Endoproteza kolena,1,ar1,2026-07-01,2026-07-08,9433.0,9181.0768,False,110.1111,251.9232,63465.2868,2.2879
delno_ocisceno,1626,Endoproteza kolena,1,naivni,2026-07-08,2026-07-15,9441.0,9433.0,False,110.1835,8.0,64.0,0.0726
delno_ocisceno,1626,Endoproteza kolena,1,lin,2026-07-08,2026-07-15,9441.0,9102.5993,False,110.1835,338.4007,114515.0116,3.0712
delno_ocisceno,1626,Endoproteza kolena,1,ar1,2026-07-08,2026-07-15,9441.0,9279.5549,False,110.1835,161.4451,26064.5244,1.4652
delno_ocisceno,1626,Endoproteza kolena,4,naivni,2025-04-09,2025-05-07,8970.0,9346.0,False,87.6667,376.0,141376.0,4.289
delno_ocisceno,1626,Endoproteza kolena,4,lin,2025-04-09,2025-05-07,8970.0,8850.5327,False,87.6667,119.4673,14272.4259,1.3627
delno_ocisceno,1626,Endoproteza kolena,4,ar1,2025-04-09,2025-05-07,8970.0,8903.9857,False,87.6667,66.0143,4357.8872,0.753
delno_ocisceno,1626,Endoproteza kolena,4,naivni,2025-04-16,2025-05-14,8951.0,8601.0,False,100.3077,350.0,122500.0,3.4893
delno_ocisceno,1626,Endoproteza kolena,4,lin,2025-04-16,2025-05-14,8951.0,8836.3585,False,100.3077,114.6415,13142.6757,1.1429
delno_ocisceno,1626,Endoproteza kolena,4,ar1,2025-04-16,2025-05-14,8951.0,8698.8176,False,100.3077,252.1824,63595.9382,2.5141
delno_ocisceno,1626,Endoproteza kolena,4,naivni,2025-04-23,2025-05-21,8544.0,8616.0,False,98.6981,72.0,5184.0,0.7295
delno_ocisceno,1626,Endoproteza kolena,4,lin,2025-04-23,2025-05-21,8544.0,8824.2937,False,98.6981,280.2937,78564.5322,2.8399
delno_ocisceno,1626,Endoproteza kolena,4,ar1,2025-04-23,2025-05-21,8544.0,8697.9784,False,98.6981,153.9784,23709.3417,1.5601
delno_ocisceno,1626,Endoproteza kolena,4,naivni,2025-04-30,2025-05-28,8646.0,8586.0,False,97.4259,60.0,3600.0,0.6159
delno_ocisceno,1626,Endoproteza kolena,4,lin,2025-04-30,2025-05-28,8646.0,8810.6266,False,97.4259,164.6266,27101.9251,1.6898
delno_ocisceno,1626,Endoproteza kolena,4,ar1,2025-04-30,2025-05-28,8646.0,8694.0462,False,97.4259,48.0462,2308.4373,0.4932
delno_ocisceno,1626,Endoproteza kolena,4,naivni,2025-05-07,2025-06-04,8979.0,8970.0,False,102.6364,9.0,81.0,0.0877
delno_ocisceno,1626,Endoproteza kolena,4,lin,2025-05-07,2025-06-04,8979.0,8827.4046,False,102.6364,151.5954,22981.1508,1.477
delno_ocisceno,1626,Endoproteza kolena,4,ar1,2025-05-07,2025-06-04,8979.0,8718.0673,False,102.6364,260.9327,68085.8764,2.5423
delno_ocisceno,1626,Endoproteza kolena,4,naivni,2025-05-14,2025-06-18,9014.0,8951.0,True,101.1429,63.0,3969.0,0.6229
delno_ocisceno,1626,Endoproteza kolena,4,lin,2025-05-14,2025-06-18,9014.0,8841.6234,True,101.1429,172.3766,29713.703,1.7043
delno_ocisceno,1626,Endoproteza kolena,4,ar1,2025-05-14,2025-06-18,9014.0,8723.7359,True,101.1429,290.2641,84253.2746,2.8698
delno_ocisceno,1626,Endoproteza kolena,4,naivni,2025-05-21,2025-07-02,9018.0,8544.0,True,106.5088,474.0,224676.0,4.4503
delno_ocisceno,1626,Endoproteza kolena,4,lin,2025-05-21,2025-07-02,9018.0,8824.6886,True,106.5088,193.3114,37369.2938,1.815
delno_ocisceno,1626,Endoproteza kolena,4,ar1,2025-05-21,2025-07-02,9018.0,8700.3948,True,106.5088,317.6052,100873.0637,2.982
delno_ocisceno,1626,Endoproteza kolena,4,naivni,2025-05-28,2025-07-09,9062.0,8646.0,True,106.431,416.0,173056.0,3.9086
delno_ocisceno,1626,Endoproteza kolena,4,lin,2025-05-28,2025-07-09,9062.0,8816.1961,True,106.431,245.8039,60419.5363,2.3095
delno_ocisceno,1626,Endoproteza kolena,4,ar1,2025-05-28,2025-07-09,9062.0,8703.4671,True,106.431,358.5329,128545.8529,3.3687
delno_ocisceno,1626,Endoproteza kolena,4,naivni,2025-06-04,2025-07-16,8765.0,8979.0,True,110.2712,214.0,45796.0,1.9407
delno_ocisceno,1626,Endoproteza kolena,4,lin,2025-06-04,2025-07-16,8765.0,8832.0216,True,110.2712,67.0216,4491.8959,0.6078
delno_ocisceno,1626,Endoproteza kolena,4,ar1,2025-06-04,2025-07-16,8765.0,8720.1113,True,110.2712,44.8887,2014.9954,0.4071
delno_ocisceno,1626,Endoproteza kolena,4,naivni,2025-06-18,2025-07-23,8859.0,9014.0,True,109.0167,155.0,24025.0,1.4218
delno_ocisceno,1626,Endoproteza kolena,4,lin,2025-06-18,2025-07-23,8859.0,8849.3227,True,109.0167,9.6773,93.6504,0.0888
delno_ocisceno,1626,Endoproteza kolena,4,ar1,2025-06-18,2025-07-23,8859.0,8729.5908,True,109.0167,129.4092,16746.7368,1.1871
delno_ocisceno,1626,Endoproteza kolena,4,naivni,2025-07-02,2025-07-30,8821.0,9018.0,False,107.2951,197.0,38809.0,1.8361
delno_ocisceno,1626,Endoproteza kolena,4,lin,2025-07-02,2025-07-30,8821.0,8865.8408,False,107.2951,44.8408,2010.6996,0.4179
delno_ocisceno,1626,Endoproteza kolena,4,ar1,2025-07-02,2025-07-30,8821.0,8738.2505,False,107.2951,82.7495,6847.4815,0.7712
delno_ocisceno,1626,Endoproteza kolena,4,naivni,2025-07-09,2025-08-06,9162.0,9062.0,False,106.2742,100.0,10000.0,0.941
delno_ocisceno,1626,Endoproteza kolena,4,lin,2025-07-09,2025-08-06,9162.0,8884.3497,False,106.2742,277.6503,77089.7144,2.6126
delno_ocisceno,1626,Endoproteza kolena,4,ar1,2025-07-09,2025-08-06,9162.0,8751.6496,False,106.2742,410.3504,168387.413,3.8612
delno_ocisceno,1626,Endoproteza kolena,4,naivni,2025-07-16,2025-08-13,9205.0,8765.0,False,109.3016,440.0,193600.0,4.0256
delno_ocisceno,1626,Endoproteza kolena,4,lin,2025-07-16,2025-08-13,9205.0,8881.9114,False,109.3016,323.0886,104386.2723,2.9559
delno_ocisceno,1626,Endoproteza kolena,4,ar1,2025-07-16,2025-08-13,9205.0,8729.5948,False,109.3016,475.4052,226010.1015,4.3495
delno_ocisceno,1626,Endoproteza kolena,4,naivni,2025-07-23,2025-08-20,9123.0,8859.0,False,109.0625,264.0,69696.0,2.4206
delno_ocisceno,1626,Endoproteza kolena,4,lin,2025-07-23,2025-08-20,9123.0,8885.7455,False,109.0625,237.2545,56289.7193,2.1754
delno_ocisceno,1626,Endoproteza kolena,4,ar1,2025-07-23,2025-08-20,9123.0,8737.5722,False,109.0625,385.4278,148554.5804,3.534
delno_ocisceno,1626,Endoproteza kolena,4,naivni,2025-07-30,2025-08-27,9142.0,8821.0,False,107.9692,321.0,103041.0,2.9731
delno_ocisceno,1626,Endoproteza kolena,4,lin,2025-07-30,2025-08-27,9142.0,8886.868,False,107.9692,255.132,65092.3219,2.363
delno_ocisceno,1626,Endoproteza kolena,4,ar1,2025-07-30,2025-08-27,9142.0,8736.5783,False,107.9692,405.4217,164366.7436,3.755
delno_ocisceno,1626,Endoproteza kolena,4,naivni,2025-08-06,2025-09-03,9162.0,9162.0,False,111.5,0.0,0.0,0.0
delno_ocisceno,1626,Endoproteza kolena,4,lin,2025-08-06,2025-09-03,9162.0,8909.5942,False,111.5,252.4058,63708.6972,2.2637
delno_ocisceno,1626,Endoproteza kolena,4,ar1,2025-08-06,2025-09-03,9162.0,8768.6985,False,111.5,393.3015,154686.0892,3.5274
delno_ocisceno,1626,Endoproteza kolena,4,naivni,2025-08-13,2025-09-10,9178.0,9205.0,False,110.4776,27.0,729.0,0.2444
delno_ocisceno,1626,Endoproteza kolena,4,lin,2025-08-13,2025-09-10,9178.0,8933.7556,False,110.4776,244.2444,59655.3354,2.2108
delno_ocisceno,1626,Endoproteza kolena,4,ar1,2025-08-13,2025-09-10,9178.0,8793.0529,False,110.4776,384.9471,148184.2805,3.4844
delno_ocisceno,1626,Endoproteza kolena,4,naivni,2025-08-20,2025-09-17,8918.0,9123.0,False,110.0588,205.0,42025.0,1.8626
delno_ocisceno,1626,Endoproteza kolena,4,lin,2025-08-20,2025-09-17,8918.0,8951.5384,False,110.0588,33.5384,1124.8259,0.3047
delno_ocisceno,1626,Endoproteza kolena,4,ar1,2025-08-20,2025-09-17,8918.0,8796.4557,False,110.0588,121.5443,14773.013,1.1044
delno_ocisceno,1626,Endoproteza kolena,4,naivni,2025-08-27,2025-09-24,8936.0,9142.0,False,108.7391,206.0,42436.0,1.8944
delno_ocisceno,1626,Endoproteza kolena,4,lin,2025-08-27,2025-09-24,8936.0,8969.5049,False,108.7391,33.5049,1122.5753,0.3081
delno_ocisceno,1626,Endoproteza kolena,4,ar1,2025-08-27,2025-09-24,8936.0,8812.6737,False,108.7391,123.3263,15209.3754,1.1341
delno_ocisceno,1626,Endoproteza kolena,4,naivni,2025-09-03,2025-10-01,8746.0,9162.0,False,107.4714,416.0,173056.0,3.8708
delno_ocisceno,1626,Endoproteza kolena,4,lin,2025-09-03,2025-10-01,8746.0,8987.7002,False,107.4714,241.7002,58418.9873,2.249
delno_ocisceno,1626,Endoproteza kolena,4,ar1,2025-09-03,2025-10-01,8746.0,8830.4882,False,107.4714,84.4882,7138.2535,0.7861
delno_ocisceno,1626,Endoproteza kolena,4,naivni,2025-09-10,2025-10-08,8888.0,9178.0,False,106.1831,290.0,84100.0,2.7311
delno_ocisceno,1626,Endoproteza kolena,4,lin,2025-09-10,2025-10-08,8888.0,9005.8713,False,106.1831,117.8713,13893.6457,1.1101
delno_ocisceno,1626,Endoproteza kolena,4,ar1,2025-09-10,2025-10-08,8888.0,8848.6333,False,106.1831,39.3667,1549.7335,0.3707
delno_ocisceno,1626,Endoproteza kolena,4,naivni,2025-09-17,2025-10-15,9136.0,8918.0,False,108.3194,218.0,47524.0,2.0126
delno_ocisceno,1626,Endoproteza kolena,4,lin,2025-09-17,2025-10-15,9136.0,9007.9746,False,108.3194,128.0254,16390.5089,1.1819
delno_ocisceno,1626,Endoproteza kolena,4,ar1,2025-09-17,2025-10-15,9136.0,8797.258,False,108.3194,338.742,114746.1705,3.1273
delno_ocisceno,1626,Endoproteza kolena,4,naivni,2025-09-24,2025-10-22,9133.0,8936.0,False,107.0822,197.0,38809.0,1.8397
delno_ocisceno,1626,Endoproteza kolena,4,lin,2025-09-24,2025-10-22,9133.0,9010.9559,False,107.0822,122.0441,14894.7665,1.1397
delno_ocisceno,1626,Endoproteza kolena,4,ar1,2025-09-24,2025-10-22,9133.0,8802.9306,False,107.0822,330.0694,108945.8274,3.0824
delno_ocisceno,1626,Endoproteza kolena,4,naivni,2025-10-01,2025-10-29,9222.0,8746.0,False,108.2027,476.0,226576.0,4.3992
delno_ocisceno,1626,Endoproteza kolena,4,lin,2025-10-01,2025-10-29,9222.0,9003.0108,False,108.2027,218.9892,47956.2733,2.0239
delno_ocisceno,1626,Endoproteza kolena,4,ar1,2025-10-01,2025-10-29,9222.0,8768.8189,False,108.2027,453.1811,205373.1395,4.1883
delno_ocisceno,1626,Endoproteza kolena,4,naivni,2025-10-08,2025-11-05,9134.0,8888.0,False,108.6533,246.0,60516.0,2.2641
delno_ocisceno,1626,Endoproteza kolena,4,lin,2025-10-08,2025-11-05,9134.0,9003.3089,False,108.6533,130.6911,17080.1566,1.2028
delno_ocisceno,1626,Endoproteza kolena,4,ar1,2025-10-08,2025-11-05,9134.0,8794.1907,False,108.6533,339.8093,115470.3474,3.1275
delno_ocisceno,1626,Endoproteza kolena,4,naivni,2025-10-15,2025-11-12,9232.0,9136.0,False,110.4868,96.0,9216.0,0.8689
delno_ocisceno,1626,Endoproteza kolena,4,lin,2025-10-15,2025-11-12,9232.0,9017.1748,False,110.4868,214.8252,46149.8557,1.9444
delno_ocisceno,1626,Endoproteza kolena,4,ar1,2025-10-15,2025-11-12,9232.0,8844.5045,False,110.4868,387.4955,150152.7401,3.5072
delno_ocisceno,1626,Endoproteza kolena,4,naivni,2025-10-22,2025-11-19,8891.0,9133.0,False,109.0909,242.0,58564.0,2.2183
delno_ocisceno,1626,Endoproteza kolena,4,lin,2025-10-22,2025-11-19,8891.0,9030.1893,False,109.0909,139.1893,19373.666,1.2759
delno_ocisceno,1626,Endoproteza kolena,4,ar1,2025-10-22,2025-11-19,8891.0,8853.3699,False,109.0909,37.6301,1416.0241,0.3449
delno_ocisceno,1626,Endoproteza kolena,4,naivni,2025-10-29,2025-11-26,8900.0,9222.0,False,108.8333,322.0,103684.0,2.9587
delno_ocisceno,1626,Endoproteza kolena,4,lin,2025-10-29,2025-11-26,8900.0,9047.3219,False,108.8333,147.3219,21703.7447,1.3536
delno_ocisceno,1626,Endoproteza kolena,4,ar1,2025-10-29,2025-11-26,8900.0,8887.2608,False,108.8333,12.7392,162.2872,0.1171
delno_ocisceno,1626,Endoproteza kolena,4,naivni,2025-11-05,2025-12-03,8816.0,9134.0,False,108.5696,318.0,101124.0,2.929
delno_ocisceno,1626,Endoproteza kolena,4,lin,2025-11-05,2025-12-03,8816.0,9058.9889,False,108.5696,242.9889,59043.6172,2.2381
delno_ocisceno,1626,Endoproteza kolena,4,ar1,2025-11-05,2025-12-03,8816.0,8873.8444,False,108.5696,57.8444,3345.9738,0.5328
delno_ocisceno,1626,Endoproteza kolena,4,naivni,2025-11-12,2025-12-10,9069.0,9232.0,False,108.4375,163.0,26569.0,1.5032
delno_ocisceno,1626,Endoproteza kolena,4,lin,2025-11-12,2025-12-10,9069.0,9075.1938,False,108.4375,6.1938,38.3627,0.0571
delno_ocisceno,1626,Endoproteza kolena,4,ar1,2025-11-12,2025-12-10,9069.0,8912.3232,False,108.4375,156.6768,24547.6185,1.4449
delno_ocisceno,1626,Endoproteza kolena,4,naivni,2025-11-19,2025-12-17,8676.0,8891.0,False,111.3086,215.0,46225.0,1.9316
delno_ocisceno,1626,Endoproteza kolena,4,lin,2025-11-19,2025-12-17,8676.0,9073.1012,False,111.3086,397.1012,157689.3513,3.5676
delno_ocisceno,1626,Endoproteza kolena,4,ar1,2025-11-19,2025-12-17,8676.0,8822.2755,False,111.3086,146.2755,21396.5074,1.3141
delno_ocisceno,1626,Endoproteza kolena,4,naivni,2025-11-26,2026-01-07,8817.0,8900.0,True,110.061,83.0,6889.0,0.7541
delno_ocisceno,1626,Endoproteza kolena,4,lin,2025-11-26,2026-01-07,8817.0,9071.5116,True,110.061,254.5116,64776.1369,2.3125
delno_ocisceno,1626,Endoproteza kolena,4,ar1,2025-11-26,2026-01-07,8817.0,8825.3421,True,110.061,8.3421,69.5914,0.0758
delno_ocisceno,1626,Endoproteza kolena,4,naivni,2025-12-03,2026-01-14,8808.0,8816.0,True,109.747,8.0,64.0,0.0729
delno_ocisceno,1626,Endoproteza kolena,4,lin,2025-12-03,2026-01-14,8808.0,9065.735,True,109.747,257.735,66427.3305,2.3484
delno_ocisceno,1626,Endoproteza kolena,4,ar1,2025-12-03,2026-01-14,8808.0,8806.5471,True,109.747,1.4529,2.111,0.0132
delno_ocisceno,1626,Endoproteza kolena,4,naivni,2025-12-10,2026-01-21,8818.0,9069.0,True,111.4524,251.0,63001.0,2.2521
delno_ocisceno,1626,Endoproteza kolena,4,lin,2025-12-10,2026-01-21,8818.0,9072.6912,True,111.4524,254.6912,64867.6203,2.2852
delno_ocisceno,1626,Endoproteza kolena,4,ar1,2025-12-10,2026-01-21,8818.0,8865.7448,True,111.4524,47.7448,2279.5692,0.4284
delno_ocisceno,1626,Endoproteza kolena,4,naivni,2025-12-17,2026-01-28,8894.0,8676.0,True,114.7647,218.0,47524.0,1.8995
delno_ocisceno,1626,Endoproteza kolena,4,lin,2025-12-17,2026-01-28,8894.0,9060.0897,True,114.7647,166.0897,27585.7955,1.4472
delno_ocisceno,1626,Endoproteza kolena,4,ar1,2025-12-17,2026-01-28,8894.0,8779.5257,True,114.7647,114.4743,13104.3679,0.9975
delno_ocisceno,1626,Endoproteza kolena,4,naivni,2026-01-07,2026-02-04,8884.0,8817.0,False,115.0698,67.0,4489.0,0.5823
delno_ocisceno,1626,Endoproteza kolena,4,lin,2026-01-07,2026-02-04,8884.0,9054.7869,False,115.0698,170.7869,29168.1551,1.4842
delno_ocisceno,1626,Endoproteza kolena,4,ar1,2026-01-07,2026-02-04,8884.0,8807.459,False,115.0698,76.541,5858.5291,0.6652
delno_ocisceno,1626,Endoproteza kolena,4,naivni,2026-01-14,2026-02-11,8846.0,8808.0,False,113.8506,38.0,1444.0,0.3338
delno_ocisceno,1626,Endoproteza kolena,4,lin,2026-01-14,2026-02-11,8846.0,9049.2349,False,113.8506,203.2349,41304.4382,1.7851
delno_ocisceno,1626,Endoproteza kolena,4,ar1,2026-01-14,2026-02-11,8846.0,8805.7364,False,113.8506,40.2636,1621.1613,0.3537
delno_ocisceno,1626,Endoproteza kolena,4,naivni,2026-01-21,2026-02-18,8868.0,8818.0,False,112.6705,50.0,2500.0,0.4438
delno_ocisceno,1626,Endoproteza kolena,4,lin,2026-01-21,2026-02-18,8868.0,9044.3448,False,112.6705,176.3448,31097.5032,1.5651
delno_ocisceno,1626,Endoproteza kolena,4,ar1,2026-01-21,2026-02-18,8868.0,8807.7949,False,112.6705,60.2051,3624.651,0.5343
delno_ocisceno,1626,Endoproteza kolena,4,naivni,2026-01-28,2026-02-25,8820.0,8894.0,False,112.2584,74.0,5476.0,0.6592
delno_ocisceno,1626,Endoproteza kolena,4,lin,2026-01-28,2026-02-25,8820.0,9043.1619,False,112.2584,223.1619,49801.2431,1.9879
delno_ocisceno,1626,Endoproteza kolena,4,ar1,2026-01-28,2026-02-25,8820.0,8823.3777,False,112.2584,3.3777,11.4092,0.0301
delno_ocisceno,1626,Endoproteza kolena,4,naivni,2026-02-04,2026-03-04,8628.0,8884.0,False,111.1222,256.0,65536.0,2.3038
delno_ocisceno,1626,Endoproteza kolena,4,lin,2026-02-04,2026-03-04,8628.0,9041.5323,False,111.1222,413.5323,171008.9484,3.7214
delno_ocisceno,1626,Endoproteza kolena,4,ar1,2026-02-04,2026-03-04,8628.0,8822.1809,False,111.1222,194.1809,37706.2041,1.7475
delno_ocisceno,1626,Endoproteza kolena,4,naivni,2026-02-11,2026-03-11,8632.0,8846.0,False,110.3187,214.0,45796.0,1.9398
delno_ocisceno,1626,Endoproteza kolena,4,lin,2026-02-11,2026-03-11,8632.0,9038.2029,False,110.3187,406.2029,165000.8115,3.6821
delno_ocisceno,1626,Endoproteza kolena,4,ar1,2026-02-11,2026-03-11,8632.0,8815.1189,False,110.3187,183.1189,33532.5295,1.6599
delno_ocisceno,1626,Endoproteza kolena,4,naivni,2026-02-18,2026-03-18,8743.0,8868.0,False,109.3587,125.0,15625.0,1.143
delno_ocisceno,1626,Endoproteza kolena,4,lin,2026-02-18,2026-03-18,8743.0,9035.9638,False,109.3587,292.9638,85827.8073,2.6789
delno_ocisceno,1626,Endoproteza kolena,4,ar1,2026-02-18,2026-03-18,8743.0,8819.9487,False,109.3587,76.9487,5921.1067,0.7036
delno_ocisceno,1626,Endoproteza kolena,4,naivni,2026-02-25,2026-03-25,8784.0,8820.0,False,108.6989,36.0,1296.0,0.3312
delno_ocisceno,1626,Endoproteza kolena,4,lin,2026-02-25,2026-03-25,8784.0,9031.642,False,108.6989,247.642,61326.5765,2.2782
delno_ocisceno,1626,Endoproteza kolena,4,ar1,2026-02-25,2026-03-25,8784.0,8810.7106,False,108.6989,26.7106,713.4581,0.2457
delno_ocisceno,1626,Endoproteza kolena,4,naivni,2026-03-04,2026-04-08,8844.0,8628.0,True,109.5851,216.0,46656.0,1.9711
delno_ocisceno,1626,Endoproteza kolena,4,lin,2026-03-04,2026-04-08,8844.0,9018.9929,True,109.5851,174.9929,30622.5112,1.5969
delno_ocisceno,1626,Endoproteza kolena,4,ar1,2026-03-04,2026-04-08,8844.0,8772.1506,True,109.5851,71.8494,5162.3335,0.6556
delno_ocisceno,1626,Endoproteza kolena,4,naivni,2026-03-11,2026-04-15,8543.0,8632.0,True,108.4737,89.0,7921.0,0.8205
delno_ocisceno,1626,Endoproteza kolena,4,lin,2026-03-11,2026-04-15,8543.0,9006.9664,True,108.4737,463.9664,215264.8412,4.2772
delno_ocisceno,1626,Endoproteza kolena,4,ar1,2026-03-11,2026-04-15,8543.0,8770.9827,True,108.4737,227.9827,51976.1279,2.1017
delno_ocisceno,1626,Endoproteza kolena,4,naivni,2026-03-18,2026-04-29,9276.0,8743.0,True,108.5,533.0,284089.0,4.9124
delno_ocisceno,1626,Endoproteza kolena,4,lin,2026-03-18,2026-04-29,9276.0,9000.1494,True,108.5,275.8506,76093.5649,2.5424
delno_ocisceno,1626,Endoproteza kolena,4,ar1,2026-03-18,2026-04-29,9276.0,8792.2446,True,108.5,483.7554,234019.2827,4.4586
delno_ocisceno,1626,Endoproteza kolena,4,naivni,2026-03-25,2026-05-06,9215.0,8784.0,True,107.8041,431.0,185761.0,3.998
delno_ocisceno,1626,Endoproteza kolena,4,lin,2026-03-25,2026-05-06,9215.0,8995.3091,True,107.8041,219.6909,48264.1056,2.0379
delno_ocisceno,1626,Endoproteza kolena,4,ar1,2026-03-25,2026-05-06,9215.0,8799.9737,True,107.8041,415.0263,172246.8583,3.8498
delno_ocisceno,1626,Endoproteza kolena,4,naivni,2026-04-08,2026-05-13,9250.0,8844.0,True,107.3163,406.0,164836.0,3.7832
delno_ocisceno,1626,Endoproteza kolena,4,lin,2026-04-08,2026-05-13,9250.0,8993.1559,True,107.3163,256.8441,65968.9056,2.3933
delno_ocisceno,1626,Endoproteza kolena,4,ar1,2026-04-08,2026-05-13,9250.0,8811.817,True,107.3163,438.183,192004.3749,4.0831
delno_ocisceno,1626,Endoproteza kolena,4,naivni,2026-04-15,2026-05-20,9224.0,8543.0,True,109.2727,681.0,463761.0,6.2321
delno_ocisceno,1626,Endoproteza kolena,4,lin,2026-04-15,2026-05-20,9224.0,8978.4823,True,109.2727,245.5177,60278.9301,2.2468
delno_ocisceno,1626,Endoproteza kolena,4,ar1,2026-04-15,2026-05-20,9224.0,8752.8919,True,109.2727,471.1081,221942.8811,4.3113
delno_ocisceno,1626,Endoproteza kolena,4,naivni,2026-04-29,2026-05-27,9266.0,9276.0,False,115.51,10.0,100.0,0.0866
delno_ocisceno,1626,Endoproteza kolena,4,lin,2026-04-29,2026-05-27,9266.0,8994.622,False,115.51,271.378,73646.0233,2.3494
delno_ocisceno,1626,Endoproteza kolena,4,ar1,2026-04-29,2026-05-27,9266.0,8874.9635,False,115.51,391.0365,152909.5133,3.3853
delno_ocisceno,1626,Endoproteza kolena,4,naivni,2026-05-06,2026-06-03,9226.0,9215.0,False,114.9703,11.0,121.0,0.0957
delno_ocisceno,1626,Endoproteza kolena,4,lin,2026-05-06,2026-06-03,9226.0,9007.6757,False,114.9703,218.3243,47665.4882,1.899
delno_ocisceno,1626,Endoproteza kolena,4,ar1,2026-05-06,2026-06-03,9226.0,8874.7821,False,114.9703,351.2179,123354.0318,3.0549
delno_ocisceno,1626,Endoproteza kolena,4,naivni,2026-05-13,2026-06-17,9221.0,9250.0,True,114.1863,29.0,841.0,0.254
delno_ocisceno,1626,Endoproteza kolena,4,lin,2026-05-13,2026-06-17,9221.0,9021.6711,True,114.1863,199.3289,39732.0279,1.7456
delno_ocisceno,1626,Endoproteza kolena,4,ar1,2026-05-13,2026-06-17,9221.0,8891.8602,True,114.1863,329.1398,108333.0096,2.8825
delno_ocisceno,1626,Endoproteza kolena,4,naivni,2026-05-20,2026-06-24,9334.0,9224.0,True,113.3301,110.0,12100.0,0.9706
delno_ocisceno,1626,Endoproteza kolena,4,lin,2026-05-20,2026-06-24,9334.0,9034.1185,True,113.3301,299.8815,89928.9269,2.6461
delno_ocisceno,1626,Endoproteza kolena,4,ar1,2026-05-20,2026-06-24,9334.0,8896.125,True,113.3301,437.875,191734.5096,3.8637
delno_ocisceno,1626,Endoproteza kolena,4,naivni,2026-05-27,2026-07-01,9315.0,9266.0,True,112.6442,49.0,2401.0,0.435
delno_ocisceno,1626,Endoproteza kolena,4,lin,2026-05-27,2026-07-01,9315.0,9047.786,True,112.6442,267.214,71403.3009,2.3722
delno_ocisceno,1626,Endoproteza kolena,4,ar1,2026-05-27,2026-07-01,9315.0,8915.8096,True,112.6442,399.1904,159353.014,3.5438
delno_ocisceno,1626,Endoproteza kolena,4,naivni,2026-06-03,2026-07-08,9433.0,9226.0,True,111.9524,207.0,42849.0,1.849
delno_ocisceno,1626,Endoproteza kolena,4,lin,2026-06-03,2026-07-08,9433.0,9059.3952,True,111.9524,373.6048,139580.5551,3.3372
delno_ocisceno,1626,Endoproteza kolena,4,ar1,2026-06-03,2026-07-08,9433.0,8915.2817,True,111.9524,517.7183,268032.2173,4.6245
delno_ocisceno,1626,Endoproteza kolena,4,naivni,2026-06-17,2026-07-15,9441.0,9221.0,False,110.9434,220.0,48400.0,1.983
delno_ocisceno,1626,Endoproteza kolena,4,lin,2026-06-17,2026-07-15,9441.0,9070.3973,False,110.9434,370.6027,137346.3292,3.3405
delno_ocisceno,1626,Endoproteza kolena,4,ar1,2026-06-17,2026-07-15,9441.0,8922.0021,False,110.9434,518.9979,269358.7833,4.678
delno_ocisceno,AGREGAT,Agregat,1,naivni,2025-04-09,2025-04-16,326512.0,325983.0,False,1635.8235,529.0,279841.0,0.3234
delno_ocisceno,AGREGAT,Agregat,1,lin,2025-04-09,2025-04-16,326512.0,316599.3484,False,1635.8235,9912.6516,98260661.42,6.0597
delno_ocisceno,AGREGAT,Agregat,1,ar1,2025-04-09,2025-04-16,326512.0,326176.5551,False,1635.8235,335.4449,112523.281,0.2051
delno_ocisceno,AGREGAT,Agregat,1,naivni,2025-04-16,2025-04-23,327514.0,326512.0,False,1614.5385,1002.0,1004004.0,0.6206
delno_ocisceno,AGREGAT,Agregat,1,lin,2025-04-16,2025-04-23,327514.0,317655.0733,False,1614.5385,9858.9267,97198435.7819,6.1063
delno_ocisceno,AGREGAT,Agregat,1,ar1,2025-04-16,2025-04-23,327514.0,326744.8902,False,1614.5385,769.1098,591529.9426,0.4764
delno_ocisceno,AGREGAT,Agregat,1,naivni,2025-04-23,2025-04-30,330734.0,327514.0,False,1602.9811,3220.0,10368400.0,2.0088
delno_ocisceno,AGREGAT,Agregat,1,lin,2025-04-23,2025-04-30,330734.0,318713.7456,False,1602.9811,12020.2544,144486515.0612,7.4987
delno_ocisceno,AGREGAT,Agregat,1,ar1,2025-04-23,2025-04-30,330734.0,327835.8799,False,1602.9811,2898.1201,8399099.9297,1.808
delno_ocisceno,AGREGAT,Agregat,1,naivni,2025-04-30,2025-05-07,328993.0,330734.0,False,1632.9259,1741.0,3031081.0,1.0662
delno_ocisceno,AGREGAT,Agregat,1,lin,2025-04-30,2025-05-07,328993.0,319936.2444,False,1632.9259,9056.7556,82024821.1931,5.5463
delno_ocisceno,AGREGAT,Agregat,1,ar1,2025-04-30,2025-05-07,328993.0,331434.265,False,1632.9259,2441.265,5959774.9853,1.495
delno_ocisceno,AGREGAT,Agregat,1,naivni,2025-05-07,2025-05-14,330344.0,328993.0,False,1634.8909,1351.0,1825201.0,0.8264
delno_ocisceno,AGREGAT,Agregat,1,lin,2025-05-07,2025-05-14,330344.0,320954.8701,False,1634.8909,9389.1299,88155759.7182,5.743
delno_ocisceno,AGREGAT,Agregat,1,ar1,2025-05-07,2025-05-14,330344.0,329366.3406,False,1634.8909,977.6594,955817.9149,0.598
delno_ocisceno,AGREGAT,Agregat,1,naivni,2025-05-14,2025-05-21,329919.0,330344.0,False,1629.8214,425.0,180625.0,0.2608
delno_ocisceno,AGREGAT,Agregat,1,lin,2025-05-14,2025-05-21,329919.0,322002.495,False,1629.8214,7916.505,62671051.6134,4.8573
delno_ocisceno,AGREGAT,Agregat,1,ar1,2025-05-14,2025-05-21,329919.0,330821.2892,False,1629.8214,902.2892,814125.7136,0.5536
delno_ocisceno,AGREGAT,Agregat,1,naivni,2025-05-21,2025-05-28,332198.0,329919.0,False,1608.6842,2279.0,5193841.0,1.4167
delno_ocisceno,AGREGAT,Agregat,1,lin,2025-05-21,2025-05-28,332198.0,322954.2396,False,1608.6842,9243.7604,85447106.9902,5.7462
delno_ocisceno,AGREGAT,Agregat,1,ar1,2025-05-21,2025-05-28,332198.0,330302.1977,False,1608.6842,1895.8023,3594066.5007,1.1785
delno_ocisceno,AGREGAT,Agregat,1,naivni,2025-05-28,2025-06-04,334850.0,332198.0,False,1620.2414,2652.0,7033104.0,1.6368
delno_ocisceno,AGREGAT,Agregat,1,lin,2025-05-28,2025-06-04,334850.0,324000.5944,False,1620.2414,10849.4056,117709602.1067,6.6962
delno_ocisceno,AGREGAT,Agregat,1,ar1,2025-05-28,2025-06-04,334850.0,332766.0029,False,1620.2414,2083.9971,4343043.8301,1.2862
delno_ocisceno,AGREGAT,Agregat,1,naivni,2025-06-04,2025-06-18,333328.0,334850.0,True,1637.7288,1522.0,2316484.0,0.9293
delno_ocisceno,AGREGAT,Agregat,1,lin,2025-06-04,2025-06-18,333328.0,325159.2147,True,1637.7288,8168.7853,66729053.4529,4.9879
delno_ocisceno,AGREGAT,Agregat,1,ar1,2025-06-04,2025-06-18,333328.0,335659.3375,True,1637.7288,2331.3375,5435134.4099,1.4235
delno_ocisceno,AGREGAT,Agregat,1,naivni,2025-06-18,2025-07-02,334078.0,333328.0,True,1635.8,750.0,562500.0,0.4585
delno_ocisceno,AGREGAT,Agregat,1,lin,2025-06-18,2025-07-02,334078.0,326147.9852,True,1635.8,7930.0148,62885134.0002,4.8478
delno_ocisceno,AGREGAT,Agregat,1,ar1,2025-06-18,2025-07-02,334078.0,333878.4427,True,1635.8,199.5573,39823.1332,0.122
delno_ocisceno,AGREGAT,Agregat,1,naivni,2025-07-02,2025-07-09,335290.0,334078.0,False,1621.2787,1212.0,1468944.0,0.7476
delno_ocisceno,AGREGAT,Agregat,1,lin,2025-07-02,2025-07-09,335290.0,327125.6711,False,1621.2787,8164.3289,66656266.82,5.0357
delno_ocisceno,AGREGAT,Agregat,1,ar1,2025-07-02,2025-07-09,335290.0,334648.9,False,1621.2787,641.1,411009.2379,0.3954
delno_ocisceno,AGREGAT,Agregat,1,naivni,2025-07-09,2025-07-16,334624.0,335290.0,False,1614.6774,666.0,443556.0,0.4125
delno_ocisceno,AGREGAT,Agregat,1,lin,2025-07-09,2025-07-16,334624.0,328122.2944,False,1614.6774,6501.7056,42272175.4641,4.0266
delno_ocisceno,AGREGAT,Agregat,1,ar1,2025-07-09,2025-07-16,334624.0,335922.838,False,1614.6774,1298.838,1686980.0765,0.8044
delno_ocisceno,AGREGAT,Agregat,1,naivni,2025-07-16,2025-07-23,337875.0,334624.0,False,1599.619,3251.0,10569001.0,2.0324
delno_ocisceno,AGREGAT,Agregat,1,lin,2025-07-16,2025-07-23,337875.0,329019.0536,False,1599.619,8855.9464,78427787.1457,5.5363
delno_ocisceno,AGREGAT,Agregat,1,ar1,2025-07-16,2025-07-23,337875.0,335144.3278,False,1599.619,2730.6722,7456570.786,1.7071
delno_ocisceno,AGREGAT,Agregat,1,naivni,2025-07-23,2025-07-30,336604.0,337875.0,False,1625.4219,1271.0,1615441.0,0.782
delno_ocisceno,AGREGAT,Agregat,1,lin,2025-07-23,2025-07-30,336604.0,330063.8149,False,1625.4219,6540.1851,42774021.0919,4.0237
delno_ocisceno,AGREGAT,Agregat,1,ar1,2025-07-23,2025-07-30,336604.0,338631.5331,False,1625.4219,2027.5331,4110890.3678,1.2474
delno_ocisceno,AGREGAT,Agregat,1,naivni,2025-07-30,2025-08-06,337858.0,336604.0,False,1619.9692,1254.0,1572516.0,0.7741
delno_ocisceno,AGREGAT,Agregat,1,lin,2025-07-30,2025-08-06,337858.0,330972.3557,False,1619.9692,6885.6443,47412097.2752,4.2505
delno_ocisceno,AGREGAT,Agregat,1,ar1,2025-07-30,2025-08-06,337858.0,337180.8272,False,1619.9692,677.1728,458563.0541,0.418
delno_ocisceno,AGREGAT,Agregat,1,naivni,2025-08-06,2025-08-13,338926.0,337858.0,False,1614.4242,1068.0,1140624.0,0.6615
delno_ocisceno,AGREGAT,Agregat,1,lin,2025-08-06,2025-08-13,338926.0,331904.479,False,1614.4242,7021.521,49301757.5917,4.3492
delno_ocisceno,AGREGAT,Agregat,1,ar1,2025-08-06,2025-08-13,338926.0,338490.9876,False,1614.4242,435.0124,189235.7705,0.2695
delno_ocisceno,AGREGAT,Agregat,1,naivni,2025-08-13,2025-08-20,330763.0,338926.0,False,1606.2687,8163.0,66634569.0,5.082
delno_ocisceno,AGREGAT,Agregat,1,lin,2025-08-13,2025-08-20,330763.0,332847.6176,False,1606.2687,2084.6176,4345630.7344,1.2978
delno_ocisceno,AGREGAT,Agregat,1,ar1,2025-08-13,2025-08-20,330763.0,339597.7927,False,1606.2687,8834.7927,78053562.6054,5.5002
delno_ocisceno,AGREGAT,Agregat,1,naivni,2025-08-20,2025-08-27,337410.0,330763.0,False,1702.6912,6647.0,44182609.0,3.9038
delno_ocisceno,AGREGAT,Agregat,1,lin,2025-08-20,2025-08-27,337410.0,333265.8572,False,1702.6912,4144.1428,17173919.5157,2.4339
delno_ocisceno,AGREGAT,Agregat,1,ar1,2025-08-20,2025-08-27,337410.0,330906.1419,False,1702.6912,6503.8581,42300170.7453,3.8198
delno_ocisceno,AGREGAT,Agregat,1,naivni,2025-08-27,2025-09-03,336862.0,337410.0,False,1774.3478,548.0,300304.0,0.3088
delno_ocisceno,AGREGAT,Agregat,1,lin,2025-08-27,2025-09-03,336862.0,334039.1627,False,1774.3478,2822.8373,7968410.2364,1.5909
delno_ocisceno,AGREGAT,Agregat,1,ar1,2025-08-27,2025-09-03,336862.0,337776.8342,False,1774.3478,914.8342,836921.6673,0.5156
delno_ocisceno,AGREGAT,Agregat,1,naivni,2025-09-03,2025-09-10,337833.0,336862.0,False,1756.8286,971.0,942841.0,0.5527
delno_ocisceno,AGREGAT,Agregat,1,lin,2025-09-03,2025-09-10,337833.0,334739.6962,False,1756.8286,3093.3038,9568528.541,1.7607
delno_ocisceno,AGREGAT,Agregat,1,ar1,2025-09-03,2025-09-10,337833.0,337177.4932,False,1756.8286,655.5068,429689.1523,0.3731
delno_ocisceno,AGREGAT,Agregat,1,naivni,2025-09-10,2025-09-17,338107.0,337833.0,False,1745.7606,274.0,75076.0,0.157
delno_ocisceno,AGREGAT,Agregat,1,lin,2025-09-10,2025-09-17,338107.0,335456.3599,False,1745.7606,2650.6401,7025892.7415,1.5183
delno_ocisceno,AGREGAT,Agregat,1,ar1,2025-09-10,2025-09-17,338107.0,338178.9851,False,1745.7606,71.9851,5181.8578,0.0412
delno_ocisceno,AGREGAT,Agregat,1,naivni,2025-09-17,2025-09-24,338941.0,338107.0,False,1725.3194,834.0,695556.0,0.4834
delno_ocisceno,AGREGAT,Agregat,1,lin,2025-09-17,2025-09-24,338941.0,336149.9452,False,1725.3194,2791.0548,7789986.866,1.6177
delno_ocisceno,AGREGAT,Agregat,1,ar1,2025-09-17,2025-09-24,338941.0,338447.4268,False,1725.3194,493.5732,243614.5353,0.2861
delno_ocisceno,AGREGAT,Agregat,1,naivni,2025-09-24,2025-10-01,338415.0,338941.0,False,1713.1096,526.0,276676.0,0.307
delno_ocisceno,AGREGAT,Agregat,1,lin,2025-09-24,2025-10-01,338415.0,336852.1018,False,1713.1096,1562.8982,2442650.7394,0.9123
delno_ocisceno,AGREGAT,Agregat,1,ar1,2025-09-24,2025-10-01,338415.0,339303.6855,False,1713.1096,888.6855,789761.9949,0.5188
delno_ocisceno,AGREGAT,Agregat,1,naivni,2025-10-01,2025-10-08,339949.0,338415.0,False,1697.0676,1534.0,2353156.0,0.9039
delno_ocisceno,AGREGAT,Agregat,1,lin,2025-10-01,2025-10-08,339949.0,337489.7625,False,1697.0676,2459.2375,6047848.9706,1.4491
delno_ocisceno,AGREGAT,Agregat,1,ar1,2025-10-01,2025-10-08,339949.0,338733.6584,False,1697.0676,1215.3416,1477055.2008,0.7161
delno_ocisceno,AGREGAT,Agregat,1,naivni,2025-10-08,2025-10-15,342043.0,339949.0,False,1694.8933,2094.0,4384836.0,1.2355
delno_ocisceno,AGREGAT,Agregat,1,lin,2025-10-08,2025-10-15,342043.0,338175.1474,False,1694.8933,3867.8526,14960283.9796,2.2821
delno_ocisceno,AGREGAT,Agregat,1,ar1,2025-10-08,2025-10-15,342043.0,340320.3815,False,1694.8933,1722.6185,2967414.5499,1.0164
delno_ocisceno,AGREGAT,Agregat,1,naivni,2025-10-15,2025-10-22,343249.0,342043.0,False,1700.1447,1206.0,1454436.0,0.7094
delno_ocisceno,AGREGAT,Agregat,1,lin,2025-10-15,2025-10-22,343249.0,338934.5475,False,1700.1447,4314.4525,18614500.3305,2.5377
delno_ocisceno,AGREGAT,Agregat,1,ar1,2025-10-15,2025-10-22,343249.0,342499.4466,False,1700.1447,749.5534,561830.283,0.4409
delno_ocisceno,AGREGAT,Agregat,1,naivni,2025-10-22,2025-10-29,346477.0,343249.0,False,1693.7273,3228.0,10419984.0,1.9059
delno_ocisceno,AGREGAT,Agregat,1,lin,2025-10-22,2025-10-29,346477.0,339718.1382,False,1693.7273,6758.8618,45682212.8972,3.9905
delno_ocisceno,AGREGAT,Agregat,1,ar1,2025-10-22,2025-10-29,346477.0,343746.4651,False,1693.7273,2730.5349,7455820.7163,1.6121
delno_ocisceno,AGREGAT,Agregat,1,naivni,2025-10-29,2025-11-05,344717.0,346477.0,False,1713.3974,1760.0,3097600.0,1.0272
delno_ocisceno,AGREGAT,Agregat,1,lin,2025-10-29,2025-11-05,344717.0,340626.8968,False,1713.3974,4090.1032,16728944.295,2.3871
delno_ocisceno,AGREGAT,Agregat,1,ar1,2025-10-29,2025-11-05,344717.0,347141.3332,False,1713.3974,2424.3332,5877391.5492,1.4149
delno_ocisceno,AGREGAT,Agregat,1,naivni,2025-11-05,2025-11-12,345946.0,344717.0,False,1713.9873,1229.0,1510441.0,0.717
delno_ocisceno,AGREGAT,Agregat,1,lin,2025-11-05,2025-11-12,345946.0,341404.3563,False,1713.9873,4541.6437,20626527.2333,2.6498
delno_ocisceno,AGREGAT,Agregat,1,ar1,2025-11-05,2025-11-12,345946.0,345227.9201,False,1713.9873,718.0799,515638.7472,0.419
delno_ocisceno,AGREGAT,Agregat,1,naivni,2025-11-12,2025-11-19,346037.0,345946.0,False,1707.925,91.0,8281.0,0.0533
delno_ocisceno,AGREGAT,Agregat,1,lin,2025-11-12,2025-11-19,346037.0,342205.3765,False,1707.925,3831.6235,14681338.3146,2.2434
delno_ocisceno,AGREGAT,Agregat,1,ar1,2025-11-12,2025-11-19,346037.0,346497.1457,False,1707.925,460.1457,211734.0475,0.2694
delno_ocisceno,AGREGAT,Agregat,1,naivni,2025-11-19,2025-11-26,347270.0,346037.0,False,1687.963,1233.0,1520289.0,0.7305
delno_ocisceno,AGREGAT,Agregat,1,lin,2025-11-19,2025-11-26,347270.0,342973.1292,False,1687.963,4296.8708,18463098.8613,2.5456
delno_ocisceno,AGREGAT,Agregat,1,ar1,2025-11-19,2025-11-26,347270.0,346562.8921,False,1687.963,707.1079,500001.5386,0.4189
delno_ocisceno,AGREGAT,Agregat,1,naivni,2025-11-26,2025-12-03,346950.0,347270.0,False,1682.4146,320.0,102400.0,0.1902
delno_ocisceno,AGREGAT,Agregat,1,lin,2025-11-26,2025-12-03,346950.0,343764.4293,False,1682.4146,3185.5707,10147860.5123,1.8935
delno_ocisceno,AGREGAT,Agregat,1,ar1,2025-11-26,2025-12-03,346950.0,347834.6084,False,1682.4146,884.6084,782532.0586,0.5258
delno_ocisceno,AGREGAT,Agregat,1,naivni,2025-12-03,2025-12-10,345987.0,346950.0,False,1666.0,963.0,927369.0,0.578
delno_ocisceno,AGREGAT,Agregat,1,lin,2025-12-03,2025-12-10,345987.0,344504.043,False,1666.0,1482.957,2199161.3771,0.8901
delno_ocisceno,AGREGAT,Agregat,1,ar1,2025-12-03,2025-12-10,345987.0,347467.6287,False,1666.0,1480.6287,2192261.3991,0.8887
delno_ocisceno,AGREGAT,Agregat,1,naivni,2025-12-10,2025-12-17,344238.0,345987.0,False,1657.631,1749.0,3059001.0,1.0551
delno_ocisceno,AGREGAT,Agregat,1,lin,2025-12-10,2025-12-17,344238.0,345164.4261,False,1657.631,926.4261,858265.2269,0.5589
delno_ocisceno,AGREGAT,Agregat,1,ar1,2025-12-10,2025-12-17,344238.0,346433.1012,False,1657.631,2195.1012,4818469.3461,1.3242
delno_ocisceno,AGREGAT,Agregat,1,naivni,2025-12-17,2026-01-07,343970.0,344238.0,True,1658.7059,268.0,71824.0,0.1616
delno_ocisceno,AGREGAT,Agregat,1,lin,2025-12-17,2026-01-07,343970.0,345713.1505,True,1658.7059,1743.1505,3038573.5917,1.0509
delno_ocisceno,AGREGAT,Agregat,1,ar1,2025-12-17,2026-01-07,343970.0,344593.8208,True,1658.7059,623.8208,389152.349,0.3761
delno_ocisceno,AGREGAT,Agregat,1,naivni,2026-01-07,2026-01-14,344940.0,343970.0,False,1642.5349,970.0,940900.0,0.5906
delno_ocisceno,AGREGAT,Agregat,1,lin,2026-01-07,2026-01-14,344940.0,346224.0767,False,1642.5349,1284.0767,1648853.0163,0.7818
delno_ocisceno,AGREGAT,Agregat,1,ar1,2026-01-07,2026-01-14,344940.0,344302.9247,False,1642.5349,637.0753,405864.928,0.3879
delno_ocisceno,AGREGAT,Agregat,1,naivni,2026-01-14,2026-01-21,346882.0,344940.0,False,1634.8046,1942.0,3771364.0,1.1879
delno_ocisceno,AGREGAT,Agregat,1,lin,2026-01-14,2026-01-21,346882.0,346755.4146,False,1634.8046,126.5854,16023.8694,0.0774
delno_ocisceno,AGREGAT,Agregat,1,ar1,2026-01-14,2026-01-21,346882.0,345291.9238,False,1634.8046,1590.0762,2528342.2697,0.9726
delno_ocisceno,AGREGAT,Agregat,1,naivni,2026-01-21,2026-01-28,350222.0,346882.0,False,1638.2955,3340.0,11155600.0,2.0387
delno_ocisceno,AGREGAT,Agregat,1,lin,2026-01-21,2026-01-28,350222.0,347349.8251,False,1638.2955,2872.1749,8249388.7906,1.7531
delno_ocisceno,AGREGAT,Agregat,1,ar1,2026-01-21,2026-01-28,350222.0,347287.9767,False,1638.2955,2934.0233,8608492.5275,1.7909
delno_ocisceno,AGREGAT,Agregat,1,naivni,2026-01-28,2026-02-04,352198.0,350222.0,False,1657.4157,1976.0,3904576.0,1.1922
delno_ocisceno,AGREGAT,Agregat,1,lin,2026-01-28,2026-02-04,352198.0,348066.2934,False,1657.4157,4131.7066,17070999.5667,2.4929
delno_ocisceno,AGREGAT,Agregat,1,ar1,2026-01-28,2026-02-04,352198.0,350747.2024,False,1657.4157,1450.7976,2104813.7776,0.8753
delno_ocisceno,AGREGAT,Agregat,1,naivni,2026-02-04,2026-02-11,353705.0,352198.0,False,1660.9556,1507.0,2271049.0,0.9073
delno_ocisceno,AGREGAT,Agregat,1,lin,2026-02-04,2026-02-11,353705.0,348838.8271,False,1660.9556,4866.1729,23679638.6321,2.9297
delno_ocisceno,AGREGAT,Agregat,1,ar1,2026-02-04,2026-02-11,353705.0,352793.9938,False,1660.9556,911.0062,829932.2377,0.5485
delno_ocisceno,AGREGAT,Agregat,1,naivni,2026-02-11,2026-02-18,358170.0,353705.0,False,1659.2637,4465.0,19936225.0,2.691
delno_ocisceno,AGREGAT,Agregat,1,lin,2026-02-11,2026-02-18,358170.0,349644.2812,False,1659.2637,8525.7188,72687881.4771,5.1383
delno_ocisceno,AGREGAT,Agregat,1,ar1,2026-02-11,2026-02-18,358170.0,354349.8896,False,1659.2637,3820.1104,14593243.3883,2.3023
delno_ocisceno,AGREGAT,Agregat,1,naivni,2026-02-18,2026-02-25,356874.0,358170.0,False,1689.7609,1296.0,1679616.0,0.767
delno_ocisceno,AGREGAT,Agregat,1,lin,2026-02-18,2026-02-25,356874.0,350608.2726,False,1689.7609,6265.7274,39259340.3866,3.7081
delno_ocisceno,AGREGAT,Agregat,1,ar1,2026-02-18,2026-02-25,356874.0,359039.393,False,1689.7609,2165.393,4688926.8201,1.2815
delno_ocisceno,AGREGAT,Agregat,1,naivni,2026-02-25,2026-03-04,355552.0,356874.0,False,1685.5269,1322.0,1747684.0,0.7843
delno_ocisceno,AGREGAT,Agregat,1,lin,2026-02-25,2026-03-04,355552.0,351478.0446,False,1685.5269,4073.9554,16597112.5016,2.417
delno_ocisceno,AGREGAT,Agregat,1,ar1,2026-02-25,2026-03-04,355552.0,357611.8863,False,1685.5269,2059.8863,4243131.4279,1.2221
delno_ocisceno,AGREGAT,Agregat,1,naivni,2026-03-04,2026-03-11,356659.0,355552.0,False,1681.6596,1107.0,1225449.0,0.6583
delno_ocisceno,AGREGAT,Agregat,1,lin,2026-03-04,2026-03-11,356659.0,352256.9348,False,1681.6596,4402.0652,19378177.7924,2.6177
delno_ocisceno,AGREGAT,Agregat,1,ar1,2026-03-04,2026-03-11,356659.0,356180.2558,False,1681.6596,478.7442,229195.9612,0.2847
delno_ocisceno,AGREGAT,Agregat,1,naivni,2026-03-11,2026-03-18,356618.0,356659.0,False,1675.6105,41.0,1681.0,0.0245
delno_ocisceno,AGREGAT,Agregat,1,lin,2026-03-11,2026-03-18,356618.0,353050.3897,False,1675.6105,3567.6103,12727843.3027,2.1291
delno_ocisceno,AGREGAT,Agregat,1,ar1,2026-03-11,2026-03-18,356618.0,357312.7499,False,1675.6105,694.7499,482677.4263,0.4146
delno_ocisceno,AGREGAT,Agregat,1,naivni,2026-03-18,2026-03-25,358869.0,356618.0,False,1658.5833,2251.0,5067001.0,1.3572
delno_ocisceno,AGREGAT,Agregat,1,lin,2026-03-18,2026-03-25,358869.0,353810.3795,False,1658.5833,5058.6205,25589641.2587,3.05
delno_ocisceno,AGREGAT,Agregat,1,ar1,2026-03-18,2026-03-25,358869.0,357239.3659,False,1658.5833,1629.6341,2655707.3947,0.9825
delno_ocisceno,AGREGAT,Agregat,1,naivni,2026-03-25,2026-04-08,356781.0,358869.0,True,1664.6907,2088.0,4359744.0,1.2543
delno_ocisceno,AGREGAT,Agregat,1,lin,2026-03-25,2026-04-08,356781.0,354631.9775,True,1664.6907,2149.0225,4618297.7575,1.2909
delno_ocisceno,AGREGAT,Agregat,1,ar1,2026-03-25,2026-04-08,356781.0,359571.5027,True,1664.6907,2790.5027,7786905.1653,1.6763
delno_ocisceno,AGREGAT,Agregat,1,naivni,2026-04-08,2026-04-15,354958.0,356781.0,False,1669.0102,1823.0,3323329.0,1.0923
delno_ocisceno,AGREGAT,Agregat,1,lin,2026-04-08,2026-04-15,354958.0,355337.0588,False,1669.0102,379.0588,143685.5365,0.2271
delno_ocisceno,AGREGAT,Agregat,1,ar1,2026-04-08,2026-04-15,354958.0,357350.678,False,1669.0102,2392.678,5724907.8526,1.4336
delno_ocisceno,AGREGAT,Agregat,1,naivni,2026-04-15,2026-04-29,358343.0,354958.0,True,1670.5657,3385.0,11458225.0,2.0263
delno_ocisceno,AGREGAT,Agregat,1,lin,2026-04-15,2026-04-29,358343.0,355941.4509,True,1670.5657,2401.5491,5767438.036,1.4376
delno_ocisceno,AGREGAT,Agregat,1,ar1,2026-04-15,2026-04-29,358343.0,355432.2443,True,1670.5657,2910.7557,8472498.6624,1.7424
delno_ocisceno,AGREGAT,Agregat,1,naivni,2026-04-29,2026-05-06,356142.0,358343.0,False,1687.71,2201.0,4844401.0,1.3041
delno_ocisceno,AGREGAT,Agregat,1,lin,2026-04-29,2026-05-06,356142.0,356655.8911,False,1687.71,513.8911,264084.0515,0.3045
delno_ocisceno,AGREGAT,Agregat,1,ar1,2026-04-29,2026-05-06,356142.0,358926.6558,False,1687.71,2784.6558,7754308.0407,1.65
delno_ocisceno,AGREGAT,Agregat,1,naivni,2026-05-06,2026-05-13,356902.0,356142.0,False,1692.7921,760.0,577600.0,0.449
delno_ocisceno,AGREGAT,Agregat,1,lin,2026-05-06,2026-05-13,356902.0,357256.4665,False,1692.7921,354.4665,125646.5077,0.2094
delno_ocisceno,AGREGAT,Agregat,1,ar1,2026-05-06,2026-05-13,356902.0,356615.5369,False,1692.7921,286.4631,82061.1134,0.1692
delno_ocisceno,AGREGAT,Agregat,1,naivni,2026-05-13,2026-05-20,355630.0,356902.0,False,1683.6471,1272.0,1617984.0,0.7555
delno_ocisceno,AGREGAT,Agregat,1,lin,2026-05-13,2026-05-20,355630.0,357863.1354,False,1683.6471,2233.1354,4986893.4969,1.3264
delno_ocisceno,AGREGAT,Agregat,1,ar1,2026-05-13,2026-05-20,355630.0,357384.856,False,1683.6471,1754.856,3079519.605,1.0423
delno_ocisceno,AGREGAT,Agregat,1,naivni,2026-05-20,2026-05-27,357507.0,355630.0,False,1679.6505,1877.0,3523129.0,1.1175
delno_ocisceno,AGREGAT,Agregat,1,lin,2026-05-20,2026-05-27,357507.0,358397.4815,False,1679.6505,890.4815,792957.3304,0.5302
delno_ocisceno,AGREGAT,Agregat,1,ar1,2026-05-20,2026-05-27,357507.0,356054.0185,False,1679.6505,1452.9815,2111155.158,0.865
delno_ocisceno,AGREGAT,Agregat,1,naivni,2026-05-27,2026-06-03,355201.0,357507.0,False,1681.5481,2306.0,5317636.0,1.3714
delno_ocisceno,AGREGAT,Agregat,1,lin,2026-05-27,2026-06-03,355201.0,358982.5674,False,1681.5481,3781.5674,14300251.9952,2.2489
delno_ocisceno,AGREGAT,Agregat,1,ar1,2026-05-27,2026-06-03,355201.0,357975.219,False,1681.5481,2774.219,7696290.9062,1.6498
delno_ocisceno,AGREGAT,Agregat,1,naivni,2026-06-03,2026-06-17,352525.0,355201.0,True,1687.4952,2676.0,7160976.0,1.5858
delno_ocisceno,AGREGAT,Agregat,1,lin,2026-06-03,2026-06-17,352525.0,359458.3957,True,1687.4952,6933.3957,48071975.7571,4.1087
delno_ocisceno,AGREGAT,Agregat,1,ar1,2026-06-03,2026-06-17,352525.0,355583.1785,True,1687.4952,3058.1785,9352455.5986,1.8123
delno_ocisceno,AGREGAT,Agregat,1,naivni,2026-06-17,2026-06-24,352926.0,352525.0,False,1696.8208,401.0,160801.0,0.2363
delno_ocisceno,AGREGAT,Agregat,1,lin,2026-06-17,2026-06-24,352926.0,359815.7318,False,1696.8208,6889.7318,47468404.1841,4.0604
delno_ocisceno,AGREGAT,Agregat,1,ar1,2026-06-17,2026-06-24,352926.0,352831.9301,False,1696.8208,94.0699,8849.1466,0.0554
delno_ocisceno,AGREGAT,Agregat,1,naivni,2026-06-24,2026-07-01,351527.0,352926.0,False,1684.7103,1399.0,1957201.0,0.8304
delno_ocisceno,AGREGAT,Agregat,1,lin,2026-06-24,2026-07-01,351527.0,360173.4851,False,1684.7103,8646.4851,74761704.8605,5.1323
delno_ocisceno,AGREGAT,Agregat,1,ar1,2026-06-24,2026-07-01,351527.0,353233.0478,False,1684.7103,1706.0478,2910599.1708,1.0127
delno_ocisceno,AGREGAT,Agregat,1,naivni,2026-07-01,2026-07-08,351311.0,351527.0,False,1682.0648,216.0,46656.0,0.1284
delno_ocisceno,AGREGAT,Agregat,1,lin,2026-07-01,2026-07-08,351311.0,360465.5999,False,1682.0648,9154.5999,83806699.2936,5.4425
delno_ocisceno,AGREGAT,Agregat,1,ar1,2026-07-01,2026-07-08,351311.0,351800.4137,False,1682.0648,489.4137,239525.7719,0.291
delno_ocisceno,AGREGAT,Agregat,1,naivni,2026-07-08,2026-07-15,352457.0,351311.0,False,1668.6147,1146.0,1313316.0,0.6868
delno_ocisceno,AGREGAT,Agregat,1,lin,2026-07-08,2026-07-15,352457.0,360737.7955,False,1668.6147,8280.7955,68571574.0507,4.9627
delno_ocisceno,AGREGAT,Agregat,1,ar1,2026-07-08,2026-07-15,352457.0,351574.6662,False,1668.6147,882.3338,778512.9176,0.5288
delno_ocisceno,AGREGAT,Agregat,4,naivni,2025-04-09,2025-05-07,328993.0,325983.0,False,1635.8235,3010.0,9060100.0,1.8401
delno_ocisceno,AGREGAT,Agregat,4,lin,2025-04-09,2025-05-07,328993.0,317522.1491,False,1635.8235,11470.8509,131580420.1904,7.0123
delno_ocisceno,AGREGAT,Agregat,4,ar1,2025-04-09,2025-05-07,328993.0,326742.1935,False,1635.8235,2250.8065,5066130.111,1.3759
delno_ocisceno,AGREGAT,Agregat,4,naivni,2025-04-16,2025-05-14,330344.0,326512.0,False,1614.5385,3832.0,14684224.0,2.3734
delno_ocisceno,AGREGAT,Agregat,4,lin,2025-04-16,2025-05-14,330344.0,318640.2177,False,1614.5385,11703.7823,136978519.9661,7.249
delno_ocisceno,AGREGAT,Agregat,4,ar1,2025-04-16,2025-05-14,330344.0,327428.5089,False,1614.5385,2915.4911,8500088.2901,1.8058
delno_ocisceno,AGREGAT,Agregat,4,naivni,2025-04-23,2025-05-21,329919.0,327514.0,False,1602.9811,2405.0,5784025.0,1.5003
delno_ocisceno,AGREGAT,Agregat,4,lin,2025-04-23,2025-05-21,329919.0,319758.6411,False,1602.9811,10160.3589,103232892.6607,6.3384
delno_ocisceno,AGREGAT,Agregat,4,ar1,2025-04-23,2025-05-21,329919.0,328789.4191,False,1602.9811,1129.5809,1275952.9999,0.7047
delno_ocisceno,AGREGAT,Agregat,4,naivni,2025-04-30,2025-05-28,332198.0,330734.0,False,1632.9259,1464.0,2143296.0,0.8966
delno_ocisceno,AGREGAT,Agregat,4,lin,2025-04-30,2025-05-28,332198.0,321051.3882,False,1632.9259,11146.6118,124246955.3469,6.8262
delno_ocisceno,AGREGAT,Agregat,4,ar1,2025-04-30,2025-05-28,332198.0,333575.996,False,1632.9259,1377.996,1898872.9008,0.8439
delno_ocisceno,AGREGAT,Agregat,4,naivni,2025-05-07,2025-06-04,334850.0,328993.0,False,1634.8909,5857.0,34304449.0,3.5825
delno_ocisceno,AGREGAT,Agregat,4,lin,2025-05-07,2025-06-04,334850.0,322121.0858,False,1634.8909,12728.9142,162025257.1529,7.7858
delno_ocisceno,AGREGAT,Agregat,4,ar1,2025-05-07,2025-06-04,334850.0,330477.4947,False,1634.8909,4372.5053,19118802.488,2.6745
delno_ocisceno,AGREGAT,Agregat,4,naivni,2025-05-14,2025-06-18,333328.0,330344.0,True,1629.8214,2984.0,8904256.0,1.8309
delno_ocisceno,AGREGAT,Agregat,4,lin,2025-05-14,2025-06-18,333328.0,323219.8311,True,1629.8214,10108.1689,102175077.9136,6.202
delno_ocisceno,AGREGAT,Agregat,4,ar1,2025-05-14,2025-06-18,333328.0,332254.6417,True,1629.8214,1073.3583,1152098.1183,0.6586
delno_ocisceno,AGREGAT,Agregat,4,naivni,2025-05-21,2025-07-02,334078.0,329919.0,True,1608.6842,4159.0,17297281.0,2.5853
delno_ocisceno,AGREGAT,Agregat,4,lin,2025-05-21,2025-07-02,334078.0,324213.2172,True,1608.6842,9864.7828,97313940.2706,6.1322
delno_ocisceno,AGREGAT,Agregat,4,ar1,2025-05-21,2025-07-02,334078.0,331443.8851,True,1608.6842,2634.1149,6938561.1006,1.6374
delno_ocisceno,AGREGAT,Agregat,4,naivni,2025-05-28,2025-07-09,335290.0,332198.0,True,1620.2414,3092.0,9560464.0,1.9084
delno_ocisceno,AGREGAT,Agregat,4,lin,2025-05-28,2025-07-09,335290.0,325306.5742,True,1620.2414,9983.4258,99668791.3599,6.1617
delno_ocisceno,AGREGAT,Agregat,4,ar1,2025-05-28,2025-07-09,335290.0,334483.5148,True,1620.2414,806.4852,650418.4061,0.4978
delno_ocisceno,AGREGAT,Agregat,4,naivni,2025-06-04,2025-07-16,334624.0,334850.0,True,1637.7288,226.0,51076.0,0.138
delno_ocisceno,AGREGAT,Agregat,4,lin,2025-06-04,2025-07-16,334624.0,326518.5522,True,1637.7288,8105.4478,65698284.0436,4.9492
delno_ocisceno,AGREGAT,Agregat,4,ar1,2025-06-04,2025-07-16,334624.0,338146.7306,True,1637.7288,3522.7306,12409630.7986,2.151
delno_ocisceno,AGREGAT,Agregat,4,naivni,2025-06-18,2025-07-23,337875.0,333328.0,True,1635.8,4547.0,20675209.0,2.7797
delno_ocisceno,AGREGAT,Agregat,4,lin,2025-06-18,2025-07-23,337875.0,327546.2012,True,1635.8,10328.7988,106684085.4068,6.3142
delno_ocisceno,AGREGAT,Agregat,4,ar1,2025-06-18,2025-07-23,337875.0,335539.5742,True,1635.8,2335.4258,5454213.4453,1.4277
delno_ocisceno,AGREGAT,Agregat,4,naivni,2025-07-02,2025-07-30,336604.0,334078.0,False,1621.2787,2526.0,6380676.0,1.558
delno_ocisceno,AGREGAT,Agregat,4,lin,2025-07-02,2025-07-30,336604.0,328560.4308,False,1621.2787,8043.5692,64699004.867,4.9613
delno_ocisceno,AGREGAT,Agregat,4,ar1,2025-07-02,2025-07-30,336604.0,336374.0685,False,1621.2787,229.9315,52868.5048,0.1418
delno_ocisceno,AGREGAT,Agregat,4,naivni,2025-07-09,2025-08-06,337858.0,335290.0,False,1614.6774,2568.0,6594624.0,1.5904
delno_ocisceno,AGREGAT,Agregat,4,lin,2025-07-09,2025-08-06,337858.0,329593.5021,False,1614.6774,8264.4979,68301925.8675,5.1184
delno_ocisceno,AGREGAT,Agregat,4,ar1,2025-07-09,2025-08-06,337858.0,337842.9358,False,1614.6774,15.0642,226.9312,0.0093
delno_ocisceno,AGREGAT,Agregat,4,naivni,2025-07-16,2025-08-13,338926.0,334624.0,False,1599.619,4302.0,18507204.0,2.6894
delno_ocisceno,AGREGAT,Agregat,4,lin,2025-07-16,2025-08-13,338926.0,330518.3936,False,1599.619,8407.6064,70687845.1648,5.256
delno_ocisceno,AGREGAT,Agregat,4,ar1,2025-07-16,2025-08-13,338926.0,336710.6012,False,1599.619,2215.3988,4907991.7549,1.385
delno_ocisceno,AGREGAT,Agregat,4,naivni,2025-07-23,2025-08-20,330763.0,337875.0,False,1625.4219,7112.0,50580544.0,4.3755
delno_ocisceno,AGREGAT,Agregat,4,lin,2025-07-23,2025-08-20,330763.0,331600.3128,False,1625.4219,837.3128,701092.6618,0.5151
delno_ocisceno,AGREGAT,Agregat,4,ar1,2025-07-23,2025-08-20,330763.0,340943.078,False,1625.4219,10180.078,103633987.5313,6.263
delno_ocisceno,AGREGAT,Agregat,4,naivni,2025-07-30,2025-08-27,337410.0,336604.0,False,1619.9692,806.0,649636.0,0.4975
delno_ocisceno,AGREGAT,Agregat,4,lin,2025-07-30,2025-08-27,337410.0,332535.4758,False,1619.9692,4874.5242,23760986.5561,3.009
delno_ocisceno,AGREGAT,Agregat,4,ar1,2025-07-30,2025-08-27,337410.0,338922.9182,False,1619.9692,1512.9182,2288921.3618,0.9339
delno_ocisceno,AGREGAT,Agregat,4,naivni,2025-08-06,2025-09-03,336862.0,337858.0,False,1614.4242,996.0,992016.0,0.6169
delno_ocisceno,AGREGAT,Agregat,4,lin,2025-08-06,2025-09-03,336862.0,333494.8031,False,1614.4242,3367.1969,11338015.2536,2.0857
delno_ocisceno,AGREGAT,Agregat,4,ar1,2025-08-06,2025-09-03,336862.0,340409.2339,False,1614.4242,3547.2339,12582868.546,2.1972
delno_ocisceno,AGREGAT,Agregat,4,naivni,2025-08-13,2025-09-10,337833.0,338926.0,False,1606.2687,1093.0,1194649.0,0.6805
delno_ocisceno,AGREGAT,Agregat,4,lin,2025-08-13,2025-09-10,337833.0,334464.8785,False,1606.2687,3368.1215,11344242.3268,2.0969
delno_ocisceno,AGREGAT,Agregat,4,ar1,2025-08-13,2025-09-10,337833.0,341637.9995,False,1606.2687,3804.9995,14478021.0831,2.3688
delno_ocisceno,AGREGAT,Agregat,4,naivni,2025-08-20,2025-09-17,338107.0,330763.0,False,1702.6912,7344.0,53934336.0,4.3132
delno_ocisceno,AGREGAT,Agregat,4,lin,2025-08-20,2025-09-17,338107.0,334875.3493,False,1702.6912,3231.6507,10443566.1699,1.898
delno_ocisceno,AGREGAT,Agregat,4,ar1,2025-08-20,2025-09-17,338107.0,331322.8316,False,1702.6912,6784.1684,46024940.8733,3.9844
delno_ocisceno,AGREGAT,Agregat,4,naivni,2025-08-27,2025-09-24,338941.0,337410.0,False,1774.3478,1531.0,2343961.0,0.8629
delno_ocisceno,AGREGAT,Agregat,4,lin,2025-08-27,2025-09-24,338941.0,335663.6638,False,1774.3478,3277.3362,10740932.5092,1.8471
delno_ocisceno,AGREGAT,Agregat,4,ar1,2025-08-27,2025-09-24,338941.0,338866.3955,False,1774.3478,74.6045,5565.8343,0.042
delno_ocisceno,AGREGAT,Agregat,4,naivni,2025-09-03,2025-10-01,338415.0,336862.0,False,1756.8286,1553.0,2411809.0,0.884
delno_ocisceno,AGREGAT,Agregat,4,lin,2025-09-03,2025-10-01,338415.0,336374.1368,False,1756.8286,2040.8632,4165122.5157,1.1617
delno_ocisceno,AGREGAT,Agregat,4,ar1,2025-09-03,2025-10-01,338415.0,338111.0696,False,1756.8286,303.9304,92373.6927,0.173
delno_ocisceno,AGREGAT,Agregat,4,naivni,2025-09-10,2025-10-08,339949.0,337833.0,False,1745.7606,2116.0,4477456.0,1.2121
delno_ocisceno,AGREGAT,Agregat,4,lin,2025-09-10,2025-10-08,339949.0,337101.3941,False,1745.7606,2847.6059,8108859.4329,1.6312
delno_ocisceno,AGREGAT,Agregat,4,ar1,2025-09-10,2025-10-08,339949.0,339205.3205,False,1745.7606,743.6795,553059.2052,0.426
delno_ocisceno,AGREGAT,Agregat,4,naivni,2025-09-17,2025-10-15,342043.0,338107.0,False,1725.3194,3936.0,15492096.0,2.2813
delno_ocisceno,AGREGAT,Agregat,4,lin,2025-09-17,2025-10-15,342043.0,337803.8116,False,1725.3194,4239.1884,17970718.7038,2.457
delno_ocisceno,AGREGAT,Agregat,4,ar1,2025-09-17,2025-10-15,342043.0,339457.0037,False,1725.3194,2585.9963,6687376.6569,1.4989
delno_ocisceno,AGREGAT,Agregat,4,naivni,2025-09-24,2025-10-22,343249.0,338941.0,False,1713.1096,4308.0,18558864.0,2.5147
delno_ocisceno,AGREGAT,Agregat,4,lin,2025-09-24,2025-10-22,343249.0,338515.0202,False,1713.1096,4733.9798,22410564.4671,2.7634
delno_ocisceno,AGREGAT,Agregat,4,ar1,2025-09-24,2025-10-22,343249.0,340381.1647,False,1713.1096,2867.8353,8224479.559,1.6741
delno_ocisceno,AGREGAT,Agregat,4,naivni,2025-10-01,2025-10-29,346477.0,338415.0,False,1697.0676,8062.0,64995844.0,4.7505
delno_ocisceno,AGREGAT,Agregat,4,lin,2025-10-01,2025-10-29,346477.0,339157.6164,False,1697.0676,7319.3836,53573376.1979,4.313
delno_ocisceno,AGREGAT,Agregat,4,ar1,2025-10-01,2025-10-29,346477.0,339677.4038,False,1697.0676,6799.5962,46234507.8669,4.0067
delno_ocisceno,AGREGAT,Agregat,4,naivni,2025-10-08,2025-11-05,344717.0,339949.0,False,1694.8933,4768.0,22733824.0,2.8132
delno_ocisceno,AGREGAT,Agregat,4,lin,2025-10-08,2025-11-05,344717.0,339850.5656,False,1694.8933,4866.4344,23682184.2538,2.8712
delno_ocisceno,AGREGAT,Agregat,4,ar1,2025-10-08,2025-11-05,344717.0,341424.6222,False,1694.8933,3292.3778,10839751.5863,1.9425
delno_ocisceno,AGREGAT,Agregat,4,naivni,2025-10-15,2025-11-12,345946.0,342043.0,False,1700.1447,3903.0,15233409.0,2.2957
delno_ocisceno,AGREGAT,Agregat,4,lin,2025-10-15,2025-11-12,345946.0,340621.5577,False,1700.1447,5324.4423,28349686.3079,3.1318
delno_ocisceno,AGREGAT,Agregat,4,ar1,2025-10-15,2025-11-12,345946.0,343864.3268,False,1700.1447,2081.6732,4333363.4616,1.2244
delno_ocisceno,AGREGAT,Agregat,4,naivni,2025-10-22,2025-11-19,346037.0,343249.0,False,1693.7273,2788.0,7772944.0,1.6461
delno_ocisceno,AGREGAT,Agregat,4,lin,2025-10-22,2025-11-19,346037.0,341417.7514,False,1693.7273,4619.2486,21337457.4682,2.7273
delno_ocisceno,AGREGAT,Agregat,4,ar1,2025-10-22,2025-11-19,346037.0,345237.7764,False,1693.7273,799.2236,638758.3706,0.4719
delno_ocisceno,AGREGAT,Agregat,4,naivni,2025-10-29,2025-11-26,347270.0,346477.0,False,1713.3974,793.0,628849.0,0.4628
delno_ocisceno,AGREGAT,Agregat,4,lin,2025-10-29,2025-11-26,347270.0,342345.7599,False,1713.3974,4924.2401,24248140.2489,2.874
delno_ocisceno,AGREGAT,Agregat,4,ar1,2025-10-29,2025-11-26,347270.0,349151.131,False,1713.3974,1881.131,3538653.8486,1.0979
delno_ocisceno,AGREGAT,Agregat,4,naivni,2025-11-05,2025-12-03,346950.0,344717.0,False,1713.9873,2233.0,4986289.0,1.3028
delno_ocisceno,AGREGAT,Agregat,4,lin,2025-11-05,2025-12-03,346950.0,343134.5809,False,1713.9873,3815.4191,14557423.1222,2.226
delno_ocisceno,AGREGAT,Agregat,4,ar1,2025-11-05,2025-12-03,346950.0,346760.4731,False,1713.9873,189.5269,35920.4622,0.1106
delno_ocisceno,AGREGAT,Agregat,4,naivni,2025-11-12,2025-12-10,345987.0,345946.0,False,1707.925,41.0,1681.0,0.024
delno_ocisceno,AGREGAT,Agregat,4,lin,2025-11-12,2025-12-10,345987.0,343947.9091,False,1707.925,2039.0909,4157891.8472,1.1939
delno_ocisceno,AGREGAT,Agregat,4,ar1,2025-11-12,2025-12-10,345987.0,348154.0753,False,1707.925,2167.0753,4696215.3432,1.2688
delno_ocisceno,AGREGAT,Agregat,4,naivni,2025-11-19,2025-12-17,344238.0,346037.0,False,1687.963,1799.0,3236401.0,1.0658
delno_ocisceno,AGREGAT,Agregat,4,lin,2025-11-19,2025-12-17,344238.0,344725.7953,False,1687.963,487.7953,237944.2445,0.289
delno_ocisceno,AGREGAT,Agregat,4,ar1,2025-11-19,2025-12-17,344238.0,348141.6541,False,1687.963,3903.6541,15238515.4267,2.3126
delno_ocisceno,AGREGAT,Agregat,4,naivni,2025-11-26,2026-01-07,343970.0,347270.0,True,1682.4146,3300.0,10890000.0,1.9615
delno_ocisceno,AGREGAT,Agregat,4,lin,2025-11-26,2026-01-07,343970.0,345528.1889,True,1682.4146,1558.1889,2427952.676,0.9262
delno_ocisceno,AGREGAT,Agregat,4,ar1,2025-11-26,2026-01-07,343970.0,349533.1246,True,1682.4146,5563.1246,30948355.8048,3.3066
delno_ocisceno,AGREGAT,Agregat,4,naivni,2025-12-03,2026-01-14,344940.0,346950.0,True,1666.0,2010.0,4040100.0,1.2065
delno_ocisceno,AGREGAT,Agregat,4,lin,2025-12-03,2026-01-14,344940.0,346275.8335,True,1666.0,1335.8335,1784451.0371,0.8018
delno_ocisceno,AGREGAT,Agregat,4,ar1,2025-12-03,2026-01-14,344940.0,349020.8145,True,1666.0,4080.8145,16653046.5979,2.4495
delno_ocisceno,AGREGAT,Agregat,4,naivni,2025-12-10,2026-01-21,346882.0,345987.0,True,1657.631,895.0,801025.0,0.5399
delno_ocisceno,AGREGAT,Agregat,4,lin,2025-12-10,2026-01-21,346882.0,346939.8681,True,1657.631,57.8681,3348.7155,0.0349
delno_ocisceno,AGREGAT,Agregat,4,ar1,2025-12-10,2026-01-21,346882.0,347766.2519,True,1657.631,884.2519,781901.3493,0.5334
delno_ocisceno,AGREGAT,Agregat,4,naivni,2025-12-17,2026-01-28,350222.0,344238.0,True,1658.7059,5984.0,35808256.0,3.6076
delno_ocisceno,AGREGAT,Agregat,4,lin,2025-12-17,2026-01-28,350222.0,347486.3637,True,1658.7059,2735.6363,7483705.7275,1.6493
delno_ocisceno,AGREGAT,Agregat,4,ar1,2025-12-17,2026-01-28,350222.0,345651.2937,True,1658.7059,4570.7063,20891356.1329,2.7556
delno_ocisceno,AGREGAT,Agregat,4,naivni,2026-01-07,2026-02-04,352198.0,343970.0,False,1642.5349,8228.0,67699984.0,5.0093
delno_ocisceno,AGREGAT,Agregat,4,lin,2026-01-07,2026-02-04,352198.0,347993.1917,False,1642.5349,4204.8083,17680413.1252,2.56
delno_ocisceno,AGREGAT,Agregat,4,ar1,2026-01-07,2026-02-04,352198.0,345290.9532,False,1642.5349,6907.0468,47707295.1349,4.2051
delno_ocisceno,AGREGAT,Agregat,4,naivni,2026-01-14,2026-02-11,353705.0,344940.0,False,1634.8046,8765.0,76825225.0,5.3615
delno_ocisceno,AGREGAT,Agregat,4,lin,2026-01-14,2026-02-11,353705.0,348521.5784,False,1634.8046,5183.4216,26867859.704,3.1707
delno_ocisceno,AGREGAT,Agregat,4,ar1,2026-01-14,2026-02-11,353705.0,346337.7747,False,1634.8046,7367.2253,54276008.0392,4.5065
delno_ocisceno,AGREGAT,Agregat,4,naivni,2026-01-21,2026-02-18,358170.0,346882.0,False,1638.2955,11288.0,127418944.0,6.8901
delno_ocisceno,AGREGAT,Agregat,4,lin,2026-01-21,2026-02-18,358170.0,349116.2733,False,1638.2955,9053.7267,81969966.4314,5.5263
delno_ocisceno,AGREGAT,Agregat,4,ar1,2026-01-21,2026-02-18,358170.0,348498.6178,False,1638.2955,9671.3822,93535633.665,5.9033
delno_ocisceno,AGREGAT,Agregat,4,naivni,2026-01-28,2026-02-25,356874.0,350222.0,False,1657.4157,6652.0,44249104.0,4.0135
delno_ocisceno,AGREGAT,Agregat,4,lin,2026-01-28,2026-02-25,356874.0,349839.0541,False,1657.4157,7034.9459,49490463.5463,4.2445
delno_ocisceno,AGREGAT,Agregat,4,ar1,2026-01-28,2026-02-25,356874.0,352323.6909,False,1657.4157,4550.3091,20705312.6803,2.7454
delno_ocisceno,AGREGAT,Agregat,4,naivni,2026-02-04,2026-03-04,355552.0,352198.0,False,1660.9556,3354.0,11249316.0,2.0193
delno_ocisceno,AGREGAT,Agregat,4,lin,2026-02-04,2026-03-04,355552.0,350620.4711,False,1660.9556,4931.5289,24319977.1924,2.9691
delno_ocisceno,AGREGAT,Agregat,4,ar1,2026-02-04,2026-03-04,355552.0,354589.2243,False,1660.9556,962.7757,926937.1199,0.5797
delno_ocisceno,AGREGAT,Agregat,4,naivni,2026-02-11,2026-03-11,356659.0,353705.0,False,1659.2637,2954.0,8726116.0,1.7803
delno_ocisceno,AGREGAT,Agregat,4,lin,2026-02-11,2026-03-11,356659.0,351436.1626,False,1659.2637,5222.8374,27278030.8249,3.1477
delno_ocisceno,AGREGAT,Agregat,4,ar1,2026-02-11,2026-03-11,356659.0,356296.725,False,1659.2637,362.275,131243.1868,0.2183
delno_ocisceno,AGREGAT,Agregat,4,naivni,2026-02-18,2026-03-18,356618.0,358170.0,False,1689.7609,1552.0,2408704.0,0.9185
delno_ocisceno,AGREGAT,Agregat,4,lin,2026-02-18,2026-03-18,356618.0,352417.7086,False,1689.7609,4200.2914,17642447.6514,2.4857
delno_ocisceno,AGREGAT,Agregat,4,ar1,2026-02-18,2026-03-18,356618.0,361688.4327,False,1689.7609,5070.4327,25709287.4748,3.0007
delno_ocisceno,AGREGAT,Agregat,4,naivni,2026-02-25,2026-03-25,358869.0,356874.0,False,1685.5269,1995.0,3980025.0,1.1836
delno_ocisceno,AGREGAT,Agregat,4,lin,2026-02-25,2026-03-25,358869.0,353300.1104,False,1685.5269,5568.8896,31012531.7806,3.3039
delno_ocisceno,AGREGAT,Agregat,4,ar1,2026-02-25,2026-03-25,358869.0,359847.5674,False,1685.5269,978.5674,957594.1643,0.5806
delno_ocisceno,AGREGAT,Agregat,4,naivni,2026-03-04,2026-04-08,356781.0,355552.0,True,1681.6596,1229.0,1510441.0,0.7308
delno_ocisceno,AGREGAT,Agregat,4,lin,2026-03-04,2026-04-08,356781.0,354087.0413,True,1681.6596,2693.9587,7257413.5883,1.602
delno_ocisceno,AGREGAT,Agregat,4,ar1,2026-03-04,2026-04-08,356781.0,358074.4349,True,1681.6596,1293.4349,1672973.914,0.7691
delno_ocisceno,AGREGAT,Agregat,4,naivni,2026-03-11,2026-04-15,354958.0,356659.0,True,1675.6105,1701.0,2893401.0,1.0152
delno_ocisceno,AGREGAT,Agregat,4,lin,2026-03-11,2026-04-15,354958.0,354889.0053,True,1675.6105,68.9947,4760.2697,0.0412
delno_ocisceno,AGREGAT,Agregat,4,ar1,2026-03-11,2026-04-15,354958.0,359285.8613,True,1675.6105,4327.8613,18730383.0948,2.5829
delno_ocisceno,AGREGAT,Agregat,4,naivni,2026-03-18,2026-04-29,358343.0,356618.0,True,1658.5833,1725.0,2975625.0,1.04
delno_ocisceno,AGREGAT,Agregat,4,lin,2026-03-18,2026-04-29,358343.0,355655.7505,True,1658.5833,2687.2495,7221309.7356,1.6202
delno_ocisceno,AGREGAT,Agregat,4,ar1,2026-03-18,2026-04-29,358343.0,359111.9254,True,1658.5833,768.9254,591246.3334,0.4636
delno_ocisceno,AGREGAT,Agregat,4,naivni,2026-03-25,2026-05-06,356142.0,358869.0,True,1664.6907,2727.0,7436529.0,1.6381
delno_ocisceno,AGREGAT,Agregat,4,lin,2026-03-25,2026-05-06,356142.0,356486.7337,True,1664.6907,344.7337,118841.3234,0.2071
delno_ocisceno,AGREGAT,Agregat,4,ar1,2026-03-25,2026-05-06,356142.0,361695.7002,True,1664.6907,5553.7002,30843585.5668,3.3362
delno_ocisceno,AGREGAT,Agregat,4,naivni,2026-04-08,2026-05-13,356902.0,356781.0,True,1669.0102,121.0,14641.0,0.0725
delno_ocisceno,AGREGAT,Agregat,4,lin,2026-04-08,2026-05-13,356902.0,357195.7223,True,1669.0102,293.7223,86272.7753,0.176
delno_ocisceno,AGREGAT,Agregat,4,ar1,2026-04-08,2026-05-13,356902.0,359063.1831,True,1669.0102,2161.1831,4670712.278,1.2949
delno_ocisceno,AGREGAT,Agregat,4,naivni,2026-04-15,2026-05-20,355630.0,354958.0,True,1670.5657,672.0,451584.0,0.4023
delno_ocisceno,AGREGAT,Agregat,4,lin,2026-04-15,2026-05-20,355630.0,357799.4389,True,1670.5657,2169.4389,4706465.0709,1.2986
delno_ocisceno,AGREGAT,Agregat,4,ar1,2026-04-15,2026-05-20,355630.0,356851.4129,True,1670.5657,1221.4129,1491849.371,0.7311
delno_ocisceno,AGREGAT,Agregat,4,naivni,2026-04-29,2026-05-27,357507.0,358343.0,False,1687.71,836.0,698896.0,0.4953
delno_ocisceno,AGREGAT,Agregat,4,lin,2026-04-29,2026-05-27,357507.0,358518.0751,False,1687.71,1011.0751,1022272.9206,0.5991
delno_ocisceno,AGREGAT,Agregat,4,ar1,2026-04-29,2026-05-27,357507.0,360682.0282,False,1687.71,3175.0282,10080803.9066,1.8813
delno_ocisceno,AGREGAT,Agregat,4,naivni,2026-05-06,2026-06-03,355201.0,356142.0,False,1692.7921,941.0,885481.0,0.5559
delno_ocisceno,AGREGAT,Agregat,4,lin,2026-05-06,2026-06-03,355201.0,359117.7701,False,1692.7921,3916.7701,15341088.0182,2.3138
delno_ocisceno,AGREGAT,Agregat,4,ar1,2026-05-06,2026-06-03,355201.0,358032.443,False,1692.7921,2831.443,8017069.7172,1.6726
delno_ocisceno,AGREGAT,Agregat,4,naivni,2026-05-13,2026-06-17,352525.0,356902.0,True,1683.6471,4377.0,19158129.0,2.5997
delno_ocisceno,AGREGAT,Agregat,4,lin,2026-05-13,2026-06-17,352525.0,359723.8433,True,1683.6471,7198.8433,51823344.9921,4.2757
delno_ocisceno,AGREGAT,Agregat,4,ar1,2026-05-13,2026-06-17,352525.0,358830.3334,True,1683.6471,6305.3334,39757229.3092,3.745
delno_ocisceno,AGREGAT,Agregat,4,naivni,2026-05-20,2026-06-24,352926.0,355630.0,True,1679.6505,2704.0,7311616.0,1.6099
delno_ocisceno,AGREGAT,Agregat,4,lin,2026-05-20,2026-06-24,352926.0,360254.5085,True,1679.6505,7328.5085,53707036.568,4.3631
delno_ocisceno,AGREGAT,Agregat,4,ar1,2026-05-20,2026-06-24,352926.0,357319.7112,True,1679.6505,4393.7112,19304697.8644,2.6158
delno_ocisceno,AGREGAT,Agregat,4,naivni,2026-05-27,2026-07-01,351527.0,357507.0,True,1681.5481,5980.0,35760400.0,3.5562
delno_ocisceno,AGREGAT,Agregat,4,lin,2026-05-27,2026-07-01,351527.0,360838.1542,True,1681.5481,9311.1542,86697593.1542,5.5373
delno_ocisceno,AGREGAT,Agregat,4,ar1,2026-05-27,2026-07-01,351527.0,359375.9464,True,1681.5481,7848.9464,61605959.1033,4.6677
delno_ocisceno,AGREGAT,Agregat,4,naivni,2026-06-03,2026-07-08,351311.0,355201.0,True,1687.4952,3890.0,15132100.0,2.3052
delno_ocisceno,AGREGAT,Agregat,4,lin,2026-06-03,2026-07-08,351311.0,361307.9811,True,1687.4952,9996.9811,99939630.9492,5.9242
delno_ocisceno,AGREGAT,Agregat,4,ar1,2026-06-03,2026-07-08,351311.0,356721.5535,True,1687.4952,5410.5535,29274089.5129,3.2063
delno_ocisceno,AGREGAT,Agregat,4,naivni,2026-06-17,2026-07-15,352457.0,352525.0,False,1696.8208,68.0,4624.0,0.0401
delno_ocisceno,AGREGAT,Agregat,4,lin,2026-06-17,2026-07-15,352457.0,361654.5175,False,1696.8208,9197.5175,84594328.4574,5.4204
delno_ocisceno,AGREGAT,Agregat,4,ar1,2026-06-17,2026-07-15,352457.0,353742.2364,False,1696.8208,1285.2364,1651832.6742,0.7574
ocisceno,1010P,Dermatološki pregled - prvi,1,naivni,2025-04-09,2025-04-16,29052.0,28616.0,False,199.3529,436.0,190096.0,2.1871
ocisceno,1010P,Dermatološki pregled - prvi,1,lin,2025-04-09,2025-04-16,29052.0,29422.638,False,199.3529,370.638,137372.5338,1.8592
ocisceno,1010P,Dermatološki pregled - prvi,1,ar1,2025-04-09,2025-04-16,29052.0,28624.6838,False,199.3529,427.3162,182599.1071,2.1435
ocisceno,1010P,Dermatološki pregled - prvi,1,naivni,2025-04-16,2025-04-23,29251.0,29052.0,False,203.9038,199.0,39601.0,0.976
ocisceno,1010P,Dermatološki pregled - prvi,1,lin,2025-04-16,2025-04-23,29251.0,29466.3578,False,203.9038,215.3578,46378.9669,1.0562
ocisceno,1010P,Dermatološki pregled - prvi,1,ar1,2025-04-16,2025-04-23,29251.0,29047.3906,False,203.9038,203.6094,41456.8009,0.9986
ocisceno,1010P,Dermatološki pregled - prvi,1,naivni,2025-04-23,2025-04-30,29477.0,29251.0,False,203.8113,226.0,51076.0,1.1089
ocisceno,1010P,Dermatološki pregled - prvi,1,lin,2025-04-23,2025-04-30,29477.0,29521.3208,False,203.8113,44.3208,1964.3293,0.2175
ocisceno,1010P,Dermatološki pregled - prvi,1,ar1,2025-04-23,2025-04-30,29477.0,29243.4171,False,203.8113,233.5829,54560.9864,1.1461
ocisceno,1010P,Dermatološki pregled - prvi,1,naivni,2025-04-30,2025-05-07,29399.0,29477.0,False,204.2222,78.0,6084.0,0.3819
ocisceno,1010P,Dermatološki pregled - prvi,1,lin,2025-04-30,2025-05-07,29399.0,29588.5778,False,204.2222,189.5778,35939.7338,0.9283
ocisceno,1010P,Dermatološki pregled - prvi,1,ar1,2025-04-30,2025-05-07,29399.0,29468.0989,False,204.2222,69.0989,4774.6519,0.3384
ocisceno,1010P,Dermatološki pregled - prvi,1,naivni,2025-05-07,2025-05-14,29670.0,29399.0,False,201.9273,271.0,73441.0,1.3421
ocisceno,1010P,Dermatološki pregled - prvi,1,lin,2025-05-07,2025-05-14,29670.0,29645.4305,False,201.9273,24.5695,603.6594,0.1217
ocisceno,1010P,Dermatološki pregled - prvi,1,ar1,2025-05-07,2025-05-14,29670.0,29390.8264,False,201.9273,279.1736,77937.9075,1.3825
ocisceno,1010P,Dermatološki pregled - prvi,1,naivni,2025-05-14,2025-05-21,29970.0,29670.0,False,203.1607,300.0,90000.0,1.4767
ocisceno,1010P,Dermatološki pregled - prvi,1,lin,2025-05-14,2025-05-21,29970.0,29717.1924,False,203.1607,252.8076,63911.7049,1.2444
ocisceno,1010P,Dermatološki pregled - prvi,1,ar1,2025-05-14,2025-05-21,29970.0,29661.1932,False,203.1607,308.8068,95361.6573,1.52
ocisceno,1010P,Dermatološki pregled - prvi,1,naivni,2025-05-21,2025-05-28,30268.0,29970.0,False,204.8596,298.0,88804.0,1.4547
ocisceno,1010P,Dermatološki pregled - prvi,1,lin,2025-05-21,2025-05-28,30268.0,29804.7096,False,204.8596,463.2904,214637.9772,2.2615
ocisceno,1010P,Dermatološki pregled - prvi,1,ar1,2025-05-21,2025-05-28,30268.0,29964.3048,False,204.8596,303.6952,92230.7699,1.4825
ocisceno,1010P,Dermatološki pregled - prvi,1,naivni,2025-05-28,2025-06-04,30363.0,30268.0,False,206.4655,95.0,9025.0,0.4601
ocisceno,1010P,Dermatološki pregled - prvi,1,lin,2025-05-28,2025-06-04,30363.0,29906.6447,False,206.4655,456.3553,208260.2034,2.2103
ocisceno,1010P,Dermatološki pregled - prvi,1,ar1,2025-05-28,2025-06-04,30363.0,30269.4317,False,206.4655,93.5683,8755.0259,0.4532
ocisceno,1010P,Dermatološki pregled - prvi,1,naivni,2025-06-04,2025-06-18,30935.0,30363.0,True,204.5763,572.0,327184.0,2.796
ocisceno,1010P,Dermatološki pregled - prvi,1,lin,2025-06-04,2025-06-18,30935.0,30008.3791,True,204.5763,926.6209,858626.2996,4.5295
ocisceno,1010P,Dermatološki pregled - prvi,1,ar1,2025-06-04,2025-06-18,30935.0,30367.3922,True,204.5763,567.6078,322178.5604,2.7746
ocisceno,1010P,Dermatološki pregled - prvi,1,naivni,2025-06-18,2025-07-02,31670.0,30935.0,True,210.7,735.0,540225.0,3.4884
ocisceno,1010P,Dermatološki pregled - prvi,1,lin,2025-06-18,2025-07-02,31670.0,30141.2,True,210.7,1528.8,2337229.44,7.2558
ocisceno,1010P,Dermatološki pregled - prvi,1,ar1,2025-06-18,2025-07-02,31670.0,30963.5837,True,210.7,706.4163,499023.9521,3.3527
ocisceno,1010P,Dermatološki pregled - prvi,1,naivni,2025-07-02,2025-07-09,31780.0,31670.0,False,219.2951,110.0,12100.0,0.5016
ocisceno,1010P,Dermatološki pregled - prvi,1,lin,2025-07-02,2025-07-09,31780.0,30313.3612,False,219.2951,1466.6388,2151029.415,6.688
ocisceno,1010P,Dermatološki pregled - prvi,1,ar1,2025-07-02,2025-07-09,31780.0,31752.5167,False,219.2951,27.4833,755.3315,0.1253
ocisceno,1010P,Dermatološki pregled - prvi,1,naivni,2025-07-09,2025-07-16,31700.0,31780.0,False,217.5323,80.0,6400.0,0.3678
ocisceno,1010P,Dermatološki pregled - prvi,1,lin,2025-07-09,2025-07-16,31700.0,30482.3584,False,217.5323,1217.6416,1482651.0102,5.5975
ocisceno,1010P,Dermatološki pregled - prvi,1,ar1,2025-07-09,2025-07-16,31700.0,31864.5444,False,217.5323,164.5444,27074.8566,0.7564
ocisceno,1010P,Dermatološki pregled - prvi,1,naivni,2025-07-16,2025-07-23,31383.0,31700.0,False,215.3492,317.0,100489.0,1.472
ocisceno,1010P,Dermatološki pregled - prvi,1,lin,2025-07-16,2025-07-23,31383.0,30636.5208,False,215.3492,746.4792,557231.1463,3.4664
ocisceno,1010P,Dermatološki pregled - prvi,1,ar1,2025-07-16,2025-07-23,31383.0,31768.466,False,215.3492,385.466,148584.0189,1.79
ocisceno,1010P,Dermatološki pregled - prvi,1,naivni,2025-07-23,2025-07-30,31320.0,31383.0,False,216.9375,63.0,3969.0,0.2904
ocisceno,1010P,Dermatološki pregled - prvi,1,lin,2025-07-23,2025-07-30,31320.0,30762.274,False,216.9375,557.726,311058.2482,2.5709
ocisceno,1010P,Dermatološki pregled - prvi,1,ar1,2025-07-23,2025-07-30,31320.0,31422.9546,False,216.9375,102.9546,10599.6426,0.4746
ocisceno,1010P,Dermatološki pregled - prvi,1,naivni,2025-07-30,2025-08-06,31705.0,31320.0,False,214.5692,385.0,148225.0,1.7943
ocisceno,1010P,Dermatološki pregled - prvi,1,lin,2025-07-30,2025-08-06,31705.0,30876.9357,False,214.5692,828.0643,685690.544,3.8592
ocisceno,1010P,Dermatološki pregled - prvi,1,ar1,2025-07-30,2025-08-06,31705.0,31353.8798,False,214.5692,351.1202,123285.3941,1.6364
ocisceno,1010P,Dermatološki pregled - prvi,1,naivni,2025-08-06,2025-08-13,31763.0,31705.0,False,217.1515,58.0,3364.0,0.2671
ocisceno,1010P,Dermatološki pregled - prvi,1,lin,2025-08-06,2025-08-13,31763.0,31007.9891,False,217.1515,755.0109,570041.3909,3.4769
ocisceno,1010P,Dermatološki pregled - prvi,1,ar1,2025-08-06,2025-08-13,31763.0,31755.4835,False,217.1515,7.5165,56.4982,0.0346
ocisceno,1010P,Dermatološki pregled - prvi,1,naivni,2025-08-13,2025-08-27,31624.0,31763.0,True,214.7761,139.0,19321.0,0.6472
ocisceno,1010P,Dermatološki pregled - prvi,1,lin,2025-08-13,2025-08-27,31624.0,31135.1089,True,214.7761,488.8911,239014.5395,2.2763
ocisceno,1010P,Dermatološki pregled - prvi,1,ar1,2025-08-13,2025-08-27,31624.0,31813.0484,True,214.7761,189.0484,35739.296,0.8802
ocisceno,1010P,Dermatološki pregled - prvi,1,naivni,2025-08-27,2025-09-03,31639.0,31624.0,False,213.6618,15.0,225.0,0.0702
ocisceno,1010P,Dermatološki pregled - prvi,1,lin,2025-08-27,2025-09-03,31639.0,31247.1232,False,213.6618,391.8768,153567.4355,1.8341
ocisceno,1010P,Dermatološki pregled - prvi,1,ar1,2025-08-27,2025-09-03,31639.0,31663.5871,False,213.6618,24.5871,604.5271,0.1151
ocisceno,1010P,Dermatološki pregled - prvi,1,naivni,2025-09-03,2025-09-10,31563.0,31639.0,False,210.7826,76.0,5776.0,0.3606
ocisceno,1010P,Dermatološki pregled - prvi,1,lin,2025-09-03,2025-09-10,31563.0,31353.7963,False,210.7826,209.2037,43766.1993,0.9925
ocisceno,1010P,Dermatološki pregled - prvi,1,ar1,2025-09-03,2025-09-10,31563.0,31676.7655,False,210.7826,113.7655,12942.5863,0.5397
ocisceno,1010P,Dermatološki pregled - prvi,1,naivni,2025-09-10,2025-09-17,31723.0,31563.0,False,208.8571,160.0,25600.0,0.7661
ocisceno,1010P,Dermatološki pregled - prvi,1,lin,2025-09-10,2025-09-17,31723.0,31450.3356,False,208.8571,272.6644,74345.8676,1.3055
ocisceno,1010P,Dermatološki pregled - prvi,1,ar1,2025-09-10,2025-09-17,31723.0,31595.7738,False,208.8571,127.2262,16186.4972,0.6092
ocisceno,1010P,Dermatološki pregled - prvi,1,naivni,2025-09-17,2025-09-24,31872.0,31723.0,False,208.169,149.0,22201.0,0.7158
ocisceno,1010P,Dermatološki pregled - prvi,1,lin,2025-09-17,2025-09-24,31872.0,31550.4824,False,208.169,321.5176,103373.5707,1.5445
ocisceno,1010P,Dermatološki pregled - prvi,1,ar1,2025-09-17,2025-09-24,31872.0,31759.3287,False,208.169,112.6713,12694.8285,0.5412
ocisceno,1010P,Dermatološki pregled - prvi,1,naivni,2025-09-24,2025-10-01,31771.0,31872.0,False,207.3472,101.0,10201.0,0.4871
ocisceno,1010P,Dermatološki pregled - prvi,1,lin,2025-09-24,2025-10-01,31771.0,31653.4098,False,207.3472,117.5902,13827.4511,0.5671
ocisceno,1010P,Dermatološki pregled - prvi,1,ar1,2025-09-24,2025-10-01,31771.0,31911.6417,False,207.3472,140.6417,19780.0944,0.6783
ocisceno,1010P,Dermatološki pregled - prvi,1,naivni,2025-10-01,2025-10-08,31646.0,31771.0,False,205.8904,125.0,15625.0,0.6071
ocisceno,1010P,Dermatološki pregled - prvi,1,lin,2025-10-01,2025-10-08,31646.0,31745.4332,False,205.8904,99.4332,9886.9559,0.4829
ocisceno,1010P,Dermatološki pregled - prvi,1,ar1,2025-10-01,2025-10-08,31646.0,31804.9947,False,205.8904,158.9947,25279.309,0.7722
ocisceno,1010P,Dermatološki pregled - prvi,1,naivni,2025-10-08,2025-10-15,31631.0,31646.0,False,204.7973,15.0,225.0,0.0732
ocisceno,1010P,Dermatološki pregled - prvi,1,lin,2025-10-08,2025-10-15,31631.0,31825.9243,False,204.7973,194.9243,37995.4922,0.9518
ocisceno,1010P,Dermatološki pregled - prvi,1,ar1,2025-10-08,2025-10-15,31631.0,31674.8586,False,204.7973,43.8586,1923.5808,0.2142
ocisceno,1010P,Dermatološki pregled - prvi,1,naivni,2025-10-15,2025-10-22,31599.0,31631.0,False,202.2667,32.0,1024.0,0.1582
ocisceno,1010P,Dermatološki pregled - prvi,1,lin,2025-10-15,2025-10-22,31599.0,31901.3547,False,202.2667,302.3547,91418.3869,1.4948
ocisceno,1010P,Dermatološki pregled - prvi,1,ar1,2025-10-15,2025-10-22,31599.0,31658.2263,False,202.2667,59.2263,3507.7543,0.2928
ocisceno,1010P,Dermatološki pregled - prvi,1,naivni,2025-10-22,2025-10-29,31664.0,31599.0,False,200.0263,65.0,4225.0,0.325
ocisceno,1010P,Dermatološki pregled - prvi,1,lin,2025-10-22,2025-10-29,31664.0,31971.1377,False,200.0263,307.1377,94333.5856,1.5355
ocisceno,1010P,Dermatološki pregled - prvi,1,ar1,2025-10-22,2025-10-29,31664.0,31624.4405,False,200.0263,39.5595,1564.9561,0.1978
ocisceno,1010P,Dermatološki pregled - prvi,1,naivni,2025-10-29,2025-11-05,31420.0,31664.0,False,198.2727,244.0,59536.0,1.2306
ocisceno,1010P,Dermatološki pregled - prvi,1,lin,2025-10-29,2025-11-05,31420.0,32040.5748,False,198.2727,620.5748,385113.031,3.1299
ocisceno,1010P,Dermatološki pregled - prvi,1,ar1,2025-10-29,2025-11-05,31420.0,31689.5432,False,198.2727,269.5432,72653.5413,1.3595
ocisceno,1010P,Dermatološki pregled - prvi,1,naivni,2025-11-05,2025-11-12,31411.0,31420.0,False,198.859,9.0,81.0,0.0453
ocisceno,1010P,Dermatološki pregled - prvi,1,lin,2025-11-05,2025-11-12,31411.0,32094.0419,False,198.859,683.0419,466546.1955,3.4348
ocisceno,1010P,Dermatološki pregled - prvi,1,ar1,2025-11-05,2025-11-12,31411.0,31440.9794,False,198.859,29.9794,898.7655,0.1508
ocisceno,1010P,Dermatološki pregled - prvi,1,naivni,2025-11-12,2025-11-19,31276.0,31411.0,False,196.4557,135.0,18225.0,0.6872
ocisceno,1010P,Dermatološki pregled - prvi,1,lin,2025-11-12,2025-11-19,31276.0,32144.1892,False,196.4557,868.1892,753752.5573,4.4193
ocisceno,1010P,Dermatološki pregled - prvi,1,ar1,2025-11-12,2025-11-19,31276.0,31431.1764,False,196.4557,155.1764,24079.7224,0.7899
ocisceno,1010P,Dermatološki pregled - prvi,1,naivni,2025-11-19,2025-11-26,31343.0,31276.0,False,195.6875,67.0,4489.0,0.3424
ocisceno,1010P,Dermatološki pregled - prvi,1,lin,2025-11-19,2025-11-26,31343.0,32184.9827,False,195.6875,841.9827,708934.8941,4.3027
ocisceno,1010P,Dermatološki pregled - prvi,1,ar1,2025-11-19,2025-11-26,31343.0,31294.661,False,195.6875,48.339,2336.6596,0.247
ocisceno,1010P,Dermatološki pregled - prvi,1,naivni,2025-11-26,2025-12-03,31108.0,31343.0,False,194.0988,235.0,55225.0,1.2107
ocisceno,1010P,Dermatološki pregled - prvi,1,lin,2025-11-26,2025-12-03,31108.0,32226.7931,False,194.0988,1118.7931,1251698.078,5.764
ocisceno,1010P,Dermatološki pregled - prvi,1,ar1,2025-11-26,2025-12-03,31108.0,31361.3386,False,194.0988,253.3386,64180.4673,1.3052
ocisceno,1010P,Dermatološki pregled - prvi,1,naivni,2025-12-03,2025-12-10,30893.0,31108.0,False,194.5976,215.0,46225.0,1.1048
ocisceno,1010P,Dermatološki pregled - prvi,1,lin,2025-12-03,2025-12-10,30893.0,32255.0159,False,194.5976,1362.0159,1855087.2256,6.9991
ocisceno,1010P,Dermatološki pregled - prvi,1,ar1,2025-12-03,2025-12-10,30893.0,31125.3541,False,194.5976,232.3541,53988.4162,1.194
ocisceno,1010P,Dermatološki pregled - prvi,1,naivni,2025-12-10,2025-12-17,30842.0,30893.0,False,194.8434,51.0,2601.0,0.2617
ocisceno,1010P,Dermatološki pregled - prvi,1,lin,2025-12-10,2025-12-17,30842.0,32271.3356,False,194.8434,1429.3356,2043000.3381,7.3358
ocisceno,1010P,Dermatološki pregled - prvi,1,ar1,2025-12-10,2025-12-17,30842.0,30910.6623,False,194.8434,68.6623,4714.5134,0.3524
ocisceno,1010P,Dermatološki pregled - prvi,1,naivni,2025-12-17,2026-01-07,30948.0,30842.0,True,193.131,106.0,11236.0,0.5489
ocisceno,1010P,Dermatološki pregled - prvi,1,lin,2025-12-17,2026-01-07,30948.0,32284.1059,True,193.131,1336.1059,1785178.9289,6.9181
ocisceno,1010P,Dermatološki pregled - prvi,1,ar1,2025-12-17,2026-01-07,30948.0,30859.6137,True,193.131,88.3863,7812.1399,0.4576
ocisceno,1010P,Dermatološki pregled - prvi,1,naivni,2026-01-07,2026-01-14,30875.0,30948.0,False,192.1059,73.0,5329.0,0.38
ocisceno,1010P,Dermatološki pregled - prvi,1,lin,2026-01-07,2026-01-14,30875.0,32300.8213,False,192.1059,1425.8213,2032966.4954,7.4221
ocisceno,1010P,Dermatološki pregled - prvi,1,ar1,2026-01-07,2026-01-14,30875.0,30964.41,False,192.1059,89.41,7994.1461,0.4654
ocisceno,1010P,Dermatološki pregled - prvi,1,naivni,2026-01-14,2026-01-21,30830.0,30875.0,False,190.7209,45.0,2025.0,0.2359
ocisceno,1010P,Dermatološki pregled - prvi,1,lin,2026-01-14,2026-01-21,30830.0,32313.0548,False,190.7209,1483.0548,2199451.5344,7.776
ocisceno,1010P,Dermatološki pregled - prvi,1,ar1,2026-01-14,2026-01-21,30830.0,30891.5866,False,190.7209,61.5866,3792.9096,0.3229
ocisceno,1010P,Dermatološki pregled - prvi,1,naivni,2026-01-21,2026-01-28,30715.0,30830.0,False,189.046,115.0,13225.0,0.6083
ocisceno,1010P,Dermatološki pregled - prvi,1,lin,2026-01-21,2026-01-28,30715.0,32322.3143,False,189.046,1607.3143,2583459.1411,8.5022
ocisceno,1010P,Dermatološki pregled - prvi,1,ar1,2026-01-21,2026-01-28,30715.0,30846.64,False,189.046,131.64,17329.1002,0.6963
ocisceno,1010P,Dermatološki pregled - prvi,1,naivni,2026-01-28,2026-02-04,30714.0,30715.0,False,188.2045,1.0,1.0,0.0053
ocisceno,1010P,Dermatološki pregled - prvi,1,lin,2026-01-28,2026-02-04,30714.0,32325.6103,False,188.2045,1611.6103,2597287.8127,8.5631
ocisceno,1010P,Dermatološki pregled - prvi,1,ar1,2026-01-28,2026-02-04,30714.0,30732.5232,False,188.2045,18.5232,343.1072,0.0984
ocisceno,1010P,Dermatološki pregled - prvi,1,naivni,2026-02-04,2026-02-11,30555.0,30714.0,False,186.1011,159.0,25281.0,0.8544
ocisceno,1010P,Dermatološki pregled - prvi,1,lin,2026-02-04,2026-02-11,30555.0,32328.3141,False,186.1011,1773.3141,3144642.9234,9.5288
ocisceno,1010P,Dermatološki pregled - prvi,1,ar1,2026-02-04,2026-02-11,30555.0,30731.2,False,186.1011,176.2,31046.4373,0.9468
ocisceno,1010P,Dermatološki pregled - prvi,1,naivni,2026-02-11,2026-02-18,30201.0,30555.0,False,185.8,354.0,125316.0,1.9053
ocisceno,1010P,Dermatološki pregled - prvi,1,lin,2026-02-11,2026-02-18,30201.0,32323.5165,False,185.8,2122.5165,4505076.2228,11.4237
ocisceno,1010P,Dermatološki pregled - prvi,1,ar1,2026-02-11,2026-02-18,30201.0,30574.0045,False,185.8,373.0045,139132.3476,2.0076
ocisceno,1010P,Dermatološki pregled - prvi,1,naivni,2026-02-18,2026-02-25,30066.0,30201.0,False,187.6484,135.0,18225.0,0.7194
ocisceno,1010P,Dermatološki pregled - prvi,1,lin,2026-02-18,2026-02-25,30066.0,32303.1125,False,187.6484,2237.1125,5004672.4178,11.9218
ocisceno,1010P,Dermatološki pregled - prvi,1,ar1,2026-02-18,2026-02-25,30066.0,30225.5271,False,187.6484,159.5271,25448.8903,0.8501
ocisceno,1010P,Dermatološki pregled - prvi,1,naivni,2026-02-25,2026-03-04,30035.0,30066.0,False,187.0761,31.0,961.0,0.1657
ocisceno,1010P,Dermatološki pregled - prvi,1,lin,2026-02-25,2026-03-04,30035.0,32277.2835,False,187.0761,2242.2835,5027835.4904,11.9859
ocisceno,1010P,Dermatološki pregled - prvi,1,ar1,2026-02-25,2026-03-04,30035.0,30092.8344,False,187.0761,57.8344,3344.8179,0.3091
ocisceno,1010P,Dermatološki pregled - prvi,1,naivni,2026-03-04,2026-03-11,29977.0,30035.0,False,185.3978,58.0,3364.0,0.3128
ocisceno,1010P,Dermatološki pregled - prvi,1,lin,2026-03-04,2026-03-11,29977.0,32250.7227,False,185.3978,2273.7227,5169814.998,12.264
ocisceno,1010P,Dermatološki pregled - prvi,1,ar1,2026-03-04,2026-03-11,29977.0,30062.1185,False,185.3978,85.1185,7245.1654,0.4591
ocisceno,1010P,Dermatološki pregled - prvi,1,naivni,2026-03-11,2026-03-18,29945.0,29977.0,False,184.0426,32.0,1024.0,0.1739
ocisceno,1010P,Dermatološki pregled - prvi,1,lin,2026-03-11,2026-03-18,29945.0,32222.3359,False,184.0426,2277.3359,5186259.0121,12.374
ocisceno,1010P,Dermatološki pregled - prvi,1,ar1,2026-03-11,2026-03-18,29945.0,30005.0019,False,184.0426,60.0019,3600.2267,0.326
ocisceno,1010P,Dermatološki pregled - prvi,1,naivni,2026-03-18,2026-03-25,30229.0,29945.0,False,182.4421,284.0,80656.0,1.5567
ocisceno,1010P,Dermatološki pregled - prvi,1,lin,2026-03-18,2026-03-25,30229.0,32193.3,False,182.4421,1964.3,3858474.49,10.7667
ocisceno,1010P,Dermatološki pregled - prvi,1,ar1,2026-03-18,2026-03-25,30229.0,29973.3495,False,182.4421,255.6505,65357.1901,1.4013
ocisceno,1010P,Dermatološki pregled - prvi,1,naivni,2026-03-25,2026-04-08,29859.0,30229.0,True,183.5,370.0,136900.0,2.0163
ocisceno,1010P,Dermatološki pregled - prvi,1,lin,2026-03-25,2026-04-08,29859.0,32176.6836,True,183.5,2317.6836,5371657.4274,12.6304
ocisceno,1010P,Dermatološki pregled - prvi,1,ar1,2026-03-25,2026-04-08,29859.0,30250.8404,True,183.5,391.8404,153538.9236,2.1354
ocisceno,1010P,Dermatološki pregled - prvi,1,naivni,2026-04-08,2026-04-15,29864.0,29859.0,False,185.4227,5.0,25.0,0.027
ocisceno,1010P,Dermatološki pregled - prvi,1,lin,2026-04-08,2026-04-15,29864.0,32145.2302,False,185.4227,2281.2302,5204011.0904,12.3029
ocisceno,1010P,Dermatološki pregled - prvi,1,ar1,2026-04-08,2026-04-15,29864.0,29888.5126,False,185.4227,24.5126,600.8657,0.1322
ocisceno,1010P,Dermatološki pregled - prvi,1,naivni,2026-04-15,2026-04-29,30164.0,29864.0,True,183.5816,300.0,90000.0,1.6342
ocisceno,1010P,Dermatološki pregled - prvi,1,lin,2026-04-15,2026-04-29,30164.0,32114.7718,True,183.5816,1950.7718,3805510.6142,10.6262
ocisceno,1010P,Dermatološki pregled - prvi,1,ar1,2026-04-15,2026-04-29,30164.0,29893.0493,True,183.5816,270.9507,73414.2638,1.4759
ocisceno,1010P,Dermatološki pregled - prvi,1,naivni,2026-04-29,2026-05-06,30026.0,30164.0,False,184.7576,138.0,19044.0,0.7469
ocisceno,1010P,Dermatološki pregled - prvi,1,lin,2026-04-29,2026-05-06,30026.0,32097.0709,False,184.7576,2071.0709,4289334.7105,11.2097
ocisceno,1010P,Dermatološki pregled - prvi,1,ar1,2026-04-29,2026-05-06,30026.0,30185.7733,False,184.7576,159.7733,25527.4996,0.8648
ocisceno,1010P,Dermatološki pregled - prvi,1,naivni,2026-05-06,2026-05-13,30346.0,30026.0,False,184.29,320.0,102400.0,1.7364
ocisceno,1010P,Dermatološki pregled - prvi,1,lin,2026-05-06,2026-05-13,30346.0,32074.2194,False,184.29,1728.2194,2986742.3151,9.3777
ocisceno,1010P,Dermatološki pregled - prvi,1,ar1,2026-05-06,2026-05-13,30346.0,30050.5755,False,184.29,295.4245,87275.664,1.603
ocisceno,1010P,Dermatološki pregled - prvi,1,naivni,2026-05-13,2026-05-20,30447.0,30346.0,False,185.6337,101.0,10201.0,0.5441
ocisceno,1010P,Dermatološki pregled - prvi,1,lin,2026-05-13,2026-05-20,30447.0,32064.411,False,185.6337,1617.411,2616018.3046,8.7129
ocisceno,1010P,Dermatološki pregled - prvi,1,ar1,2026-05-13,2026-05-20,30447.0,30363.0856,False,185.6337,83.9144,7041.6238,0.452
ocisceno,1010P,Dermatološki pregled - prvi,1,naivni,2026-05-20,2026-05-27,30870.0,30447.0,False,184.8039,423.0,178929.0,2.2889
ocisceno,1010P,Dermatološki pregled - prvi,1,lin,2026-05-20,2026-05-27,30870.0,32058.5768,False,184.8039,1188.5768,1412714.841,6.4316
ocisceno,1010P,Dermatološki pregled - prvi,1,ar1,2026-05-20,2026-05-27,30870.0,30461.7653,False,184.8039,408.2347,166655.6011,2.209
ocisceno,1010P,Dermatološki pregled - prvi,1,naivni,2026-05-27,2026-06-03,30293.0,30870.0,False,187.1165,577.0,332929.0,3.0836
ocisceno,1010P,Dermatološki pregled - prvi,1,lin,2026-05-27,2026-06-03,30293.0,32068.9343,False,187.1165,1775.9343,3153942.5644,9.4911
ocisceno,1010P,Dermatološki pregled - prvi,1,ar1,2026-05-27,2026-06-03,30293.0,30876.5629,False,187.1165,583.5629,340545.6007,3.1187
ocisceno,1010P,Dermatološki pregled - prvi,1,naivni,2026-06-03,2026-06-17,30068.0,30293.0,True,190.8654,225.0,50625.0,1.1788
ocisceno,1010P,Dermatološki pregled - prvi,1,lin,2026-06-03,2026-06-17,30068.0,32056.6985,True,190.8654,1988.6985,3954921.8623,10.4194
ocisceno,1010P,Dermatološki pregled - prvi,1,ar1,2026-06-03,2026-06-17,30068.0,30310.105,True,190.8654,242.105,58614.8316,1.2685
ocisceno,1010P,Dermatološki pregled - prvi,1,naivni,2026-06-17,2026-06-24,29952.0,30068.0,False,191.1905,116.0,13456.0,0.6067
ocisceno,1010P,Dermatološki pregled - prvi,1,lin,2026-06-17,2026-06-24,29952.0,32036.1148,False,191.1905,2084.1148,4343534.6029,10.9007
ocisceno,1010P,Dermatološki pregled - prvi,1,ar1,2026-06-17,2026-06-24,29952.0,30090.1504,False,191.1905,138.1504,19085.5422,0.7226
ocisceno,1010P,Dermatološki pregled - prvi,1,naivni,2026-06-24,2026-07-01,29643.0,29952.0,False,190.4811,309.0,95481.0,1.6222
ocisceno,1010P,Dermatološki pregled - prvi,1,lin,2026-06-24,2026-07-01,29643.0,32011.6135,False,190.4811,2368.6135,5610329.78,12.4349
ocisceno,1010P,Dermatološki pregled - prvi,1,ar1,2026-06-24,2026-07-01,29643.0,29976.7923,False,190.4811,333.7923,111417.2904,1.7524
ocisceno,1010P,Dermatološki pregled - prvi,1,naivni,2026-07-01,2026-07-08,29577.0,29643.0,False,191.5888,66.0,4356.0,0.3445
ocisceno,1010P,Dermatološki pregled - prvi,1,lin,2026-07-01,2026-07-08,29577.0,31976.2144,False,191.5888,2399.2144,5756229.9006,12.5227
ocisceno,1010P,Dermatološki pregled - prvi,1,ar1,2026-07-01,2026-07-08,29577.0,29675.6137,False,191.5888,98.6137,9724.6582,0.5147
ocisceno,1010P,Dermatološki pregled - prvi,1,naivni,2026-07-08,2026-07-15,29233.0,29577.0,False,190.4259,344.0,118336.0,1.8065
ocisceno,1010P,Dermatološki pregled - prvi,1,lin,2026-07-08,2026-07-15,29233.0,31939.29,False,190.4259,2706.29,7324005.6193,14.2118
ocisceno,1010P,Dermatološki pregled - prvi,1,ar1,2026-07-08,2026-07-15,29233.0,29611.0983,False,190.4259,378.0983,142958.3117,1.9855
ocisceno,1010P,Dermatološki pregled - prvi,4,naivni,2025-04-09,2025-05-07,29399.0,28616.0,False,199.3529,783.0,613089.0,3.9277
ocisceno,1010P,Dermatološki pregled - prvi,4,lin,2025-04-09,2025-05-07,29399.0,29637.7153,False,199.3529,238.7153,56985.0022,1.1975
ocisceno,1010P,Dermatološki pregled - prvi,4,ar1,2025-04-09,2025-05-07,29399.0,28647.3815,False,199.3529,751.6185,564930.3157,3.7703
ocisceno,1010P,Dermatološki pregled - prvi,4,naivni,2025-04-16,2025-05-14,29670.0,29052.0,False,203.9038,618.0,381924.0,3.0308
ocisceno,1010P,Dermatološki pregled - prvi,4,lin,2025-04-16,2025-05-14,29670.0,29679.104,False,203.9038,9.104,82.8831,0.0446
ocisceno,1010P,Dermatološki pregled - prvi,4,ar1,2025-04-16,2025-05-14,29670.0,29035.2125,False,203.9038,634.7875,402955.1925,3.1132
ocisceno,1010P,Dermatološki pregled - prvi,4,naivni,2025-04-23,2025-05-21,29970.0,29251.0,False,203.8113,719.0,516961.0,3.5278
ocisceno,1010P,Dermatološki pregled - prvi,4,lin,2025-04-23,2025-05-21,29970.0,29732.7618,False,203.8113,237.2382,56281.9603,1.164
ocisceno,1010P,Dermatološki pregled - prvi,4,ar1,2025-04-23,2025-05-21,29970.0,29223.2458,False,203.8113,746.7542,557641.8301,3.6639
ocisceno,1010P,Dermatološki pregled - prvi,4,naivni,2025-04-30,2025-05-28,30268.0,29477.0,False,204.2222,791.0,625681.0,3.8732
ocisceno,1010P,Dermatološki pregled - prvi,4,lin,2025-04-30,2025-05-28,30268.0,29799.7598,False,204.2222,468.2402,219248.8733,2.2928
ocisceno,1010P,Dermatološki pregled - prvi,4,ar1,2025-04-30,2025-05-28,30268.0,29444.2207,False,204.2222,823.7793,678612.386,4.0337
ocisceno,1010P,Dermatološki pregled - prvi,4,naivni,2025-05-07,2025-06-04,30363.0,29399.0,False,201.9273,964.0,929296.0,4.774
ocisceno,1010P,Dermatološki pregled - prvi,4,lin,2025-05-07,2025-06-04,30363.0,29855.5435,False,201.9273,507.4565,257512.0928,2.5131
ocisceno,1010P,Dermatološki pregled - prvi,4,ar1,2025-05-07,2025-06-04,30363.0,29368.9585,False,201.9273,994.0415,988118.4805,4.9228
ocisceno,1010P,Dermatološki pregled - prvi,4,naivni,2025-05-14,2025-06-18,30935.0,29670.0,True,203.1607,1265.0,1600225.0,6.2266
ocisceno,1010P,Dermatološki pregled - prvi,4,lin,2025-05-14,2025-06-18,30935.0,29927.4391,True,203.1607,1007.5609,1015178.9369,4.9594
ocisceno,1010P,Dermatološki pregled - prvi,4,ar1,2025-05-14,2025-06-18,30935.0,29637.3977,True,203.1607,1297.6023,1683771.7439,6.3871
ocisceno,1010P,Dermatološki pregled - prvi,4,naivni,2025-05-21,2025-07-02,31670.0,29970.0,True,204.8596,1700.0,2890000.0,8.2984
ocisceno,1010P,Dermatološki pregled - prvi,4,lin,2025-05-21,2025-07-02,31670.0,30016.2862,True,204.8596,1653.7138,2734769.4418,8.0724
ocisceno,1010P,Dermatološki pregled - prvi,4,ar1,2025-05-21,2025-07-02,31670.0,29948.7331,True,204.8596,1721.2669,2962759.8779,8.4022
ocisceno,1010P,Dermatološki pregled - prvi,4,naivni,2025-05-28,2025-07-09,31780.0,30268.0,True,206.4655,1512.0,2286144.0,7.3233
ocisceno,1010P,Dermatološki pregled - prvi,4,lin,2025-05-28,2025-07-09,31780.0,30120.5769,True,206.4655,1659.4231,2753684.9781,8.0373
ocisceno,1010P,Dermatološki pregled - prvi,4,ar1,2025-05-28,2025-07-09,31780.0,30273.3957,True,206.4655,1506.6043,2269856.5687,7.2971
ocisceno,1010P,Dermatološki pregled - prvi,4,naivni,2025-06-04,2025-07-16,31700.0,30363.0,True,204.5763,1337.0,1787569.0,6.5355
ocisceno,1010P,Dermatološki pregled - prvi,4,lin,2025-06-04,2025-07-16,31700.0,30224.5557,True,204.5763,1475.4443,2176935.7985,7.2122
ocisceno,1010P,Dermatološki pregled - prvi,4,ar1,2025-06-04,2025-07-16,31700.0,30379.6026,True,204.5763,1320.3974,1743449.2782,6.4543
ocisceno,1010P,Dermatološki pregled - prvi,4,naivni,2025-06-18,2025-07-23,31383.0,30935.0,True,210.7,448.0,200704.0,2.1262
ocisceno,1010P,Dermatološki pregled - prvi,4,lin,2025-06-18,2025-07-23,31383.0,30361.7868,True,210.7,1021.2132,1042876.4418,4.8468
ocisceno,1010P,Dermatološki pregled - prvi,4,ar1,2025-06-18,2025-07-23,31383.0,31044.9518,True,210.7,338.0482,114276.5532,1.6044
ocisceno,1010P,Dermatološki pregled - prvi,4,naivni,2025-07-02,2025-07-30,31320.0,31670.0,False,219.2951,350.0,122500.0,1.596
ocisceno,1010P,Dermatološki pregled - prvi,4,lin,2025-07-02,2025-07-30,31320.0,30540.9931,False,219.2951,779.0069,606851.7108,3.5523
ocisceno,1010P,Dermatološki pregled - prvi,4,ar1,2025-07-02,2025-07-30,31320.0,31995.215,False,219.2951,675.215,455915.3441,3.079
ocisceno,1010P,Dermatološki pregled - prvi,4,naivni,2025-07-09,2025-08-06,31705.0,31780.0,False,217.5323,75.0,5625.0,0.3448
ocisceno,1010P,Dermatološki pregled - prvi,4,lin,2025-07-09,2025-08-06,31705.0,30716.5379,False,217.5323,988.4621,977057.4053,4.544
ocisceno,1010P,Dermatološki pregled - prvi,4,ar1,2025-07-09,2025-08-06,31705.0,32113.5532,False,217.5323,408.5532,166915.7329,1.8781
ocisceno,1010P,Dermatološki pregled - prvi,4,naivni,2025-07-16,2025-08-13,31763.0,31700.0,False,215.3492,63.0,3969.0,0.2925
ocisceno,1010P,Dermatološki pregled - prvi,4,lin,2025-07-16,2025-08-13,31763.0,30875.9689,False,215.3492,887.0311,786824.1542,4.119
ocisceno,1010P,Dermatološki pregled - prvi,4,ar1,2025-07-16,2025-08-13,31763.0,31968.5721,False,215.3492,205.5721,42259.8884,0.9546
ocisceno,1010P,Dermatološki pregled - prvi,4,naivni,2025-07-23,2025-08-27,31624.0,31383.0,True,216.9375,241.0,58081.0,1.1109
ocisceno,1010P,Dermatološki pregled - prvi,4,lin,2025-07-23,2025-08-27,31624.0,31004.8542,True,216.9375,619.1458,383341.5269,2.854
ocisceno,1010P,Dermatološki pregled - prvi,4,ar1,2025-07-23,2025-08-27,31624.0,31537.8636,True,216.9375,86.1364,7419.4778,0.3971
ocisceno,1010P,Dermatološki pregled - prvi,4,naivni,2025-07-30,2025-09-03,31639.0,31320.0,True,214.5692,319.0,101761.0,1.4867
ocisceno,1010P,Dermatološki pregled - prvi,4,lin,2025-07-30,2025-09-03,31639.0,31121.7861,True,214.5692,517.2139,267510.2425,2.4105
ocisceno,1010P,Dermatološki pregled - prvi,4,ar1,2025-07-30,2025-09-03,31639.0,31450.9623,True,214.5692,188.0377,35358.1849,0.8763
ocisceno,1010P,Dermatološki pregled - prvi,4,naivni,2025-08-06,2025-09-10,31563.0,31705.0,True,217.1515,142.0,20164.0,0.6539
ocisceno,1010P,Dermatološki pregled - prvi,4,lin,2025-08-06,2025-09-10,31563.0,31256.1111,True,217.1515,306.8889,94180.7956,1.4132
ocisceno,1010P,Dermatološki pregled - prvi,4,ar1,2025-08-06,2025-09-10,31563.0,31901.8033,True,217.1515,338.8033,114787.6796,1.5602
ocisceno,1010P,Dermatološki pregled - prvi,4,naivni,2025-08-13,2025-09-17,31723.0,31763.0,True,214.7761,40.0,1600.0,0.1862
ocisceno,1010P,Dermatološki pregled - prvi,4,lin,2025-08-13,2025-09-17,31723.0,31386.1273,True,214.7761,336.8727,113483.2257,1.5685
ocisceno,1010P,Dermatološki pregled - prvi,4,ar1,2025-08-13,2025-09-17,31723.0,31958.144,True,214.7761,235.144,55292.6783,1.0948
ocisceno,1010P,Dermatološki pregled - prvi,4,naivni,2025-08-27,2025-09-24,31872.0,31624.0,False,213.6618,248.0,61504.0,1.1607
ocisceno,1010P,Dermatološki pregled - prvi,4,lin,2025-08-27,2025-09-24,31872.0,31499.9636,False,213.6618,372.0364,138411.1119,1.7412
ocisceno,1010P,Dermatološki pregled - prvi,4,ar1,2025-08-27,2025-09-24,31872.0,31777.6649,False,213.6618,94.3351,8899.1169,0.4415
ocisceno,1010P,Dermatološki pregled - prvi,4,naivni,2025-09-03,2025-10-01,31771.0,31639.0,False,210.7826,132.0,17424.0,0.6262
ocisceno,1010P,Dermatološki pregled - prvi,4,lin,2025-09-03,2025-10-01,31771.0,31608.0559,False,210.7826,162.9441,26550.7738,0.773
ocisceno,1010P,Dermatološki pregled - prvi,4,ar1,2025-09-03,2025-10-01,31771.0,31785.5169,False,210.7826,14.5169,210.7401,0.0689
ocisceno,1010P,Dermatološki pregled - prvi,4,naivni,2025-09-10,2025-10-08,31646.0,31563.0,False,208.8571,83.0,6889.0,0.3974
ocisceno,1010P,Dermatološki pregled - prvi,4,lin,2025-09-10,2025-10-08,31646.0,31705.3319,False,208.8571,59.3319,3520.2733,0.2841
ocisceno,1010P,Dermatološki pregled - prvi,4,ar1,2025-09-10,2025-10-08,31646.0,31689.8592,False,208.8571,43.8592,1923.6337,0.21
ocisceno,1010P,Dermatološki pregled - prvi,4,naivni,2025-09-17,2025-10-15,31631.0,31723.0,False,208.169,92.0,8464.0,0.4419
ocisceno,1010P,Dermatološki pregled - prvi,4,lin,2025-09-17,2025-10-15,31631.0,31806.4125,False,208.169,175.4125,30769.5291,0.8426
ocisceno,1010P,Dermatološki pregled - prvi,4,ar1,2025-09-17,2025-10-15,31631.0,31863.9536,False,208.169,232.9536,54267.3746,1.1191
ocisceno,1010P,Dermatološki pregled - prvi,4,naivni,2025-09-24,2025-10-22,31599.0,31872.0,False,207.3472,273.0,74529.0,1.3166
ocisceno,1010P,Dermatološki pregled - prvi,4,lin,2025-09-24,2025-10-22,31599.0,31910.4112,False,207.3472,311.4112,96976.9391,1.5019
ocisceno,1010P,Dermatološki pregled - prvi,4,ar1,2025-09-24,2025-10-22,31599.0,32026.1298,False,207.3472,427.1298,182439.8465,2.06
ocisceno,1010P,Dermatološki pregled - prvi,4,naivni,2025-10-01,2025-10-29,31664.0,31771.0,False,205.8904,107.0,11449.0,0.5197
ocisceno,1010P,Dermatološki pregled - prvi,4,lin,2025-10-01,2025-10-29,31664.0,32002.8159,False,205.8904,338.8159,114796.2377,1.6456
ocisceno,1010P,Dermatološki pregled - prvi,4,ar1,2025-10-01,2025-10-29,31664.0,31902.8336,False,205.8904,238.8336,57041.4784,1.16
ocisceno,1010P,Dermatološki pregled - prvi,4,naivni,2025-10-08,2025-11-05,31420.0,31646.0,False,204.7973,226.0,51076.0,1.1035
ocisceno,1010P,Dermatološki pregled - prvi,4,lin,2025-10-08,2025-11-05,31420.0,32082.9931,False,204.7973,662.9931,439559.8331,3.2373
ocisceno,1010P,Dermatološki pregled - prvi,4,ar1,2025-10-08,2025-11-05,31420.0,31757.6155,False,204.7973,337.6155,113984.2515,1.6485
ocisceno,1010P,Dermatološki pregled - prvi,4,naivni,2025-10-15,2025-11-12,31411.0,31631.0,False,202.2667,220.0,48400.0,1.0877
ocisceno,1010P,Dermatološki pregled - prvi,4,lin,2025-10-15,2025-11-12,31411.0,32157.8239,False,202.2667,746.8239,557745.993,3.6923
ocisceno,1010P,Dermatološki pregled - prvi,4,ar1,2025-10-15,2025-11-12,31411.0,31736.2305,False,202.2667,325.2305,105774.9084,1.6079
ocisceno,1010P,Dermatološki pregled - prvi,4,naivni,2025-10-22,2025-11-19,31276.0,31599.0,False,200.0263,323.0,104329.0,1.6148
ocisceno,1010P,Dermatološki pregled - prvi,4,lin,2025-10-22,2025-11-19,31276.0,32226.7008,False,200.0263,950.7008,903831.9596,4.7529
ocisceno,1010P,Dermatološki pregled - prvi,4,ar1,2025-10-22,2025-11-19,31276.0,31697.2423,False,200.0263,421.2423,177445.0471,2.1059
ocisceno,1010P,Dermatološki pregled - prvi,4,naivni,2025-10-29,2025-11-26,31343.0,31664.0,False,198.2727,321.0,103041.0,1.619
ocisceno,1010P,Dermatološki pregled - prvi,4,lin,2025-10-29,2025-11-26,31343.0,32295.2406,False,198.2727,952.2406,906762.1826,4.8027
ocisceno,1010P,Dermatološki pregled - prvi,4,ar1,2025-10-29,2025-11-26,31343.0,31762.6937,False,198.2727,419.6937,176142.8412,2.1167
ocisceno,1010P,Dermatološki pregled - prvi,4,naivni,2025-11-05,2025-12-03,31108.0,31420.0,False,198.859,312.0,97344.0,1.569
ocisceno,1010P,Dermatološki pregled - prvi,4,lin,2025-11-05,2025-12-03,31108.0,32346.9403,False,198.859,1238.9403,1534972.975,6.2302
ocisceno,1010P,Dermatološki pregled - prvi,4,ar1,2025-11-05,2025-12-03,31108.0,31500.76,False,198.859,392.76,154260.4,1.9751
ocisceno,1010P,Dermatološki pregled - prvi,4,naivni,2025-11-12,2025-12-10,30893.0,31411.0,False,196.4557,518.0,268324.0,2.6367
ocisceno,1010P,Dermatološki pregled - prvi,4,lin,2025-11-12,2025-12-10,30893.0,32395.1903,False,196.4557,1502.1903,2256575.6835,7.6465
ocisceno,1010P,Dermatološki pregled - prvi,4,ar1,2025-11-12,2025-12-10,30893.0,31488.6405,False,196.4557,595.6405,354787.5484,3.0319
ocisceno,1010P,Dermatološki pregled - prvi,4,naivni,2025-11-19,2025-12-17,30842.0,31276.0,False,195.6875,434.0,188356.0,2.2178
ocisceno,1010P,Dermatološki pregled - prvi,4,lin,2025-11-19,2025-12-17,30842.0,32433.631,False,195.6875,1591.631,2533289.0954,8.1335
ocisceno,1010P,Dermatološki pregled - prvi,4,ar1,2025-11-19,2025-12-17,30842.0,31347.678,False,195.6875,505.678,255710.2759,2.5841
ocisceno,1010P,Dermatološki pregled - prvi,4,naivni,2025-11-26,2026-01-07,30948.0,31343.0,True,194.0988,395.0,156025.0,2.035
ocisceno,1010P,Dermatološki pregled - prvi,4,lin,2025-11-26,2026-01-07,30948.0,32473.2146,True,194.0988,1525.2146,2326279.4545,7.8579
ocisceno,1010P,Dermatološki pregled - prvi,4,ar1,2025-11-26,2026-01-07,30948.0,31413.4767,True,194.0988,465.4767,216668.5892,2.3981
ocisceno,1010P,Dermatološki pregled - prvi,4,naivni,2025-12-03,2026-01-14,30875.0,31108.0,True,194.5976,233.0,54289.0,1.1973
ocisceno,1010P,Dermatološki pregled - prvi,4,lin,2025-12-03,2026-01-14,30875.0,32498.5488,True,194.5976,1623.5488,2635910.8471,8.3431
ocisceno,1010P,Dermatološki pregled - prvi,4,ar1,2025-12-03,2026-01-14,30875.0,31174.5111,True,194.5976,299.5111,89706.8745,1.5391
ocisceno,1010P,Dermatološki pregled - prvi,4,naivni,2025-12-10,2026-01-21,30830.0,30893.0,True,194.8434,63.0,3969.0,0.3233
ocisceno,1010P,Dermatološki pregled - prvi,4,lin,2025-12-10,2026-01-21,30830.0,32511.4349,True,194.8434,1681.4349,2827223.4907,8.6297
ocisceno,1010P,Dermatološki pregled - prvi,4,ar1,2025-12-10,2026-01-21,30830.0,30960.5428,True,194.8434,130.5428,17041.4221,0.67
ocisceno,1010P,Dermatološki pregled - prvi,4,naivni,2025-12-17,2026-01-28,30715.0,30842.0,True,193.131,127.0,16129.0,0.6576
ocisceno,1010P,Dermatološki pregled - prvi,4,lin,2025-12-17,2026-01-28,30715.0,32520.6856,True,193.131,1805.6856,3260500.6165,9.3495
ocisceno,1010P,Dermatološki pregled - prvi,4,ar1,2025-12-17,2026-01-28,30715.0,30909.3179,True,193.131,194.3179,37759.4562,1.0061
ocisceno,1010P,Dermatološki pregled - prvi,4,naivni,2026-01-07,2026-02-04,30714.0,30948.0,False,192.1059,234.0,54756.0,1.2181
ocisceno,1010P,Dermatološki pregled - prvi,4,lin,2026-01-07,2026-02-04,30714.0,32534.1867,False,192.1059,1820.1867,3313079.7167,9.4749
ocisceno,1010P,Dermatološki pregled - prvi,4,ar1,2026-01-07,2026-02-04,30714.0,31010.762,False,192.1059,296.762,88067.68,1.5448
ocisceno,1010P,Dermatološki pregled - prvi,4,naivni,2026-01-14,2026-02-11,30555.0,30875.0,False,190.7209,320.0,102400.0,1.6778
ocisceno,1010P,Dermatološki pregled - prvi,4,lin,2026-01-14,2026-02-11,30555.0,32543.0679,False,190.7209,1988.0679,3952414.1293,10.424
ocisceno,1010P,Dermatološki pregled - prvi,4,ar1,2026-01-14,2026-02-11,30555.0,30938.3906,False,190.7209,383.3906,146988.3432,2.0102
ocisceno,1010P,Dermatološki pregled - prvi,4,naivni,2026-01-21,2026-02-18,30201.0,30830.0,False,189.046,629.0,395641.0,3.3272
ocisceno,1010P,Dermatološki pregled - prvi,4,lin,2026-01-21,2026-02-18,30201.0,32548.919,False,189.046,2347.919,5512723.4107,12.4198
ocisceno,1010P,Dermatološki pregled - prvi,4,ar1,2026-01-21,2026-02-18,30201.0,30893.5643,False,189.046,692.5643,479645.2732,3.6635
ocisceno,1010P,Dermatološki pregled - prvi,4,naivni,2026-01-28,2026-02-25,30066.0,30715.0,False,188.2045,649.0,421201.0,3.4484
ocisceno,1010P,Dermatološki pregled - prvi,4,lin,2026-01-28,2026-02-25,30066.0,32548.6031,False,188.2045,2482.6031,6163317.9751,13.191
ocisceno,1010P,Dermatološki pregled - prvi,4,ar1,2026-01-28,2026-02-25,30066.0,30781.872,False,188.2045,715.872,512472.7274,3.8037
ocisceno,1010P,Dermatološki pregled - prvi,4,naivni,2026-02-04,2026-03-04,30035.0,30714.0,False,186.1011,679.0,461041.0,3.6486
ocisceno,1010P,Dermatološki pregled - prvi,4,lin,2026-02-04,2026-03-04,30035.0,32547.7649,False,186.1011,2512.7649,6313987.2134,13.5021
ocisceno,1010P,Dermatološki pregled - prvi,4,ar1,2026-02-04,2026-03-04,30035.0,30779.6304,False,186.1011,744.6304,554474.4329,4.0012
ocisceno,1010P,Dermatološki pregled - prvi,4,naivni,2026-02-11,2026-03-11,29977.0,30555.0,False,185.8,578.0,334084.0,3.1109
ocisceno,1010P,Dermatološki pregled - prvi,4,lin,2026-02-11,2026-03-11,29977.0,32539.1546,False,185.8,2562.1546,6564636.0038,13.7899
ocisceno,1010P,Dermatološki pregled - prvi,4,ar1,2026-02-11,2026-03-11,29977.0,30627.4298,False,185.8,650.4298,423058.9473,3.5007
ocisceno,1010P,Dermatološki pregled - prvi,4,naivni,2026-02-18,2026-03-18,29945.0,30201.0,False,187.6484,256.0,65536.0,1.3643
ocisceno,1010P,Dermatološki pregled - prvi,4,lin,2026-02-18,2026-03-18,29945.0,32514.2853,False,187.6484,2569.2853,6601226.8245,13.692
ocisceno,1010P,Dermatološki pregled - prvi,4,ar1,2026-02-18,2026-03-18,29945.0,30294.2682,False,187.6484,349.2682,121988.2973,1.8613
ocisceno,1010P,Dermatološki pregled - prvi,4,naivni,2026-02-25,2026-03-25,30229.0,30066.0,False,187.0761,163.0,26569.0,0.8713
ocisceno,1010P,Dermatološki pregled - prvi,4,lin,2026-02-25,2026-03-25,30229.0,32483.85,False,187.0761,2254.85,5084348.6548,12.0531
ocisceno,1010P,Dermatološki pregled - prvi,4,ar1,2026-02-25,2026-03-25,30229.0,30167.968,False,187.0761,61.032,3724.907,0.3262
ocisceno,1010P,Dermatološki pregled - prvi,4,naivni,2026-03-04,2026-04-08,29859.0,30035.0,True,185.3978,176.0,30976.0,0.9493
ocisceno,1010P,Dermatološki pregled - prvi,4,lin,2026-03-04,2026-04-08,29859.0,32452.7695,True,185.3978,2593.7695,6727640.1313,13.9903
ocisceno,1010P,Dermatološki pregled - prvi,4,ar1,2026-03-04,2026-04-08,29859.0,30138.024,True,185.3978,279.024,77854.368,1.505
ocisceno,1010P,Dermatološki pregled - prvi,4,naivni,2026-03-11,2026-04-15,29864.0,29977.0,True,184.0426,113.0,12769.0,0.614
ocisceno,1010P,Dermatološki pregled - prvi,4,lin,2026-03-11,2026-04-15,29864.0,32419.8951,True,184.0426,2555.8951,6532599.7662,13.8875
ocisceno,1010P,Dermatološki pregled - prvi,4,ar1,2026-03-11,2026-04-15,29864.0,30083.3453,True,184.0426,219.3453,48112.3807,1.1918
ocisceno,1010P,Dermatološki pregled - prvi,4,naivni,2026-03-18,2026-04-29,30164.0,29945.0,True,182.4421,219.0,47961.0,1.2004
ocisceno,1010P,Dermatološki pregled - prvi,4,lin,2026-03-18,2026-04-29,30164.0,32386.4571,True,182.4421,2222.4571,4939315.5064,12.1817
ocisceno,1010P,Dermatološki pregled - prvi,4,ar1,2026-03-18,2026-04-29,30164.0,30052.6425,True,182.4421,111.3575,12400.4819,0.6104
ocisceno,1010P,Dermatološki pregled - prvi,4,naivni,2026-03-25,2026-05-06,30026.0,30229.0,True,183.5,203.0,41209.0,1.1063
ocisceno,1010P,Dermatološki pregled - prvi,4,lin,2026-03-25,2026-05-06,30026.0,32366.1212,True,183.5,2340.1212,5476167.4142,12.7527
ocisceno,1010P,Dermatološki pregled - prvi,4,ar1,2026-03-25,2026-05-06,30026.0,30311.9993,True,183.5,285.9993,81795.6221,1.5586
ocisceno,1010P,Dermatološki pregled - prvi,4,naivni,2026-04-08,2026-05-13,30346.0,29859.0,True,185.4227,487.0,237169.0,2.6264
ocisceno,1010P,Dermatološki pregled - prvi,4,lin,2026-04-08,2026-05-13,30346.0,32330.3678,True,185.4227,1984.3678,3937715.5894,10.7019
ocisceno,1010P,Dermatološki pregled - prvi,4,ar1,2026-04-08,2026-05-13,30346.0,29970.9619,True,185.4227,375.0381,140653.5784,2.0226
ocisceno,1010P,Dermatološki pregled - prvi,4,naivni,2026-04-15,2026-05-20,30447.0,29864.0,True,183.5816,583.0,339889.0,3.1757
ocisceno,1010P,Dermatološki pregled - prvi,4,lin,2026-04-15,2026-05-20,30447.0,32295.7617,True,183.5816,1848.7617,3417919.986,10.0705
ocisceno,1010P,Dermatološki pregled - prvi,4,ar1,2026-04-15,2026-05-20,30447.0,29974.1966,True,183.5816,472.8034,223543.0758,2.5754
ocisceno,1010P,Dermatološki pregled - prvi,4,naivni,2026-04-29,2026-05-27,30870.0,30164.0,False,184.7576,706.0,498436.0,3.8212
ocisceno,1010P,Dermatološki pregled - prvi,4,lin,2026-04-29,2026-05-27,30870.0,32274.5842,False,184.7576,1404.5842,1972856.8604,7.6023
ocisceno,1010P,Dermatološki pregled - prvi,4,ar1,2026-04-29,2026-05-27,30870.0,30246.6611,False,184.7576,623.3389,388551.4031,3.3738
ocisceno,1010P,Dermatološki pregled - prvi,4,naivni,2026-05-06,2026-06-03,30293.0,30026.0,False,184.29,267.0,71289.0,1.4488
ocisceno,1010P,Dermatološki pregled - prvi,4,lin,2026-05-06,2026-06-03,30293.0,32248.1141,False,184.29,1955.1141,3822471.0764,10.6089
ocisceno,1010P,Dermatološki pregled - prvi,4,ar1,2026-05-06,2026-06-03,30293.0,30119.2393,False,184.29,173.7607,30192.7809,0.9429
ocisceno,1010P,Dermatološki pregled - prvi,4,naivni,2026-05-13,2026-06-17,30068.0,30346.0,True,185.6337,278.0,77284.0,1.4976
ocisceno,1010P,Dermatološki pregled - prvi,4,lin,2026-05-13,2026-06-17,30068.0,32235.3447,True,185.6337,2167.3447,4697383.0272,11.6754
ocisceno,1010P,Dermatološki pregled - prvi,4,ar1,2026-05-13,2026-06-17,30068.0,30410.8892,True,185.6337,342.8892,117573.0099,1.8471
ocisceno,1010P,Dermatološki pregled - prvi,4,naivni,2026-05-20,2026-06-24,29952.0,30447.0,True,184.8039,495.0,245025.0,2.6785
ocisceno,1010P,Dermatološki pregled - prvi,4,lin,2026-05-20,2026-06-24,29952.0,32226.7927,True,184.8039,2274.7927,5174681.782,12.3092
ocisceno,1010P,Dermatološki pregled - prvi,4,ar1,2026-05-20,2026-06-24,29952.0,30503.0985,True,184.8039,551.0985,303709.5738,2.9821
ocisceno,1010P,Dermatološki pregled - prvi,4,naivni,2026-05-27,2026-07-01,29643.0,30870.0,True,187.1165,1227.0,1505529.0,6.5574
ocisceno,1010P,Dermatološki pregled - prvi,4,lin,2026-05-27,2026-07-01,29643.0,32235.191,True,187.1165,2592.191,6719453.9908,13.8534
ocisceno,1010P,Dermatološki pregled - prvi,4,ar1,2026-05-27,2026-07-01,29643.0,30894.9849,True,187.1165,1251.9849,1567466.1532,6.6909
ocisceno,1010P,Dermatološki pregled - prvi,4,naivni,2026-06-03,2026-07-08,29577.0,30293.0,True,190.8654,716.0,512656.0,3.7513
ocisceno,1010P,Dermatološki pregled - prvi,4,lin,2026-06-03,2026-07-08,29577.0,32220.0831,True,190.8654,2643.0831,6985888.21,13.8479
ocisceno,1010P,Dermatološki pregled - prvi,4,ar1,2026-06-03,2026-07-08,29577.0,30357.8754,True,190.8654,780.8754,609766.3792,4.0912
ocisceno,1010P,Dermatološki pregled - prvi,4,naivni,2026-06-17,2026-07-15,29233.0,30068.0,False,191.1905,835.0,697225.0,4.3674
ocisceno,1010P,Dermatološki pregled - prvi,4,lin,2026-06-17,2026-07-15,29233.0,32196.3433,False,191.1905,2963.3433,8781403.3375,15.4994
ocisceno,1010P,Dermatološki pregled - prvi,4,ar1,2026-06-17,2026-07-15,29233.0,30151.9261,False,191.1905,918.9261,844425.1984,4.8063
ocisceno,1018P,Kardiološki pregled - prvi,1,naivni,2025-04-09,2025-04-16,17261.0,17276.0,False,186.6078,15.0,225.0,0.0804
ocisceno,1018P,Kardiološki pregled - prvi,1,lin,2025-04-09,2025-04-16,17261.0,15908.0701,False,186.6078,1352.9299,1830419.2176,7.2501
ocisceno,1018P,Kardiološki pregled - prvi,1,ar1,2025-04-09,2025-04-16,17261.0,17253.73,False,186.6078,7.27,52.8524,0.039
ocisceno,1018P,Kardiološki pregled - prvi,1,naivni,2025-04-16,2025-04-23,17309.0,17261.0,False,183.3077,48.0,2304.0,0.2619
ocisceno,1018P,Kardiološki pregled - prvi,1,lin,2025-04-16,2025-04-23,17309.0,15945.9906,False,183.3077,1363.0094,1857794.7171,7.4356
ocisceno,1018P,Kardiološki pregled - prvi,1,ar1,2025-04-16,2025-04-23,17309.0,17239.5042,False,183.3077,69.4958,4829.6682,0.3791
ocisceno,1018P,Kardiološki pregled - prvi,1,naivni,2025-04-23,2025-04-30,17760.0,17309.0,False,180.7547,451.0,203401.0,2.4951
ocisceno,1018P,Kardiološki pregled - prvi,1,lin,2025-04-23,2025-04-30,17760.0,15985.6031,False,180.7547,1774.3969,3148484.4483,9.8166
ocisceno,1018P,Kardiološki pregled - prvi,1,ar1,2025-04-23,2025-04-30,17760.0,17286.9338,False,180.7547,473.0662,223791.5954,2.6172
ocisceno,1018P,Kardiološki pregled - prvi,1,naivni,2025-04-30,2025-05-07,17774.0,17760.0,False,185.7593,14.0,196.0,0.0754
ocisceno,1018P,Kardiološki pregled - prvi,1,lin,2025-04-30,2025-05-07,17774.0,16056.0525,False,185.7593,1717.9475,2951343.526,9.2482
ocisceno,1018P,Kardiološki pregled - prvi,1,ar1,2025-04-30,2025-05-07,17774.0,17727.4884,False,185.7593,46.5116,2163.331,0.2504
ocisceno,1018P,Kardiološki pregled - prvi,1,naivni,2025-05-07,2025-05-14,17956.0,17774.0,False,182.6364,182.0,33124.0,0.9965
ocisceno,1018P,Kardiološki pregled - prvi,1,lin,2025-05-07,2025-05-14,17956.0,16123.6221,False,182.6364,1832.3779,3357608.8493,10.0329
ocisceno,1018P,Kardiološki pregled - prvi,1,ar1,2025-05-07,2025-05-14,17956.0,17741.739,False,182.6364,214.261,45907.7636,1.1732
ocisceno,1018P,Kardiološki pregled - prvi,1,naivni,2025-05-14,2025-05-21,17935.0,17956.0,False,182.625,21.0,441.0,0.115
ocisceno,1018P,Kardiološki pregled - prvi,1,lin,2025-05-14,2025-05-21,17935.0,16200.2982,False,182.625,1734.7018,3009190.1767,9.4987
ocisceno,1018P,Kardiološki pregled - prvi,1,ar1,2025-05-14,2025-05-21,17935.0,17919.7902,False,182.625,15.2098,231.3384,0.0833
ocisceno,1018P,Kardiološki pregled - prvi,1,naivni,2025-05-21,2025-05-28,18127.0,17935.0,False,179.7895,192.0,36864.0,1.0679
ocisceno,1018P,Kardiološki pregled - prvi,1,lin,2025-05-21,2025-05-28,18127.0,16271.3466,False,179.7895,1855.6534,3443449.3833,10.3213
ocisceno,1018P,Kardiološki pregled - prvi,1,ar1,2025-05-21,2025-05-28,18127.0,17899.9919,False,179.7895,227.0081,51532.684,1.2626
ocisceno,1018P,Kardiološki pregled - prvi,1,naivni,2025-05-28,2025-06-04,18035.0,18127.0,False,180.0,92.0,8464.0,0.5111
ocisceno,1018P,Kardiološki pregled - prvi,1,lin,2025-05-28,2025-06-04,18035.0,16351.609,False,180.0,1683.391,2833805.2569,9.3522
ocisceno,1018P,Kardiološki pregled - prvi,1,ar1,2025-05-28,2025-06-04,18035.0,18088.1916,False,180.0,53.1916,2829.351,0.2955
ocisceno,1018P,Kardiološki pregled - prvi,1,naivni,2025-06-04,2025-06-18,18228.0,18035.0,True,178.5085,193.0,37249.0,1.0812
ocisceno,1018P,Kardiološki pregled - prvi,1,lin,2025-06-04,2025-06-18,18228.0,16421.4356,True,178.5085,1806.5644,3263674.9558,10.1203
ocisceno,1018P,Kardiološki pregled - prvi,1,ar1,2025-06-04,2025-06-18,18228.0,17998.9891,True,178.5085,229.0109,52445.9825,1.2829
ocisceno,1018P,Kardiološki pregled - prvi,1,naivni,2025-06-18,2025-07-02,18295.0,18228.0,True,178.75,67.0,4489.0,0.3748
ocisceno,1018P,Kardiološki pregled - prvi,1,lin,2025-06-18,2025-07-02,18295.0,16500.259,True,178.75,1794.741,3221095.1982,10.0405
ocisceno,1018P,Kardiološki pregled - prvi,1,ar1,2025-06-18,2025-07-02,18295.0,18188.4604,True,178.75,106.5396,11350.6814,0.596
ocisceno,1018P,Kardiološki pregled - prvi,1,naivni,2025-07-02,2025-07-09,18337.0,18295.0,False,176.918,42.0,1764.0,0.2374
ocisceno,1018P,Kardiološki pregled - prvi,1,lin,2025-07-02,2025-07-09,18337.0,16579.275,False,176.918,1757.725,3089597.2221,9.9353
ocisceno,1018P,Kardiološki pregled - prvi,1,ar1,2025-07-02,2025-07-09,18337.0,18255.083,False,176.918,81.917,6710.3974,0.463
ocisceno,1018P,Kardiološki pregled - prvi,1,naivni,2025-07-09,2025-07-16,18320.0,18337.0,False,174.7419,17.0,289.0,0.0973
ocisceno,1018P,Kardiološki pregled - prvi,1,lin,2025-07-09,2025-07-16,18320.0,16656.8597,False,174.7419,1663.1403,2766035.6474,9.5177
ocisceno,1018P,Kardiološki pregled - prvi,1,ar1,2025-07-09,2025-07-16,18320.0,18297.2697,False,174.7419,22.7303,516.6651,0.1301
ocisceno,1018P,Kardiološki pregled - prvi,1,naivni,2025-07-16,2025-07-23,18480.0,18320.0,False,172.2381,160.0,25600.0,0.9289
ocisceno,1018P,Kardiološki pregled - prvi,1,lin,2025-07-16,2025-07-23,18480.0,16729.4048,False,172.2381,1750.5952,3064583.6876,10.1638
ocisceno,1018P,Kardiološki pregled - prvi,1,ar1,2025-07-16,2025-07-23,18480.0,18281.4505,False,172.2381,198.5495,39421.9102,1.1528
ocisceno,1018P,Kardiološki pregled - prvi,1,naivni,2025-07-23,2025-07-30,18604.0,18480.0,False,172.0469,124.0,15376.0,0.7207
ocisceno,1018P,Kardiološki pregled - prvi,1,lin,2025-07-23,2025-07-30,18604.0,16808.1313,False,172.0469,1795.8687,3225144.5672,10.4383
ocisceno,1018P,Kardiološki pregled - prvi,1,ar1,2025-07-23,2025-07-30,18604.0,18439.8597,False,172.0469,164.1403,26942.0424,0.954
ocisceno,1018P,Kardiološki pregled - prvi,1,naivni,2025-07-30,2025-08-06,18500.0,18604.0,False,171.3077,104.0,10816.0,0.6071
ocisceno,1018P,Kardiološki pregled - prvi,1,lin,2025-07-30,2025-08-06,18500.0,16890.4177,False,171.3077,1609.5823,2590755.1302,9.3959
ocisceno,1018P,Kardiološki pregled - prvi,1,ar1,2025-07-30,2025-08-06,18500.0,18563.5605,False,171.3077,63.5605,4039.9311,0.371
ocisceno,1018P,Kardiološki pregled - prvi,1,naivni,2025-08-06,2025-08-13,18485.0,18500.0,False,170.2879,15.0,225.0,0.0881
ocisceno,1018P,Kardiološki pregled - prvi,1,lin,2025-08-06,2025-08-13,18485.0,16962.3948,False,170.2879,1522.6052,2318326.4612,8.9414
ocisceno,1018P,Kardiološki pregled - prvi,1,ar1,2025-08-06,2025-08-13,18485.0,18461.582,False,170.2879,23.418,548.4014,0.1375
ocisceno,1018P,Kardiološki pregled - prvi,1,naivni,2025-08-13,2025-08-27,18470.0,18485.0,True,167.9701,15.0,225.0,0.0893
ocisceno,1018P,Kardiološki pregled - prvi,1,lin,2025-08-13,2025-08-27,18470.0,17029.9622,True,167.9701,1440.0378,2073708.7284,8.5732
ocisceno,1018P,Kardiološki pregled - prvi,1,ar1,2025-08-13,2025-08-27,18470.0,18447.6798,True,167.9701,22.3202,498.1895,0.1329
ocisceno,1018P,Kardiološki pregled - prvi,1,naivni,2025-08-27,2025-09-03,18408.0,18470.0,False,165.7206,62.0,3844.0,0.3741
ocisceno,1018P,Kardiološki pregled - prvi,1,lin,2025-08-27,2025-09-03,18408.0,17093.3922,False,165.7206,1314.6078,1728193.7812,7.9327
ocisceno,1018P,Kardiološki pregled - prvi,1,ar1,2025-08-27,2025-09-03,18408.0,18433.7279,False,165.7206,25.7279,661.9246,0.1552
ocisceno,1018P,Kardiološki pregled - prvi,1,naivni,2025-09-03,2025-09-10,18295.0,18408.0,False,164.2174,113.0,12769.0,0.6881
ocisceno,1018P,Kardiološki pregled - prvi,1,lin,2025-09-03,2025-09-10,18295.0,17150.2509,False,164.2174,1144.7491,1310450.4294,6.9709
ocisceno,1018P,Kardiološki pregled - prvi,1,ar1,2025-09-03,2025-09-10,18295.0,18373.3746,False,164.2174,78.3746,6142.5735,0.4773
ocisceno,1018P,Kardiološki pregled - prvi,1,naivni,2025-09-10,2025-09-17,18112.0,18295.0,False,163.4857,183.0,33489.0,1.1194
ocisceno,1018P,Kardiološki pregled - prvi,1,lin,2025-09-10,2025-09-17,18112.0,17198.0692,False,163.4857,913.9308,835269.4792,5.5903
ocisceno,1018P,Kardiološki pregled - prvi,1,ar1,2025-09-10,2025-09-17,18112.0,18262.8906,False,163.4857,150.8906,22767.9795,0.923
ocisceno,1018P,Kardiološki pregled - prvi,1,naivni,2025-09-17,2025-09-24,17777.0,18112.0,False,163.7606,335.0,112225.0,2.0457
ocisceno,1018P,Kardiološki pregled - prvi,1,lin,2025-09-17,2025-09-24,17777.0,17233.5121,False,163.7606,543.4879,295379.0667,3.3188
ocisceno,1018P,Kardiološki pregled - prvi,1,ar1,2025-09-17,2025-09-24,17777.0,18084.0306,False,163.7606,307.0306,94267.7999,1.8749
ocisceno,1018P,Kardiološki pregled - prvi,1,naivni,2025-09-24,2025-10-01,17322.0,17777.0,False,166.1389,455.0,207025.0,2.7387
ocisceno,1018P,Kardiološki pregled - prvi,1,lin,2025-09-24,2025-10-01,17322.0,17249.0046,False,166.1389,72.9954,5328.3334,0.4394
ocisceno,1018P,Kardiološki pregled - prvi,1,ar1,2025-09-24,2025-10-01,17322.0,17757.3595,False,166.1389,435.3595,189537.9341,2.6205
ocisceno,1018P,Kardiološki pregled - prvi,1,naivni,2025-10-01,2025-10-08,17132.0,17322.0,False,170.0959,190.0,36100.0,1.117
ocisceno,1018P,Kardiološki pregled - prvi,1,lin,2025-10-01,2025-10-08,17132.0,17239.2662,False,170.0959,107.2662,11506.0372,0.6306
ocisceno,1018P,Kardiološki pregled - prvi,1,ar1,2025-10-01,2025-10-08,17132.0,17314.3063,False,170.0959,182.3063,33235.6015,1.0718
ocisceno,1018P,Kardiološki pregled - prvi,1,naivni,2025-10-08,2025-10-15,16998.0,17132.0,False,170.3649,134.0,17956.0,0.7865
ocisceno,1018P,Kardiološki pregled - prvi,1,lin,2025-10-08,2025-10-15,16998.0,17219.9402,False,170.3649,221.9402,49257.4436,1.3027
ocisceno,1018P,Kardiološki pregled - prvi,1,ar1,2025-10-08,2025-10-15,16998.0,17128.647,False,170.3649,130.647,17068.6256,0.7669
ocisceno,1018P,Kardiološki pregled - prvi,1,naivni,2025-10-15,2025-10-22,16671.0,16998.0,False,169.88,327.0,106929.0,1.9249
ocisceno,1018P,Kardiološki pregled - prvi,1,lin,2025-10-15,2025-10-22,16671.0,17194.5411,False,169.88,523.5411,274095.2338,3.0818
ocisceno,1018P,Kardiološki pregled - prvi,1,ar1,2025-10-15,2025-10-22,16671.0,16997.207,False,169.88,326.207,106410.9951,1.9202
ocisceno,1018P,Kardiološki pregled - prvi,1,naivni,2025-10-22,2025-10-29,16787.0,16671.0,False,171.9474,116.0,13456.0,0.6746
ocisceno,1018P,Kardiološki pregled - prvi,1,lin,2025-10-22,2025-10-29,16787.0,17153.3985,False,171.9474,366.3985,134247.858,2.1309
ocisceno,1018P,Kardiološki pregled - prvi,1,ar1,2025-10-22,2025-10-29,16787.0,16674.5473,False,171.9474,112.4527,12645.6139,0.654
ocisceno,1018P,Kardiološki pregled - prvi,1,naivni,2025-10-29,2025-11-05,16613.0,16787.0,False,171.2208,174.0,30276.0,1.0162
ocisceno,1018P,Kardiološki pregled - prvi,1,lin,2025-10-29,2025-11-05,16613.0,17120.1402,False,171.2208,507.1402,257191.1755,2.9619
ocisceno,1018P,Kardiološki pregled - prvi,1,ar1,2025-10-29,2025-11-05,16613.0,16789.5784,False,171.2208,176.5784,31179.9397,1.0313
ocisceno,1018P,Kardiološki pregled - prvi,1,naivni,2025-11-05,2025-11-12,16567.0,16613.0,False,171.2564,46.0,2116.0,0.2686
ocisceno,1018P,Kardiološki pregled - prvi,1,lin,2025-11-05,2025-11-12,16567.0,17079.6368,False,171.2564,512.6368,262796.4951,2.9934
ocisceno,1018P,Kardiološki pregled - prvi,1,ar1,2025-11-05,2025-11-12,16567.0,16617.0892,False,171.2564,50.0892,2508.9263,0.2925
ocisceno,1018P,Kardiološki pregled - prvi,1,naivni,2025-11-12,2025-11-19,16393.0,16567.0,False,169.6709,174.0,30276.0,1.0255
ocisceno,1018P,Kardiološki pregled - prvi,1,lin,2025-11-12,2025-11-19,16393.0,17038.6981,False,169.6709,645.6981,416926.038,3.8056
ocisceno,1018P,Kardiološki pregled - prvi,1,ar1,2025-11-12,2025-11-19,16393.0,16571.177,False,169.6709,178.177,31747.0598,1.0501
ocisceno,1018P,Kardiološki pregled - prvi,1,naivni,2025-11-19,2025-11-26,16340.0,16393.0,False,169.725,53.0,2809.0,0.3123
ocisceno,1018P,Kardiološki pregled - prvi,1,lin,2025-11-19,2025-11-26,16340.0,16991.0302,False,169.725,651.0302,423840.3824,3.8358
ocisceno,1018P,Kardiološki pregled - prvi,1,ar1,2025-11-19,2025-11-26,16340.0,16397.287,False,169.725,57.287,3281.8015,0.3375
ocisceno,1018P,Kardiološki pregled - prvi,1,naivni,2025-11-26,2025-12-03,16279.0,16340.0,False,168.284,61.0,3721.0,0.3625
ocisceno,1018P,Kardiološki pregled - prvi,1,lin,2025-11-26,2025-12-03,16279.0,16942.9079,False,168.284,663.9079,440773.6453,3.9452
ocisceno,1018P,Kardiološki pregled - prvi,1,ar1,2025-11-26,2025-12-03,16279.0,16343.937,False,168.284,64.937,4216.8099,0.3859
ocisceno,1018P,Kardiološki pregled - prvi,1,naivni,2025-12-03,2025-12-10,16212.0,16279.0,False,166.9756,67.0,4489.0,0.4013
ocisceno,1018P,Kardiološki pregled - prvi,1,lin,2025-12-03,2025-12-10,16212.0,16893.9736,False,166.9756,681.9736,465087.9266,4.0843
ocisceno,1018P,Kardiološki pregled - prvi,1,ar1,2025-12-03,2025-12-10,16212.0,16282.4637,False,166.9756,70.4637,4965.1268,0.422
ocisceno,1018P,Kardiološki pregled - prvi,1,naivni,2025-12-10,2025-12-17,15945.0,16212.0,False,165.7711,267.0,71289.0,1.6107
ocisceno,1018P,Kardiološki pregled - prvi,1,lin,2025-12-10,2025-12-17,15945.0,16843.9885,False,165.7711,898.9885,808180.369,5.4231
ocisceno,1018P,Kardiološki pregled - prvi,1,ar1,2025-12-10,2025-12-17,15945.0,16214.8369,False,165.7711,269.8369,72811.9711,1.6278
ocisceno,1018P,Kardiološki pregled - prvi,1,naivni,2025-12-17,2026-01-07,15897.0,15945.0,True,166.9762,48.0,2304.0,0.2875
ocisceno,1018P,Kardiološki pregled - prvi,1,lin,2025-12-17,2026-01-07,15897.0,16783.6,True,166.9762,886.6,786059.56,5.3097
ocisceno,1018P,Kardiološki pregled - prvi,1,ar1,2025-12-17,2026-01-07,15897.0,15944.2472,True,166.9762,47.2472,2232.3015,0.283
ocisceno,1018P,Kardiološki pregled - prvi,1,naivni,2026-01-07,2026-01-14,15901.0,15897.0,False,165.5765,4.0,16.0,0.0242
ocisceno,1018P,Kardiološki pregled - prvi,1,lin,2026-01-07,2026-01-14,15901.0,16723.5417,False,165.5765,822.5417,676574.8872,4.9677
ocisceno,1018P,Kardiološki pregled - prvi,1,ar1,2026-01-07,2026-01-14,15901.0,15895.2328,False,165.5765,5.7672,33.2605,0.0348
ocisceno,1018P,Kardiološki pregled - prvi,1,naivni,2026-01-14,2026-01-21,16004.0,15901.0,False,163.6977,103.0,10609.0,0.6292
ocisceno,1018P,Kardiološki pregled - prvi,1,lin,2026-01-14,2026-01-21,16004.0,16666.1917,False,163.6977,662.1917,438497.7946,4.0452
ocisceno,1018P,Kardiološki pregled - prvi,1,ar1,2026-01-14,2026-01-21,16004.0,15899.3955,False,163.6977,104.6045,10942.1103,0.639
ocisceno,1018P,Kardiološki pregled - prvi,1,naivni,2026-01-21,2026-01-28,16267.0,16004.0,False,163.0,263.0,69169.0,1.6135
ocisceno,1018P,Kardiološki pregled - prvi,1,lin,2026-01-21,2026-01-28,16267.0,16615.9154,False,163.0,348.9154,121741.9288,2.1406
ocisceno,1018P,Kardiološki pregled - prvi,1,ar1,2026-01-21,2026-01-28,16267.0,16004.297,False,163.0,262.703,69012.8474,1.6117
ocisceno,1018P,Kardiološki pregled - prvi,1,naivni,2026-01-28,2026-02-04,16388.0,16267.0,False,164.1364,121.0,14641.0,0.7372
ocisceno,1018P,Kardiološki pregled - prvi,1,lin,2026-01-28,2026-02-04,16388.0,16579.5498,False,164.1364,191.5498,36691.3242,1.167
ocisceno,1018P,Kardiološki pregled - prvi,1,ar1,2026-01-28,2026-02-04,16388.0,16269.5502,False,164.1364,118.4498,14030.3545,0.7217
ocisceno,1018P,Kardiološki pregled - prvi,1,naivni,2026-02-04,2026-02-11,16379.0,16388.0,False,163.6517,9.0,81.0,0.055
ocisceno,1018P,Kardiološki pregled - prvi,1,lin,2026-02-04,2026-02-11,16379.0,16550.0911,False,163.6517,171.0911,29272.1768,1.0455
ocisceno,1018P,Kardiološki pregled - prvi,1,ar1,2026-02-04,2026-02-11,16379.0,16390.2942,False,163.6517,11.2942,127.56,0.069
ocisceno,1018P,Kardiološki pregled - prvi,1,naivni,2026-02-11,2026-02-18,16714.0,16379.0,False,161.9333,335.0,112225.0,2.0688
ocisceno,1018P,Kardiološki pregled - prvi,1,lin,2026-02-11,2026-02-18,16714.0,16521.485,False,161.9333,192.515,37062.0323,1.1889
ocisceno,1018P,Kardiološki pregled - prvi,1,ar1,2026-02-11,2026-02-18,16714.0,16381.2841,False,161.9333,332.7159,110699.8414,2.0546
ocisceno,1018P,Kardiološki pregled - prvi,1,naivni,2026-02-18,2026-02-25,16733.0,16714.0,False,163.8352,19.0,361.0,0.116
ocisceno,1018P,Kardiološki pregled - prvi,1,lin,2026-02-18,2026-02-25,16733.0,16508.6469,False,163.8352,224.3531,50334.3053,1.3694
ocisceno,1018P,Kardiološki pregled - prvi,1,ar1,2026-02-18,2026-02-25,16733.0,16713.1655,False,163.8352,19.8345,393.4069,0.1211
ocisceno,1018P,Kardiološki pregled - prvi,1,naivni,2026-02-25,2026-03-04,16860.0,16733.0,False,162.2609,127.0,16129.0,0.7827
ocisceno,1018P,Kardiološki pregled - prvi,1,lin,2026-02-25,2026-03-04,16860.0,16497.2232,False,162.2609,362.7768,131606.9811,2.2358
ocisceno,1018P,Kardiološki pregled - prvi,1,ar1,2026-02-25,2026-03-04,16860.0,16731.8745,False,162.2609,128.1255,16416.1374,0.7896
ocisceno,1018P,Kardiološki pregled - prvi,1,naivni,2026-03-04,2026-03-11,16931.0,16860.0,False,161.8817,71.0,5041.0,0.4386
ocisceno,1018P,Kardiološki pregled - prvi,1,lin,2026-03-04,2026-03-11,16931.0,16491.7412,False,161.8817,439.2588,192948.2502,2.7135
ocisceno,1018P,Kardiološki pregled - prvi,1,ar1,2026-03-04,2026-03-11,16931.0,16856.6598,False,161.8817,74.3402,5526.4724,0.4592
ocisceno,1018P,Kardiološki pregled - prvi,1,naivni,2026-03-11,2026-03-18,16741.0,16931.0,False,160.9149,190.0,36100.0,1.1807
ocisceno,1018P,Kardiološki pregled - prvi,1,lin,2026-03-11,2026-03-18,16741.0,16489.5608,False,160.9149,251.4392,63221.6681,1.5626
ocisceno,1018P,Kardiološki pregled - prvi,1,ar1,2026-03-11,2026-03-18,16741.0,16926.2884,False,160.9149,185.2884,34331.7755,1.1515
ocisceno,1018P,Kardiološki pregled - prvi,1,naivni,2026-03-18,2026-03-25,16886.0,16741.0,False,161.2211,145.0,21025.0,0.8994
ocisceno,1018P,Kardiološki pregled - prvi,1,lin,2026-03-18,2026-03-25,16886.0,16479.6509,False,161.2211,406.3491,165119.6096,2.5204
ocisceno,1018P,Kardiološki pregled - prvi,1,ar1,2026-03-18,2026-03-25,16886.0,16740.1523,False,161.2211,145.8477,21271.5593,0.9046
ocisceno,1018P,Kardiološki pregled - prvi,1,naivni,2026-03-25,2026-04-08,16603.0,16886.0,True,161.0521,283.0,80089.0,1.7572
ocisceno,1018P,Kardiološki pregled - prvi,1,lin,2026-03-25,2026-04-08,16603.0,16476.183,True,161.0521,126.817,16082.5541,0.7874
ocisceno,1018P,Kardiološki pregled - prvi,1,ar1,2026-03-25,2026-04-08,16603.0,16882.4254,True,161.0521,279.4254,78078.5809,1.735
ocisceno,1018P,Kardiološki pregled - prvi,1,naivni,2026-04-08,2026-04-15,16708.0,16603.0,False,162.3093,105.0,11025.0,0.6469
ocisceno,1018P,Kardiološki pregled - prvi,1,lin,2026-04-08,2026-04-15,16708.0,16461.3911,False,162.3093,246.6089,60815.939,1.5194
ocisceno,1018P,Kardiološki pregled - prvi,1,ar1,2026-04-08,2026-04-15,16708.0,16604.9559,False,162.3093,103.0441,10618.0943,0.6349
ocisceno,1018P,Kardiološki pregled - prvi,1,naivni,2026-04-15,2026-04-29,17067.0,16708.0,True,161.7245,359.0,128881.0,2.2198
ocisceno,1018P,Kardiološki pregled - prvi,1,lin,2026-04-15,2026-04-29,17067.0,16451.4655,True,161.7245,615.5345,378882.7563,3.8061
ocisceno,1018P,Kardiološki pregled - prvi,1,ar1,2026-04-15,2026-04-29,17067.0,16708.1842,True,161.7245,358.8158,128748.7627,2.2187
ocisceno,1018P,Kardiološki pregled - prvi,1,naivni,2026-04-29,2026-05-06,16765.0,17067.0,False,163.7172,302.0,91204.0,1.8446
ocisceno,1018P,Kardiološki pregled - prvi,1,lin,2026-04-29,2026-05-06,16765.0,16456.3467,False,163.7172,308.6533,95266.8802,1.8853
ocisceno,1018P,Kardiološki pregled - prvi,1,ar1,2026-04-29,2026-05-06,16765.0,17059.6507,False,163.7172,294.6507,86819.0217,1.7998
ocisceno,1018P,Kardiološki pregled - prvi,1,naivni,2026-05-06,2026-05-13,16896.0,16765.0,False,165.1,131.0,17161.0,0.7935
ocisceno,1018P,Kardiološki pregled - prvi,1,lin,2026-05-06,2026-05-13,16896.0,16449.196,False,165.1,446.804,199633.779,2.7063
ocisceno,1018P,Kardiološki pregled - prvi,1,ar1,2026-05-06,2026-05-13,16896.0,16764.955,False,165.1,131.045,17172.8032,0.7937
ocisceno,1018P,Kardiološki pregled - prvi,1,naivni,2026-05-13,2026-05-20,16788.0,16896.0,False,164.7624,108.0,11664.0,0.6555
ocisceno,1018P,Kardiološki pregled - prvi,1,lin,2026-05-13,2026-05-20,16788.0,16447.523,False,164.7624,340.477,115924.584,2.0665
ocisceno,1018P,Kardiološki pregled - prvi,1,ar1,2026-05-13,2026-05-20,16788.0,16893.0861,False,164.7624,105.0861,11043.0974,0.6378
ocisceno,1018P,Kardiološki pregled - prvi,1,naivni,2026-05-20,2026-05-27,16843.0,16788.0,False,164.2059,55.0,3025.0,0.3349
ocisceno,1018P,Kardiološki pregled - prvi,1,lin,2026-05-20,2026-05-27,16843.0,16441.8058,False,164.2059,401.1942,160956.7659,2.4432
ocisceno,1018P,Kardiološki pregled - prvi,1,ar1,2026-05-20,2026-05-27,16843.0,16787.6115,False,164.2059,55.3885,3067.8884,0.3373
ocisceno,1018P,Kardiološki pregled - prvi,1,naivni,2026-05-27,2026-06-03,16753.0,16843.0,False,163.1456,90.0,8100.0,0.5517
ocisceno,1018P,Kardiološki pregled - prvi,1,lin,2026-05-27,2026-06-03,16753.0,16438.4875,False,163.1456,314.5125,98918.1185,1.9278
ocisceno,1018P,Kardiološki pregled - prvi,1,ar1,2026-05-27,2026-06-03,16753.0,16841.3873,False,163.1456,88.3873,7812.3226,0.5418
ocisceno,1018P,Kardiološki pregled - prvi,1,naivni,2026-06-03,2026-06-17,16719.0,16753.0,True,162.4423,34.0,1156.0,0.2093
ocisceno,1018P,Kardiološki pregled - prvi,1,lin,2026-06-03,2026-06-17,16719.0,16431.9405,True,162.4423,287.0595,82403.1702,1.7671
ocisceno,1018P,Kardiološki pregled - prvi,1,ar1,2026-06-03,2026-06-17,16719.0,16753.4483,True,162.4423,34.4483,1186.6829,0.2121
ocisceno,1018P,Kardiološki pregled - prvi,1,naivni,2026-06-17,2026-06-24,16949.0,16719.0,False,161.219,230.0,52900.0,1.4266
ocisceno,1018P,Kardiološki pregled - prvi,1,lin,2026-06-17,2026-06-24,16949.0,16424.414,False,161.219,524.586,275190.4544,3.2539
ocisceno,1018P,Kardiološki pregled - prvi,1,ar1,2026-06-17,2026-06-24,16949.0,16720.176,False,161.219,228.824,52360.4285,1.4193
ocisceno,1018P,Kardiološki pregled - prvi,1,naivni,2026-06-24,2026-07-01,16760.0,16949.0,False,161.8679,189.0,35721.0,1.1676
ocisceno,1018P,Kardiološki pregled - prvi,1,lin,2026-06-24,2026-07-01,16760.0,16425.8177,False,161.8679,334.1823,111677.8305,2.0645
ocisceno,1018P,Kardiološki pregled - prvi,1,ar1,2026-06-24,2026-07-01,16760.0,16944.9104,False,161.8679,184.9104,34191.8733,1.1424
ocisceno,1018P,Kardiološki pregled - prvi,1,naivni,2026-07-01,2026-07-08,16806.0,16760.0,False,162.1215,46.0,2116.0,0.2837
ocisceno,1018P,Kardiološki pregled - prvi,1,lin,2026-07-01,2026-07-08,16806.0,16420.2601,False,162.1215,385.7399,148795.2515,2.3793
ocisceno,1018P,Kardiološki pregled - prvi,1,ar1,2026-07-01,2026-07-08,16806.0,16760.6136,False,162.1215,45.3864,2059.923,0.28
ocisceno,1018P,Kardiološki pregled - prvi,1,naivni,2026-07-08,2026-07-15,16912.0,16806.0,False,161.0463,106.0,11236.0,0.6582
ocisceno,1018P,Kardiološki pregled - prvi,1,lin,2026-07-08,2026-07-15,16912.0,16416.6514,False,161.0463,495.3486,245370.2592,3.0758
ocisceno,1018P,Kardiološki pregled - prvi,1,ar1,2026-07-08,2026-07-15,16912.0,16805.5411,False,161.0463,106.4589,11333.5001,0.661
ocisceno,1018P,Kardiološki pregled - prvi,4,naivni,2025-04-09,2025-05-07,17774.0,17276.0,False,186.6078,498.0,248004.0,2.6687
ocisceno,1018P,Kardiološki pregled - prvi,4,lin,2025-04-09,2025-05-07,17774.0,15715.5077,False,186.6078,2058.4923,4237390.616,11.0311
ocisceno,1018P,Kardiološki pregled - prvi,4,ar1,2025-04-09,2025-05-07,17774.0,17192.3029,False,186.6078,581.6971,338371.5685,3.1172
ocisceno,1018P,Kardiološki pregled - prvi,4,naivni,2025-04-16,2025-05-14,17956.0,17261.0,False,183.3077,695.0,483025.0,3.7914
ocisceno,1018P,Kardiološki pregled - prvi,4,lin,2025-04-16,2025-05-14,17956.0,15761.9371,False,183.3077,2194.0629,4813911.9788,11.9693
ocisceno,1018P,Kardiološki pregled - prvi,4,ar1,2025-04-16,2025-05-14,17956.0,17180.2169,False,183.3077,775.7831,601839.3711,4.2321
ocisceno,1018P,Kardiološki pregled - prvi,4,naivni,2025-04-23,2025-05-21,17935.0,17309.0,False,180.7547,626.0,391876.0,3.4633
ocisceno,1018P,Kardiološki pregled - prvi,4,lin,2025-04-23,2025-05-21,17935.0,15809.8103,False,180.7547,2125.1897,4516431.3507,11.7573
ocisceno,1018P,Kardiološki pregled - prvi,4,ar1,2025-04-23,2025-05-21,17935.0,17226.1196,False,180.7547,708.8804,502511.3725,3.9218
ocisceno,1018P,Kardiološki pregled - prvi,4,naivni,2025-04-30,2025-05-28,18127.0,17760.0,False,185.7593,367.0,134689.0,1.9757
ocisceno,1018P,Kardiološki pregled - prvi,4,lin,2025-04-30,2025-05-28,18127.0,15890.6296,False,185.7593,2236.3704,5001352.6486,12.0391
ocisceno,1018P,Kardiološki pregled - prvi,4,ar1,2025-04-30,2025-05-28,18127.0,17638.2756,False,185.7593,488.7244,238851.5177,2.631
ocisceno,1018P,Kardiološki pregled - prvi,4,naivni,2025-05-07,2025-06-04,18035.0,17774.0,False,182.6364,261.0,68121.0,1.4291
ocisceno,1018P,Kardiološki pregled - prvi,4,lin,2025-05-07,2025-06-04,18035.0,15967.8868,False,182.6364,2067.1132,4272956.9488,11.3182
ocisceno,1018P,Kardiološki pregled - prvi,4,ar1,2025-05-07,2025-06-04,18035.0,17653.193,False,182.6364,381.807,145776.5697,2.0905
ocisceno,1018P,Kardiološki pregled - prvi,4,naivni,2025-05-14,2025-06-18,18228.0,17956.0,True,182.625,272.0,73984.0,1.4894
ocisceno,1018P,Kardiološki pregled - prvi,4,lin,2025-05-14,2025-06-18,18228.0,16054.5396,True,182.625,2173.4604,4723930.002,11.9012
ocisceno,1018P,Kardiološki pregled - prvi,4,ar1,2025-05-14,2025-06-18,18228.0,17820.2896,True,182.625,407.7104,166227.7393,2.2325
ocisceno,1018P,Kardiološki pregled - prvi,4,naivni,2025-05-21,2025-07-02,18295.0,17935.0,True,179.7895,360.0,129600.0,2.0023
ocisceno,1018P,Kardiološki pregled - prvi,4,lin,2025-05-21,2025-07-02,18295.0,16134.7127,True,179.7895,2160.2873,4666841.2404,12.0156
ocisceno,1018P,Kardiološki pregled - prvi,4,ar1,2025-05-21,2025-07-02,18295.0,17803.7773,True,179.7895,491.2227,241299.7291,2.7322
ocisceno,1018P,Kardiološki pregled - prvi,4,naivni,2025-05-28,2025-07-09,18337.0,18127.0,True,180.0,210.0,44100.0,1.1667
ocisceno,1018P,Kardiološki pregled - prvi,4,lin,2025-05-28,2025-07-09,18337.0,16224.4106,True,180.0,2112.5894,4463034.0634,11.7366
ocisceno,1018P,Kardiološki pregled - prvi,4,ar1,2025-05-28,2025-07-09,18337.0,17981.286,True,180.0,355.714,126532.4413,1.9762
ocisceno,1018P,Kardiološki pregled - prvi,4,naivni,2025-06-04,2025-07-16,18320.0,18035.0,True,178.5085,285.0,81225.0,1.5966
ocisceno,1018P,Kardiološki pregled - prvi,4,lin,2025-06-04,2025-07-16,18320.0,16302.5161,True,178.5085,2017.4839,4070241.1117,11.3019
ocisceno,1018P,Kardiološki pregled - prvi,4,ar1,2025-06-04,2025-07-16,18320.0,17899.8738,True,178.5085,420.1262,176506.0481,2.3535
ocisceno,1018P,Kardiološki pregled - prvi,4,naivni,2025-06-18,2025-07-23,18480.0,18228.0,True,178.75,252.0,63504.0,1.4098
ocisceno,1018P,Kardiološki pregled - prvi,4,lin,2025-06-18,2025-07-23,18480.0,16389.9377,True,178.75,2090.0623,4368360.3973,11.6927
ocisceno,1018P,Kardiološki pregled - prvi,4,ar1,2025-06-18,2025-07-23,18480.0,18079.3141,True,178.75,400.6859,160549.2184,2.2416
ocisceno,1018P,Kardiološki pregled - prvi,4,naivni,2025-07-02,2025-07-30,18604.0,18295.0,False,176.918,309.0,95481.0,1.7466
ocisceno,1018P,Kardiološki pregled - prvi,4,lin,2025-07-02,2025-07-30,18604.0,16477.2244,False,176.918,2126.7756,4523174.5758,12.0212
ocisceno,1018P,Kardiološki pregled - prvi,4,ar1,2025-07-02,2025-07-30,18604.0,18144.6781,False,176.918,459.3219,210976.6344,2.5962
ocisceno,1018P,Kardiološki pregled - prvi,4,naivni,2025-07-09,2025-08-06,18500.0,18337.0,False,174.7419,163.0,26569.0,0.9328
ocisceno,1018P,Kardiološki pregled - prvi,4,lin,2025-07-09,2025-08-06,18500.0,16562.6561,False,174.7419,1937.3439,3753301.4877,11.0869
ocisceno,1018P,Kardiološki pregled - prvi,4,ar1,2025-07-09,2025-08-06,18500.0,18187.2005,False,174.7419,312.7995,97843.4978,1.7901
ocisceno,1018P,Kardiološki pregled - prvi,4,naivni,2025-07-16,2025-08-13,18485.0,18320.0,False,172.2381,165.0,27225.0,0.958
ocisceno,1018P,Kardiološki pregled - prvi,4,lin,2025-07-16,2025-08-13,18485.0,16642.3974,False,172.2381,1842.6026,3395184.2936,10.698
ocisceno,1018P,Kardiološki pregled - prvi,4,ar1,2025-07-16,2025-08-13,18485.0,18174.6018,False,172.2381,310.3982,96347.0609,1.8021
ocisceno,1018P,Kardiološki pregled - prvi,4,naivni,2025-07-23,2025-08-27,18470.0,18480.0,True,172.0469,10.0,100.0,0.0581
ocisceno,1018P,Kardiološki pregled - prvi,4,lin,2025-07-23,2025-08-27,18470.0,16728.4691,True,172.0469,1741.5309,3032930.0291,10.1224
ocisceno,1018P,Kardiološki pregled - prvi,4,ar1,2025-07-23,2025-08-27,18470.0,18328.1614,True,172.0469,141.8386,20118.2005,0.8244
ocisceno,1018P,Kardiološki pregled - prvi,4,naivni,2025-07-30,2025-09-03,18408.0,18604.0,True,171.3077,196.0,38416.0,1.1441
ocisceno,1018P,Kardiološki pregled - prvi,4,lin,2025-07-30,2025-09-03,18408.0,16818.0657,True,171.3077,1589.9343,2527891.0579,9.2812
ocisceno,1018P,Kardiološki pregled - prvi,4,ar1,2025-07-30,2025-09-03,18408.0,18450.5823,True,171.3077,42.5823,1813.2506,0.2486
ocisceno,1018P,Kardiološki pregled - prvi,4,naivni,2025-08-06,2025-09-10,18295.0,18500.0,True,170.2879,205.0,42025.0,1.2038
ocisceno,1018P,Kardiološki pregled - prvi,4,lin,2025-08-06,2025-09-10,18295.0,16896.402,True,170.2879,1398.598,1956076.2892,8.2131
ocisceno,1018P,Kardiološki pregled - prvi,4,ar1,2025-08-06,2025-09-10,18295.0,18354.4368,True,170.2879,59.4368,3532.7279,0.349
ocisceno,1018P,Kardiološki pregled - prvi,4,naivni,2025-08-13,2025-09-17,18112.0,18485.0,True,167.9701,373.0,139129.0,2.2206
ocisceno,1018P,Kardiološki pregled - prvi,4,lin,2025-08-13,2025-09-17,18112.0,16969.8106,True,167.9701,1142.1894,1304596.5634,6.8
ocisceno,1018P,Kardiološki pregled - prvi,4,ar1,2025-08-13,2025-09-17,18112.0,18343.5391,True,167.9701,231.5391,53610.3451,1.3785
ocisceno,1018P,Kardiološki pregled - prvi,4,naivni,2025-08-27,2025-09-24,17777.0,18470.0,False,165.7206,693.0,480249.0,4.1817
ocisceno,1018P,Kardiološki pregled - prvi,4,lin,2025-08-27,2025-09-24,17777.0,17038.6071,False,165.7206,738.3929,545224.0205,4.4556
ocisceno,1018P,Kardiološki pregled - prvi,4,ar1,2025-08-27,2025-09-24,17777.0,18332.4609,False,165.7206,555.4609,308536.7923,3.3518
ocisceno,1018P,Kardiološki pregled - prvi,4,naivni,2025-09-03,2025-10-01,17322.0,18408.0,False,164.2174,1086.0,1179396.0,6.6132
ocisceno,1018P,Kardiološki pregled - prvi,4,lin,2025-09-03,2025-10-01,17322.0,17100.2271,False,164.2174,221.7729,49183.2339,1.3505
ocisceno,1018P,Kardiološki pregled - prvi,4,ar1,2025-09-03,2025-10-01,17322.0,18276.7585,False,164.2174,954.7585,911563.724,5.814
ocisceno,1018P,Kardiološki pregled - prvi,4,naivni,2025-09-10,2025-10-08,17132.0,18295.0,False,163.4857,1163.0,1352569.0,7.1138
ocisceno,1018P,Kardiološki pregled - prvi,4,lin,2025-09-10,2025-10-08,17132.0,17152.0762,False,163.4857,20.0762,403.0521,0.1228
ocisceno,1018P,Kardiološki pregled - prvi,4,ar1,2025-09-10,2025-10-08,17132.0,18173.4308,False,163.4857,1041.4308,1084578.1627,6.3702
ocisceno,1018P,Kardiološki pregled - prvi,4,naivni,2025-09-17,2025-10-15,16998.0,18112.0,False,163.7606,1114.0,1240996.0,6.8026
ocisceno,1018P,Kardiološki pregled - prvi,4,lin,2025-09-17,2025-10-15,16998.0,17190.649,False,163.7606,192.649,37113.6256,1.1764
ocisceno,1018P,Kardiološki pregled - prvi,4,ar1,2025-09-17,2025-10-15,16998.0,18006.2905,False,163.7606,1008.2905,1016649.8004,6.1571
ocisceno,1018P,Kardiološki pregled - prvi,4,naivni,2025-09-24,2025-10-22,16671.0,17777.0,False,166.1389,1106.0,1223236.0,6.6571
ocisceno,1018P,Kardiološki pregled - prvi,4,lin,2025-09-24,2025-10-22,16671.0,17207.9524,False,166.1389,536.9524,288317.8405,3.2319
ocisceno,1018P,Kardiološki pregled - prvi,4,ar1,2025-09-24,2025-10-22,16671.0,17702.9423,False,166.1389,1031.9423,1064904.8135,6.2113
ocisceno,1018P,Kardiološki pregled - prvi,4,naivni,2025-10-01,2025-10-29,16787.0,17322.0,False,170.0959,535.0,286225.0,3.1453
ocisceno,1018P,Kardiološki pregled - prvi,4,lin,2025-10-01,2025-10-29,16787.0,17198.4507,False,170.0959,411.4507,169291.7088,2.4189
ocisceno,1018P,Kardiološki pregled - prvi,4,ar1,2025-10-01,2025-10-29,16787.0,17292.9955,False,170.0959,505.9955,256031.4855,2.9748
ocisceno,1018P,Kardiološki pregled - prvi,4,naivni,2025-10-08,2025-11-05,16613.0,17132.0,False,170.3649,519.0,269361.0,3.0464
ocisceno,1018P,Kardiološki pregled - prvi,4,lin,2025-10-08,2025-11-05,16613.0,17178.786,False,170.3649,565.786,320113.7796,3.321
ocisceno,1018P,Kardiološki pregled - prvi,4,ar1,2025-10-08,2025-11-05,16613.0,17119.3384,False,170.3649,506.3384,256378.549,2.9721
ocisceno,1018P,Kardiološki pregled - prvi,4,naivni,2025-10-15,2025-11-12,16567.0,16998.0,False,169.88,431.0,185761.0,2.5371
ocisceno,1018P,Kardiološki pregled - prvi,4,lin,2025-10-15,2025-11-12,16567.0,17152.7042,False,169.88,585.7042,343049.4062,3.4478
ocisceno,1018P,Kardiološki pregled - prvi,4,ar1,2025-10-15,2025-11-12,16567.0,16995.0004,False,169.88,428.0004,183184.3525,2.5194
ocisceno,1018P,Kardiološki pregled - prvi,4,naivni,2025-10-22,2025-11-19,16393.0,16671.0,False,171.9474,278.0,77284.0,1.6168
ocisceno,1018P,Kardiološki pregled - prvi,4,lin,2025-10-22,2025-11-19,16393.0,17109.9926,False,171.9474,716.9926,514078.3689,4.1698
ocisceno,1018P,Kardiološki pregled - prvi,4,ar1,2025-10-22,2025-11-19,16393.0,16684.4849,False,171.9474,291.4849,84963.4608,1.6952
ocisceno,1018P,Kardiološki pregled - prvi,4,naivni,2025-10-29,2025-11-26,16340.0,16787.0,False,171.2208,447.0,199809.0,2.6107
ocisceno,1018P,Kardiološki pregled - prvi,4,lin,2025-10-29,2025-11-26,16340.0,17075.664,False,171.2208,735.664,541201.5,4.2966
ocisceno,1018P,Kardiološki pregled - prvi,4,ar1,2025-10-29,2025-11-26,16340.0,16796.7781,False,171.2208,456.7781,208646.219,2.6678
ocisceno,1018P,Kardiološki pregled - prvi,4,naivni,2025-11-05,2025-12-03,16279.0,16613.0,False,171.2564,334.0,111556.0,1.9503
ocisceno,1018P,Kardiološki pregled - prvi,4,lin,2025-11-05,2025-12-03,16279.0,17033.7162,False,171.2564,754.7162,569596.5611,4.4069
ocisceno,1018P,Kardiološki pregled - prvi,4,ar1,2025-11-05,2025-12-03,16279.0,16628.5586,False,171.2564,349.5586,122191.2288,2.0411
ocisceno,1018P,Kardiološki pregled - prvi,4,naivni,2025-11-12,2025-12-10,16212.0,16567.0,False,169.6709,355.0,126025.0,2.0923
ocisceno,1018P,Kardiološki pregled - prvi,4,lin,2025-11-12,2025-12-10,16212.0,16991.3535,False,169.6709,779.3535,607391.9032,4.5933
ocisceno,1018P,Kardiološki pregled - prvi,4,ar1,2025-11-12,2025-12-10,16212.0,16582.9101,False,169.6709,370.9101,137574.3368,2.1861
ocisceno,1018P,Kardiološki pregled - prvi,4,naivni,2025-11-19,2025-12-17,15945.0,16393.0,False,169.725,448.0,200704.0,2.6396
ocisceno,1018P,Kardiološki pregled - prvi,4,lin,2025-11-19,2025-12-17,15945.0,16941.9358,False,169.725,996.9358,993880.9942,5.8738
ocisceno,1018P,Kardiološki pregled - prvi,4,ar1,2025-11-19,2025-12-17,15945.0,16409.3928,False,169.725,464.3928,215660.6923,2.7361
ocisceno,1018P,Kardiološki pregled - prvi,4,naivni,2025-11-26,2026-01-07,15897.0,16340.0,True,168.284,443.0,196249.0,2.6325
ocisceno,1018P,Kardiološki pregled - prvi,4,lin,2025-11-26,2026-01-07,15897.0,16892.0916,True,168.284,995.0916,990207.3292,5.9132
ocisceno,1018P,Kardiološki pregled - prvi,4,ar1,2025-11-26,2026-01-07,15897.0,16355.0754,True,168.284,458.0754,209833.1176,2.722
ocisceno,1018P,Kardiološki pregled - prvi,4,naivni,2025-12-03,2026-01-14,15901.0,16279.0,True,166.9756,378.0,142884.0,2.2638
ocisceno,1018P,Kardiološki pregled - prvi,4,lin,2025-12-03,2026-01-14,15901.0,16841.4433,True,166.9756,940.4433,884433.5335,5.6322
ocisceno,1018P,Kardiološki pregled - prvi,4,ar1,2025-12-03,2026-01-14,15901.0,16292.2843,True,166.9756,391.2843,153103.3902,2.3434
ocisceno,1018P,Kardiološki pregled - prvi,4,naivni,2025-12-10,2026-01-21,16004.0,16212.0,True,165.7711,208.0,43264.0,1.2547
ocisceno,1018P,Kardiološki pregled - prvi,4,lin,2025-12-10,2026-01-21,16004.0,16789.739,True,165.7711,785.739,617385.7385,4.7399
ocisceno,1018P,Kardiološki pregled - prvi,4,ar1,2025-12-10,2026-01-21,16004.0,16222.8997,True,165.7711,218.8997,47917.0825,1.3205
ocisceno,1018P,Kardiološki pregled - prvi,4,naivni,2025-12-17,2026-01-28,16267.0,15945.0,True,166.9762,322.0,103684.0,1.9284
ocisceno,1018P,Kardiološki pregled - prvi,4,lin,2025-12-17,2026-01-28,16267.0,16727.1368,True,166.9762,460.1368,211725.8737,2.7557
ocisceno,1018P,Kardiološki pregled - prvi,4,ar1,2025-12-17,2026-01-28,16267.0,15942.0881,True,166.9762,324.9119,105567.7473,1.9459
ocisceno,1018P,Kardiološki pregled - prvi,4,naivni,2026-01-07,2026-02-04,16388.0,15897.0,False,165.5765,491.0,241081.0,2.9654
ocisceno,1018P,Kardiološki pregled - prvi,4,lin,2026-01-07,2026-02-04,16388.0,16664.9456,False,165.5765,276.9456,76698.8451,1.6726
ocisceno,1018P,Kardiološki pregled - prvi,4,ar1,2026-01-07,2026-02-04,16388.0,15890.1547,False,165.5765,497.8453,247849.9443,3.0067
ocisceno,1018P,Kardiološki pregled - prvi,4,naivni,2026-01-14,2026-02-11,16379.0,15901.0,False,163.6977,478.0,228484.0,2.92
ocisceno,1018P,Kardiološki pregled - prvi,4,lin,2026-01-14,2026-02-11,16379.0,16605.6616,False,163.6977,226.6616,51375.4919,1.3846
ocisceno,1018P,Kardiološki pregled - prvi,4,ar1,2026-01-14,2026-02-11,16379.0,15894.7857,False,163.6977,484.2143,234463.4453,2.958
ocisceno,1018P,Kardiološki pregled - prvi,4,naivni,2026-01-21,2026-02-18,16714.0,16004.0,False,163.0,710.0,504100.0,4.3558
ocisceno,1018P,Kardiološki pregled - prvi,4,lin,2026-01-21,2026-02-18,16714.0,16553.8634,False,163.0,160.1366,25643.7198,0.9824
ocisceno,1018P,Kardiološki pregled - prvi,4,ar1,2026-01-21,2026-02-18,16714.0,16005.1471,False,163.0,708.8529,502472.3702,4.3488
ocisceno,1018P,Kardiološki pregled - prvi,4,naivni,2026-01-28,2026-02-25,16733.0,16267.0,False,164.1364,466.0,217156.0,2.8391
ocisceno,1018P,Kardiološki pregled - prvi,4,lin,2026-01-28,2026-02-25,16733.0,16516.7138,False,164.1364,216.2862,46779.7248,1.3177
ocisceno,1018P,Kardiološki pregled - prvi,4,ar1,2026-01-28,2026-02-25,16733.0,16276.7858,False,164.1364,456.2142,208131.43,2.7795
ocisceno,1018P,Kardiološki pregled - prvi,4,naivni,2026-02-04,2026-03-04,16860.0,16388.0,False,163.6517,472.0,222784.0,2.8842
ocisceno,1018P,Kardiološki pregled - prvi,4,lin,2026-02-04,2026-03-04,16860.0,16486.8341,False,163.6517,373.1659,139252.758,2.2802
ocisceno,1018P,Kardiološki pregled - prvi,4,ar1,2026-02-04,2026-03-04,16860.0,16396.7831,False,163.6517,463.2169,214569.9246,2.8305
ocisceno,1018P,Kardiološki pregled - prvi,4,naivni,2026-02-11,2026-03-11,16931.0,16379.0,False,161.9333,552.0,304704.0,3.4088
ocisceno,1018P,Kardiološki pregled - prvi,4,lin,2026-02-11,2026-03-11,16931.0,16457.8601,False,161.9333,473.1399,223861.33,2.9218
ocisceno,1018P,Kardiološki pregled - prvi,4,ar1,2026-02-11,2026-03-11,16931.0,16387.7461,False,161.9333,543.2539,295124.7861,3.3548
ocisceno,1018P,Kardiološki pregled - prvi,4,naivni,2026-02-18,2026-03-18,16741.0,16714.0,False,163.8352,27.0,729.0,0.1648
ocisceno,1018P,Kardiološki pregled - prvi,4,lin,2026-02-18,2026-03-18,16741.0,16445.4271,False,163.8352,295.5729,87363.3486,1.8041
ocisceno,1018P,Kardiološki pregled - prvi,4,ar1,2026-02-18,2026-03-18,16741.0,16710.8228,False,163.8352,30.1772,910.6615,0.1842
ocisceno,1018P,Kardiološki pregled - prvi,4,naivni,2026-02-25,2026-03-25,16886.0,16733.0,False,162.2609,153.0,23409.0,0.9429
ocisceno,1018P,Kardiološki pregled - prvi,4,lin,2026-02-25,2026-03-25,16886.0,16434.4653,False,162.2609,451.5347,203883.5404,2.7828
ocisceno,1018P,Kardiološki pregled - prvi,4,ar1,2026-02-25,2026-03-25,16886.0,16728.716,False,162.2609,157.284,24738.2721,0.9693
ocisceno,1018P,Kardiološki pregled - prvi,4,naivni,2026-03-04,2026-04-08,16603.0,16860.0,True,161.8817,257.0,66049.0,1.5876
ocisceno,1018P,Kardiološki pregled - prvi,4,lin,2026-03-04,2026-04-08,16603.0,16429.7146,True,161.8817,173.2854,30027.8282,1.0704
ocisceno,1018P,Kardiološki pregled - prvi,4,ar1,2026-03-04,2026-04-08,16603.0,16847.304,True,161.8817,244.304,59684.4272,1.5092
ocisceno,1018P,Kardiološki pregled - prvi,4,naivni,2026-03-11,2026-04-15,16708.0,16931.0,True,160.9149,223.0,49729.0,1.3858
ocisceno,1018P,Kardiološki pregled - prvi,4,lin,2026-03-11,2026-04-15,16708.0,16428.4011,True,160.9149,279.5989,78175.5338,1.7376
ocisceno,1018P,Kardiološki pregled - prvi,4,ar1,2026-03-11,2026-04-15,16708.0,16913.1037,True,160.9149,205.1037,42067.5293,1.2746
ocisceno,1018P,Kardiološki pregled - prvi,4,naivni,2026-03-18,2026-04-29,17067.0,16741.0,True,161.2211,326.0,106276.0,2.0221
ocisceno,1018P,Kardiološki pregled - prvi,4,lin,2026-03-18,2026-04-29,17067.0,16418.9772,True,161.2211,648.0228,419933.5233,4.0195
ocisceno,1018P,Kardiološki pregled - prvi,4,ar1,2026-03-18,2026-04-29,17067.0,16737.7753,True,161.2211,329.2247,108388.9356,2.0421
ocisceno,1018P,Kardiološki pregled - prvi,4,naivni,2026-03-25,2026-05-06,16765.0,16886.0,True,161.0521,121.0,14641.0,0.7513
ocisceno,1018P,Kardiološki pregled - prvi,4,lin,2026-03-25,2026-05-06,16765.0,16416.2788,True,161.0521,348.7212,121606.4953,2.1653
ocisceno,1018P,Kardiološki pregled - prvi,4,ar1,2026-03-25,2026-05-06,16765.0,16872.4237,True,161.0521,107.4237,11539.8564,0.667
ocisceno,1018P,Kardiološki pregled - prvi,4,naivni,2026-04-08,2026-05-13,16896.0,16603.0,True,162.3093,293.0,85849.0,1.8052
ocisceno,1018P,Kardiološki pregled - prvi,4,lin,2026-04-08,2026-05-13,16896.0,16401.7222,True,162.3093,494.2778,244310.5584,3.0453
ocisceno,1018P,Kardiološki pregled - prvi,4,ar1,2026-04-08,2026-05-13,16896.0,16610.446,True,162.3093,285.554,81541.0643,1.7593
ocisceno,1018P,Kardiološki pregled - prvi,4,naivni,2026-04-15,2026-05-20,16788.0,16708.0,True,161.7245,80.0,6400.0,0.4947
ocisceno,1018P,Kardiološki pregled - prvi,4,lin,2026-04-15,2026-05-20,16788.0,16392.2449,True,161.7245,395.7551,156622.0877,2.4471
ocisceno,1018P,Kardiološki pregled - prvi,4,ar1,2026-04-15,2026-05-20,16788.0,16708.7004,True,161.7245,79.2996,6288.4204,0.4903
ocisceno,1018P,Kardiološki pregled - prvi,4,naivni,2026-04-29,2026-05-27,16843.0,17067.0,False,163.7172,224.0,50176.0,1.3682
ocisceno,1018P,Kardiološki pregled - prvi,4,lin,2026-04-29,2026-05-27,16843.0,16398.2231,False,163.7172,444.7769,197826.4887,2.7167
ocisceno,1018P,Kardiološki pregled - prvi,4,ar1,2026-04-29,2026-05-27,16843.0,17039.1644,False,163.7172,196.1644,38480.4629,1.1982
ocisceno,1018P,Kardiološki pregled - prvi,4,naivni,2026-05-06,2026-06-03,16753.0,16765.0,False,165.1,12.0,144.0,0.0727
ocisceno,1018P,Kardiološki pregled - prvi,4,lin,2026-05-06,2026-06-03,16753.0,16391.6118,False,165.1,361.3882,130601.4566,2.1889
ocisceno,1018P,Kardiološki pregled - prvi,4,ar1,2026-05-06,2026-06-03,16753.0,16764.8291,False,165.1,11.8291,139.9283,0.0716
ocisceno,1018P,Kardiološki pregled - prvi,4,naivni,2026-05-13,2026-06-17,16719.0,16896.0,True,164.7624,177.0,31329.0,1.0743
ocisceno,1018P,Kardiološki pregled - prvi,4,lin,2026-05-13,2026-06-17,16719.0,16390.7042,True,164.7624,328.2958,107778.1044,1.9925
ocisceno,1018P,Kardiološki pregled - prvi,4,ar1,2026-05-13,2026-06-17,16719.0,16884.9602,True,164.7624,165.9602,27542.7871,1.0073
ocisceno,1018P,Kardiološki pregled - prvi,4,naivni,2026-05-20,2026-06-24,16949.0,16788.0,True,164.2059,161.0,25921.0,0.9805
ocisceno,1018P,Kardiološki pregled - prvi,4,lin,2026-05-20,2026-06-24,16949.0,16385.5592,True,164.2059,563.4408,317465.5509,3.4313
ocisceno,1018P,Kardiološki pregled - prvi,4,ar1,2026-05-20,2026-06-24,16949.0,16786.5268,True,164.2059,162.4732,26397.5392,0.9894
ocisceno,1018P,Kardiološki pregled - prvi,4,naivni,2026-05-27,2026-07-01,16760.0,16843.0,True,163.1456,83.0,6889.0,0.5087
ocisceno,1018P,Kardiološki pregled - prvi,4,lin,2026-05-27,2026-07-01,16760.0,16382.9022,True,163.1456,377.0978,142202.7806,2.3114
ocisceno,1018P,Kardiološki pregled - prvi,4,ar1,2026-05-27,2026-07-01,16760.0,16836.8882,True,163.1456,76.8882,5911.8024,0.4713
ocisceno,1018P,Kardiološki pregled - prvi,4,naivni,2026-06-03,2026-07-08,16806.0,16753.0,True,162.4423,53.0,2809.0,0.3263
ocisceno,1018P,Kardiološki pregled - prvi,4,lin,2026-06-03,2026-07-08,16806.0,16376.8638,True,162.4423,429.1362,184157.8854,2.6418
ocisceno,1018P,Kardiološki pregled - prvi,4,ar1,2026-06-03,2026-07-08,16806.0,16754.7001,True,162.4423,51.2999,2631.6797,0.3158
ocisceno,1018P,Kardiološki pregled - prvi,4,naivni,2026-06-17,2026-07-15,16912.0,16719.0,False,161.219,193.0,37249.0,1.1971
ocisceno,1018P,Kardiološki pregled - prvi,4,lin,2026-06-17,2026-07-15,16912.0,16369.7929,False,161.219,542.2071,293988.538,3.3632
ocisceno,1018P,Kardiološki pregled - prvi,4,ar1,2026-06-17,2026-07-15,16912.0,16723.4615,False,161.219,188.5385,35546.754,1.1695
ocisceno,1941,UZ vratnih žil,1,naivni,2025-04-09,2025-04-16,25659.0,25404.0,False,263.2549,255.0,65025.0,0.9686
ocisceno,1941,UZ vratnih žil,1,lin,2025-04-09,2025-04-16,25659.0,23329.1833,False,263.2549,2329.8167,5428046.0517,8.85
ocisceno,1941,UZ vratnih žil,1,ar1,2025-04-09,2025-04-16,25659.0,25764.5734,False,263.2549,105.5734,11145.7528,0.401
ocisceno,1941,UZ vratnih žil,1,naivni,2025-04-16,2025-04-23,25944.0,25659.0,False,263.0962,285.0,81225.0,1.0833
ocisceno,1941,UZ vratnih žil,1,lin,2025-04-16,2025-04-23,25944.0,23609.2736,False,263.0962,2334.7264,5450947.4333,8.874
ocisceno,1941,UZ vratnih žil,1,ar1,2025-04-16,2025-04-23,25944.0,26013.0956,False,263.0962,69.0956,4774.2074,0.2626
ocisceno,1941,UZ vratnih žil,1,naivni,2025-04-23,2025-04-30,26313.0,25944.0,False,263.5094,369.0,136161.0,1.4003
ocisceno,1941,UZ vratnih žil,1,lin,2025-04-23,2025-04-30,26313.0,23891.3557,False,263.5094,2421.6443,5864361.1384,9.19
ocisceno,1941,UZ vratnih žil,1,ar1,2025-04-23,2025-04-30,26313.0,26298.8494,False,263.5094,14.1506,200.2408,0.0537
ocisceno,1941,UZ vratnih žil,1,naivni,2025-04-30,2025-05-07,26339.0,26313.0,False,265.463,26.0,676.0,0.0979
ocisceno,1941,UZ vratnih žil,1,lin,2025-04-30,2025-05-07,26339.0,24181.3313,False,265.463,2157.6687,4655534.1623,8.1279
ocisceno,1941,UZ vratnih žil,1,ar1,2025-04-30,2025-05-07,26339.0,26684.1893,False,265.463,345.1893,119155.6344,1.3003
ocisceno,1941,UZ vratnih žil,1,naivni,2025-05-07,2025-05-14,26820.0,26339.0,False,261.1091,481.0,231361.0,1.8421
ocisceno,1941,UZ vratnih žil,1,lin,2025-05-07,2025-05-14,26820.0,24454.024,False,261.1091,2365.976,5597842.3097,9.0613
ocisceno,1941,UZ vratnih žil,1,ar1,2025-05-07,2025-05-14,26820.0,26663.8121,False,261.1091,156.1879,24394.6553,0.5982
ocisceno,1941,UZ vratnih žil,1,naivni,2025-05-14,2025-05-21,27120.0,26820.0,False,265.0357,300.0,90000.0,1.1319
ocisceno,1941,UZ vratnih žil,1,lin,2025-05-14,2025-05-21,27120.0,24742.6867,False,265.0357,2377.3133,5651618.4465,8.9698
ocisceno,1941,UZ vratnih žil,1,ar1,2025-05-14,2025-05-21,27120.0,27180.2763,False,265.0357,60.2763,3633.2333,0.2274
ocisceno,1941,UZ vratnih žil,1,naivni,2025-05-21,2025-05-28,27516.0,27120.0,False,265.6491,396.0,156816.0,1.4907
ocisceno,1941,UZ vratnih žil,1,lin,2025-05-21,2025-05-28,27516.0,25033.5626,False,265.6491,2482.4374,6162495.3782,9.3448
ocisceno,1941,UZ vratnih žil,1,ar1,2025-05-21,2025-05-28,27516.0,27482.8389,False,265.6491,33.1611,1099.6582,0.1248
ocisceno,1941,UZ vratnih žil,1,naivni,2025-05-28,2025-06-04,28048.0,27516.0,False,267.8966,532.0,283024.0,1.9858
ocisceno,1941,UZ vratnih žil,1,lin,2025-05-28,2025-06-04,28048.0,25332.955,False,267.8966,2715.045,7371469.3679,10.1347
ocisceno,1941,UZ vratnih žil,1,ar1,2025-05-28,2025-06-04,28048.0,27896.1732,False,267.8966,151.8268,23051.3888,0.5667
ocisceno,1941,UZ vratnih žil,1,naivni,2025-06-04,2025-06-18,28281.0,28048.0,True,272.3729,233.0,54289.0,0.8554
ocisceno,1941,UZ vratnih žil,1,lin,2025-06-04,2025-06-18,28281.0,25649.2571,True,272.3729,2631.7429,6926070.8909,9.6623
ocisceno,1941,UZ vratnih žil,1,ar1,2025-06-04,2025-06-18,28281.0,28465.2298,True,272.3729,184.2298,33940.6357,0.6764
ocisceno,1941,UZ vratnih žil,1,naivni,2025-06-18,2025-07-02,28359.0,28281.0,True,271.7167,78.0,6084.0,0.2871
ocisceno,1941,UZ vratnih žil,1,lin,2025-06-18,2025-07-02,28359.0,25961.5803,True,271.7167,2397.4197,5747621.0843,8.8232
ocisceno,1941,UZ vratnih žil,1,ar1,2025-06-18,2025-07-02,28359.0,28684.1542,True,271.7167,325.1542,105725.2228,1.1967
ocisceno,1941,UZ vratnih žil,1,naivni,2025-07-02,2025-07-09,28353.0,28359.0,False,268.541,6.0,36.0,0.0223
ocisceno,1941,UZ vratnih žil,1,lin,2025-07-02,2025-07-09,28353.0,26260.1777,False,268.541,2092.8223,4379905.2473,7.7933
ocisceno,1941,UZ vratnih žil,1,ar1,2025-07-02,2025-07-09,28353.0,28728.0261,False,268.541,375.0261,140644.5441,1.3965
ocisceno,1941,UZ vratnih žil,1,naivni,2025-07-09,2025-07-16,27558.0,28353.0,False,264.3065,795.0,632025.0,3.0079
ocisceno,1941,UZ vratnih žil,1,lin,2025-07-09,2025-07-16,27558.0,26540.6631,False,264.3065,1017.3369,1034974.4038,3.8491
ocisceno,1941,UZ vratnih žil,1,ar1,2025-07-09,2025-07-16,27558.0,28683.4743,False,264.3065,1125.4743,1266692.3834,4.2582
ocisceno,1941,UZ vratnih žil,1,naivni,2025-07-16,2025-07-23,28572.0,27558.0,False,272.7302,1014.0,1028196.0,3.718
ocisceno,1941,UZ vratnih žil,1,lin,2025-07-16,2025-07-23,28572.0,26754.9688,False,272.7302,1817.0312,3301602.5635,6.6624
ocisceno,1941,UZ vratnih žil,1,ar1,2025-07-16,2025-07-23,28572.0,27775.2834,False,272.7302,796.7166,634757.4108,2.9213
ocisceno,1941,UZ vratnih žil,1,naivni,2025-07-23,2025-07-30,28431.0,28572.0,False,284.3125,141.0,19881.0,0.4959
ocisceno,1941,UZ vratnih žil,1,lin,2025-07-23,2025-07-30,28431.0,27018.9755,False,284.3125,1412.0245,1993813.2429,4.9665
ocisceno,1941,UZ vratnih žil,1,ar1,2025-07-23,2025-07-30,28431.0,28864.037,False,284.3125,433.037,187521.0213,1.5231
ocisceno,1941,UZ vratnih žil,1,naivni,2025-07-30,2025-08-06,28707.0,28431.0,False,282.1077,276.0,76176.0,0.9783
ocisceno,1941,UZ vratnih žil,1,lin,2025-07-30,2025-08-06,28707.0,27259.2834,False,282.1077,1447.7166,2095883.2095,5.1318
ocisceno,1941,UZ vratnih žil,1,ar1,2025-07-30,2025-08-06,28707.0,28684.8875,False,282.1077,22.1125,488.9633,0.0784
ocisceno,1941,UZ vratnih žil,1,naivni,2025-08-06,2025-08-13,28723.0,28707.0,False,282.0152,16.0,256.0,0.0567
ocisceno,1941,UZ vratnih žil,1,lin,2025-08-06,2025-08-13,28723.0,27502.3609,False,282.0152,1220.6391,1489959.7571,4.3283
ocisceno,1941,UZ vratnih žil,1,ar1,2025-08-06,2025-08-13,28723.0,28966.5049,False,282.0152,243.5049,59294.6578,0.8634
ocisceno,1941,UZ vratnih žil,1,naivni,2025-08-13,2025-08-27,28635.0,28723.0,True,278.0448,88.0,7744.0,0.3165
ocisceno,1941,UZ vratnih žil,1,lin,2025-08-13,2025-08-27,28635.0,27732.7164,True,278.0448,902.2836,814115.6625,3.2451
ocisceno,1941,UZ vratnih žil,1,ar1,2025-08-13,2025-08-27,28635.0,28964.6967,True,278.0448,329.6967,108699.9025,1.1858
ocisceno,1941,UZ vratnih žil,1,naivni,2025-08-27,2025-09-03,28217.0,28635.0,False,275.25,418.0,174724.0,1.5186
ocisceno,1941,UZ vratnih žil,1,lin,2025-08-27,2025-09-03,28217.0,27945.1368,False,275.25,271.8632,73909.5839,0.9877
ocisceno,1941,UZ vratnih žil,1,ar1,2025-08-27,2025-09-03,28217.0,28853.0859,False,275.25,636.0859,404605.2697,2.3109
ocisceno,1941,UZ vratnih žil,1,naivni,2025-09-03,2025-09-10,27994.0,28217.0,False,277.3188,223.0,49729.0,0.8041
ocisceno,1941,UZ vratnih žil,1,lin,2025-09-03,2025-09-10,27994.0,28121.9068,False,277.3188,127.9068,16360.1577,0.4612
ocisceno,1941,UZ vratnih žil,1,ar1,2025-09-03,2025-09-10,27994.0,28392.8941,False,277.3188,398.8941,159116.5042,1.4384
ocisceno,1941,UZ vratnih žil,1,naivni,2025-09-10,2025-09-17,27862.0,27994.0,False,276.5429,132.0,17424.0,0.4773
ocisceno,1941,UZ vratnih žil,1,lin,2025-09-10,2025-09-17,27862.0,28276.264,False,276.5429,414.264,171614.6484,1.498
ocisceno,1941,UZ vratnih žil,1,ar1,2025-09-10,2025-09-17,27862.0,28147.9377,False,276.5429,285.9377,81760.3486,1.034
ocisceno,1941,UZ vratnih žil,1,naivni,2025-09-17,2025-09-24,27586.0,27862.0,False,274.507,276.0,76176.0,1.0054
ocisceno,1941,UZ vratnih žil,1,lin,2025-09-17,2025-09-24,27586.0,28414.6624,False,274.507,828.6624,686681.312,3.0187
ocisceno,1941,UZ vratnih žil,1,ar1,2025-09-17,2025-09-24,27586.0,28002.0462,False,274.507,416.0462,173094.4632,1.5156
ocisceno,1941,UZ vratnih žil,1,naivni,2025-09-24,2025-10-01,27884.0,27586.0,False,274.5278,298.0,88804.0,1.0855
ocisceno,1941,UZ vratnih žil,1,lin,2025-09-24,2025-10-01,27884.0,28530.1963,False,274.5278,646.1963,417569.7189,2.3538
ocisceno,1941,UZ vratnih žil,1,ar1,2025-09-24,2025-10-01,27884.0,27708.0511,False,274.5278,175.9489,30958.0126,0.6409
ocisceno,1941,UZ vratnih žil,1,naivni,2025-10-01,2025-10-08,28060.0,27884.0,False,274.8493,176.0,30976.0,0.6404
ocisceno,1941,UZ vratnih žil,1,lin,2025-10-01,2025-10-08,28060.0,28655.2866,False,274.8493,595.2866,354366.0892,2.1659
ocisceno,1941,UZ vratnih žil,1,ar1,2025-10-01,2025-10-08,28060.0,28012.6626,False,274.8493,47.3374,2240.8254,0.1722
ocisceno,1941,UZ vratnih žil,1,naivni,2025-10-08,2025-10-15,27955.0,28060.0,False,273.5135,105.0,11025.0,0.3839
ocisceno,1941,UZ vratnih žil,1,lin,2025-10-08,2025-10-15,27955.0,28782.8591,False,273.5135,827.8591,685350.688,3.0268
ocisceno,1941,UZ vratnih žil,1,ar1,2025-10-08,2025-10-15,27955.0,28190.4157,False,273.5135,235.4157,55420.5563,0.8607
ocisceno,1941,UZ vratnih žil,1,naivni,2025-10-15,2025-10-22,28289.0,27955.0,False,271.2667,334.0,111556.0,1.2313
ocisceno,1941,UZ vratnih žil,1,lin,2025-10-15,2025-10-22,28289.0,28897.9821,False,271.2667,608.9821,370859.2045,2.245
ocisceno,1941,UZ vratnih žil,1,ar1,2025-10-15,2025-10-22,28289.0,28075.8778,False,271.2667,213.1222,45421.0583,0.7857
ocisceno,1941,UZ vratnih žil,1,naivni,2025-10-22,2025-10-29,28694.0,28289.0,False,272.0921,405.0,164025.0,1.4885
ocisceno,1941,UZ vratnih žil,1,lin,2025-10-22,2025-10-29,28694.0,29024.1924,False,272.0921,330.1924,109027.0295,1.2135
ocisceno,1941,UZ vratnih žil,1,ar1,2025-10-22,2025-10-29,28694.0,28417.7115,False,272.0921,276.2885,76335.3197,1.0154
ocisceno,1941,UZ vratnih žil,1,naivni,2025-10-29,2025-11-05,28325.0,28694.0,False,273.8182,369.0,136161.0,1.3476
ocisceno,1941,UZ vratnih žil,1,lin,2025-10-29,2025-11-05,28325.0,29164.4968,False,273.8182,839.4968,704754.9385,3.0659
ocisceno,1941,UZ vratnih žil,1,ar1,2025-10-29,2025-11-05,28325.0,28833.9598,False,273.8182,508.9598,259040.0305,1.8588
ocisceno,1941,UZ vratnih žil,1,naivni,2025-11-05,2025-11-12,28115.0,28325.0,False,275.0385,210.0,44100.0,0.7635
ocisceno,1941,UZ vratnih žil,1,lin,2025-11-05,2025-11-12,28115.0,29278.9065,False,275.0385,1163.9065,1354678.3963,4.2318
ocisceno,1941,UZ vratnih žil,1,ar1,2025-11-05,2025-11-12,28115.0,28444.0341,False,275.0385,329.0341,108263.4473,1.1963
ocisceno,1941,UZ vratnih žil,1,naivni,2025-11-12,2025-11-19,28342.0,28115.0,False,274.2152,227.0,51529.0,0.8278
ocisceno,1941,UZ vratnih žil,1,lin,2025-11-12,2025-11-19,28342.0,29376.8301,False,274.2152,1034.8301,1070873.2599,3.7738
ocisceno,1941,UZ vratnih žil,1,ar1,2025-11-12,2025-11-19,28342.0,28222.4865,False,274.2152,119.5135,14283.4849,0.4358
ocisceno,1941,UZ vratnih žil,1,naivni,2025-11-19,2025-11-26,28127.0,28342.0,False,273.625,215.0,46225.0,0.7857
ocisceno,1941,UZ vratnih žil,1,lin,2025-11-19,2025-11-26,28127.0,29480.7685,False,273.625,1353.7685,1832689.2017,4.9475
ocisceno,1941,UZ vratnih žil,1,ar1,2025-11-19,2025-11-26,28127.0,28452.7833,False,273.625,325.7833,106134.7844,1.1906
ocisceno,1941,UZ vratnih žil,1,naivni,2025-11-26,2025-12-03,28348.0,28127.0,False,272.9012,221.0,48841.0,0.8098
ocisceno,1941,UZ vratnih žil,1,lin,2025-11-26,2025-12-03,28348.0,29568.8374,False,272.9012,1220.8374,1490443.9533,4.4736
ocisceno,1941,UZ vratnih žil,1,ar1,2025-11-26,2025-12-03,28348.0,28227.374,False,272.9012,120.626,14550.6412,0.442
ocisceno,1941,UZ vratnih žil,1,naivni,2025-12-03,2025-12-10,27794.0,28348.0,False,272.2683,554.0,306916.0,2.0348
ocisceno,1941,UZ vratnih žil,1,lin,2025-12-03,2025-12-10,27794.0,29662.9148,False,272.2683,1868.9148,3492842.4589,6.8642
ocisceno,1941,UZ vratnih žil,1,ar1,2025-12-03,2025-12-10,27794.0,28451.2557,False,272.2683,657.2557,431985.0882,2.414
ocisceno,1941,UZ vratnih žil,1,naivni,2025-12-10,2025-12-17,27793.0,27794.0,False,275.6627,1.0,1.0,0.0036
ocisceno,1941,UZ vratnih žil,1,lin,2025-12-10,2025-12-17,27793.0,29725.7811,False,275.6627,1932.7811,3735642.8752,7.0114
ocisceno,1941,UZ vratnih žil,1,ar1,2025-12-10,2025-12-17,27793.0,27879.5757,False,275.6627,86.5757,7495.3596,0.3141
ocisceno,1941,UZ vratnih žil,1,naivni,2025-12-17,2026-01-07,27792.0,27793.0,True,272.3929,1.0,1.0,0.0037
ocisceno,1941,UZ vratnih žil,1,lin,2025-12-17,2026-01-07,27792.0,29785.1185,True,272.3929,1993.1185,3972521.3048,7.3171
ocisceno,1941,UZ vratnih žil,1,ar1,2025-12-17,2026-01-07,27792.0,27876.1634,True,272.3929,84.1634,7083.4835,0.309
ocisceno,1941,UZ vratnih žil,1,naivni,2026-01-07,2026-01-14,27922.0,27792.0,False,269.2,130.0,16900.0,0.4829
ocisceno,1941,UZ vratnih žil,1,lin,2026-01-07,2026-01-14,27922.0,29841.1207,False,269.2,1919.1207,3683024.0947,7.129
ocisceno,1941,UZ vratnih žil,1,ar1,2026-01-07,2026-01-14,27922.0,27872.8834,False,269.2,49.1166,2412.4412,0.1825
ocisceno,1941,UZ vratnih žil,1,naivni,2026-01-14,2026-01-21,28082.0,27922.0,False,267.5814,160.0,25600.0,0.5979
ocisceno,1941,UZ vratnih žil,1,lin,2026-01-14,2026-01-21,28082.0,29899.9922,False,267.5814,1817.9922,3305095.814,6.7942
ocisceno,1941,UZ vratnih žil,1,ar1,2026-01-14,2026-01-21,28082.0,28003.1675,False,267.5814,78.8325,6214.5625,0.2946
ocisceno,1941,UZ vratnih žil,1,naivni,2026-01-21,2026-01-28,28455.0,28082.0,False,266.3448,373.0,139129.0,1.4004
ocisceno,1941,UZ vratnih žil,1,lin,2026-01-21,2026-01-28,28455.0,29962.9592,False,266.3448,1507.9592,2273941.0926,5.6617
ocisceno,1941,UZ vratnih žil,1,ar1,2026-01-21,2026-01-28,28455.0,28164.0601,False,266.3448,290.9399,84646.0042,1.0923
ocisceno,1941,UZ vratnih žil,1,naivni,2026-01-28,2026-02-04,28479.0,28455.0,False,267.5568,24.0,576.0,0.0897
ocisceno,1941,UZ vratnih žil,1,lin,2026-01-28,2026-02-04,28479.0,30039.3961,False,267.5568,1560.3961,2434835.8872,5.832
ocisceno,1941,UZ vratnih žil,1,ar1,2026-01-28,2026-02-04,28479.0,28542.4748,False,267.5568,63.4748,4029.0556,0.2372
ocisceno,1941,UZ vratnih žil,1,naivni,2026-02-04,2026-02-11,28594.0,28479.0,False,264.8202,115.0,13225.0,0.4343
ocisceno,1941,UZ vratnih žil,1,lin,2026-02-04,2026-02-11,28594.0,30113.1258,False,264.8202,1519.1258,2307743.3259,5.7364
ocisceno,1941,UZ vratnih žil,1,ar1,2026-02-04,2026-02-11,28594.0,28564.4833,False,264.8202,29.5167,871.237,0.1115
ocisceno,1941,UZ vratnih žil,1,naivni,2026-02-11,2026-02-18,29143.0,28594.0,False,263.1556,549.0,301401.0,2.0862
ocisceno,1941,UZ vratnih žil,1,lin,2026-02-11,2026-02-18,29143.0,30188.2886,False,263.1556,1045.2886,1092628.3507,3.9721
ocisceno,1941,UZ vratnih žil,1,ar1,2026-02-11,2026-02-18,29143.0,28679.5484,False,263.1556,463.4516,214787.3813,1.7611
ocisceno,1941,UZ vratnih žil,1,naivni,2026-02-18,2026-02-25,29036.0,29143.0,False,266.2967,107.0,11449.0,0.4018
ocisceno,1941,UZ vratnih žil,1,lin,2026-02-18,2026-02-25,29036.0,30283.6902,False,266.2967,1247.6902,1556730.7295,4.6853
ocisceno,1941,UZ vratnih žil,1,ar1,2026-02-18,2026-02-25,29036.0,29238.8447,False,266.2967,202.8447,41145.9907,0.7617
ocisceno,1941,UZ vratnih žil,1,naivni,2026-02-25,2026-03-04,29111.0,29036.0,False,264.5652,75.0,5625.0,0.2835
ocisceno,1941,UZ vratnih žil,1,lin,2026-02-25,2026-03-04,29111.0,30370.1419,False,264.5652,1259.1419,1585438.296,4.7593
ocisceno,1941,UZ vratnih žil,1,ar1,2026-02-25,2026-03-04,29111.0,29126.1262,False,264.5652,15.1262,228.8024,0.0572
ocisceno,1941,UZ vratnih žil,1,naivni,2026-03-04,2026-03-11,29384.0,29111.0,False,262.5269,273.0,74529.0,1.0399
ocisceno,1941,UZ vratnih žil,1,lin,2026-03-04,2026-03-11,29384.0,30455.8209,False,262.5269,1071.8209,1148799.9662,4.0827
ocisceno,1941,UZ vratnih žil,1,ar1,2026-03-04,2026-03-11,29384.0,29200.2399,False,262.5269,183.7601,33767.7697,0.7
ocisceno,1941,UZ vratnih žil,1,naivni,2026-03-11,2026-03-18,29662.0,29384.0,False,262.6383,278.0,77284.0,1.0585
ocisceno,1941,UZ vratnih žil,1,lin,2026-03-11,2026-03-18,29662.0,30549.105,False,262.6383,887.105,786955.3506,3.3777
ocisceno,1941,UZ vratnih žil,1,ar1,2026-03-11,2026-03-18,29662.0,29477.1875,False,262.6383,184.8125,34155.6423,0.7037
ocisceno,1941,UZ vratnih žil,1,naivni,2026-03-18,2026-03-25,29485.0,29662.0,False,262.8,177.0,31329.0,0.6735
ocisceno,1941,UZ vratnih žil,1,lin,2026-03-18,2026-03-25,29485.0,30649.8507,False,262.8,1164.8507,1356877.0552,4.4325
ocisceno,1941,UZ vratnih žil,1,ar1,2026-03-18,2026-03-25,29485.0,29759.5194,False,262.8,274.5194,75360.8972,1.0446
ocisceno,1941,UZ vratnih žil,1,naivni,2026-03-25,2026-04-08,29036.0,29485.0,True,261.9062,449.0,201601.0,1.7144
ocisceno,1941,UZ vratnih žil,1,lin,2026-03-25,2026-04-08,29036.0,30738.9523,True,261.9062,1702.9523,2900046.6028,6.5021
ocisceno,1941,UZ vratnih žil,1,ar1,2026-03-25,2026-04-08,29036.0,29574.9048,True,261.9062,538.9048,290418.3338,2.0576
ocisceno,1941,UZ vratnih žil,1,naivni,2026-04-08,2026-04-15,28874.0,29036.0,False,263.8351,162.0,26244.0,0.614
ocisceno,1941,UZ vratnih žil,1,lin,2026-04-08,2026-04-15,28874.0,30805.8456,False,263.8351,1931.8456,3732027.311,7.3222
ocisceno,1941,UZ vratnih žil,1,ar1,2026-04-08,2026-04-15,28874.0,29113.5245,False,263.8351,239.5245,57371.9764,0.9079
ocisceno,1941,UZ vratnih žil,1,naivni,2026-04-15,2026-04-29,29110.0,28874.0,True,262.7959,236.0,55696.0,0.898
ocisceno,1941,UZ vratnih žil,1,lin,2026-04-15,2026-04-29,29110.0,30863.1396,True,262.7959,1753.1396,3073498.3128,6.6711
ocisceno,1941,UZ vratnih žil,1,ar1,2026-04-15,2026-04-29,29110.0,28946.739,True,262.7959,163.261,26654.1393,0.6212
ocisceno,1941,UZ vratnih žil,1,naivni,2026-04-29,2026-05-06,29498.0,29110.0,False,262.5253,388.0,150544.0,1.478
ocisceno,1941,UZ vratnih žil,1,lin,2026-04-29,2026-05-06,29498.0,30927.1915,False,262.5253,1429.1915,2042588.387,5.444
ocisceno,1941,UZ vratnih žil,1,ar1,2026-04-29,2026-05-06,29498.0,29184.8316,False,262.5253,313.1684,98074.4645,1.1929
ocisceno,1941,UZ vratnih žil,1,naivni,2026-05-06,2026-05-13,29573.0,29498.0,False,263.78,75.0,5625.0,0.2843
ocisceno,1941,UZ vratnih žil,1,lin,2026-05-06,2026-05-13,29573.0,31003.7259,False,263.78,1430.7259,2046976.7171,5.4239
ocisceno,1941,UZ vratnih žil,1,ar1,2026-05-06,2026-05-13,29573.0,29577.9546,False,263.78,4.9546,24.5481,0.0188
ocisceno,1941,UZ vratnih žil,1,naivni,2026-05-13,2026-05-20,28621.0,29573.0,False,261.9109,952.0,906304.0,3.6348
ocisceno,1941,UZ vratnih žil,1,lin,2026-05-13,2026-05-20,28621.0,31079.9227,False,261.9109,2458.9227,6046301.0091,9.3884
ocisceno,1941,UZ vratnih žil,1,ar1,2026-05-13,2026-05-20,28621.0,29652.3167,False,261.9109,1031.3167,1063614.1928,3.9377
ocisceno,1941,UZ vratnih žil,1,naivni,2026-05-20,2026-05-27,28836.0,28621.0,False,268.6765,215.0,46225.0,0.8002
ocisceno,1941,UZ vratnih žil,1,lin,2026-05-20,2026-05-27,28836.0,31115.9172,False,268.6765,2279.9172,5198022.3941,8.4857
ocisceno,1941,UZ vratnih žil,1,ar1,2026-05-20,2026-05-27,28836.0,28682.7988,False,268.6765,153.2012,23470.6055,0.5702
ocisceno,1941,UZ vratnih žil,1,naivni,2026-05-27,2026-06-03,28651.0,28836.0,False,268.1553,185.0,34225.0,0.6899
ocisceno,1941,UZ vratnih žil,1,lin,2026-05-27,2026-06-03,28651.0,31158.3374,False,268.1553,2507.3374,6286740.7303,9.3503
ocisceno,1941,UZ vratnih žil,1,ar1,2026-05-27,2026-06-03,28651.0,28898.8591,False,268.1553,247.8591,61434.1303,0.9243
ocisceno,1941,UZ vratnih žil,1,naivni,2026-06-03,2026-06-17,27656.0,28651.0,True,267.3558,995.0,990025.0,3.7216
ocisceno,1941,UZ vratnih žil,1,lin,2026-06-03,2026-06-17,27656.0,31191.6764,True,267.3558,3535.6764,12501007.419,13.2246
ocisceno,1941,UZ vratnih žil,1,ar1,2026-06-03,2026-06-17,27656.0,28710.5393,True,267.3558,1054.5393,1112053.1799,3.9443
ocisceno,1941,UZ vratnih žil,1,naivni,2026-06-17,2026-06-24,27853.0,27656.0,False,274.2857,197.0,38809.0,0.7182
ocisceno,1941,UZ vratnih žil,1,lin,2026-06-17,2026-06-24,27853.0,31185.7596,False,274.2857,3332.7596,11107286.343,12.1507
ocisceno,1941,UZ vratnih žil,1,ar1,2026-06-17,2026-06-24,27853.0,27707.4706,False,274.2857,145.5294,21178.797,0.5306
ocisceno,1941,UZ vratnih žil,1,naivni,2026-06-24,2026-07-01,28747.0,27853.0,False,273.5566,894.0,799236.0,3.2681
ocisceno,1941,UZ vratnih žil,1,lin,2026-06-24,2026-07-01,28747.0,31186.805,False,273.5566,2439.805,5952648.3047,8.9188
ocisceno,1941,UZ vratnih žil,1,ar1,2026-06-24,2026-07-01,28747.0,27904.2235,False,273.5566,842.7765,710272.1545,3.0808
ocisceno,1941,UZ vratnih žil,1,naivni,2026-07-01,2026-07-08,28597.0,28747.0,False,279.3551,150.0,22500.0,0.537
ocisceno,1941,UZ vratnih žil,1,lin,2026-07-01,2026-07-08,28597.0,31220.346,False,279.3551,2623.346,6881944.065,9.3907
ocisceno,1941,UZ vratnih žil,1,ar1,2026-07-01,2026-07-08,28597.0,28801.7184,False,279.3551,204.7184,41909.6431,0.7328
ocisceno,1941,UZ vratnih žil,1,naivni,2026-07-08,2026-07-15,28688.0,28597.0,False,278.1574,91.0,8281.0,0.3272
ocisceno,1941,UZ vratnih žil,1,lin,2026-07-08,2026-07-15,28688.0,31246.737,False,278.1574,2558.737,6547135.0508,9.1989
ocisceno,1941,UZ vratnih žil,1,ar1,2026-07-08,2026-07-15,28688.0,28649.4994,False,278.1574,38.5006,1482.2952,0.1384
ocisceno,1941,UZ vratnih žil,4,naivni,2025-04-09,2025-05-07,26339.0,25404.0,False,263.2549,935.0,874225.0,3.5517
ocisceno,1941,UZ vratnih žil,4,lin,2025-04-09,2025-05-07,26339.0,23641.9486,False,263.2549,2697.0514,7274086.4623,10.245
ocisceno,1941,UZ vratnih žil,4,ar1,2025-04-09,2025-05-07,26339.0,26942.9314,False,263.2549,603.9314,364733.18,2.2941
ocisceno,1941,UZ vratnih žil,4,naivni,2025-04-16,2025-05-14,26820.0,25659.0,False,263.0962,1161.0,1347921.0,4.4128
ocisceno,1941,UZ vratnih žil,4,lin,2025-04-16,2025-05-14,26820.0,23936.6918,False,263.0962,2883.3082,8313466.0384,10.9591
ocisceno,1941,UZ vratnih žil,4,ar1,2025-04-16,2025-05-14,26820.0,27163.4446,False,263.0962,343.4446,117954.1797,1.3054
ocisceno,1941,UZ vratnih žil,4,naivni,2025-04-23,2025-05-21,27120.0,25944.0,False,263.5094,1176.0,1382976.0,4.4628
ocisceno,1941,UZ vratnih žil,4,lin,2025-04-23,2025-05-21,27120.0,24232.9238,False,263.5094,2887.0762,8335209.0344,10.9563
ocisceno,1941,UZ vratnih žil,4,ar1,2025-04-23,2025-05-21,27120.0,27447.6369,False,263.5094,327.6369,107345.9312,1.2434
ocisceno,1941,UZ vratnih žil,4,naivni,2025-04-30,2025-05-28,27516.0,26313.0,False,265.463,1203.0,1447209.0,4.5317
ocisceno,1941,UZ vratnih žil,4,lin,2025-04-30,2025-05-28,27516.0,24537.0519,False,265.463,2978.9481,8874131.9261,11.2217
ocisceno,1941,UZ vratnih žil,4,ar1,2025-04-30,2025-05-28,27516.0,27886.6554,False,265.463,370.6554,137385.4304,1.3963
ocisceno,1941,UZ vratnih žil,4,naivni,2025-05-07,2025-06-04,28048.0,26339.0,False,261.1091,1709.0,2920681.0,6.5452
ocisceno,1941,UZ vratnih žil,4,lin,2025-05-07,2025-06-04,28048.0,24821.9119,False,261.1091,3226.0881,10407644.4717,12.3553
ocisceno,1941,UZ vratnih žil,4,ar1,2025-05-07,2025-06-04,28048.0,27700.7182,False,261.1091,347.2818,120604.6794,1.33
ocisceno,1941,UZ vratnih žil,4,naivni,2025-05-14,2025-06-18,28281.0,26820.0,True,265.0357,1461.0,2134521.0,5.5125
ocisceno,1941,UZ vratnih žil,4,lin,2025-05-14,2025-06-18,28281.0,25123.4565,True,265.0357,3157.5435,9970081.0425,11.9137
ocisceno,1941,UZ vratnih žil,4,ar1,2025-05-14,2025-06-18,28281.0,28337.1657,True,265.0357,56.1657,3154.5858,0.2119
ocisceno,1941,UZ vratnih žil,4,naivni,2025-05-21,2025-07-02,28359.0,27120.0,True,265.6491,1239.0,1535121.0,4.664
ocisceno,1941,UZ vratnih žil,4,lin,2025-05-21,2025-07-02,28359.0,25426.8372,True,265.6491,2932.1628,8597578.4214,11.0377
ocisceno,1941,UZ vratnih žil,4,ar1,2025-05-21,2025-07-02,28359.0,28645.4404,True,265.6491,286.4404,82048.1215,1.0783
ocisceno,1941,UZ vratnih žil,4,naivni,2025-05-28,2025-07-09,28353.0,27516.0,True,267.8966,837.0,700569.0,3.1243
ocisceno,1941,UZ vratnih žil,4,lin,2025-05-28,2025-07-09,28353.0,25738.8522,True,267.8966,2614.1478,6833768.7636,9.758
ocisceno,1941,UZ vratnih žil,4,ar1,2025-05-28,2025-07-09,28353.0,29115.6617,True,267.8966,762.6617,581652.8768,2.8469
ocisceno,1941,UZ vratnih žil,4,naivni,2025-06-04,2025-07-16,27558.0,28048.0,True,272.3729,490.0,240100.0,1.799
ocisceno,1941,UZ vratnih žil,4,lin,2025-06-04,2025-07-16,27558.0,26068.5069,True,272.3729,1489.4931,2218589.5844,5.4686
ocisceno,1941,UZ vratnih žil,4,ar1,2025-06-04,2025-07-16,27558.0,29809.9628,True,272.3729,2251.9628,5071336.4987,8.2679
ocisceno,1941,UZ vratnih žil,4,naivni,2025-06-18,2025-07-23,28572.0,28281.0,True,271.7167,291.0,84681.0,1.071
ocisceno,1941,UZ vratnih žil,4,lin,2025-06-18,2025-07-23,28572.0,26393.3557,True,271.7167,2178.6443,4746491.0521,8.0181
ocisceno,1941,UZ vratnih žil,4,ar1,2025-06-18,2025-07-23,28572.0,29976.3721,True,271.7167,1404.3721,1972260.8823,5.1685
ocisceno,1941,UZ vratnih žil,4,naivni,2025-07-02,2025-07-30,28431.0,28359.0,False,268.541,72.0,5184.0,0.2681
ocisceno,1941,UZ vratnih žil,4,lin,2025-07-02,2025-07-30,28431.0,26703.0011,False,268.541,1727.9989,2985980.3448,6.4348
ocisceno,1941,UZ vratnih žil,4,ar1,2025-07-02,2025-07-30,28431.0,29900.2894,False,268.541,1469.2894,2158811.3377,5.4714
ocisceno,1941,UZ vratnih žil,4,naivni,2025-07-09,2025-08-06,28707.0,28353.0,False,264.3065,354.0,125316.0,1.3394
ocisceno,1941,UZ vratnih žil,4,lin,2025-07-09,2025-08-06,28707.0,26992.8294,False,264.3065,1714.1706,2938380.8011,6.4855
ocisceno,1941,UZ vratnih žil,4,ar1,2025-07-09,2025-08-06,28707.0,29723.4258,False,264.3065,1016.4258,1033121.4919,3.8456
ocisceno,1941,UZ vratnih žil,4,naivni,2025-07-16,2025-08-13,28723.0,27558.0,False,272.7302,1165.0,1357225.0,4.2716
ocisceno,1941,UZ vratnih žil,4,lin,2025-07-16,2025-08-13,28723.0,27211.537,False,272.7302,1511.463,2284520.3422,5.542
ocisceno,1941,UZ vratnih žil,4,ar1,2025-07-16,2025-08-13,28723.0,28441.635,False,272.7302,281.365,79166.2442,1.0317
ocisceno,1941,UZ vratnih žil,4,naivni,2025-07-23,2025-08-27,28635.0,28572.0,True,284.3125,63.0,3969.0,0.2216
ocisceno,1941,UZ vratnih žil,4,lin,2025-07-23,2025-08-27,28635.0,27483.1677,True,284.3125,1151.8323,1326717.7456,4.0513
ocisceno,1941,UZ vratnih žil,4,ar1,2025-07-23,2025-08-27,28635.0,29773.143,True,284.3125,1138.143,1295369.5534,4.0031
ocisceno,1941,UZ vratnih žil,4,naivni,2025-07-30,2025-09-03,28217.0,28431.0,True,282.1077,214.0,45796.0,0.7586
ocisceno,1941,UZ vratnih žil,4,lin,2025-07-30,2025-09-03,28217.0,27729.2234,True,282.1077,487.7766,237926.0586,1.729
ocisceno,1941,UZ vratnih žil,4,ar1,2025-07-30,2025-09-03,28217.0,29468.3407,True,282.1077,1251.3407,1565853.4412,4.4357
ocisceno,1941,UZ vratnih žil,4,naivni,2025-08-06,2025-09-10,27994.0,28707.0,True,282.0152,713.0,508369.0,2.5282
ocisceno,1941,UZ vratnih žil,4,lin,2025-08-06,2025-09-10,27994.0,27978.0205,True,282.0152,15.9795,255.344,0.0567
ocisceno,1941,UZ vratnih žil,4,ar1,2025-08-06,2025-09-10,27994.0,29767.6177,True,282.0152,1773.6177,3145719.5821,6.2891
ocisceno,1941,UZ vratnih žil,4,naivni,2025-08-13,2025-09-17,27862.0,28723.0,True,278.0448,861.0,741321.0,3.0966
ocisceno,1941,UZ vratnih žil,4,lin,2025-08-13,2025-09-17,27862.0,28213.0588,True,278.0448,351.0588,123242.2574,1.2626
ocisceno,1941,UZ vratnih žil,4,ar1,2025-08-13,2025-09-17,27862.0,29707.6182,True,278.0448,1845.6182,3406306.5643,6.6378
ocisceno,1941,UZ vratnih žil,4,naivni,2025-08-27,2025-09-24,27586.0,28635.0,False,275.25,1049.0,1100401.0,3.8111
ocisceno,1941,UZ vratnih žil,4,lin,2025-08-27,2025-09-24,27586.0,28428.8417,False,275.25,842.8417,710382.1726,3.0621
ocisceno,1941,UZ vratnih žil,4,ar1,2025-08-27,2025-09-24,27586.0,29519.7791,False,275.25,1933.7791,3739501.6802,7.0255
ocisceno,1941,UZ vratnih žil,4,naivni,2025-09-03,2025-10-01,27884.0,28217.0,False,277.3188,333.0,110889.0,1.2008
ocisceno,1941,UZ vratnih žil,4,lin,2025-09-03,2025-10-01,27884.0,28606.5963,False,277.3188,722.5963,522145.4753,2.6057
ocisceno,1941,UZ vratnih žil,4,ar1,2025-09-03,2025-10-01,27884.0,28925.379,False,277.3188,1041.379,1084470.1861,3.7552
ocisceno,1941,UZ vratnih žil,4,naivni,2025-09-10,2025-10-08,28060.0,27994.0,False,276.5429,66.0,4356.0,0.2387
ocisceno,1941,UZ vratnih žil,4,lin,2025-09-10,2025-10-08,28060.0,28760.5031,False,276.5429,700.5031,490704.6193,2.5331
ocisceno,1941,UZ vratnih žil,4,ar1,2025-09-10,2025-10-08,28060.0,28611.4319,False,276.5429,551.4319,304077.1252,1.994
ocisceno,1941,UZ vratnih žil,4,naivni,2025-09-17,2025-10-15,27955.0,27862.0,False,274.507,93.0,8649.0,0.3388
ocisceno,1941,UZ vratnih žil,4,lin,2025-09-17,2025-10-15,27955.0,28897.4828,False,274.507,942.4828,888273.8012,3.4334
ocisceno,1941,UZ vratnih žil,4,ar1,2025-09-17,2025-10-15,27955.0,28422.214,False,274.507,467.214,218288.9572,1.702
ocisceno,1941,UZ vratnih žil,4,naivni,2025-09-24,2025-10-22,28289.0,27586.0,False,274.5278,703.0,494209.0,2.5608
ocisceno,1941,UZ vratnih žil,4,lin,2025-09-24,2025-10-22,28289.0,29010.2556,False,274.5278,721.2556,520209.618,2.6273
ocisceno,1941,UZ vratnih žil,4,ar1,2025-09-24,2025-10-22,28289.0,28072.4609,False,274.5278,216.5391,46889.1835,0.7888
ocisceno,1941,UZ vratnih žil,4,naivni,2025-10-01,2025-10-29,28694.0,27884.0,False,274.8493,810.0,656100.0,2.9471
ocisceno,1941,UZ vratnih žil,4,lin,2025-10-01,2025-10-29,28694.0,29133.25,False,274.8493,439.25,192940.5853,1.5981
ocisceno,1941,UZ vratnih žil,4,ar1,2025-10-01,2025-10-29,28694.0,28397.5296,False,274.8493,296.4704,87894.6691,1.0787
ocisceno,1941,UZ vratnih žil,4,naivni,2025-10-08,2025-11-05,28325.0,28060.0,False,273.5135,265.0,70225.0,0.9689
ocisceno,1941,UZ vratnih žil,4,lin,2025-10-08,2025-11-05,28325.0,29258.9427,False,273.5135,933.9427,872248.9896,3.4146
ocisceno,1941,UZ vratnih žil,4,ar1,2025-10-08,2025-11-05,28325.0,28580.7255,False,273.5135,255.7255,65395.5111,0.935
ocisceno,1941,UZ vratnih žil,4,naivni,2025-10-15,2025-11-12,28115.0,27955.0,False,271.2667,160.0,25600.0,0.5898
ocisceno,1941,UZ vratnih žil,4,lin,2025-10-15,2025-11-12,28115.0,29371.5193,False,271.2667,1256.5193,1578840.827,4.632
ocisceno,1941,UZ vratnih žil,4,ar1,2025-10-15,2025-11-12,28115.0,28436.7351,False,271.2667,321.7351,103513.4801,1.186
ocisceno,1941,UZ vratnih žil,4,naivni,2025-10-22,2025-11-19,28342.0,28289.0,False,272.0921,53.0,2809.0,0.1948
ocisceno,1941,UZ vratnih žil,4,lin,2025-10-22,2025-11-19,28342.0,29495.9045,False,272.0921,1153.9045,1331495.6333,4.2409
ocisceno,1941,UZ vratnih žil,4,ar1,2025-10-22,2025-11-19,28342.0,28802.7787,False,272.0921,460.7787,212317.0155,1.6935
ocisceno,1941,UZ vratnih žil,4,naivni,2025-10-29,2025-11-26,28127.0,28694.0,False,273.8182,567.0,321489.0,2.0707
ocisceno,1941,UZ vratnih žil,4,lin,2025-10-29,2025-11-26,28127.0,29635.2444,False,273.8182,1508.2444,2274801.1864,5.5082
ocisceno,1941,UZ vratnih žil,4,ar1,2025-10-29,2025-11-26,28127.0,29253.867,False,273.8182,1126.867,1269829.2872,4.1154
ocisceno,1941,UZ vratnih žil,4,naivni,2025-11-05,2025-12-03,28348.0,28325.0,False,275.0385,23.0,529.0,0.0836
ocisceno,1941,UZ vratnih žil,4,lin,2025-11-05,2025-12-03,28348.0,29747.2631,False,275.0385,1399.2631,1957937.2811,5.0875
ocisceno,1941,UZ vratnih žil,4,ar1,2025-11-05,2025-12-03,28348.0,28799.246,False,275.0385,451.246,203622.914,1.6407
ocisceno,1941,UZ vratnih žil,4,naivni,2025-11-12,2025-12-10,27794.0,28115.0,False,274.2152,321.0,103041.0,1.1706
ocisceno,1941,UZ vratnih žil,4,lin,2025-11-12,2025-12-10,27794.0,29841.9536,False,274.2152,2047.9536,4194113.8924,7.4684
ocisceno,1941,UZ vratnih žil,4,ar1,2025-11-12,2025-12-10,27794.0,28542.2356,False,274.2152,748.2356,559856.5183,2.7286
ocisceno,1941,UZ vratnih žil,4,naivni,2025-11-19,2025-12-17,27793.0,28342.0,False,273.625,549.0,301401.0,2.0064
ocisceno,1941,UZ vratnih žil,4,lin,2025-11-19,2025-12-17,27793.0,29943.0876,False,273.625,2150.0876,4622876.7918,7.8578
ocisceno,1941,UZ vratnih žil,4,ar1,2025-11-19,2025-12-17,27793.0,28782.6879,False,273.625,989.6879,979482.1352,3.6169
ocisceno,1941,UZ vratnih žil,4,naivni,2025-11-26,2026-01-07,27792.0,28127.0,True,272.9012,335.0,112225.0,1.2276
ocisceno,1941,UZ vratnih žil,4,lin,2025-11-26,2026-01-07,27792.0,30027.5762,True,272.9012,2235.5762,4997800.7595,8.1919
ocisceno,1941,UZ vratnih žil,4,ar1,2025-11-26,2026-01-07,27792.0,28525.4143,True,272.9012,733.4143,537896.4648,2.6875
ocisceno,1941,UZ vratnih žil,4,naivni,2025-12-03,2026-01-14,27922.0,28348.0,True,272.2683,426.0,181476.0,1.5646
ocisceno,1941,UZ vratnih žil,4,lin,2025-12-03,2026-01-14,27922.0,30118.5016,True,272.2683,2196.5016,4824619.4423,8.0674
ocisceno,1941,UZ vratnih žil,4,ar1,2025-12-03,2026-01-14,27922.0,28758.1585,True,272.2683,836.1585,699161.0903,3.0711
ocisceno,1941,UZ vratnih žil,4,naivni,2025-12-10,2026-01-21,28082.0,27794.0,True,275.6627,288.0,82944.0,1.0448
ocisceno,1941,UZ vratnih žil,4,lin,2025-12-10,2026-01-21,28082.0,30176.6564,True,275.6627,2094.6564,4387585.5629,7.5986
ocisceno,1941,UZ vratnih žil,4,ar1,2025-12-10,2026-01-21,28082.0,28132.5363,True,275.6627,50.5363,2553.9129,0.1833
ocisceno,1941,UZ vratnih žil,4,naivni,2025-12-17,2026-01-28,28455.0,27793.0,True,272.3929,662.0,438244.0,2.4303
ocisceno,1941,UZ vratnih žil,4,lin,2025-12-17,2026-01-28,28455.0,30231.2346,True,272.3929,1776.2346,3155009.1819,6.5209
ocisceno,1941,UZ vratnih žil,4,ar1,2025-12-17,2026-01-28,28455.0,28121.8392,True,272.3929,333.1608,110996.1484,1.2231
ocisceno,1941,UZ vratnih žil,4,naivni,2026-01-07,2026-02-04,28479.0,27792.0,False,269.2,687.0,471969.0,2.552
ocisceno,1941,UZ vratnih žil,4,lin,2026-01-07,2026-02-04,28479.0,30282.4417,False,269.2,1803.4417,3252402.0677,6.6993
ocisceno,1941,UZ vratnih žil,4,ar1,2026-01-07,2026-02-04,28479.0,28111.682,False,269.2,367.318,134922.5253,1.3645
ocisceno,1941,UZ vratnih žil,4,naivni,2026-01-14,2026-02-11,28594.0,27922.0,False,267.5814,672.0,451584.0,2.5114
ocisceno,1941,UZ vratnih žil,4,lin,2026-01-14,2026-02-11,28594.0,30336.8013,False,267.5814,1742.8013,3037356.3038,6.5132
ocisceno,1941,UZ vratnih žil,4,ar1,2026-01-14,2026-02-11,28594.0,28242.8856,False,267.5814,351.1144,123281.3217,1.3122
ocisceno,1941,UZ vratnih žil,4,naivni,2026-01-21,2026-02-18,29143.0,28082.0,False,266.3448,1061.0,1125721.0,3.9836
ocisceno,1941,UZ vratnih žil,4,lin,2026-01-21,2026-02-18,29143.0,30395.5901,False,266.3448,1252.5901,1568981.8458,4.7029
ocisceno,1941,UZ vratnih žil,4,ar1,2026-01-21,2026-02-18,29143.0,28406.5458,False,266.3448,736.4542,542364.7564,2.765
ocisceno,1941,UZ vratnih žil,4,naivni,2026-01-28,2026-02-25,29036.0,28455.0,False,267.5568,581.0,337561.0,2.1715
ocisceno,1941,UZ vratnih žil,4,lin,2026-01-28,2026-02-25,29036.0,30468.6382,False,267.5568,1432.6382,2052452.2185,5.3545
ocisceno,1941,UZ vratnih žil,4,ar1,2026-01-28,2026-02-25,29036.0,28801.4821,False,267.5568,234.5179,54998.6507,0.8765
ocisceno,1941,UZ vratnih žil,4,naivni,2026-02-04,2026-03-04,29111.0,28479.0,False,264.8202,632.0,399424.0,2.3865
ocisceno,1941,UZ vratnih žil,4,lin,2026-02-04,2026-03-04,29111.0,30538.9385,False,264.8202,1427.9385,2039008.4615,5.3921
ocisceno,1941,UZ vratnih žil,4,ar1,2026-02-04,2026-03-04,29111.0,28817.4768,False,264.8202,293.5232,86155.8916,1.1084
ocisceno,1941,UZ vratnih žil,4,naivni,2026-02-11,2026-03-11,29384.0,28594.0,False,263.1556,790.0,624100.0,3.002
ocisceno,1941,UZ vratnih žil,4,lin,2026-02-11,2026-03-11,29384.0,30610.8352,False,263.1556,1226.8352,1505124.5608,4.662
ocisceno,1941,UZ vratnih žil,4,ar1,2026-02-11,2026-03-11,29384.0,28932.7878,False,263.1556,451.2122,203592.4911,1.7146
ocisceno,1941,UZ vratnih žil,4,naivni,2026-02-18,2026-03-18,29662.0,29143.0,False,266.2967,519.0,269361.0,1.949
ocisceno,1941,UZ vratnih žil,4,lin,2026-02-18,2026-03-18,29662.0,30704.0376,False,266.2967,1042.0376,1085842.4208,3.9131
ocisceno,1941,UZ vratnih žil,4,ar1,2026-02-18,2026-03-18,29662.0,29523.4938,False,266.2967,138.5062,19183.9564,0.5201
ocisceno,1941,UZ vratnih žil,4,naivni,2026-02-25,2026-03-25,29485.0,29036.0,False,264.5652,449.0,201601.0,1.6971
ocisceno,1941,UZ vratnih žil,4,lin,2026-02-25,2026-03-25,29485.0,30787.9203,False,264.5652,1302.9203,1697601.3984,4.9248
ocisceno,1941,UZ vratnih žil,4,ar1,2026-02-25,2026-03-25,29485.0,29393.3789,False,264.5652,91.6211,8394.4309,0.3463
ocisceno,1941,UZ vratnih žil,4,naivni,2026-03-04,2026-04-08,29036.0,29111.0,True,262.5269,75.0,5625.0,0.2857
ocisceno,1941,UZ vratnih žil,4,lin,2026-03-04,2026-04-08,29036.0,30871.0613,True,262.5269,1835.0613,3367449.926,6.99
ocisceno,1941,UZ vratnih žil,4,ar1,2026-03-04,2026-04-08,29036.0,29464.8354,True,262.5269,428.8354,183899.8083,1.6335
ocisceno,1941,UZ vratnih žil,4,naivni,2026-03-11,2026-04-15,28874.0,29384.0,True,262.6383,510.0,260100.0,1.9418
ocisceno,1941,UZ vratnih žil,4,lin,2026-03-11,2026-04-15,28874.0,30962.23,True,262.6383,2088.23,4360704.6381,7.951
ocisceno,1941,UZ vratnih žil,4,ar1,2026-03-11,2026-04-15,28874.0,29753.85,True,262.6383,879.85,774136.0669,3.35
ocisceno,1941,UZ vratnih žil,4,naivni,2026-03-18,2026-04-29,29110.0,29662.0,True,262.8,552.0,304704.0,2.1005
ocisceno,1941,UZ vratnih žil,4,lin,2026-03-18,2026-04-29,29110.0,31061.2609,True,262.8,1951.2609,3807419.0179,7.4249
ocisceno,1941,UZ vratnih žil,4,ar1,2026-03-18,2026-04-29,29110.0,30049.432,True,262.8,939.432,882532.4544,3.5747
ocisceno,1941,UZ vratnih žil,4,naivni,2026-03-25,2026-05-06,29498.0,29485.0,True,261.9062,13.0,169.0,0.0496
ocisceno,1941,UZ vratnih žil,4,lin,2026-03-25,2026-05-06,29498.0,31148.1568,True,261.9062,1650.1568,2723017.624,6.3006
ocisceno,1941,UZ vratnih žil,4,ar1,2026-03-25,2026-05-06,29498.0,29841.6372,True,261.9062,343.6372,118086.5334,1.3121
ocisceno,1941,UZ vratnih žil,4,naivni,2026-04-08,2026-05-13,29573.0,29036.0,True,263.8351,537.0,288369.0,2.0354
ocisceno,1941,UZ vratnih žil,4,lin,2026-04-08,2026-05-13,29573.0,31211.8906,True,263.8351,1638.8906,2685962.5091,6.2118
ocisceno,1941,UZ vratnih žil,4,ar1,2026-04-08,2026-05-13,29573.0,29342.6642,True,263.8351,230.3358,53054.5637,0.873
ocisceno,1941,UZ vratnih žil,4,naivni,2026-04-15,2026-05-20,28621.0,28874.0,True,262.7959,253.0,64009.0,0.9627
ocisceno,1941,UZ vratnih žil,4,lin,2026-04-15,2026-05-20,28621.0,31265.6722,True,262.7959,2644.6722,6994290.9122,10.0636
ocisceno,1941,UZ vratnih žil,4,ar1,2026-04-15,2026-05-20,28621.0,29161.4135,True,262.7959,540.4135,292046.7402,2.0564
ocisceno,1941,UZ vratnih žil,4,naivni,2026-04-29,2026-05-27,28836.0,29110.0,False,262.5253,274.0,75076.0,1.0437
ocisceno,1941,UZ vratnih žil,4,lin,2026-04-29,2026-05-27,28836.0,31326.5997,False,262.5253,2490.5997,6203086.9851,9.4871
ocisceno,1941,UZ vratnih žil,4,ar1,2026-04-29,2026-05-27,28836.0,29405.8941,False,262.5253,569.8941,324779.2895,2.1708
ocisceno,1941,UZ vratnih žil,4,naivni,2026-05-06,2026-06-03,28651.0,29498.0,False,263.78,847.0,717409.0,3.211
ocisceno,1941,UZ vratnih žil,4,lin,2026-05-06,2026-06-03,28651.0,31400.637,False,263.78,2749.637,7560503.7311,10.424
ocisceno,1941,UZ vratnih žil,4,ar1,2026-05-06,2026-06-03,28651.0,29814.5975,False,263.78,1163.5975,1353959.2121,4.4112
ocisceno,1941,UZ vratnih žil,4,naivni,2026-05-13,2026-06-17,27656.0,29573.0,True,261.9109,1917.0,3674889.0,7.3193
ocisceno,1941,UZ vratnih žil,4,lin,2026-05-13,2026-06-17,27656.0,31474.3825,True,261.9109,3818.3825,14580045.2111,14.5789
ocisceno,1941,UZ vratnih žil,4,ar1,2026-05-13,2026-06-17,27656.0,29887.0644,True,261.9109,2231.0644,4977648.1456,8.5184
ocisceno,1941,UZ vratnih žil,4,naivni,2026-05-20,2026-06-24,27853.0,28621.0,True,268.6765,768.0,589824.0,2.8585
ocisceno,1941,UZ vratnih žil,4,lin,2026-05-20,2026-06-24,27853.0,31506.2451,True,268.6765,3653.2451,13346199.9336,13.5972
ocisceno,1941,UZ vratnih žil,4,ar1,2026-05-20,2026-06-24,27853.0,28864.5231,True,268.6765,1011.5231,1023178.9354,3.7648
ocisceno,1941,UZ vratnih žil,4,naivni,2026-05-27,2026-07-01,28747.0,28836.0,True,268.1553,89.0,7921.0,0.3319
ocisceno,1941,UZ vratnih žil,4,lin,2026-05-27,2026-07-01,28747.0,31544.9072,True,268.1553,2797.9072,7828284.7383,10.4339
ocisceno,1941,UZ vratnih žil,4,ar1,2026-05-27,2026-07-01,28747.0,29083.8437,True,268.1553,336.8437,113463.647,1.2562
ocisceno,1941,UZ vratnih žil,4,naivni,2026-06-03,2026-07-08,28597.0,28651.0,True,267.3558,54.0,2916.0,0.202
ocisceno,1941,UZ vratnih žil,4,lin,2026-06-03,2026-07-08,28597.0,31574.1912,True,267.3558,2977.1912,8863667.4937,11.1357
ocisceno,1941,UZ vratnih žil,4,ar1,2026-06-03,2026-07-08,28597.0,28885.5299,True,267.3558,288.5299,83249.5071,1.0792
ocisceno,1941,UZ vratnih žil,4,naivni,2026-06-17,2026-07-15,28688.0,27656.0,False,274.2857,1032.0,1065024.0,3.7625
ocisceno,1941,UZ vratnih žil,4,lin,2026-06-17,2026-07-15,28688.0,31562.6632,False,274.2857,2874.6632,8263688.5641,10.4805
ocisceno,1941,UZ vratnih žil,4,ar1,2026-06-17,2026-07-15,28688.0,27857.973,False,274.2857,830.027,688944.843,3.0261
ocisceno,1755,MR glave brez kontrasta,1,naivni,2025-04-09,2025-04-16,4441.0,4263.0,False,94.2157,178.0,31684.0,1.8893
ocisceno,1755,MR glave brez kontrasta,1,lin,2025-04-09,2025-04-16,4441.0,3365.9525,False,94.2157,1075.0475,1155727.1516,11.4105
ocisceno,1755,MR glave brez kontrasta,1,ar1,2025-04-09,2025-04-16,4441.0,4236.3575,False,94.2157,204.6425,41878.5622,2.1721
ocisceno,1755,MR glave brez kontrasta,1,naivni,2025-04-16,2025-04-23,4583.0,4441.0,False,95.8269,142.0,20164.0,1.4818
ocisceno,1755,MR glave brez kontrasta,1,lin,2025-04-16,2025-04-23,4583.0,3423.4608,False,95.8269,1159.5392,1344531.1267,12.1003
ocisceno,1755,MR glave brez kontrasta,1,ar1,2025-04-16,2025-04-23,4583.0,4411.3658,False,95.8269,171.6342,29458.2942,1.7911
ocisceno,1755,MR glave brez kontrasta,1,naivni,2025-04-23,2025-04-30,4594.0,4583.0,False,96.6981,11.0,121.0,0.1138
ocisceno,1755,MR glave brez kontrasta,1,lin,2025-04-23,2025-04-30,4594.0,3487.979,False,96.6981,1106.021,1223282.3736,11.4379
ocisceno,1755,MR glave brez kontrasta,1,ar1,2025-04-23,2025-04-30,4594.0,4552.9279,False,96.6981,41.0721,1686.9213,0.4247
ocisceno,1755,MR glave brez kontrasta,1,naivni,2025-04-30,2025-05-07,4538.0,4594.0,False,95.1111,56.0,3136.0,0.5888
ocisceno,1755,MR glave brez kontrasta,1,lin,2025-04-30,2025-05-07,4538.0,3549.3859,False,95.1111,988.6141,977357.9206,10.3943
ocisceno,1755,MR glave brez kontrasta,1,ar1,2025-04-30,2025-05-07,4538.0,4565.0322,False,95.1111,27.0322,730.7387,0.2842
ocisceno,1755,MR glave brez kontrasta,1,naivni,2025-05-07,2025-05-14,4567.0,4538.0,False,94.4,29.0,841.0,0.3072
ocisceno,1755,MR glave brez kontrasta,1,lin,2025-05-07,2025-05-14,4567.0,3603.1247,False,94.4,963.8753,929055.6415,10.2105
ocisceno,1755,MR glave brez kontrasta,1,ar1,2025-05-07,2025-05-14,4567.0,4510.2315,False,94.4,56.7685,3222.6629,0.6014
ocisceno,1755,MR glave brez kontrasta,1,naivni,2025-05-14,2025-05-21,4762.0,4567.0,False,93.2321,195.0,38025.0,2.0916
ocisceno,1755,MR glave brez kontrasta,1,lin,2025-05-14,2025-05-21,4762.0,3655.7469,False,93.2321,1106.2531,1223795.9939,11.8656
ocisceno,1755,MR glave brez kontrasta,1,ar1,2025-05-14,2025-05-21,4762.0,4539.9621,False,93.2321,222.0379,49300.8331,2.3816
ocisceno,1755,MR glave brez kontrasta,1,naivni,2025-05-21,2025-05-28,4873.0,4762.0,False,95.0175,111.0,12321.0,1.1682
ocisceno,1755,MR glave brez kontrasta,1,lin,2025-05-21,2025-05-28,4873.0,3718.7713,False,95.0175,1154.2287,1332243.8345,12.1475
ocisceno,1755,MR glave brez kontrasta,1,ar1,2025-05-21,2025-05-28,4873.0,4736.1274,False,95.0175,136.8726,18734.1072,1.4405
ocisceno,1755,MR glave brez kontrasta,1,naivni,2025-05-28,2025-06-04,5048.0,4873.0,False,95.2931,175.0,30625.0,1.8364
ocisceno,1755,MR glave brez kontrasta,1,lin,2025-05-28,2025-06-04,5048.0,3785.6949,False,95.2931,1262.3051,1593414.127,13.2466
ocisceno,1755,MR glave brez kontrasta,1,ar1,2025-05-28,2025-06-04,5048.0,4850.2302,False,95.2931,197.7698,39112.9081,2.0754
ocisceno,1755,MR glave brez kontrasta,1,naivni,2025-06-04,2025-06-18,5081.0,5048.0,True,96.6441,33.0,1089.0,0.3415
ocisceno,1755,MR glave brez kontrasta,1,lin,2025-06-04,2025-06-18,5081.0,3860.4757,True,96.6441,1220.5243,1489679.5517,12.6291
ocisceno,1755,MR glave brez kontrasta,1,ar1,2025-06-04,2025-06-18,5081.0,5032.0025,True,96.6441,48.9975,2400.7531,0.507
ocisceno,1755,MR glave brez kontrasta,1,naivni,2025-06-18,2025-07-02,4956.0,5081.0,True,95.5833,125.0,15625.0,1.3078
ocisceno,1755,MR glave brez kontrasta,1,lin,2025-06-18,2025-07-02,4956.0,3933.2066,True,95.5833,1022.7934,1046106.4263,10.7005
ocisceno,1755,MR glave brez kontrasta,1,ar1,2025-06-18,2025-07-02,4956.0,5067.5216,True,95.5833,111.5216,12437.0668,1.1667
ocisceno,1755,MR glave brez kontrasta,1,naivni,2025-07-02,2025-07-09,4865.0,4956.0,False,96.0656,91.0,8281.0,0.9473
ocisceno,1755,MR glave brez kontrasta,1,lin,2025-07-02,2025-07-09,4865.0,3993.826,False,96.0656,871.174,758944.1069,9.0685
ocisceno,1755,MR glave brez kontrasta,1,ar1,2025-07-02,2025-07-09,4865.0,4938.291,False,96.0656,73.291,5371.5772,0.7629
ocisceno,1755,MR glave brez kontrasta,1,naivni,2025-07-09,2025-07-16,4789.0,4865.0,False,95.9839,76.0,5776.0,0.7918
ocisceno,1755,MR glave brez kontrasta,1,lin,2025-07-09,2025-07-16,4789.0,4045.3425,False,95.9839,743.6575,553026.4031,7.7477
ocisceno,1755,MR glave brez kontrasta,1,ar1,2025-07-09,2025-07-16,4789.0,4845.904,False,95.9839,56.904,3238.0618,0.5928
ocisceno,1755,MR glave brez kontrasta,1,naivni,2025-07-16,2025-07-23,4847.0,4789.0,False,95.6667,58.0,3364.0,0.6063
ocisceno,1755,MR glave brez kontrasta,1,lin,2025-07-16,2025-07-23,4847.0,4089.3214,False,95.6667,757.6786,574076.8176,7.92
ocisceno,1755,MR glave brez kontrasta,1,ar1,2025-07-16,2025-07-23,4847.0,4769.5568,False,95.6667,77.4432,5997.4481,0.8095
ocisceno,1755,MR glave brez kontrasta,1,naivni,2025-07-23,2025-07-30,4736.0,4847.0,False,95.0781,111.0,12321.0,1.1675
ocisceno,1755,MR glave brez kontrasta,1,lin,2025-07-23,2025-07-30,4736.0,4134.5207,False,95.0781,601.4793,361777.3807,6.3262
ocisceno,1755,MR glave brez kontrasta,1,ar1,2025-07-23,2025-07-30,4736.0,4828.8486,False,95.0781,92.8486,8620.8578,0.9766
ocisceno,1755,MR glave brez kontrasta,1,naivni,2025-07-30,2025-08-06,4760.0,4736.0,False,95.3231,24.0,576.0,0.2518
ocisceno,1755,MR glave brez kontrasta,1,lin,2025-07-30,2025-08-06,4760.0,4170.6065,False,95.3231,589.3935,347384.6662,6.1831
ocisceno,1755,MR glave brez kontrasta,1,ar1,2025-07-30,2025-08-06,4760.0,4717.3697,False,95.3231,42.6303,1817.3449,0.4472
ocisceno,1755,MR glave brez kontrasta,1,naivni,2025-08-06,2025-08-13,4645.0,4760.0,False,94.2424,115.0,13225.0,1.2203
ocisceno,1755,MR glave brez kontrasta,1,lin,2025-08-06,2025-08-13,4645.0,4206.2429,False,94.2424,438.7571,192507.8134,4.6556
ocisceno,1755,MR glave brez kontrasta,1,ar1,2025-08-06,2025-08-13,4645.0,4742.0163,False,94.2424,97.0163,9412.1615,1.0294
ocisceno,1755,MR glave brez kontrasta,1,naivni,2025-08-13,2025-08-27,4372.0,4645.0,True,94.5522,273.0,74529.0,2.8873
ocisceno,1755,MR glave brez kontrasta,1,lin,2025-08-13,2025-08-27,4372.0,4233.277,True,94.5522,138.723,19244.0715,1.4672
ocisceno,1755,MR glave brez kontrasta,1,ar1,2025-08-13,2025-08-27,4372.0,4627.2851,True,94.5522,255.2851,65170.4922,2.6999
ocisceno,1755,MR glave brez kontrasta,1,naivni,2025-08-27,2025-09-03,4465.0,4372.0,False,97.1765,93.0,8649.0,0.957
ocisceno,1755,MR glave brez kontrasta,1,lin,2025-08-27,2025-09-03,4465.0,4243.1049,False,97.1765,221.8951,49237.4535,2.2834
ocisceno,1755,MR glave brez kontrasta,1,ar1,2025-08-27,2025-09-03,4465.0,4356.9629,False,97.1765,108.0371,11672.0223,1.1118
ocisceno,1755,MR glave brez kontrasta,1,naivni,2025-09-03,2025-09-10,4544.0,4465.0,False,97.1159,79.0,6241.0,0.8135
ocisceno,1755,MR glave brez kontrasta,1,lin,2025-09-03,2025-09-10,4544.0,4257.7429,False,97.1159,286.2571,81943.1518,2.9476
ocisceno,1755,MR glave brez kontrasta,1,ar1,2025-09-03,2025-09-10,4544.0,4448.799,False,97.1159,95.201,9063.2237,0.9803
ocisceno,1755,MR glave brez kontrasta,1,naivni,2025-09-10,2025-09-17,4766.0,4544.0,False,96.8571,222.0,49284.0,2.292
ocisceno,1755,MR glave brez kontrasta,1,lin,2025-09-10,2025-09-17,4766.0,4276.0962,False,96.8571,489.9038,240005.7557,5.058
ocisceno,1755,MR glave brez kontrasta,1,ar1,2025-09-10,2025-09-17,4766.0,4527.0969,False,96.8571,238.9031,57074.708,2.4666
ocisceno,1755,MR glave brez kontrasta,1,naivni,2025-09-17,2025-09-24,4956.0,4766.0,False,98.6197,190.0,36100.0,1.9266
ocisceno,1755,MR glave brez kontrasta,1,lin,2025-09-17,2025-09-24,4956.0,4305.8752,False,98.6197,650.1248,422662.2613,6.5922
ocisceno,1755,MR glave brez kontrasta,1,ar1,2025-09-17,2025-09-24,4956.0,4747.7906,False,98.6197,208.2094,43351.1429,2.1112
ocisceno,1755,MR glave brez kontrasta,1,naivni,2025-09-24,2025-10-01,5187.0,4956.0,False,99.8889,231.0,53361.0,2.3126
ocisceno,1755,MR glave brez kontrasta,1,lin,2025-09-24,2025-10-01,5187.0,4344.6199,False,99.8889,842.3801,709604.2952,8.4332
ocisceno,1755,MR glave brez kontrasta,1,ar1,2025-09-24,2025-10-01,5187.0,4939.2334,False,99.8889,247.7666,61388.2802,2.4804
ocisceno,1755,MR glave brez kontrasta,1,naivni,2025-10-01,2025-10-08,5300.0,5187.0,False,101.6849,113.0,12769.0,1.1113
ocisceno,1755,MR glave brez kontrasta,1,lin,2025-10-01,2025-10-08,5300.0,4393.9974,False,101.6849,906.0026,820840.696,8.9099
ocisceno,1755,MR glave brez kontrasta,1,ar1,2025-10-01,2025-10-08,5300.0,5175.6752,False,101.6849,124.3248,15456.6605,1.2226
ocisceno,1755,MR glave brez kontrasta,1,naivni,2025-10-08,2025-10-15,5604.0,5300.0,False,101.8378,304.0,92416.0,2.9851
ocisceno,1755,MR glave brez kontrasta,1,lin,2025-10-08,2025-10-15,5604.0,4447.0717,False,101.8378,1156.9283,1338483.0642,11.3605
ocisceno,1755,MR glave brez kontrasta,1,ar1,2025-10-08,2025-10-15,5604.0,5293.5777,False,101.8378,310.4223,96361.9984,3.0482
ocisceno,1755,MR glave brez kontrasta,1,naivni,2025-10-15,2025-10-22,5681.0,5604.0,False,104.5333,77.0,5929.0,0.7366
ocisceno,1755,MR glave brez kontrasta,1,lin,2025-10-15,2025-10-22,5681.0,4513.6705,False,104.5333,1167.3295,1362658.1001,11.1671
ocisceno,1755,MR glave brez kontrasta,1,ar1,2025-10-15,2025-10-22,5681.0,5614.9275,False,104.5333,66.0725,4365.5771,0.6321
ocisceno,1755,MR glave brez kontrasta,1,naivni,2025-10-22,2025-10-29,5728.0,5681.0,False,104.1711,47.0,2209.0,0.4512
ocisceno,1755,MR glave brez kontrasta,1,lin,2025-10-22,2025-10-29,5728.0,4581.2051,False,104.1711,1146.7949,1315138.6388,11.0088
ocisceno,1755,MR glave brez kontrasta,1,ar1,2025-10-22,2025-10-29,5728.0,5697.2275,False,104.1711,30.7725,946.9477,0.2954
ocisceno,1755,MR glave brez kontrasta,1,naivni,2025-10-29,2025-11-05,5742.0,5728.0,False,103.4286,14.0,196.0,0.1354
ocisceno,1755,MR glave brez kontrasta,1,lin,2025-10-29,2025-11-05,5742.0,4648.0753,False,103.4286,1093.9247,1196671.341,10.5766
ocisceno,1755,MR glave brez kontrasta,1,ar1,2025-10-29,2025-11-05,5742.0,5746.8427,False,103.4286,4.8427,23.4517,0.0468
ocisceno,1755,MR glave brez kontrasta,1,naivni,2025-11-05,2025-11-12,5896.0,5742.0,False,102.2821,154.0,23716.0,1.5056
ocisceno,1755,MR glave brez kontrasta,1,lin,2025-11-05,2025-11-12,5896.0,4712.6407,False,102.2821,1183.3593,1400339.2304,11.5696
ocisceno,1755,MR glave brez kontrasta,1,ar1,2025-11-05,2025-11-12,5896.0,5760.5659,False,102.2821,135.4341,18342.3966,1.3241
ocisceno,1755,MR glave brez kontrasta,1,naivni,2025-11-12,2025-11-19,6014.0,5896.0,False,102.9367,118.0,13924.0,1.1463
ocisceno,1755,MR glave brez kontrasta,1,lin,2025-11-12,2025-11-19,6014.0,4782.0241,False,102.9367,1231.9759,1517764.7398,11.9683
ocisceno,1755,MR glave brez kontrasta,1,ar1,2025-11-12,2025-11-19,6014.0,5925.7764,False,102.9367,88.2236,7783.4111,0.8571
ocisceno,1755,MR glave brez kontrasta,1,naivni,2025-11-19,2025-11-26,6157.0,6014.0,False,103.125,143.0,20449.0,1.3867
ocisceno,1755,MR glave brez kontrasta,1,lin,2025-11-19,2025-11-26,6157.0,4854.1735,False,103.125,1302.8265,1697357.0017,12.6335
ocisceno,1755,MR glave brez kontrasta,1,ar1,2025-11-19,2025-11-26,6157.0,6052.2833,False,103.125,104.7167,10965.5902,1.0154
ocisceno,1755,MR glave brez kontrasta,1,naivni,2025-11-26,2025-12-03,6275.0,6157.0,False,103.6173,118.0,13924.0,1.1388
ocisceno,1755,MR glave brez kontrasta,1,lin,2025-11-26,2025-12-03,6275.0,4930.15,False,103.6173,1344.85,1808621.644,12.979
ocisceno,1755,MR glave brez kontrasta,1,ar1,2025-11-26,2025-12-03,6275.0,6206.3511,False,103.6173,68.6489,4712.6701,0.6625
ocisceno,1755,MR glave brez kontrasta,1,naivni,2025-12-03,2025-12-10,6473.0,6275.0,False,103.7927,198.0,39204.0,1.9076
ocisceno,1755,MR glave brez kontrasta,1,lin,2025-12-03,2025-12-10,6473.0,5008.5345,False,103.7927,1464.4655,2144659.1176,14.1095
ocisceno,1755,MR glave brez kontrasta,1,ar1,2025-12-03,2025-12-10,6473.0,6332.6911,False,103.7927,140.3089,19686.5839,1.3518
ocisceno,1755,MR glave brez kontrasta,1,naivni,2025-12-10,2025-12-17,6480.0,6473.0,False,104.9277,7.0,49.0,0.0667
ocisceno,1755,MR glave brez kontrasta,1,lin,2025-12-10,2025-12-17,6480.0,5093.0009,False,104.9277,1386.9991,1923766.6127,13.2186
ocisceno,1755,MR glave brez kontrasta,1,ar1,2025-12-10,2025-12-17,6480.0,6548.1247,False,104.9277,68.1247,4640.9725,0.6493
ocisceno,1755,MR glave brez kontrasta,1,naivni,2025-12-17,2026-01-07,6399.0,6480.0,True,103.7619,81.0,6561.0,0.7806
ocisceno,1755,MR glave brez kontrasta,1,lin,2025-12-17,2026-01-07,6399.0,5174.2319,True,103.7619,1224.7681,1500056.8185,11.8036
ocisceno,1755,MR glave brez kontrasta,1,ar1,2025-12-17,2026-01-07,6399.0,6548.9907,True,103.7619,149.9907,22497.223,1.4455
ocisceno,1755,MR glave brez kontrasta,1,naivni,2026-01-07,2026-01-14,6573.0,6399.0,False,103.4941,174.0,30276.0,1.6813
ocisceno,1755,MR glave brez kontrasta,1,lin,2026-01-07,2026-01-14,6573.0,5248.2969,False,103.4941,1324.7031,1754838.426,12.7998
ocisceno,1755,MR glave brez kontrasta,1,ar1,2026-01-07,2026-01-14,6573.0,6453.6553,False,103.4941,119.3447,14243.1614,1.1532
ocisceno,1755,MR glave brez kontrasta,1,naivni,2026-01-14,2026-01-21,6725.0,6573.0,False,104.314,152.0,23104.0,1.4571
ocisceno,1755,MR glave brez kontrasta,1,lin,2026-01-14,2026-01-21,6725.0,5327.2839,False,104.314,1397.7161,1953610.3484,13.3991
ocisceno,1755,MR glave brez kontrasta,1,ar1,2026-01-14,2026-01-21,6725.0,6640.4535,False,104.314,84.5465,7148.1066,0.8105
ocisceno,1755,MR glave brez kontrasta,1,naivni,2026-01-21,2026-01-28,6925.0,6725.0,False,104.8621,200.0,40000.0,1.9073
ocisceno,1755,MR glave brez kontrasta,1,lin,2026-01-21,2026-01-28,6925.0,5409.9357,False,104.8621,1515.0643,2295419.722,14.4482
ocisceno,1755,MR glave brez kontrasta,1,ar1,2026-01-21,2026-01-28,6925.0,6803.0131,False,104.8621,121.9869,14880.804,1.1633
ocisceno,1755,MR glave brez kontrasta,1,naivni,2026-01-28,2026-02-04,7142.0,6925.0,False,105.9432,217.0,47089.0,2.0483
ocisceno,1755,MR glave brez kontrasta,1,lin,2026-01-28,2026-02-04,7142.0,5498.2186,False,105.9432,1643.7814,2702017.3226,15.5157
ocisceno,1755,MR glave brez kontrasta,1,ar1,2026-01-28,2026-02-04,7142.0,7018.8776,False,105.9432,123.1224,15159.1179,1.1622
ocisceno,1755,MR glave brez kontrasta,1,naivni,2026-02-04,2026-02-11,7249.0,7142.0,False,107.191,107.0,11449.0,0.9982
ocisceno,1755,MR glave brez kontrasta,1,lin,2026-02-04,2026-02-11,7249.0,5592.6005,False,107.191,1656.3995,2743659.3057,15.4528
ocisceno,1755,MR glave brez kontrasta,1,ar1,2026-02-04,2026-02-11,7249.0,7253.8026,False,107.191,4.8026,23.0651,0.0448
ocisceno,1755,MR glave brez kontrasta,1,naivni,2026-02-11,2026-02-18,7482.0,7249.0,False,107.1889,233.0,54289.0,2.1737
ocisceno,1755,MR glave brez kontrasta,1,lin,2026-02-11,2026-02-18,7482.0,5687.9385,False,107.1889,1794.0615,3218656.8038,16.7374
ocisceno,1755,MR glave brez kontrasta,1,ar1,2026-02-11,2026-02-18,7482.0,7363.9332,False,107.1889,118.0668,13939.7668,1.1015
ocisceno,1755,MR glave brez kontrasta,1,naivni,2026-02-18,2026-02-25,7507.0,7482.0,False,108.5714,25.0,625.0,0.2303
ocisceno,1755,MR glave brez kontrasta,1,lin,2026-02-18,2026-02-25,7507.0,5789.6574,False,108.5714,1717.3426,2949265.5044,15.8176
ocisceno,1755,MR glave brez kontrasta,1,ar1,2026-02-18,2026-02-25,7507.0,7616.1022,False,108.5714,109.1022,11903.2962,1.0049
ocisceno,1755,MR glave brez kontrasta,1,naivni,2026-02-25,2026-03-04,7447.0,7507.0,False,107.663,60.0,3600.0,0.5573
ocisceno,1755,MR glave brez kontrasta,1,lin,2026-02-25,2026-03-04,7447.0,5888.496,False,107.663,1558.504,2428934.6364,14.4758
ocisceno,1755,MR glave brez kontrasta,1,ar1,2026-02-25,2026-03-04,7447.0,7631.6648,False,107.663,184.6648,34101.1064,1.7152
ocisceno,1755,MR glave brez kontrasta,1,naivni,2026-03-04,2026-03-11,7524.0,7447.0,False,107.1505,77.0,5929.0,0.7186
ocisceno,1755,MR glave brez kontrasta,1,lin,2026-03-04,2026-03-11,7524.0,5980.9684,False,107.1505,1543.0316,2380946.4313,14.4006
ocisceno,1755,MR glave brez kontrasta,1,ar1,2026-03-04,2026-03-11,7524.0,7553.8153,False,107.1505,29.8153,888.9514,0.2783
ocisceno,1755,MR glave brez kontrasta,1,naivni,2026-03-11,2026-03-18,7623.0,7524.0,False,106.8298,99.0,9801.0,0.9267
ocisceno,1755,MR glave brez kontrasta,1,lin,2026-03-11,2026-03-18,7623.0,6073.1384,False,106.8298,1549.8616,2402070.9486,14.5078
ocisceno,1755,MR glave brez kontrasta,1,ar1,2026-03-11,2026-03-18,7623.0,7630.6568,False,106.8298,7.6568,58.6269,0.0717
ocisceno,1755,MR glave brez kontrasta,1,naivni,2026-03-18,2026-03-25,7847.0,7623.0,False,106.7474,224.0,50176.0,2.0984
ocisceno,1755,MR glave brez kontrasta,1,lin,2026-03-18,2026-03-25,7847.0,6165.9314,False,106.7474,1681.0686,2825991.7736,15.7481
ocisceno,1755,MR glave brez kontrasta,1,ar1,2026-03-18,2026-03-25,7847.0,7731.8342,False,106.7474,115.1658,13263.1591,1.0789
ocisceno,1755,MR glave brez kontrasta,1,naivni,2026-03-25,2026-04-08,8026.0,7847.0,True,107.9688,179.0,32041.0,1.6579
ocisceno,1755,MR glave brez kontrasta,1,lin,2026-03-25,2026-04-08,8026.0,6264.4678,True,107.9688,1761.5322,3102995.7497,16.3152
ocisceno,1755,MR glave brez kontrasta,1,ar1,2026-03-25,2026-04-08,8026.0,7971.1587,True,107.9688,54.8413,3007.5645,0.5079
ocisceno,1755,MR glave brez kontrasta,1,naivni,2026-04-08,2026-04-15,8157.0,8026.0,False,108.701,131.0,17161.0,1.2051
ocisceno,1755,MR glave brez kontrasta,1,lin,2026-04-08,2026-04-15,8157.0,6366.6421,False,108.701,1790.3579,3205381.3357,16.4705
ocisceno,1755,MR glave brez kontrasta,1,ar1,2026-04-08,2026-04-15,8157.0,8160.0737,False,108.701,3.0737,9.4478,0.0283
ocisceno,1755,MR glave brez kontrasta,1,naivni,2026-04-15,2026-04-29,8238.0,8157.0,True,108.9286,81.0,6561.0,0.7436
ocisceno,1755,MR glave brez kontrasta,1,lin,2026-04-15,2026-04-29,8238.0,6470.3443,True,108.9286,1767.6557,3124606.819,16.2277
ocisceno,1755,MR glave brez kontrasta,1,ar1,2026-04-15,2026-04-29,8238.0,8294.9577,True,108.9286,56.9577,3244.1822,0.5229
ocisceno,1755,MR glave brez kontrasta,1,naivni,2026-04-29,2026-05-06,8284.0,8238.0,False,108.6465,46.0,2116.0,0.4234
ocisceno,1755,MR glave brez kontrasta,1,lin,2026-04-29,2026-05-06,8284.0,6573.5,False,108.6465,1710.5,2925810.25,15.7437
ocisceno,1755,MR glave brez kontrasta,1,ar1,2026-04-29,2026-05-06,8284.0,8373.9622,False,108.6465,89.9622,8093.2054,0.828
ocisceno,1755,MR glave brez kontrasta,1,naivni,2026-05-06,2026-05-13,8379.0,8284.0,False,108.02,95.0,9025.0,0.8795
ocisceno,1755,MR glave brez kontrasta,1,lin,2026-05-06,2026-05-13,8379.0,6674.7422,False,108.02,1704.2578,2904494.7231,15.7772
ocisceno,1755,MR glave brez kontrasta,1,ar1,2026-05-06,2026-05-13,8379.0,8414.4942,False,108.02,35.4942,1259.835,0.3286
ocisceno,1755,MR glave brez kontrasta,1,naivni,2026-05-13,2026-05-20,8401.0,8379.0,False,107.8911,22.0,484.0,0.2039
ocisceno,1755,MR glave brez kontrasta,1,lin,2026-05-13,2026-05-20,8401.0,6776.0716,False,107.8911,1624.9284,2640392.1863,15.0608
ocisceno,1755,MR glave brez kontrasta,1,ar1,2026-05-13,2026-05-20,8401.0,8509.6036,False,107.8911,108.6036,11794.742,1.0066
ocisceno,1755,MR glave brez kontrasta,1,naivni,2026-05-20,2026-05-27,8404.0,8401.0,False,107.049,3.0,9.0,0.028
ocisceno,1755,MR glave brez kontrasta,1,lin,2026-05-20,2026-05-27,8404.0,6874.6448,False,107.049,1529.3552,2338927.406,14.2865
ocisceno,1755,MR glave brez kontrasta,1,ar1,2026-05-20,2026-05-27,8404.0,8524.5803,False,107.049,120.5803,14539.6061,1.1264
ocisceno,1755,MR glave brez kontrasta,1,naivni,2026-05-27,2026-06-03,8268.0,8404.0,False,106.0388,136.0,18496.0,1.2825
ocisceno,1755,MR glave brez kontrasta,1,lin,2026-05-27,2026-06-03,8268.0,6969.8454,False,106.0388,1298.1546,1685205.3473,12.2423
ocisceno,1755,MR glave brez kontrasta,1,ar1,2026-05-27,2026-06-03,8268.0,8519.6887,False,106.0388,251.6887,63347.2085,2.3736
ocisceno,1755,MR glave brez kontrasta,1,naivni,2026-06-03,2026-06-17,8251.0,8268.0,True,106.3269,17.0,289.0,0.1599
ocisceno,1755,MR glave brez kontrasta,1,lin,2026-06-03,2026-06-17,8251.0,7056.5185,True,106.3269,1194.4815,1426786.0582,11.234
ocisceno,1755,MR glave brez kontrasta,1,ar1,2026-06-03,2026-06-17,8251.0,8365.3345,True,106.3269,114.3345,13072.3845,1.0753
ocisceno,1755,MR glave brez kontrasta,1,naivni,2026-06-17,2026-06-24,8218.0,8251.0,False,105.4762,33.0,1089.0,0.3129
ocisceno,1755,MR glave brez kontrasta,1,lin,2026-06-17,2026-06-24,8218.0,7139.5127,False,105.4762,1078.4873,1163134.9243,10.2249
ocisceno,1755,MR glave brez kontrasta,1,ar1,2026-06-17,2026-06-24,8218.0,8341.7601,False,105.4762,123.7601,15316.5654,1.1733
ocisceno,1755,MR glave brez kontrasta,1,naivni,2026-06-24,2026-07-01,8153.0,8218.0,False,104.7925,65.0,4225.0,0.6203
ocisceno,1755,MR glave brez kontrasta,1,lin,2026-06-24,2026-07-01,8153.0,7218.3812,False,104.7925,934.6188,873512.2305,8.9188
ocisceno,1755,MR glave brez kontrasta,1,ar1,2026-06-24,2026-07-01,8153.0,8301.8318,False,104.7925,148.8318,22150.9142,1.4203
ocisceno,1755,MR glave brez kontrasta,1,naivni,2026-07-01,2026-07-08,8032.0,8153.0,False,104.4206,121.0,14641.0,1.1588
ocisceno,1755,MR glave brez kontrasta,1,lin,2026-07-01,2026-07-08,8032.0,7292.108,False,104.4206,739.892,547440.1778,7.0857
ocisceno,1755,MR glave brez kontrasta,1,ar1,2026-07-01,2026-07-08,8032.0,8228.6852,False,104.4206,196.6852,38685.049,1.8836
ocisceno,1755,MR glave brez kontrasta,1,naivni,2026-07-08,2026-07-15,7884.0,8032.0,False,104.5741,148.0,21904.0,1.4153
ocisceno,1755,MR glave brez kontrasta,1,lin,2026-07-08,2026-07-15,7884.0,7358.8476,False,104.5741,525.1524,275785.0385,5.0218
ocisceno,1755,MR glave brez kontrasta,1,ar1,2026-07-08,2026-07-15,7884.0,8097.3921,False,104.5741,213.3921,45536.1817,2.0406
ocisceno,1755,MR glave brez kontrasta,4,naivni,2025-04-09,2025-05-07,4538.0,4263.0,False,94.2157,275.0,75625.0,2.9188
ocisceno,1755,MR glave brez kontrasta,4,lin,2025-04-09,2025-05-07,4538.0,3295.0705,False,94.2157,1242.9295,1544873.7985,13.1924
ocisceno,1755,MR glave brez kontrasta,4,ar1,2025-04-09,2025-05-07,4538.0,4163.7278,False,94.2157,374.2722,140079.6525,3.9725
ocisceno,1755,MR glave brez kontrasta,4,naivni,2025-04-16,2025-05-14,4567.0,4441.0,False,95.8269,126.0,15876.0,1.3149
ocisceno,1755,MR glave brez kontrasta,4,lin,2025-04-16,2025-05-14,4567.0,3359.3401,False,95.8269,1207.6599,1458442.4185,12.6025
ocisceno,1755,MR glave brez kontrasta,4,ar1,2025-04-16,2025-05-14,4567.0,4330.037,False,95.8269,236.963,56151.4425,2.4728
ocisceno,1755,MR glave brez kontrasta,4,naivni,2025-04-23,2025-05-21,4762.0,4583.0,False,96.6981,179.0,32041.0,1.8511
ocisceno,1755,MR glave brez kontrasta,4,lin,2025-04-23,2025-05-21,4762.0,3430.8858,False,96.6981,1331.1142,1771864.9082,13.7657
ocisceno,1755,MR glave brez kontrasta,4,ar1,2025-04-23,2025-05-21,4762.0,4469.6497,False,96.6981,292.3503,85468.7069,3.0233
ocisceno,1755,MR glave brez kontrasta,4,naivni,2025-04-30,2025-05-28,4873.0,4594.0,False,95.1111,279.0,77841.0,2.9334
ocisceno,1755,MR glave brez kontrasta,4,lin,2025-04-30,2025-05-28,4873.0,3498.7564,False,95.1111,1374.2436,1888545.4134,14.4488
ocisceno,1755,MR glave brez kontrasta,4,ar1,2025-04-30,2025-05-28,4873.0,4484.5919,False,95.1111,388.4081,150860.8152,4.0837
ocisceno,1755,MR glave brez kontrasta,4,naivni,2025-05-07,2025-06-04,5048.0,4538.0,False,94.4,510.0,260100.0,5.4025
ocisceno,1755,MR glave brez kontrasta,4,lin,2025-05-07,2025-06-04,5048.0,3558.0701,False,94.4,1489.9299,2219891.0179,15.7832
ocisceno,1755,MR glave brez kontrasta,4,ar1,2025-05-07,2025-06-04,5048.0,4433.2581,False,94.4,614.7419,377907.545,6.5121
ocisceno,1755,MR glave brez kontrasta,4,naivni,2025-05-14,2025-06-18,5081.0,4567.0,True,93.2321,514.0,264196.0,5.5131
ocisceno,1755,MR glave brez kontrasta,4,lin,2025-05-14,2025-06-18,5081.0,3615.9403,True,93.2321,1465.0597,2146399.9781,15.7141
ocisceno,1755,MR glave brez kontrasta,4,ar1,2025-05-14,2025-06-18,5081.0,4464.77,True,93.2321,616.23,379739.3625,6.6096
ocisceno,1755,MR glave brez kontrasta,4,naivni,2025-05-21,2025-07-02,4956.0,4762.0,True,95.0175,194.0,37636.0,2.0417
ocisceno,1755,MR glave brez kontrasta,4,lin,2025-05-21,2025-07-02,4956.0,3684.7837,True,95.0175,1271.2163,1615990.8269,13.3788
ocisceno,1755,MR glave brez kontrasta,4,ar1,2025-05-21,2025-07-02,4956.0,4663.2374,True,95.0175,292.7626,85709.911,3.0811
ocisceno,1755,MR glave brez kontrasta,4,naivni,2025-05-28,2025-07-09,4865.0,4873.0,True,95.2931,8.0,64.0,0.084
ocisceno,1755,MR glave brez kontrasta,4,lin,2025-05-28,2025-07-09,4865.0,3757.5763,True,95.2931,1107.4237,1226387.3151,11.6212
ocisceno,1755,MR glave brez kontrasta,4,ar1,2025-05-28,2025-07-09,4865.0,4785.409,True,95.2931,79.591,6334.7296,0.8352
ocisceno,1755,MR glave brez kontrasta,4,naivni,2025-06-04,2025-07-16,4789.0,5048.0,True,96.6441,259.0,67081.0,2.6799
ocisceno,1755,MR glave brez kontrasta,4,lin,2025-06-04,2025-07-16,4789.0,3838.5651,True,96.6441,950.4349,903326.4612,9.8344
ocisceno,1755,MR glave brez kontrasta,4,ar1,2025-06-04,2025-07-16,4789.0,4985.7041,True,96.6441,196.7041,38692.4868,2.0353
ocisceno,1755,MR glave brez kontrasta,4,naivni,2025-06-18,2025-07-23,4847.0,5081.0,True,95.5833,234.0,54756.0,2.4481
ocisceno,1755,MR glave brez kontrasta,4,lin,2025-06-18,2025-07-23,4847.0,3917.1049,True,95.5833,929.8951,864704.8635,9.7286
ocisceno,1755,MR glave brez kontrasta,4,ar1,2025-06-18,2025-07-23,4847.0,5028.332,True,95.5833,181.332,32881.2879,1.8971
ocisceno,1755,MR glave brez kontrasta,4,naivni,2025-07-02,2025-07-30,4736.0,4956.0,False,96.0656,220.0,48400.0,2.2901
ocisceno,1755,MR glave brez kontrasta,4,lin,2025-07-02,2025-07-30,4736.0,3982.4377,False,96.0656,753.5623,567856.1212,7.8442
ocisceno,1755,MR glave brez kontrasta,4,ar1,2025-07-02,2025-07-30,4736.0,4887.3272,False,96.0656,151.3272,22899.9271,1.5752
ocisceno,1755,MR glave brez kontrasta,4,naivni,2025-07-09,2025-08-06,4760.0,4865.0,False,95.9839,105.0,11025.0,1.0939
ocisceno,1755,MR glave brez kontrasta,4,lin,2025-07-09,2025-08-06,4760.0,4037.8434,False,95.9839,722.1566,521510.1347,7.5237
ocisceno,1755,MR glave brez kontrasta,4,ar1,2025-07-09,2025-08-06,4760.0,4791.2567,False,95.9839,31.2567,976.979,0.3256
ocisceno,1755,MR glave brez kontrasta,4,naivni,2025-07-16,2025-08-13,4645.0,4789.0,False,95.6667,144.0,20736.0,1.5052
ocisceno,1755,MR glave brez kontrasta,4,lin,2025-07-16,2025-08-13,4645.0,4085.04,False,95.6667,559.96,313555.1554,5.8532
ocisceno,1755,MR glave brez kontrasta,4,ar1,2025-07-16,2025-08-13,4645.0,4714.1241,False,95.6667,69.1241,4778.1443,0.7226
ocisceno,1755,MR glave brez kontrasta,4,naivni,2025-07-23,2025-08-27,4372.0,4847.0,True,95.0781,475.0,225625.0,4.9959
ocisceno,1755,MR glave brez kontrasta,4,lin,2025-07-23,2025-08-27,4372.0,4133.4184,True,95.0781,238.5816,56921.2005,2.5093
ocisceno,1755,MR glave brez kontrasta,4,ar1,2025-07-23,2025-08-27,4372.0,4776.8695,True,95.0781,404.8695,163919.3144,4.2583
ocisceno,1755,MR glave brez kontrasta,4,naivni,2025-07-30,2025-09-03,4465.0,4736.0,True,95.3231,271.0,73441.0,2.843
ocisceno,1755,MR glave brez kontrasta,4,lin,2025-07-30,2025-09-03,4465.0,4171.9526,True,95.3231,293.0474,85876.7987,3.0743
ocisceno,1755,MR glave brez kontrasta,4,ar1,2025-07-30,2025-09-03,4465.0,4664.3151,True,95.3231,199.3151,39726.5242,2.0909
ocisceno,1755,MR glave brez kontrasta,4,naivni,2025-08-06,2025-09-10,4544.0,4760.0,True,94.2424,216.0,46656.0,2.292
ocisceno,1755,MR glave brez kontrasta,4,lin,2025-08-06,2025-09-10,4544.0,4209.9175,True,94.2424,334.0825,111611.1092,3.5449
ocisceno,1755,MR glave brez kontrasta,4,ar1,2025-08-06,2025-09-10,4544.0,4690.6961,True,94.2424,146.6961,21519.7597,1.5566
ocisceno,1755,MR glave brez kontrasta,4,naivni,2025-08-13,2025-09-17,4766.0,4645.0,True,94.5522,121.0,14641.0,1.2797
ocisceno,1755,MR glave brez kontrasta,4,lin,2025-08-13,2025-09-17,4766.0,4238.6348,True,94.5522,527.3652,278114.0081,5.5775
ocisceno,1755,MR glave brez kontrasta,4,ar1,2025-08-13,2025-09-17,4766.0,4576.9744,True,94.5522,189.0256,35730.6709,1.9992
ocisceno,1755,MR glave brez kontrasta,4,naivni,2025-08-27,2025-09-24,4956.0,4372.0,False,97.1765,584.0,341056.0,6.0097
ocisceno,1755,MR glave brez kontrasta,4,lin,2025-08-27,2025-09-24,4956.0,4248.9797,False,97.1765,707.0203,499877.7247,7.2756
ocisceno,1755,MR glave brez kontrasta,4,ar1,2025-08-27,2025-09-24,4956.0,4314.6812,False,97.1765,641.3188,411289.7624,6.5995
ocisceno,1755,MR glave brez kontrasta,4,naivni,2025-09-03,2025-10-01,5187.0,4465.0,False,97.1159,722.0,521284.0,7.4344
ocisceno,1755,MR glave brez kontrasta,4,lin,2025-09-03,2025-10-01,5187.0,4264.4213,False,97.1159,922.5787,851151.4061,9.4998
ocisceno,1755,MR glave brez kontrasta,4,ar1,2025-09-03,2025-10-01,5187.0,4403.1646,False,97.1159,783.8354,614397.9401,8.0711
ocisceno,1755,MR glave brez kontrasta,4,naivni,2025-09-10,2025-10-08,5300.0,4544.0,False,96.8571,756.0,571536.0,7.8053
ocisceno,1755,MR glave brez kontrasta,4,lin,2025-09-10,2025-10-08,5300.0,4283.7826,False,96.8571,1016.2174,1032697.8131,10.4919
ocisceno,1755,MR glave brez kontrasta,4,ar1,2025-09-10,2025-10-08,5300.0,4479.3777,False,96.8571,820.6223,673420.955,8.4725
ocisceno,1755,MR glave brez kontrasta,4,naivni,2025-09-17,2025-10-15,5604.0,4766.0,False,98.6197,838.0,702244.0,8.4973
ocisceno,1755,MR glave brez kontrasta,4,lin,2025-09-17,2025-10-15,5604.0,4315.2394,False,98.6197,1288.7606,1660903.9693,13.068
ocisceno,1755,MR glave brez kontrasta,4,ar1,2025-09-17,2025-10-15,5604.0,4696.0212,False,98.6197,907.9788,824425.5218,9.2069
ocisceno,1755,MR glave brez kontrasta,4,naivni,2025-09-24,2025-10-22,5681.0,4956.0,False,99.8889,725.0,525625.0,7.2581
ocisceno,1755,MR glave brez kontrasta,4,lin,2025-09-24,2025-10-22,5681.0,4356.1503,False,99.8889,1324.8497,1755226.6886,13.2632
ocisceno,1755,MR glave brez kontrasta,4,ar1,2025-09-24,2025-10-22,5681.0,4891.1056,False,99.8889,789.8944,623933.2125,7.9077
ocisceno,1755,MR glave brez kontrasta,4,naivni,2025-10-01,2025-10-29,5728.0,5187.0,False,101.6849,541.0,292681.0,5.3204
ocisceno,1755,MR glave brez kontrasta,4,lin,2025-10-01,2025-10-29,5728.0,4408.2599,False,101.6849,1319.7401,1741713.9217,12.9787
ocisceno,1755,MR glave brez kontrasta,4,ar1,2025-10-01,2025-10-29,5728.0,5142.689,False,101.6849,585.311,342588.9281,5.7561
ocisceno,1755,MR glave brez kontrasta,4,naivni,2025-10-08,2025-11-05,5742.0,5300.0,False,101.8378,442.0,195364.0,4.3402
ocisceno,1755,MR glave brez kontrasta,4,lin,2025-10-08,2025-11-05,5742.0,4464.1953,False,101.8378,1277.8047,1632784.9334,12.5474
ocisceno,1755,MR glave brez kontrasta,4,ar1,2025-10-08,2025-11-05,5742.0,5274.7007,False,101.8378,467.2993,218368.6701,4.5887
ocisceno,1755,MR glave brez kontrasta,4,naivni,2025-10-15,2025-11-12,5896.0,5604.0,False,104.5333,292.0,85264.0,2.7934
ocisceno,1755,MR glave brez kontrasta,4,lin,2025-10-15,2025-11-12,5896.0,4534.3526,False,104.5333,1361.6474,1854083.5187,13.026
ocisceno,1755,MR glave brez kontrasta,4,ar1,2025-10-15,2025-11-12,5896.0,5647.8205,False,104.5333,248.1795,61593.0596,2.3742
ocisceno,1755,MR glave brez kontrasta,4,naivni,2025-10-22,2025-11-19,6014.0,5681.0,False,104.1711,333.0,110889.0,3.1967
ocisceno,1755,MR glave brez kontrasta,4,lin,2025-10-22,2025-11-19,6014.0,4605.3857,False,104.1711,1408.6143,1984194.3392,13.5221
ocisceno,1755,MR glave brez kontrasta,4,ar1,2025-10-22,2025-11-19,6014.0,5746.3677,False,104.1711,267.6323,71627.0741,2.5692
ocisceno,1755,MR glave brez kontrasta,4,naivni,2025-10-29,2025-11-26,6157.0,5728.0,False,103.4286,429.0,184041.0,4.1478
ocisceno,1755,MR glave brez kontrasta,4,lin,2025-10-29,2025-11-26,6157.0,4675.6058,False,103.4286,1481.3942,2194528.7655,14.3229
ocisceno,1755,MR glave brez kontrasta,4,ar1,2025-10-29,2025-11-26,6157.0,5804.0577,False,103.4286,352.9423,124568.237,3.4124
ocisceno,1755,MR glave brez kontrasta,4,naivni,2025-11-05,2025-12-03,6275.0,5742.0,False,102.2821,533.0,284089.0,5.2111
ocisceno,1755,MR glave brez kontrasta,4,lin,2025-11-05,2025-12-03,6275.0,4743.2869,False,102.2821,1531.7131,2346145.1588,14.9754
ocisceno,1755,MR glave brez kontrasta,4,ar1,2025-11-05,2025-12-03,6275.0,5816.9174,False,102.2821,458.0826,209839.6908,4.4786
ocisceno,1755,MR glave brez kontrasta,4,naivni,2025-11-12,2025-12-10,6473.0,5896.0,False,102.9367,577.0,332929.0,5.6054
ocisceno,1755,MR glave brez kontrasta,4,lin,2025-11-12,2025-12-10,6473.0,4815.9573,False,102.9367,1657.0427,2745790.4644,16.0977
ocisceno,1755,MR glave brez kontrasta,4,ar1,2025-11-12,2025-12-10,6473.0,6017.1297,False,102.9367,455.8703,207817.7498,4.4286
ocisceno,1755,MR glave brez kontrasta,4,naivni,2025-11-19,2025-12-17,6480.0,6014.0,False,103.125,466.0,217156.0,4.5188
ocisceno,1755,MR glave brez kontrasta,4,lin,2025-11-19,2025-12-17,6480.0,4891.4454,False,103.125,1588.5546,2523505.6917,15.4042
ocisceno,1755,MR glave brez kontrasta,4,ar1,2025-11-19,2025-12-17,6480.0,6170.5761,False,103.125,309.4239,95743.1542,3.0005
ocisceno,1755,MR glave brez kontrasta,4,naivni,2025-11-26,2026-01-07,6399.0,6157.0,True,103.6173,242.0,58564.0,2.3355
ocisceno,1755,MR glave brez kontrasta,4,lin,2025-11-26,2026-01-07,6399.0,4970.8675,True,103.6173,1428.1325,2039562.3682,13.7828
ocisceno,1755,MR glave brez kontrasta,4,ar1,2025-11-26,2026-01-07,6399.0,6360.1216,True,103.6173,38.8784,1511.5289,0.3752
ocisceno,1755,MR glave brez kontrasta,4,naivni,2025-12-03,2026-01-14,6573.0,6275.0,True,103.7927,298.0,88804.0,2.8711
ocisceno,1755,MR glave brez kontrasta,4,lin,2025-12-03,2026-01-14,6573.0,5052.7242,True,103.7927,1520.2758,2311238.5934,14.6472
ocisceno,1755,MR glave brez kontrasta,4,ar1,2025-12-03,2026-01-14,6573.0,6513.4269,True,103.7927,59.5731,3548.9496,0.574
ocisceno,1755,MR glave brez kontrasta,4,naivni,2025-12-10,2026-01-21,6725.0,6473.0,True,104.9277,252.0,63504.0,2.4017
ocisceno,1755,MR glave brez kontrasta,4,lin,2025-12-10,2026-01-21,6725.0,5140.8824,True,104.9277,1584.1176,2509428.4631,15.0972
ocisceno,1755,MR glave brez kontrasta,4,ar1,2025-12-10,2026-01-21,6725.0,6786.0302,True,104.9277,61.0302,3724.6856,0.5816
ocisceno,1755,MR glave brez kontrasta,4,naivni,2025-12-17,2026-01-28,6925.0,6480.0,True,103.7619,445.0,198025.0,4.2887
ocisceno,1755,MR glave brez kontrasta,4,lin,2025-12-17,2026-01-28,6925.0,5225.5288,True,103.7619,1699.4712,2888202.273,16.3786
ocisceno,1755,MR glave brez kontrasta,4,ar1,2025-12-17,2026-01-28,6925.0,6766.3274,True,103.7619,158.6726,25176.9781,1.5292
ocisceno,1755,MR glave brez kontrasta,4,naivni,2026-01-07,2026-02-04,7142.0,6399.0,False,103.4941,743.0,552049.0,7.1792
ocisceno,1755,MR glave brez kontrasta,4,lin,2026-01-07,2026-02-04,7142.0,5302.5403,False,103.4941,1839.4597,3383612.1302,17.7736
ocisceno,1755,MR glave brez kontrasta,4,ar1,2026-01-07,2026-02-04,7142.0,6624.0104,False,103.4941,517.9896,268313.2294,5.005
ocisceno,1755,MR glave brez kontrasta,4,naivni,2026-01-14,2026-02-11,7249.0,6573.0,False,104.314,676.0,456976.0,6.4804
ocisceno,1755,MR glave brez kontrasta,4,lin,2026-01-14,2026-02-11,7249.0,5384.6418,False,104.314,1864.3582,3475831.5171,17.8726
ocisceno,1755,MR glave brez kontrasta,4,ar1,2026-01-14,2026-02-11,7249.0,6852.2892,False,104.314,396.7108,157379.4731,3.803
ocisceno,1755,MR glave brez kontrasta,4,naivni,2026-01-21,2026-02-18,7482.0,6725.0,False,104.8621,757.0,573049.0,7.219
ocisceno,1755,MR glave brez kontrasta,4,lin,2026-01-21,2026-02-18,7482.0,5470.506,False,104.8621,2011.494,4046108.2319,19.1823
ocisceno,1755,MR glave brez kontrasta,4,ar1,2026-01-21,2026-02-18,7482.0,7049.3243,False,104.8621,432.6757,187208.2215,4.1261
ocisceno,1755,MR glave brez kontrasta,4,naivni,2026-01-28,2026-02-25,7507.0,6925.0,False,105.9432,582.0,338724.0,5.4935
ocisceno,1755,MR glave brez kontrasta,4,lin,2026-01-28,2026-02-25,7507.0,5562.1935,False,105.9432,1944.8065,3782272.4675,18.3571
ocisceno,1755,MR glave brez kontrasta,4,ar1,2026-01-28,2026-02-25,7507.0,7317.5353,False,105.9432,189.4647,35896.8799,1.7884
ocisceno,1755,MR glave brez kontrasta,4,naivni,2026-02-04,2026-03-04,7447.0,7142.0,False,107.191,305.0,93025.0,2.8454
ocisceno,1755,MR glave brez kontrasta,4,lin,2026-02-04,2026-03-04,7447.0,5660.1881,False,107.191,1786.8119,3192696.8443,16.6694
ocisceno,1755,MR glave brez kontrasta,4,ar1,2026-02-04,2026-03-04,7447.0,7612.2021,False,107.191,165.2021,27291.7438,1.5412
ocisceno,1755,MR glave brez kontrasta,4,naivni,2026-02-11,2026-03-11,7524.0,7249.0,False,107.1889,275.0,75625.0,2.5656
ocisceno,1755,MR glave brez kontrasta,4,lin,2026-02-11,2026-03-11,7524.0,5759.0873,False,107.1889,1764.9127,3114916.7018,16.4654
ocisceno,1755,MR glave brez kontrasta,4,ar1,2026-02-11,2026-03-11,7524.0,7732.2601,False,107.1889,208.2601,43372.2707,1.9429
ocisceno,1755,MR glave brez kontrasta,4,naivni,2026-02-18,2026-03-18,7623.0,7482.0,False,108.5714,141.0,19881.0,1.2987
ocisceno,1755,MR glave brez kontrasta,4,lin,2026-02-18,2026-03-18,7623.0,5864.5806,False,108.5714,1758.4194,3092038.6817,16.196
ocisceno,1755,MR glave brez kontrasta,4,ar1,2026-02-18,2026-03-18,7623.0,8048.8096,False,108.5714,425.8096,181313.846,3.9219
ocisceno,1755,MR glave brez kontrasta,4,naivni,2026-02-25,2026-03-25,7847.0,7507.0,False,107.663,340.0,115600.0,3.158
ocisceno,1755,MR glave brez kontrasta,4,lin,2026-02-25,2026-03-25,7847.0,5966.9553,False,107.663,1880.0447,3534568.1553,17.4623
ocisceno,1755,MR glave brez kontrasta,4,ar1,2026-02-25,2026-03-25,7847.0,8031.4235,False,107.663,184.4235,34012.0375,1.713
ocisceno,1755,MR glave brez kontrasta,4,naivni,2026-03-04,2026-04-08,8026.0,7447.0,True,107.1505,579.0,335241.0,5.4036
ocisceno,1755,MR glave brez kontrasta,4,lin,2026-03-04,2026-04-08,8026.0,6062.5691,True,107.1505,1963.4309,3855060.8133,18.324
ocisceno,1755,MR glave brez kontrasta,4,ar1,2026-03-04,2026-04-08,8026.0,7893.0199,True,107.1505,132.9801,17683.7024,1.2411
ocisceno,1755,MR glave brez kontrasta,4,naivni,2026-03-11,2026-04-15,8157.0,7524.0,True,106.8298,633.0,400689.0,5.9253
ocisceno,1755,MR glave brez kontrasta,4,lin,2026-03-11,2026-04-15,8157.0,6157.7846,True,106.8298,1999.2154,3996862.3737,18.714
ocisceno,1755,MR glave brez kontrasta,4,ar1,2026-03-11,2026-04-15,8157.0,7968.8772,True,106.8298,188.1228,35390.1752,1.761
ocisceno,1755,MR glave brez kontrasta,4,naivni,2026-03-18,2026-04-29,8238.0,7623.0,True,106.7474,615.0,378225.0,5.7613
ocisceno,1755,MR glave brez kontrasta,4,lin,2026-03-18,2026-04-29,8238.0,6253.5734,True,106.7474,1984.4266,3937949.0231,18.5899
ocisceno,1755,MR glave brez kontrasta,4,ar1,2026-03-18,2026-04-29,8238.0,8076.8396,True,106.7474,161.1604,25972.6659,1.5097
ocisceno,1755,MR glave brez kontrasta,4,naivni,2026-03-25,2026-05-06,8284.0,7847.0,True,107.9688,437.0,190969.0,4.0475
ocisceno,1755,MR glave brez kontrasta,4,lin,2026-03-25,2026-05-06,8284.0,6355.293,True,107.9688,1928.707,3719910.7965,17.8636
ocisceno,1755,MR glave brez kontrasta,4,ar1,2026-03-25,2026-05-06,8284.0,8366.7158,True,107.9688,82.7158,6841.8955,0.7661
ocisceno,1755,MR glave brez kontrasta,4,naivni,2026-04-08,2026-05-13,8379.0,8026.0,True,108.701,353.0,124609.0,3.2474
ocisceno,1755,MR glave brez kontrasta,4,lin,2026-04-08,2026-05-13,8379.0,6460.7355,True,108.701,1918.2645,3679738.8495,17.6472
ocisceno,1755,MR glave brez kontrasta,4,ar1,2026-04-08,2026-05-13,8379.0,8588.2298,True,108.701,209.2298,43777.1189,1.9248
ocisceno,1755,MR glave brez kontrasta,4,naivni,2026-04-15,2026-05-20,8401.0,8157.0,True,108.9286,244.0,59536.0,2.24
ocisceno,1755,MR glave brez kontrasta,4,lin,2026-04-15,2026-05-20,8401.0,6567.6928,True,108.9286,1833.3072,3361015.3144,16.8304
ocisceno,1755,MR glave brez kontrasta,4,ar1,2026-04-15,2026-05-20,8401.0,8735.4603,True,108.9286,334.4603,111863.6733,3.0705
ocisceno,1755,MR glave brez kontrasta,4,naivni,2026-04-29,2026-05-27,8404.0,8238.0,False,108.6465,166.0,27556.0,1.5279
ocisceno,1755,MR glave brez kontrasta,4,lin,2026-04-29,2026-05-27,8404.0,6673.9988,False,108.6465,1730.0012,2992904.1109,15.9232
ocisceno,1755,MR glave brez kontrasta,4,ar1,2026-04-29,2026-05-27,8404.0,8807.0975,False,108.6465,403.0975,162487.6241,3.7102
ocisceno,1755,MR glave brez kontrasta,4,naivni,2026-05-06,2026-06-03,8268.0,8284.0,False,108.02,16.0,256.0,0.1481
ocisceno,1755,MR glave brez kontrasta,4,lin,2026-05-06,2026-06-03,8268.0,6778.2296,False,108.02,1489.7704,2219415.7462,13.7916
ocisceno,1755,MR glave brez kontrasta,4,ar1,2026-05-06,2026-06-03,8268.0,8828.7828,False,108.02,560.7828,314477.3327,5.1915
ocisceno,1755,MR glave brez kontrasta,4,naivni,2026-05-13,2026-06-17,8251.0,8379.0,True,107.8911,128.0,16384.0,1.1864
ocisceno,1755,MR glave brez kontrasta,4,lin,2026-05-13,2026-06-17,8251.0,6882.479,True,107.8911,1368.521,1872849.7062,12.6843
ocisceno,1755,MR glave brez kontrasta,4,ar1,2026-05-13,2026-06-17,8251.0,8923.7103,True,107.8911,672.7103,452539.112,6.2351
ocisceno,1755,MR glave brez kontrasta,4,naivni,2026-05-20,2026-06-24,8218.0,8401.0,True,107.049,183.0,33489.0,1.7095
ocisceno,1755,MR glave brez kontrasta,4,lin,2026-05-20,2026-06-24,8218.0,6983.7826,True,107.049,1234.2174,1523292.5714,11.5295
ocisceno,1755,MR glave brez kontrasta,4,ar1,2026-05-20,2026-06-24,8218.0,8914.9547,True,107.049,696.9547,485745.8718,6.5106
ocisceno,1755,MR glave brez kontrasta,4,naivni,2026-05-27,2026-07-01,8153.0,8404.0,True,106.0388,251.0,63001.0,2.3671
ocisceno,1755,MR glave brez kontrasta,4,lin,2026-05-27,2026-07-01,8153.0,7081.5042,True,106.0388,1071.4958,1148103.3447,10.1047
ocisceno,1755,MR glave brez kontrasta,4,ar1,2026-05-27,2026-07-01,8153.0,8883.7087,True,106.0388,730.7087,533935.1737,6.891
ocisceno,1755,MR glave brez kontrasta,4,naivni,2026-06-03,2026-07-08,8032.0,8268.0,True,106.3269,236.0,55696.0,2.2196
ocisceno,1755,MR glave brez kontrasta,4,lin,2026-06-03,2026-07-08,8032.0,7170.2767,True,106.3269,861.7233,742567.0663,8.1045
ocisceno,1755,MR glave brez kontrasta,4,ar1,2026-06-03,2026-07-08,8032.0,8669.2603,True,106.3269,637.2603,406100.7324,5.9934
ocisceno,1755,MR glave brez kontrasta,4,naivni,2026-06-17,2026-07-15,7884.0,8251.0,False,105.4762,367.0,134689.0,3.4795
ocisceno,1755,MR glave brez kontrasta,4,lin,2026-06-17,2026-07-15,7884.0,7255.1665,False,105.4762,628.8335,395431.5375,5.9619
ocisceno,1755,MR glave brez kontrasta,4,ar1,2026-06-17,2026-07-15,7884.0,8624.2606,False,105.4762,740.2606,547985.7658,7.0183
ocisceno,1195,Operacija sive mrene (katarakte),1,naivni,2025-04-09,2025-04-16,14402.0,14378.0,False,107.098,24.0,576.0,0.2241
ocisceno,1195,Operacija sive mrene (katarakte),1,lin,2025-04-09,2025-04-16,14402.0,14243.4955,False,107.098,158.5045,25123.6844,1.48
ocisceno,1195,Operacija sive mrene (katarakte),1,ar1,2025-04-09,2025-04-16,14402.0,14449.7195,False,107.098,47.7195,2277.1544,0.4456
ocisceno,1195,Operacija sive mrene (katarakte),1,naivni,2025-04-16,2025-04-23,14346.0,14402.0,False,105.5,56.0,3136.0,0.5308
ocisceno,1195,Operacija sive mrene (katarakte),1,lin,2025-04-16,2025-04-23,14346.0,14317.2983,False,105.5,28.7017,823.79,0.2721
ocisceno,1195,Operacija sive mrene (katarakte),1,ar1,2025-04-16,2025-04-23,14346.0,14469.6623,False,105.5,123.6623,15292.3652,1.1722
ocisceno,1195,Operacija sive mrene (katarakte),1,naivni,2025-04-23,2025-04-30,14686.0,14346.0,False,104.566,340.0,115600.0,3.2515
ocisceno,1195,Operacija sive mrene (katarakte),1,lin,2025-04-23,2025-04-30,14686.0,14381.5968,False,104.566,304.4032,92661.317,2.9111
ocisceno,1195,Operacija sive mrene (katarakte),1,ar1,2025-04-23,2025-04-30,14686.0,14403.6594,False,104.566,282.3406,79716.2389,2.7001
ocisceno,1195,Operacija sive mrene (katarakte),1,naivni,2025-04-30,2025-05-07,14582.0,14686.0,False,108.9259,104.0,10816.0,0.9548
ocisceno,1195,Operacija sive mrene (katarakte),1,lin,2025-04-30,2025-05-07,14582.0,14465.9657,False,108.9259,116.0343,13463.9689,1.0653
ocisceno,1195,Operacija sive mrene (katarakte),1,ar1,2025-04-30,2025-05-07,14582.0,14766.6642,False,108.9259,184.6642,34100.8778,1.6953
ocisceno,1195,Operacija sive mrene (katarakte),1,naivni,2025-05-07,2025-05-14,14497.0,14582.0,False,108.8364,85.0,7225.0,0.781
ocisceno,1195,Operacija sive mrene (katarakte),1,lin,2025-05-07,2025-05-14,14497.0,14537.0773,False,108.8364,40.0773,1606.1878,0.3682
ocisceno,1195,Operacija sive mrene (katarakte),1,ar1,2025-05-07,2025-05-14,14497.0,14646.3734,False,108.8364,149.3734,22312.4013,1.3725
ocisceno,1195,Operacija sive mrene (katarakte),1,naivni,2025-05-14,2025-05-21,14503.0,14497.0,False,108.4107,6.0,36.0,0.0553
ocisceno,1195,Operacija sive mrene (katarakte),1,lin,2025-05-14,2025-05-21,14503.0,14597.3064,False,108.4107,94.3064,8893.6954,0.8699
ocisceno,1195,Operacija sive mrene (katarakte),1,ar1,2025-05-14,2025-05-21,14503.0,14550.5325,False,108.4107,47.5325,2259.342,0.4384
ocisceno,1195,Operacija sive mrene (katarakte),1,naivni,2025-05-21,2025-05-28,14442.0,14503.0,False,106.614,61.0,3721.0,0.5722
ocisceno,1195,Operacija sive mrene (katarakte),1,lin,2025-05-21,2025-05-28,14442.0,14653.7713,False,106.614,211.7713,44847.094,1.9863
ocisceno,1195,Operacija sive mrene (katarakte),1,ar1,2025-05-21,2025-05-28,14442.0,14553.4289,False,106.614,111.4289,12416.4042,1.0452
ocisceno,1195,Operacija sive mrene (katarakte),1,naivni,2025-05-28,2025-06-04,14527.0,14442.0,False,105.8276,85.0,7225.0,0.8032
ocisceno,1195,Operacija sive mrene (katarakte),1,lin,2025-05-28,2025-06-04,14527.0,14702.2174,False,105.8276,175.2174,30701.1431,1.6557
ocisceno,1195,Operacija sive mrene (katarakte),1,ar1,2025-05-28,2025-06-04,14527.0,14486.0622,False,105.8276,40.9378,1675.9068,0.3868
ocisceno,1195,Operacija sive mrene (katarakte),1,naivni,2025-06-04,2025-06-18,14326.0,14527.0,True,105.4746,201.0,40401.0,1.9057
ocisceno,1195,Operacija sive mrene (katarakte),1,lin,2025-06-04,2025-06-18,14326.0,14752.9808,True,105.4746,426.9808,182312.5958,4.0482
ocisceno,1195,Operacija sive mrene (katarakte),1,ar1,2025-06-04,2025-06-18,14326.0,14572.7736,True,105.4746,246.7736,60897.2328,2.3397
ocisceno,1195,Operacija sive mrene (katarakte),1,naivni,2025-06-18,2025-07-02,14300.0,14326.0,True,107.0667,26.0,676.0,0.2428
ocisceno,1195,Operacija sive mrene (katarakte),1,lin,2025-06-18,2025-07-02,14300.0,14787.1393,True,107.0667,487.1393,237304.7407,4.5499
ocisceno,1195,Operacija sive mrene (katarakte),1,ar1,2025-06-18,2025-07-02,14300.0,14360.4599,True,107.0667,60.4599,3655.4015,0.5647
ocisceno,1195,Operacija sive mrene (katarakte),1,naivni,2025-07-02,2025-07-09,14582.0,14300.0,False,105.7377,282.0,79524.0,2.667
ocisceno,1195,Operacija sive mrene (katarakte),1,lin,2025-07-02,2025-07-09,14582.0,14817.1909,False,105.7377,235.1909,55314.7615,2.2243
ocisceno,1195,Operacija sive mrene (katarakte),1,ar1,2025-07-02,2025-07-09,14582.0,14332.099,False,105.7377,249.901,62450.485,2.3634
ocisceno,1195,Operacija sive mrene (katarakte),1,naivni,2025-07-09,2025-07-16,14676.0,14582.0,False,108.5806,94.0,8836.0,0.8657
ocisceno,1195,Operacija sive mrene (katarakte),1,lin,2025-07-09,2025-07-16,14676.0,14862.9898,False,108.5806,186.9898,34965.1701,1.7221
ocisceno,1195,Operacija sive mrene (katarakte),1,ar1,2025-07-09,2025-07-16,14676.0,14622.1406,False,108.5806,53.8594,2900.8403,0.496
ocisceno,1195,Operacija sive mrene (katarakte),1,naivni,2025-07-16,2025-07-23,14656.0,14676.0,False,108.3492,20.0,400.0,0.1846
ocisceno,1195,Operacija sive mrene (katarakte),1,lin,2025-07-16,2025-07-23,14656.0,14911.6845,False,108.3492,255.6845,65374.5757,2.3598
ocisceno,1195,Operacija sive mrene (katarakte),1,ar1,2025-07-16,2025-07-23,14656.0,14718.1661,False,108.3492,62.1661,3864.6241,0.5738
ocisceno,1195,Operacija sive mrene (katarakte),1,naivni,2025-07-23,2025-07-30,14682.0,14656.0,False,106.9688,26.0,676.0,0.2431
ocisceno,1195,Operacija sive mrene (katarakte),1,lin,2025-07-23,2025-07-30,14682.0,14956.062,False,106.9688,274.062,75109.9904,2.5621
ocisceno,1195,Operacija sive mrene (katarakte),1,ar1,2025-07-23,2025-07-30,14682.0,14695.1165,False,106.9688,13.1165,172.0422,0.1226
ocisceno,1195,Operacija sive mrene (katarakte),1,naivni,2025-07-30,2025-08-06,14729.0,14682.0,False,105.7231,47.0,2209.0,0.4446
ocisceno,1195,Operacija sive mrene (katarakte),1,lin,2025-07-30,2025-08-06,14729.0,14999.2065,False,105.7231,270.2065,73011.5671,2.5558
ocisceno,1195,Operacija sive mrene (katarakte),1,ar1,2025-07-30,2025-08-06,14729.0,14720.2444,False,105.7231,8.7556,76.6614,0.0828
ocisceno,1195,Operacija sive mrene (katarakte),1,naivni,2025-08-06,2025-08-13,14816.0,14729.0,False,104.8333,87.0,7569.0,0.8299
ocisceno,1195,Operacija sive mrene (katarakte),1,lin,2025-08-06,2025-08-13,14816.0,15042.4573,False,104.8333,226.4573,51282.8902,2.1602
ocisceno,1195,Operacija sive mrene (katarakte),1,ar1,2025-08-06,2025-08-13,14816.0,14767.241,False,104.8333,48.759,2377.4441,0.4651
ocisceno,1195,Operacija sive mrene (katarakte),1,naivni,2025-08-13,2025-08-27,14752.0,14816.0,True,104.5672,64.0,4096.0,0.612
ocisceno,1195,Operacija sive mrene (katarakte),1,lin,2025-08-13,2025-08-27,14752.0,15088.1629,True,104.5672,336.1629,113005.4699,3.2148
ocisceno,1195,Operacija sive mrene (katarakte),1,ar1,2025-08-13,2025-08-27,14752.0,14855.8301,True,104.5672,103.8301,10780.697,0.993
ocisceno,1195,Operacija sive mrene (katarakte),1,naivni,2025-08-27,2025-09-03,14788.0,14752.0,False,103.9706,36.0,1296.0,0.3463
ocisceno,1195,Operacija sive mrene (katarakte),1,lin,2025-08-27,2025-09-03,14788.0,15127.4122,False,103.9706,339.4122,115200.6354,3.2645
ocisceno,1195,Operacija sive mrene (katarakte),1,ar1,2025-08-27,2025-09-03,14788.0,14787.5061,False,103.9706,0.4939,0.2439,0.0047
ocisceno,1195,Operacija sive mrene (katarakte),1,naivni,2025-09-03,2025-09-10,14759.0,14788.0,False,102.9855,29.0,841.0,0.2816
ocisceno,1195,Operacija sive mrene (katarakte),1,lin,2025-09-03,2025-09-10,14759.0,15166.3366,False,102.9855,407.3366,165923.1431,3.9553
ocisceno,1195,Operacija sive mrene (katarakte),1,ar1,2025-09-03,2025-09-10,14759.0,14823.171,False,102.9855,64.171,4117.9122,0.6231
ocisceno,1195,Operacija sive mrene (katarakte),1,naivni,2025-09-10,2025-09-17,14830.0,14759.0,False,101.9286,71.0,5041.0,0.6966
ocisceno,1195,Operacija sive mrene (katarakte),1,lin,2025-09-10,2025-09-17,14830.0,15201.2978,False,101.9286,371.2978,137862.0464,3.6427
ocisceno,1195,Operacija sive mrene (katarakte),1,ar1,2025-09-10,2025-09-17,14830.0,14791.7452,False,101.9286,38.2548,1463.4295,0.3753
ocisceno,1195,Operacija sive mrene (katarakte),1,naivni,2025-09-17,2025-09-24,14962.0,14830.0,False,101.493,132.0,17424.0,1.3006
ocisceno,1195,Operacija sive mrene (katarakte),1,lin,2025-09-17,2025-09-24,14962.0,15238.1017,False,101.493,276.1017,76232.1606,2.7204
ocisceno,1195,Operacija sive mrene (katarakte),1,ar1,2025-09-17,2025-09-24,14962.0,14863.5427,False,101.493,98.4573,9693.8411,0.9701
ocisceno,1195,Operacija sive mrene (katarakte),1,naivni,2025-09-24,2025-10-01,14969.0,14962.0,False,101.9167,7.0,49.0,0.0687
ocisceno,1195,Operacija sive mrene (katarakte),1,lin,2025-09-24,2025-10-01,14969.0,15279.9806,False,101.9167,310.9806,96708.9296,3.0513
ocisceno,1195,Operacija sive mrene (katarakte),1,ar1,2025-09-24,2025-10-01,14969.0,14998.3891,False,101.9167,29.3891,863.721,0.2884
ocisceno,1195,Operacija sive mrene (katarakte),1,naivni,2025-10-01,2025-10-08,15028.0,14969.0,False,100.6164,59.0,3481.0,0.5864
ocisceno,1195,Operacija sive mrene (katarakte),1,lin,2025-10-01,2025-10-08,15028.0,15319.8719,False,100.6164,291.8719,85189.2056,2.9008
ocisceno,1195,Operacija sive mrene (katarakte),1,ar1,2025-10-01,2025-10-08,15028.0,15004.0554,False,100.6164,23.9446,573.3416,0.238
ocisceno,1195,Operacija sive mrene (katarakte),1,naivni,2025-10-08,2025-10-15,15062.0,15028.0,False,100.0541,34.0,1156.0,0.3398
ocisceno,1195,Operacija sive mrene (katarakte),1,lin,2025-10-08,2025-10-15,15062.0,15360.6703,False,100.0541,298.6703,89203.9303,2.9851
ocisceno,1195,Operacija sive mrene (katarakte),1,ar1,2025-10-08,2025-10-15,15062.0,15063.5258,False,100.0541,1.5258,2.3279,0.0152
ocisceno,1195,Operacija sive mrene (katarakte),1,naivni,2025-10-15,2025-10-22,15260.0,15062.0,False,99.1733,198.0,39204.0,1.9965
ocisceno,1195,Operacija sive mrene (katarakte),1,lin,2025-10-15,2025-10-22,15260.0,15401.0084,False,99.1733,141.0084,19883.3748,1.4218
ocisceno,1195,Operacija sive mrene (katarakte),1,ar1,2025-10-15,2025-10-22,15260.0,15097.1584,False,99.1733,162.8416,26517.3823,1.642
ocisceno,1195,Operacija sive mrene (katarakte),1,naivni,2025-10-22,2025-10-29,15349.0,15260.0,False,100.4737,89.0,7921.0,0.8858
ocisceno,1195,Operacija sive mrene (katarakte),1,lin,2025-10-22,2025-10-29,15349.0,15449.4347,False,100.4737,100.4347,10087.1336,0.9996
ocisceno,1195,Operacija sive mrene (katarakte),1,ar1,2025-10-22,2025-10-29,15349.0,15300.5664,False,100.4737,48.4336,2345.8128,0.4821
ocisceno,1195,Operacija sive mrene (katarakte),1,naivni,2025-10-29,2025-11-05,15273.0,15349.0,False,100.3247,76.0,5776.0,0.7575
ocisceno,1195,Operacija sive mrene (katarakte),1,lin,2025-10-29,2025-11-05,15273.0,15499.8948,False,100.3247,226.8948,51481.2375,2.2616
ocisceno,1195,Operacija sive mrene (katarakte),1,ar1,2025-10-29,2025-11-05,15273.0,15391.2596,False,100.3247,118.2596,13985.3332,1.1788
ocisceno,1195,Operacija sive mrene (katarakte),1,naivni,2025-11-05,2025-11-12,15280.0,15273.0,False,100.0128,7.0,49.0,0.07
ocisceno,1195,Operacija sive mrene (katarakte),1,lin,2025-11-05,2025-11-12,15280.0,15543.9192,False,100.0128,263.9192,69653.3347,2.6389
ocisceno,1195,Operacija sive mrene (katarakte),1,ar1,2025-11-05,2025-11-12,15280.0,15310.3873,False,100.0128,30.3873,923.3867,0.3038
ocisceno,1195,Operacija sive mrene (katarakte),1,naivni,2025-11-12,2025-11-19,15368.0,15280.0,False,98.8354,88.0,7744.0,0.8904
ocisceno,1195,Operacija sive mrene (katarakte),1,lin,2025-11-12,2025-11-19,15368.0,15586.0206,False,98.8354,218.0206,47532.9688,2.2059
ocisceno,1195,Operacija sive mrene (katarakte),1,ar1,2025-11-12,2025-11-19,15368.0,15316.0608,False,98.8354,51.9392,2697.6754,0.5255
ocisceno,1195,Operacija sive mrene (katarakte),1,naivni,2025-11-19,2025-11-26,15382.0,15368.0,False,98.7,14.0,196.0,0.1418
ocisceno,1195,Operacija sive mrene (katarakte),1,lin,2025-11-19,2025-11-26,15382.0,15630.3071,False,98.7,248.3071,61656.4153,2.5158
ocisceno,1195,Operacija sive mrene (katarakte),1,ar1,2025-11-19,2025-11-26,15382.0,15405.516,False,98.7,23.516,553.0034,0.2383
ocisceno,1195,Operacija sive mrene (katarakte),1,naivni,2025-11-26,2025-12-03,15457.0,15382.0,False,97.6543,75.0,5625.0,0.768
ocisceno,1195,Operacija sive mrene (katarakte),1,lin,2025-11-26,2025-12-03,15457.0,15673.0506,False,97.6543,216.0506,46677.8562,2.2124
ocisceno,1195,Operacija sive mrene (katarakte),1,ar1,2025-11-26,2025-12-03,15457.0,15418.4417,False,97.6543,38.5583,1486.7426,0.3948
ocisceno,1195,Operacija sive mrene (katarakte),1,naivni,2025-12-03,2025-12-10,15563.0,15457.0,False,97.378,106.0,11236.0,1.0885
ocisceno,1195,Operacija sive mrene (katarakte),1,lin,2025-12-03,2025-12-10,15563.0,15717.2756,False,97.378,154.2756,23800.9728,1.5843
ocisceno,1195,Operacija sive mrene (katarakte),1,ar1,2025-12-03,2025-12-10,15563.0,15494.4507,False,97.378,68.5493,4699.0002,0.7039
ocisceno,1195,Operacija sive mrene (katarakte),1,naivni,2025-12-10,2025-12-17,15721.0,15563.0,False,97.4819,158.0,24964.0,1.6208
ocisceno,1195,Operacija sive mrene (katarakte),1,lin,2025-12-10,2025-12-17,15721.0,15764.3804,False,97.4819,43.3804,1881.8573,0.445
ocisceno,1195,Operacija sive mrene (katarakte),1,ar1,2025-12-10,2025-12-17,15721.0,15602.5698,False,97.4819,118.4302,14025.7183,1.2149
ocisceno,1195,Operacija sive mrene (katarakte),1,naivni,2025-12-17,2026-01-07,15699.0,15721.0,True,98.2024,22.0,484.0,0.224
ocisceno,1195,Operacija sive mrene (katarakte),1,lin,2025-12-17,2026-01-07,15699.0,15816.6605,True,98.2024,117.6605,13843.9942,1.1981
ocisceno,1195,Operacija sive mrene (katarakte),1,ar1,2025-12-17,2026-01-07,15699.0,15764.7939,True,98.2024,65.7939,4328.8337,0.67
ocisceno,1195,Operacija sive mrene (katarakte),1,naivni,2026-01-07,2026-01-14,15630.0,15699.0,False,97.3059,69.0,4761.0,0.7091
ocisceno,1195,Operacija sive mrene (katarakte),1,lin,2026-01-07,2026-01-14,15630.0,15865.4739,False,97.3059,235.4739,55447.9441,2.4199
ocisceno,1195,Operacija sive mrene (katarakte),1,ar1,2026-01-07,2026-01-14,15630.0,15740.0067,False,97.3059,110.0067,12101.473,1.1305
ocisceno,1195,Operacija sive mrene (katarakte),1,naivni,2026-01-14,2026-01-21,15453.0,15630.0,False,96.9767,177.0,31329.0,1.8252
ocisceno,1195,Operacija sive mrene (katarakte),1,lin,2026-01-14,2026-01-21,15453.0,15908.8391,False,96.9767,455.8391,207789.2673,4.7005
ocisceno,1195,Operacija sive mrene (katarakte),1,ar1,2026-01-14,2026-01-21,15453.0,15666.8939,False,96.9767,213.8939,45750.5977,2.2056
ocisceno,1195,Operacija sive mrene (katarakte),1,naivni,2026-01-21,2026-01-28,15416.0,15453.0,False,97.8966,37.0,1369.0,0.3779
ocisceno,1195,Operacija sive mrene (katarakte),1,lin,2026-01-21,2026-01-28,15416.0,15942.1262,False,97.8966,526.1262,276808.7526,5.3743
ocisceno,1195,Operacija sive mrene (katarakte),1,ar1,2026-01-21,2026-01-28,15416.0,15483.4025,False,97.8966,67.4025,4543.1013,0.6885
ocisceno,1195,Operacija sive mrene (katarakte),1,naivni,2026-01-28,2026-02-04,15489.0,15416.0,False,97.2045,73.0,5329.0,0.751
ocisceno,1195,Operacija sive mrene (katarakte),1,lin,2026-01-28,2026-02-04,15489.0,15972.1379,False,97.2045,483.1379,233422.2264,4.9703
ocisceno,1195,Operacija sive mrene (katarakte),1,ar1,2026-01-28,2026-02-04,15489.0,15444.5719,False,97.2045,44.4281,1973.8569,0.4571
ocisceno,1195,Operacija sive mrene (katarakte),1,naivni,2026-02-04,2026-02-11,15475.0,15489.0,False,96.9326,14.0,196.0,0.1444
ocisceno,1195,Operacija sive mrene (katarakte),1,lin,2026-02-04,2026-02-11,15475.0,16003.9288,False,96.9326,528.9288,279765.7167,5.4567
ocisceno,1195,Operacija sive mrene (katarakte),1,ar1,2026-02-04,2026-02-11,15475.0,15518.2269,False,96.9326,43.2269,1868.5613,0.4459
ocisceno,1195,Operacija sive mrene (katarakte),1,naivni,2026-02-11,2026-02-18,15877.0,15475.0,False,96.0111,402.0,161604.0,4.187
ocisceno,1195,Operacija sive mrene (katarakte),1,lin,2026-02-11,2026-02-18,15877.0,16033.589,False,96.0111,156.589,24520.1184,1.6309
ocisceno,1195,Operacija sive mrene (katarakte),1,ar1,2026-02-11,2026-02-18,15877.0,15503.0057,False,96.0111,373.9943,139871.7087,3.8953
ocisceno,1195,Operacija sive mrene (katarakte),1,naivni,2026-02-18,2026-02-25,15889.0,15877.0,False,99.3736,12.0,144.0,0.1208
ocisceno,1195,Operacija sive mrene (katarakte),1,lin,2026-02-18,2026-02-25,15889.0,16079.3115,False,99.3736,190.3115,36218.4726,1.9151
ocisceno,1195,Operacija sive mrene (katarakte),1,ar1,2026-02-18,2026-02-25,15889.0,15913.7517,False,99.3736,24.7517,612.6479,0.2491
ocisceno,1195,Operacija sive mrene (katarakte),1,naivni,2026-02-25,2026-03-04,15842.0,15889.0,False,98.4239,47.0,2209.0,0.4775
ocisceno,1195,Operacija sive mrene (katarakte),1,lin,2026-02-25,2026-03-04,15842.0,16123.547,False,98.4239,281.547,79268.7045,2.8606
ocisceno,1195,Operacija sive mrene (katarakte),1,ar1,2026-02-25,2026-03-04,15842.0,15924.7262,False,98.4239,82.7262,6843.6252,0.8405
ocisceno,1195,Operacija sive mrene (katarakte),1,naivni,2026-03-04,2026-03-11,15854.0,15842.0,False,97.871,12.0,144.0,0.1226
ocisceno,1195,Operacija sive mrene (katarakte),1,lin,2026-03-04,2026-03-11,15854.0,16163.8566,False,97.871,309.8566,96011.0844,3.166
ocisceno,1195,Operacija sive mrene (katarakte),1,ar1,2026-03-04,2026-03-11,15854.0,15875.0296,False,97.871,21.0296,442.244,0.2149
ocisceno,1195,Operacija sive mrene (katarakte),1,naivni,2026-03-11,2026-03-18,15776.0,15854.0,False,96.9574,78.0,6084.0,0.8045
ocisceno,1195,Operacija sive mrene (katarakte),1,lin,2026-03-11,2026-03-18,15776.0,16202.9111,False,96.9574,426.9111,182253.0755,4.4031
ocisceno,1195,Operacija sive mrene (katarakte),1,ar1,2026-03-11,2026-03-18,15776.0,15886.2045,False,96.9574,110.2045,12145.036,1.1366
ocisceno,1195,Operacija sive mrene (katarakte),1,naivni,2026-03-18,2026-03-25,15692.0,15776.0,False,96.7579,84.0,7056.0,0.8681
ocisceno,1195,Operacija sive mrene (katarakte),1,lin,2026-03-18,2026-03-25,15692.0,16237.0204,False,96.7579,545.0204,297047.2307,5.6328
ocisceno,1195,Operacija sive mrene (katarakte),1,ar1,2026-03-18,2026-03-25,15692.0,15805.2019,False,96.7579,113.2019,12814.6722,1.17
ocisceno,1195,Operacija sive mrene (katarakte),1,naivni,2026-03-25,2026-04-08,15986.0,15692.0,True,96.625,294.0,86436.0,3.0427
ocisceno,1195,Operacija sive mrene (katarakte),1,lin,2026-03-25,2026-04-08,15986.0,16266.1675,True,96.625,280.1675,78493.8425,2.8995
ocisceno,1195,Operacija sive mrene (katarakte),1,ar1,2026-03-25,2026-04-08,15986.0,15718.5506,True,96.625,267.4494,71529.1893,2.7679
ocisceno,1195,Operacija sive mrene (katarakte),1,naivni,2026-04-08,2026-04-15,15796.0,15986.0,False,98.6598,190.0,36100.0,1.9258
ocisceno,1195,Operacija sive mrene (katarakte),1,lin,2026-04-08,2026-04-15,15796.0,16306.0103,False,98.6598,510.0103,260110.5156,5.1694
ocisceno,1195,Operacija sive mrene (katarakte),1,ar1,2026-04-08,2026-04-15,15796.0,16017.8971,False,98.6598,221.8971,49238.3346,2.2491
ocisceno,1195,Operacija sive mrene (katarakte),1,naivni,2026-04-15,2026-04-29,15934.0,15796.0,True,99.5918,138.0,19044.0,1.3857
ocisceno,1195,Operacija sive mrene (katarakte),1,lin,2026-04-15,2026-04-29,15934.0,16336.5088,True,99.5918,402.5088,162013.3027,4.0416
ocisceno,1195,Operacija sive mrene (katarakte),1,ar1,2026-04-15,2026-04-29,15934.0,15822.4143,True,99.5918,111.5857,12451.3614,1.1204
ocisceno,1195,Operacija sive mrene (katarakte),1,naivni,2026-04-29,2026-05-06,15767.0,15934.0,False,99.9798,167.0,27889.0,1.6703
ocisceno,1195,Operacija sive mrene (katarakte),1,lin,2026-04-29,2026-05-06,15767.0,16371.2042,False,99.9798,604.2042,365062.7666,6.0433
ocisceno,1195,Operacija sive mrene (katarakte),1,ar1,2026-04-29,2026-05-06,15767.0,15962.3631,False,99.9798,195.3631,38166.7488,1.954
ocisceno,1195,Operacija sive mrene (katarakte),1,naivni,2026-05-06,2026-05-13,15768.0,15767.0,False,100.65,1.0,1.0,0.0099
ocisceno,1195,Operacija sive mrene (katarakte),1,lin,2026-05-06,2026-05-13,15768.0,16397.8321,False,100.65,629.8321,396688.448,6.2576
ocisceno,1195,Operacija sive mrene (katarakte),1,ar1,2026-05-06,2026-05-13,15768.0,15791.2533,False,100.65,23.2533,540.7176,0.231
ocisceno,1195,Operacija sive mrene (katarakte),1,naivni,2026-05-13,2026-05-20,15923.0,15768.0,False,99.6634,155.0,24025.0,1.5552
ocisceno,1195,Operacija sive mrene (katarakte),1,lin,2026-05-13,2026-05-20,15923.0,16423.3376,False,99.6634,500.3376,250337.7183,5.0203
ocisceno,1195,Operacija sive mrene (katarakte),1,ar1,2026-05-13,2026-05-20,15923.0,15791.6233,False,99.6634,131.3767,17259.8358,1.3182
ocisceno,1195,Operacija sive mrene (katarakte),1,naivni,2026-05-20,2026-05-27,16032.0,15923.0,False,100.2059,109.0,11881.0,1.0878
ocisceno,1195,Operacija sive mrene (katarakte),1,lin,2026-05-20,2026-05-27,16032.0,16453.7521,False,100.2059,421.7521,177874.869,4.2089
ocisceno,1195,Operacija sive mrene (katarakte),1,ar1,2026-05-20,2026-05-27,16032.0,15948.4669,False,100.2059,83.5331,6977.7864,0.8336
ocisceno,1195,Operacija sive mrene (katarakte),1,naivni,2026-05-27,2026-06-03,15929.0,16032.0,False,100.2913,103.0,10609.0,1.027
ocisceno,1195,Operacija sive mrene (katarakte),1,lin,2026-05-27,2026-06-03,15929.0,16487.0958,False,100.2913,558.0958,311470.9001,5.5647
ocisceno,1195,Operacija sive mrene (katarakte),1,ar1,2026-05-27,2026-06-03,15929.0,16058.7751,False,100.2913,129.7751,16841.5744,1.294
ocisceno,1195,Operacija sive mrene (katarakte),1,naivni,2026-06-03,2026-06-17,15961.0,15929.0,True,100.3173,32.0,1024.0,0.319
ocisceno,1195,Operacija sive mrene (katarakte),1,lin,2026-06-03,2026-06-17,15961.0,16515.1681,True,100.3173,554.1681,307102.3184,5.5242
ocisceno,1195,Operacija sive mrene (katarakte),1,ar1,2026-06-03,2026-06-17,15961.0,15953.0982,True,100.3173,7.9018,62.4383,0.0788
ocisceno,1195,Operacija sive mrene (katarakte),1,naivni,2026-06-17,2026-06-24,16326.0,15961.0,False,99.6667,365.0,133225.0,3.6622
ocisceno,1195,Operacija sive mrene (katarakte),1,lin,2026-06-17,2026-06-24,16326.0,16543.2884,False,99.6667,217.2884,47214.253,2.1802
ocisceno,1195,Operacija sive mrene (katarakte),1,ar1,2026-06-17,2026-06-24,16326.0,15984.9724,False,99.6667,341.0276,116299.8478,3.4217
ocisceno,1195,Operacija sive mrene (katarakte),1,naivni,2026-06-24,2026-07-01,16082.0,16326.0,False,102.1698,244.0,59536.0,2.3882
ocisceno,1195,Operacija sive mrene (katarakte),1,lin,2026-06-24,2026-07-01,16082.0,16583.9046,False,102.1698,501.9046,251908.2299,4.9125
ocisceno,1195,Operacija sive mrene (katarakte),1,ar1,2026-06-24,2026-07-01,16082.0,16356.1492,False,102.1698,274.1492,75157.7859,2.6833
ocisceno,1195,Operacija sive mrene (katarakte),1,naivni,2026-07-01,2026-07-08,16066.0,16082.0,False,103.4953,16.0,256.0,0.1546
ocisceno,1195,Operacija sive mrene (katarakte),1,lin,2026-07-01,2026-07-08,16066.0,16613.9418,False,103.4953,547.9418,300240.2692,5.2944
ocisceno,1195,Operacija sive mrene (katarakte),1,ar1,2026-07-01,2026-07-08,16066.0,16105.9154,False,103.4953,39.9154,1593.2428,0.3857
ocisceno,1195,Operacija sive mrene (katarakte),1,naivni,2026-07-08,2026-07-15,16139.0,16066.0,False,102.6852,73.0,5329.0,0.7109
ocisceno,1195,Operacija sive mrene (katarakte),1,lin,2026-07-08,2026-07-15,16139.0,16642.2044,False,102.6852,503.2044,253214.6514,4.9005
ocisceno,1195,Operacija sive mrene (katarakte),1,ar1,2026-07-08,2026-07-15,16139.0,16089.0182,False,102.6852,49.9818,2498.1841,0.4867
ocisceno,1195,Operacija sive mrene (katarakte),4,naivni,2025-04-09,2025-05-07,14582.0,14378.0,False,107.098,204.0,41616.0,1.9048
ocisceno,1195,Operacija sive mrene (katarakte),4,lin,2025-04-09,2025-05-07,14582.0,14429.016,False,107.098,152.984,23404.1019,1.4284
ocisceno,1195,Operacija sive mrene (katarakte),4,ar1,2025-04-09,2025-05-07,14582.0,14667.1151,False,107.098,85.1151,7244.5863,0.7947
ocisceno,1195,Operacija sive mrene (katarakte),4,naivni,2025-04-16,2025-05-14,14497.0,14402.0,False,105.5,95.0,9025.0,0.9005
ocisceno,1195,Operacija sive mrene (katarakte),4,lin,2025-04-16,2025-05-14,14497.0,14503.8157,False,105.5,6.8157,46.4534,0.0646
ocisceno,1195,Operacija sive mrene (katarakte),4,ar1,2025-04-16,2025-05-14,14497.0,14674.0182,False,105.5,177.0182,31335.4359,1.6779
ocisceno,1195,Operacija sive mrene (katarakte),4,naivni,2025-04-23,2025-05-21,14503.0,14346.0,False,104.566,157.0,24649.0,1.5014
ocisceno,1195,Operacija sive mrene (katarakte),4,lin,2025-04-23,2025-05-21,14503.0,14568.2882,False,104.566,65.2882,4262.5428,0.6244
ocisceno,1195,Operacija sive mrene (katarakte),4,ar1,2025-04-23,2025-05-21,14503.0,14576.2857,False,104.566,73.2857,5370.7982,0.7009
ocisceno,1195,Operacija sive mrene (katarakte),4,naivni,2025-04-30,2025-05-28,14442.0,14686.0,False,108.9259,244.0,59536.0,2.2401
ocisceno,1195,Operacija sive mrene (katarakte),4,lin,2025-04-30,2025-05-28,14442.0,14654.436,False,108.9259,212.436,45129.0553,1.9503
ocisceno,1195,Operacija sive mrene (katarakte),4,ar1,2025-04-30,2025-05-28,14442.0,15012.5363,False,108.9259,570.5363,325511.6917,5.2378
ocisceno,1195,Operacija sive mrene (katarakte),4,naivni,2025-05-07,2025-06-04,14527.0,14582.0,False,108.8364,55.0,3025.0,0.5053
ocisceno,1195,Operacija sive mrene (katarakte),4,lin,2025-05-07,2025-06-04,14527.0,14726.2019,False,108.8364,199.2019,39681.4161,1.8303
ocisceno,1195,Operacija sive mrene (katarakte),4,ar1,2025-05-07,2025-06-04,14527.0,14840.0803,False,108.8364,313.0803,98019.2694,2.8766
ocisceno,1195,Operacija sive mrene (katarakte),4,naivni,2025-05-14,2025-06-18,14326.0,14497.0,True,108.4107,171.0,29241.0,1.5773
ocisceno,1195,Operacija sive mrene (katarakte),4,lin,2025-05-14,2025-06-18,14326.0,14786.2129,True,108.4107,460.2129,211795.8763,4.2451
ocisceno,1195,Operacija sive mrene (katarakte),4,ar1,2025-05-14,2025-06-18,14326.0,14710.1488,True,108.4107,384.1488,147570.2652,3.5435
ocisceno,1195,Operacija sive mrene (katarakte),4,naivni,2025-05-21,2025-07-02,14300.0,14503.0,True,106.614,203.0,41209.0,1.9041
ocisceno,1195,Operacija sive mrene (katarakte),4,lin,2025-05-21,2025-07-02,14300.0,14842.1817,True,106.614,542.1817,293961.033,5.0855
ocisceno,1195,Operacija sive mrene (katarakte),4,ar1,2025-05-21,2025-07-02,14300.0,14703.3998,True,106.614,403.3998,162731.3824,3.7837
ocisceno,1195,Operacija sive mrene (katarakte),4,naivni,2025-05-28,2025-07-09,14582.0,14442.0,True,105.8276,140.0,19600.0,1.3229
ocisceno,1195,Operacija sive mrene (katarakte),4,lin,2025-05-28,2025-07-09,14582.0,14889.551,True,105.8276,307.551,94587.6316,2.9062
ocisceno,1195,Operacija sive mrene (katarakte),4,ar1,2025-05-28,2025-07-09,14582.0,14616.3456,True,105.8276,34.3456,1179.6221,0.3245
ocisceno,1195,Operacija sive mrene (katarakte),4,naivni,2025-06-04,2025-07-16,14676.0,14527.0,True,105.4746,149.0,22201.0,1.4127
ocisceno,1195,Operacija sive mrene (katarakte),4,lin,2025-06-04,2025-07-16,14676.0,14939.4527,True,105.4746,263.4527,69407.3104,2.4978
ocisceno,1195,Operacija sive mrene (katarakte),4,ar1,2025-06-04,2025-07-16,14676.0,14708.3793,True,105.4746,32.3793,1048.4196,0.307
ocisceno,1195,Operacija sive mrene (katarakte),4,naivni,2025-06-18,2025-07-23,14656.0,14326.0,True,107.0667,330.0,108900.0,3.0822
ocisceno,1195,Operacija sive mrene (katarakte),4,lin,2025-06-18,2025-07-23,14656.0,14971.5791,True,107.0667,315.5791,99590.1423,2.9475
ocisceno,1195,Operacija sive mrene (katarakte),4,ar1,2025-06-18,2025-07-23,14656.0,14461.3717,True,107.0667,194.6283,37880.1571,1.8178
ocisceno,1195,Operacija sive mrene (katarakte),4,naivni,2025-07-02,2025-07-30,14682.0,14300.0,False,105.7377,382.0,145924.0,3.6127
ocisceno,1195,Operacija sive mrene (katarakte),4,lin,2025-07-02,2025-07-30,14682.0,14999.3857,False,105.7377,317.3857,100733.706,3.0016
ocisceno,1195,Operacija sive mrene (katarakte),4,ar1,2025-07-02,2025-07-30,14682.0,14425.8728,False,105.7377,256.1272,65601.1556,2.4223
ocisceno,1195,Operacija sive mrene (katarakte),4,naivni,2025-07-09,2025-08-06,14729.0,14582.0,False,108.5806,147.0,21609.0,1.3538
ocisceno,1195,Operacija sive mrene (katarakte),4,lin,2025-07-09,2025-08-06,14729.0,15044.1346,False,108.5806,315.1346,99309.8367,2.9023
ocisceno,1195,Operacija sive mrene (katarakte),4,ar1,2025-07-09,2025-08-06,14729.0,14740.5013,False,108.5806,11.5013,132.28,0.1059
ocisceno,1195,Operacija sive mrene (katarakte),4,naivni,2025-07-16,2025-08-13,14816.0,14676.0,False,108.3492,140.0,19600.0,1.2921
ocisceno,1195,Operacija sive mrene (katarakte),4,lin,2025-07-16,2025-08-13,14816.0,15092.0203,False,108.3492,276.0203,76187.2098,2.5475
ocisceno,1195,Operacija sive mrene (katarakte),4,ar1,2025-07-16,2025-08-13,14816.0,14842.7834,False,108.3492,26.7834,717.3515,0.2472
ocisceno,1195,Operacija sive mrene (katarakte),4,naivni,2025-07-23,2025-08-27,14752.0,14656.0,True,106.9688,96.0,9216.0,0.8975
ocisceno,1195,Operacija sive mrene (katarakte),4,lin,2025-07-23,2025-08-27,14752.0,15135.325,True,106.9688,383.325,146938.0556,3.5835
ocisceno,1195,Operacija sive mrene (katarakte),4,ar1,2025-07-23,2025-08-27,14752.0,14810.4164,True,106.9688,58.4164,3412.4767,0.5461
ocisceno,1195,Operacija sive mrene (katarakte),4,naivni,2025-07-30,2025-09-03,14788.0,14682.0,True,105.7231,106.0,11236.0,1.0026
ocisceno,1195,Operacija sive mrene (katarakte),4,lin,2025-07-30,2025-09-03,14788.0,15177.3539,True,105.7231,389.3539,151596.4771,3.6828
ocisceno,1195,Operacija sive mrene (katarakte),4,ar1,2025-07-30,2025-09-03,14788.0,14832.9145,True,105.7231,44.9145,2017.3151,0.4248
ocisceno,1195,Operacija sive mrene (katarakte),4,naivni,2025-08-06,2025-09-10,14759.0,14729.0,True,104.8333,30.0,900.0,0.2862
ocisceno,1195,Operacija sive mrene (katarakte),4,lin,2025-08-06,2025-09-10,14759.0,15219.5371,True,104.8333,460.5371,212094.4333,4.393
ocisceno,1195,Operacija sive mrene (katarakte),4,ar1,2025-08-06,2025-09-10,14759.0,14879.9393,True,104.8333,120.9393,14626.3061,1.1536
ocisceno,1195,Operacija sive mrene (katarakte),4,naivni,2025-08-13,2025-09-17,14830.0,14816.0,True,104.5672,14.0,196.0,0.1339
ocisceno,1195,Operacija sive mrene (katarakte),4,lin,2025-08-13,2025-09-17,14830.0,15264.374,True,104.5672,434.374,188680.7328,4.154
ocisceno,1195,Operacija sive mrene (katarakte),4,ar1,2025-08-13,2025-09-17,14830.0,14973.4287,True,104.5672,143.4287,20571.7807,1.3716
ocisceno,1195,Operacija sive mrene (katarakte),4,naivni,2025-08-27,2025-09-24,14962.0,14752.0,False,103.9706,210.0,44100.0,2.0198
ocisceno,1195,Operacija sive mrene (katarakte),4,lin,2025-08-27,2025-09-24,14962.0,15302.3705,False,103.9706,340.3705,115852.0793,3.2737
ocisceno,1195,Operacija sive mrene (katarakte),4,ar1,2025-08-27,2025-09-24,14962.0,14891.9263,False,103.9706,70.0737,4910.3261,0.674
ocisceno,1195,Operacija sive mrene (katarakte),4,naivni,2025-09-03,2025-10-01,14969.0,14788.0,False,102.9855,181.0,32761.0,1.7575
ocisceno,1195,Operacija sive mrene (katarakte),4,lin,2025-09-03,2025-10-01,14969.0,15340.0657,False,102.9855,371.0657,137689.7526,3.6031
ocisceno,1195,Operacija sive mrene (katarakte),4,ar1,2025-09-03,2025-10-01,14969.0,14926.6072,False,102.9855,42.3928,1797.1534,0.4116
ocisceno,1195,Operacija sive mrene (katarakte),4,naivni,2025-09-10,2025-10-08,15028.0,14759.0,False,101.9286,269.0,72361.0,2.6391
ocisceno,1195,Operacija sive mrene (katarakte),4,lin,2025-09-10,2025-10-08,15028.0,15373.5926,False,101.9286,345.5926,119434.2143,3.3905
ocisceno,1195,Operacija sive mrene (katarakte),4,ar1,2025-09-10,2025-10-08,15028.0,14887.8362,False,101.9286,140.1638,19645.8823,1.3751
ocisceno,1195,Operacija sive mrene (katarakte),4,naivni,2025-09-17,2025-10-15,15062.0,14830.0,False,101.493,232.0,53824.0,2.2859
ocisceno,1195,Operacija sive mrene (katarakte),4,lin,2025-09-17,2025-10-15,15062.0,15409.1249,False,101.493,347.1249,120495.7117,3.4202
ocisceno,1195,Operacija sive mrene (katarakte),4,ar1,2025-09-17,2025-10-15,15062.0,14962.0955,False,101.493,99.9045,9980.9012,0.9843
ocisceno,1195,Operacija sive mrene (katarakte),4,naivni,2025-09-24,2025-10-22,15260.0,14962.0,False,101.9167,298.0,88804.0,2.924
ocisceno,1195,Operacija sive mrene (katarakte),4,lin,2025-09-24,2025-10-22,15260.0,15450.0838,False,101.9167,190.0838,36131.8495,1.8651
ocisceno,1195,Operacija sive mrene (katarakte),4,ar1,2025-09-24,2025-10-22,15260.0,15105.6455,False,101.9167,154.3545,23825.3015,1.5145
ocisceno,1195,Operacija sive mrene (katarakte),4,naivni,2025-10-01,2025-10-29,15349.0,14969.0,False,100.6164,380.0,144400.0,3.7767
ocisceno,1195,Operacija sive mrene (katarakte),4,lin,2025-10-01,2025-10-29,15349.0,15488.9665,False,100.6164,139.9665,19590.6256,1.3911
ocisceno,1195,Operacija sive mrene (katarakte),4,ar1,2025-10-01,2025-10-29,15349.0,15107.2797,False,100.6164,241.7203,58428.6908,2.4024
ocisceno,1195,Operacija sive mrene (katarakte),4,naivni,2025-10-08,2025-11-05,15273.0,15028.0,False,100.0541,245.0,60025.0,2.4487
ocisceno,1195,Operacija sive mrene (katarakte),4,lin,2025-10-08,2025-11-05,15273.0,15528.8432,False,100.0541,255.8432,65455.736,2.557
ocisceno,1195,Operacija sive mrene (katarakte),4,ar1,2025-10-08,2025-11-05,15273.0,15168.2152,False,100.0541,104.7848,10979.8466,1.0473
ocisceno,1195,Operacija sive mrene (katarakte),4,naivni,2025-10-15,2025-11-12,15280.0,15062.0,False,99.1733,218.0,47524.0,2.1982
ocisceno,1195,Operacija sive mrene (katarakte),4,lin,2025-10-15,2025-11-12,15280.0,15568.2627,False,99.1733,288.2627,83095.3645,2.9067
ocisceno,1195,Operacija sive mrene (katarakte),4,ar1,2025-10-15,2025-11-12,15280.0,15200.7604,False,99.1733,79.2396,6278.9206,0.799
ocisceno,1195,Operacija sive mrene (katarakte),4,naivni,2025-10-22,2025-11-19,15368.0,15260.0,False,100.4737,108.0,11664.0,1.0749
ocisceno,1195,Operacija sive mrene (katarakte),4,lin,2025-10-22,2025-11-19,15368.0,15616.2664,False,100.4737,248.2664,61636.1881,2.471
ocisceno,1195,Operacija sive mrene (katarakte),4,ar1,2025-10-22,2025-11-19,15368.0,15420.709,False,100.4737,52.709,2778.2337,0.5246
ocisceno,1195,Operacija sive mrene (katarakte),4,naivni,2025-10-29,2025-11-26,15382.0,15349.0,False,100.3247,33.0,1089.0,0.3289
ocisceno,1195,Operacija sive mrene (katarakte),4,lin,2025-10-29,2025-11-26,15382.0,15666.433,False,100.3247,284.433,80902.1492,2.8351
ocisceno,1195,Operacija sive mrene (katarakte),4,ar1,2025-10-29,2025-11-26,15382.0,15516.6157,False,100.3247,134.6157,18121.3797,1.3418
ocisceno,1195,Operacija sive mrene (katarakte),4,naivni,2025-11-05,2025-12-03,15457.0,15273.0,False,100.0128,184.0,33856.0,1.8398
ocisceno,1195,Operacija sive mrene (katarakte),4,lin,2025-11-05,2025-12-03,15457.0,15709.8112,False,100.0128,252.8112,63913.514,2.5278
ocisceno,1195,Operacija sive mrene (katarakte),4,ar1,2025-11-05,2025-12-03,15457.0,15420.8624,False,100.0128,36.1376,1305.9269,0.3613
ocisceno,1195,Operacija sive mrene (katarakte),4,naivni,2025-11-12,2025-12-10,15563.0,15280.0,False,98.8354,283.0,80089.0,2.8633
ocisceno,1195,Operacija sive mrene (katarakte),4,lin,2025-11-12,2025-12-10,15563.0,15751.1795,False,98.8354,188.1795,35411.5245,1.904
ocisceno,1195,Operacija sive mrene (katarakte),4,ar1,2025-11-12,2025-12-10,15563.0,15422.5188,False,98.8354,140.4812,19734.9664,1.4214
ocisceno,1195,Operacija sive mrene (katarakte),4,naivni,2025-11-19,2025-12-17,15721.0,15368.0,False,98.7,353.0,124609.0,3.5765
ocisceno,1195,Operacija sive mrene (katarakte),4,lin,2025-11-19,2025-12-17,15721.0,15794.8752,False,98.7,73.8752,5457.5434,0.7485
ocisceno,1195,Operacija sive mrene (katarakte),4,ar1,2025-11-19,2025-12-17,15721.0,15516.4373,False,98.7,204.5627,41845.9035,2.0726
ocisceno,1195,Operacija sive mrene (katarakte),4,naivni,2025-11-26,2026-01-07,15699.0,15382.0,True,97.6543,317.0,100489.0,3.2461
ocisceno,1195,Operacija sive mrene (katarakte),4,lin,2025-11-26,2026-01-07,15699.0,15836.962,True,97.6543,137.962,19033.5059,1.4128
ocisceno,1195,Operacija sive mrene (katarakte),4,ar1,2025-11-26,2026-01-07,15699.0,15526.1127,True,97.6543,172.8873,29890.0053,1.7704
ocisceno,1195,Operacija sive mrene (katarakte),4,naivni,2025-12-03,2026-01-14,15630.0,15457.0,True,97.378,173.0,29929.0,1.7766
ocisceno,1195,Operacija sive mrene (katarakte),4,lin,2025-12-03,2026-01-14,15630.0,15880.6292,True,97.378,250.6292,62815.0133,2.5738
ocisceno,1195,Operacija sive mrene (katarakte),4,ar1,2025-12-03,2026-01-14,15630.0,15605.2234,True,97.378,24.7766,613.8784,0.2544
ocisceno,1195,Operacija sive mrene (katarakte),4,naivni,2025-12-10,2026-01-21,15453.0,15563.0,True,97.4819,110.0,12100.0,1.1284
ocisceno,1195,Operacija sive mrene (katarakte),4,lin,2025-12-10,2026-01-21,15453.0,15927.345,True,97.4819,474.345,225003.2208,4.866
ocisceno,1195,Operacija sive mrene (katarakte),4,ar1,2025-12-10,2026-01-21,15453.0,15719.8355,True,97.4819,266.8355,71201.1736,2.7373
ocisceno,1195,Operacija sive mrene (katarakte),4,naivni,2025-12-17,2026-01-28,15416.0,15721.0,True,98.2024,305.0,93025.0,3.1058
ocisceno,1195,Operacija sive mrene (katarakte),4,lin,2025-12-17,2026-01-28,15416.0,15979.5184,True,98.2024,563.5184,317552.9315,5.7383
ocisceno,1195,Operacija sive mrene (katarakte),4,ar1,2025-12-17,2026-01-28,15416.0,15895.013,True,98.2024,479.013,229453.4742,4.8778
ocisceno,1195,Operacija sive mrene (katarakte),4,naivni,2026-01-07,2026-02-04,15489.0,15699.0,False,97.3059,210.0,44100.0,2.1581
ocisceno,1195,Operacija sive mrene (katarakte),4,lin,2026-01-07,2026-02-04,15489.0,16028.0487,False,97.3059,539.0487,290573.4506,5.5397
ocisceno,1195,Operacija sive mrene (katarakte),4,ar1,2026-01-07,2026-02-04,15489.0,15861.7055,False,97.3059,372.7055,138909.4191,3.8302
ocisceno,1195,Operacija sive mrene (katarakte),4,naivni,2026-01-14,2026-02-11,15475.0,15630.0,False,96.9767,155.0,24025.0,1.5983
ocisceno,1195,Operacija sive mrene (katarakte),4,lin,2026-01-14,2026-02-11,15475.0,16070.8602,False,96.9767,595.8602,355049.426,6.1444
ocisceno,1195,Operacija sive mrene (katarakte),4,ar1,2026-01-14,2026-02-11,15475.0,15776.0552,False,96.9767,301.0552,90634.2127,3.1044
ocisceno,1195,Operacija sive mrene (katarakte),4,naivni,2026-01-21,2026-02-18,15877.0,15453.0,False,97.8966,424.0,179776.0,4.3311
ocisceno,1195,Operacija sive mrene (katarakte),4,lin,2026-01-21,2026-02-18,15877.0,16103.0997,False,97.8966,226.0997,51121.073,2.3096
ocisceno,1195,Operacija sive mrene (katarakte),4,ar1,2026-01-21,2026-02-18,15877.0,15572.8637,False,97.8966,304.1363,92498.918,3.1067
ocisceno,1195,Operacija sive mrene (katarakte),4,naivni,2026-01-28,2026-02-25,15889.0,15416.0,False,97.2045,473.0,223729.0,4.866
ocisceno,1195,Operacija sive mrene (katarakte),4,lin,2026-01-28,2026-02-25,15889.0,16131.9291,False,97.2045,242.9291,59014.5531,2.4992
ocisceno,1195,Operacija sive mrene (katarakte),4,ar1,2026-01-28,2026-02-25,15889.0,15528.5171,False,97.2045,360.4829,129947.911,3.7085
ocisceno,1195,Operacija sive mrene (katarakte),4,naivni,2026-02-04,2026-03-04,15842.0,15489.0,False,96.9326,353.0,124609.0,3.6417
ocisceno,1195,Operacija sive mrene (katarakte),4,lin,2026-02-04,2026-03-04,15842.0,16162.6582,False,96.9326,320.6582,102821.6895,3.3081
ocisceno,1195,Operacija sive mrene (katarakte),4,ar1,2026-02-04,2026-03-04,15842.0,15604.1791,False,96.9326,237.8209,56558.7761,2.4535
ocisceno,1195,Operacija sive mrene (katarakte),4,naivni,2026-02-11,2026-03-11,15854.0,15475.0,False,96.0111,379.0,143641.0,3.9475
ocisceno,1195,Operacija sive mrene (katarakte),4,lin,2026-02-11,2026-03-11,15854.0,16191.1812,False,96.0111,337.1812,113691.145,3.5119
ocisceno,1195,Operacija sive mrene (katarakte),4,ar1,2026-02-11,2026-03-11,15854.0,15585.2892,False,96.0111,268.7108,72205.4934,2.7987
ocisceno,1195,Operacija sive mrene (katarakte),4,naivni,2026-02-18,2026-03-18,15776.0,15877.0,False,99.3736,101.0,10201.0,1.0164
ocisceno,1195,Operacija sive mrene (katarakte),4,lin,2026-02-18,2026-03-18,15776.0,16236.5742,False,99.3736,460.5742,212128.6389,4.6348
ocisceno,1195,Operacija sive mrene (katarakte),4,ar1,2026-02-18,2026-03-18,15776.0,16022.582,False,99.3736,246.582,60802.6874,2.4814
ocisceno,1195,Operacija sive mrene (katarakte),4,naivni,2026-02-25,2026-03-25,15692.0,15889.0,False,98.4239,197.0,38809.0,2.0015
ocisceno,1195,Operacija sive mrene (katarakte),4,lin,2026-02-25,2026-03-25,15692.0,16280.4179,False,98.4239,588.4179,346235.5813,5.9784
ocisceno,1195,Operacija sive mrene (katarakte),4,ar1,2026-02-25,2026-03-25,15692.0,16030.4555,False,98.4239,338.4555,114552.1506,3.4388
ocisceno,1195,Operacija sive mrene (katarakte),4,naivni,2026-03-04,2026-04-08,15986.0,15842.0,True,97.871,144.0,20736.0,1.4713
ocisceno,1195,Operacija sive mrene (katarakte),4,lin,2026-03-04,2026-04-08,15986.0,16320.1599,True,97.871,334.1599,111662.8554,3.4143
ocisceno,1195,Operacija sive mrene (katarakte),4,ar1,2026-03-04,2026-04-08,15986.0,15972.5867,True,97.871,13.4133,179.9159,0.1371
ocisceno,1195,Operacija sive mrene (katarakte),4,naivni,2026-03-11,2026-04-15,15796.0,15854.0,True,96.9574,58.0,3364.0,0.5982
ocisceno,1195,Operacija sive mrene (katarakte),4,lin,2026-03-11,2026-04-15,15796.0,16358.6029,True,96.9574,562.6029,316522.0203,5.8026
ocisceno,1195,Operacija sive mrene (katarakte),4,ar1,2026-03-11,2026-04-15,15796.0,15981.2798,True,96.9574,185.2798,34328.6031,1.9109
ocisceno,1195,Operacija sive mrene (katarakte),4,naivni,2026-03-18,2026-04-29,15934.0,15776.0,True,96.7579,158.0,24964.0,1.6329
ocisceno,1195,Operacija sive mrene (katarakte),4,lin,2026-03-18,2026-04-29,15934.0,16391.887,True,96.7579,457.887,209660.4968,4.7323
ocisceno,1195,Operacija sive mrene (katarakte),4,ar1,2026-03-18,2026-04-29,15934.0,15891.2058,True,96.7579,42.7942,1831.3453,0.4423
ocisceno,1195,Operacija sive mrene (katarakte),4,naivni,2026-03-25,2026-05-06,15767.0,15692.0,True,96.625,75.0,5625.0,0.7762
ocisceno,1195,Operacija sive mrene (katarakte),4,lin,2026-03-25,2026-05-06,15767.0,16420.0021,True,96.625,653.0021,426411.7477,6.7581
ocisceno,1195,Operacija sive mrene (katarakte),4,ar1,2026-03-25,2026-05-06,15767.0,15796.5657,True,96.625,29.5657,874.1315,0.306
ocisceno,1195,Operacija sive mrene (katarakte),4,naivni,2026-04-08,2026-05-13,15768.0,15986.0,True,98.6598,218.0,47524.0,2.2096
ocisceno,1195,Operacija sive mrene (katarakte),4,lin,2026-04-08,2026-05-13,15768.0,16459.3251,True,98.6598,691.3251,477930.3885,7.0072
ocisceno,1195,Operacija sive mrene (katarakte),4,ar1,2026-04-08,2026-05-13,15768.0,16112.0992,True,98.6598,344.0992,118404.2484,3.4877
ocisceno,1195,Operacija sive mrene (katarakte),4,naivni,2026-04-15,2026-05-20,15923.0,15796.0,True,99.5918,127.0,16129.0,1.2752
ocisceno,1195,Operacija sive mrene (katarakte),4,lin,2026-04-15,2026-05-20,15923.0,16488.8963,True,99.5918,565.8963,320238.5731,5.6822
ocisceno,1195,Operacija sive mrene (katarakte),4,ar1,2026-04-15,2026-05-20,15923.0,15900.0592,True,99.5918,22.9408,526.2793,0.2303
ocisceno,1195,Operacija sive mrene (katarakte),4,naivni,2026-04-29,2026-05-27,16032.0,15934.0,False,99.9798,98.0,9604.0,0.9802
ocisceno,1195,Operacija sive mrene (katarakte),4,lin,2026-04-29,2026-05-27,16032.0,16522.8744,False,99.9798,490.8744,240957.6721,4.9097
ocisceno,1195,Operacija sive mrene (katarakte),4,ar1,2026-04-29,2026-05-27,16032.0,16045.9112,False,99.9798,13.9112,193.5211,0.1391
ocisceno,1195,Operacija sive mrene (katarakte),4,naivni,2026-05-06,2026-06-03,15929.0,15767.0,False,100.65,162.0,26244.0,1.6095
ocisceno,1195,Operacija sive mrene (katarakte),4,lin,2026-05-06,2026-06-03,15929.0,16548.4465,False,100.65,619.4465,383714.0237,6.1545
ocisceno,1195,Operacija sive mrene (katarakte),4,ar1,2026-05-06,2026-06-03,15929.0,15862.4244,False,100.65,66.5756,4432.3072,0.6615
ocisceno,1195,Operacija sive mrene (katarakte),4,naivni,2026-05-13,2026-06-17,15961.0,15768.0,True,99.6634,193.0,37249.0,1.9365
ocisceno,1195,Operacija sive mrene (katarakte),4,lin,2026-05-13,2026-06-17,15961.0,16572.873,True,99.6634,611.873,374388.5387,6.1394
ocisceno,1195,Operacija sive mrene (katarakte),4,ar1,2026-05-13,2026-06-17,15961.0,15860.9175,True,99.6634,100.0825,10016.5147,1.0042
ocisceno,1195,Operacija sive mrene (katarakte),4,naivni,2026-05-20,2026-06-24,16326.0,15923.0,True,100.2059,403.0,162409.0,4.0217
ocisceno,1195,Operacija sive mrene (katarakte),4,lin,2026-05-20,2026-06-24,16326.0,16602.4468,True,100.2059,276.4468,76422.8148,2.7588
ocisceno,1195,Operacija sive mrene (katarakte),4,ar1,2026-05-20,2026-06-24,16326.0,16023.3357,True,100.2059,302.6643,91605.6659,3.0204
ocisceno,1195,Operacija sive mrene (katarakte),4,naivni,2026-05-27,2026-07-01,16082.0,16032.0,True,100.2913,50.0,2500.0,0.4985
ocisceno,1195,Operacija sive mrene (katarakte),4,lin,2026-05-27,2026-07-01,16082.0,16635.0952,True,100.2913,553.0952,305914.3109,5.5149
ocisceno,1195,Operacija sive mrene (katarakte),4,ar1,2026-05-27,2026-07-01,16082.0,16137.6075,True,100.2913,55.6075,3092.1925,0.5545
ocisceno,1195,Operacija sive mrene (katarakte),4,naivni,2026-06-03,2026-07-08,16066.0,15929.0,True,100.3173,137.0,18769.0,1.3657
ocisceno,1195,Operacija sive mrene (katarakte),4,lin,2026-06-03,2026-07-08,16066.0,16662.265,True,100.3173,596.265,355531.9267,5.9438
ocisceno,1195,Operacija sive mrene (katarakte),4,ar1,2026-06-03,2026-07-08,16066.0,16023.8812,True,100.3173,42.1188,1773.9911,0.4199
ocisceno,1195,Operacija sive mrene (katarakte),4,naivni,2026-06-17,2026-07-15,16139.0,15961.0,False,99.6667,178.0,31684.0,1.786
ocisceno,1195,Operacija sive mrene (katarakte),4,lin,2026-06-17,2026-07-15,16139.0,16689.5058,False,99.6667,550.5058,303056.6152,5.5235
ocisceno,1195,Operacija sive mrene (katarakte),4,ar1,2026-06-17,2026-07-15,16139.0,16055.3952,False,99.6667,83.6048,6989.7681,0.8388
ocisceno,1626,Endoproteza kolena,1,naivni,2025-04-09,2025-04-16,8601.0,9346.0,False,87.6667,745.0,555025.0,8.4981
ocisceno,1626,Endoproteza kolena,1,lin,2025-04-09,2025-04-16,8601.0,8835.5294,False,87.6667,234.5294,55004.045,2.6752
ocisceno,1626,Endoproteza kolena,1,ar1,2025-04-09,2025-04-16,8601.0,9176.5922,False,87.6667,575.5922,331306.4378,6.5657
ocisceno,1626,Endoproteza kolena,1,naivni,2025-04-16,2025-04-23,8616.0,8601.0,False,100.3077,15.0,225.0,0.1495
ocisceno,1626,Endoproteza kolena,1,lin,2025-04-16,2025-04-23,8616.0,8822.8302,False,100.3077,206.8302,42778.7269,2.062
ocisceno,1626,Endoproteza kolena,1,ar1,2025-04-16,2025-04-23,8616.0,8657.2469,False,100.3077,41.2469,1701.3108,0.4112
ocisceno,1626,Endoproteza kolena,1,naivni,2025-04-23,2025-04-30,8586.0,8616.0,False,98.6981,30.0,900.0,0.304
ocisceno,1626,Endoproteza kolena,1,lin,2025-04-23,2025-04-30,8586.0,8812.0189,False,98.6981,226.0189,51084.5287,2.29
ocisceno,1626,Endoproteza kolena,1,ar1,2025-04-23,2025-04-30,8586.0,8662.936,False,98.6981,76.936,5919.1516,0.7795
ocisceno,1626,Endoproteza kolena,1,naivni,2025-04-30,2025-05-07,8970.0,8586.0,False,97.4259,384.0,147456.0,3.9415
ocisceno,1626,Endoproteza kolena,1,lin,2025-04-30,2025-05-07,8970.0,8799.6727,False,97.4259,170.3273,29011.3798,1.7483
ocisceno,1626,Endoproteza kolena,1,ar1,2025-04-30,2025-05-07,8970.0,8647.4482,False,97.4259,322.5518,104039.6929,3.3107
ocisceno,1626,Endoproteza kolena,1,naivni,2025-05-07,2025-05-14,8951.0,8970.0,False,102.6364,19.0,361.0,0.1851
ocisceno,1626,Endoproteza kolena,1,lin,2025-05-07,2025-05-14,8951.0,8815.4903,False,102.6364,135.5097,18362.8897,1.3203
ocisceno,1626,Endoproteza kolena,1,ar1,2025-05-07,2025-05-14,8951.0,8821.3279,False,102.6364,129.6721,16814.8507,1.2634
ocisceno,1626,Endoproteza kolena,1,naivni,2025-05-14,2025-05-21,8544.0,8951.0,False,101.1429,407.0,165649.0,4.024
ocisceno,1626,Endoproteza kolena,1,lin,2025-05-14,2025-05-21,8544.0,8828.9712,False,101.1429,284.9712,81208.5723,2.8175
ocisceno,1626,Endoproteza kolena,1,ar1,2025-05-14,2025-05-21,8544.0,8821.3546,False,101.1429,277.3546,76925.5565,2.7422
ocisceno,1626,Endoproteza kolena,1,naivni,2025-05-21,2025-05-28,8646.0,8544.0,False,106.5088,102.0,10404.0,0.9577
ocisceno,1626,Endoproteza kolena,1,lin,2025-05-21,2025-05-28,8646.0,8813.5354,False,106.5088,167.5354,28068.107,1.573
ocisceno,1626,Endoproteza kolena,1,ar1,2025-05-21,2025-05-28,8646.0,8639.0401,False,106.5088,6.9599,48.4405,0.0653
ocisceno,1626,Endoproteza kolena,1,naivni,2025-05-28,2025-06-04,8979.0,8646.0,False,106.431,333.0,110889.0,3.1288
ocisceno,1626,Endoproteza kolena,1,lin,2025-05-28,2025-06-04,8979.0,8805.8948,False,106.431,173.1052,29965.4108,1.6265
ocisceno,1626,Endoproteza kolena,1,ar1,2025-05-28,2025-06-04,8979.0,8680.9576,False,106.431,298.0424,88829.2481,2.8003
ocisceno,1626,Endoproteza kolena,1,naivni,2025-06-04,2025-06-18,9014.0,8979.0,True,110.2712,35.0,1225.0,0.3174
ocisceno,1626,Endoproteza kolena,1,lin,2025-06-04,2025-06-18,9014.0,8820.8689,True,110.2712,193.1311,37299.6115,1.7514
ocisceno,1626,Endoproteza kolena,1,ar1,2025-06-04,2025-06-18,9014.0,8819.0873,True,110.2712,194.9127,37990.9781,1.7676
ocisceno,1626,Endoproteza kolena,1,naivni,2025-06-18,2025-07-02,9018.0,9014.0,True,109.0167,4.0,16.0,0.0367
ocisceno,1626,Endoproteza kolena,1,lin,2025-06-18,2025-07-02,9018.0,8837.2508,True,109.0167,180.7492,32670.2662,1.658
ocisceno,1626,Endoproteza kolena,1,ar1,2025-06-18,2025-07-02,9018.0,8846.1935,True,109.0167,171.8065,29517.4622,1.576
ocisceno,1626,Endoproteza kolena,1,naivni,2025-07-02,2025-07-09,9062.0,9018.0,False,107.2951,44.0,1936.0,0.4101
ocisceno,1626,Endoproteza kolena,1,lin,2025-07-02,2025-07-09,9062.0,8852.936,False,107.2951,209.064,43707.7508,1.9485
ocisceno,1626,Endoproteza kolena,1,ar1,2025-07-02,2025-07-09,9062.0,8859.9037,False,107.2951,202.0963,40842.9155,1.8836
ocisceno,1626,Endoproteza kolena,1,naivni,2025-07-09,2025-07-16,8765.0,9062.0,False,106.2742,297.0,88209.0,2.7947
ocisceno,1626,Endoproteza kolena,1,lin,2025-07-09,2025-07-16,8765.0,8870.5115,False,106.2742,105.5115,11132.681,0.9928
ocisceno,1626,Endoproteza kolena,1,ar1,2025-07-09,2025-07-16,8765.0,8894.9324,False,106.2742,129.9324,16882.4325,1.2226
ocisceno,1626,Endoproteza kolena,1,naivni,2025-07-16,2025-07-23,8859.0,8765.0,False,109.3016,94.0,8836.0,0.86
ocisceno,1626,Endoproteza kolena,1,lin,2025-07-16,2025-07-23,8859.0,8868.5298,False,109.3016,9.5298,90.8164,0.0872
ocisceno,1626,Endoproteza kolena,1,ar1,2025-07-16,2025-07-23,8859.0,8745.2973,False,109.3016,113.7027,12928.3018,1.0403
ocisceno,1626,Endoproteza kolena,1,naivni,2025-07-23,2025-07-30,8821.0,8859.0,False,109.0625,38.0,1444.0,0.3484
ocisceno,1626,Endoproteza kolena,1,lin,2025-07-23,2025-07-30,8821.0,8872.4038,False,109.0625,51.4038,2642.3554,0.4713
ocisceno,1626,Endoproteza kolena,1,ar1,2025-07-23,2025-07-30,8821.0,8791.6648,False,109.0625,29.3352,860.5541,0.269
ocisceno,1626,Endoproteza kolena,1,naivni,2025-07-30,2025-08-06,9162.0,8821.0,False,107.9692,341.0,116281.0,3.1583
ocisceno,1626,Endoproteza kolena,1,lin,2025-07-30,2025-08-06,9162.0,8873.7357,False,107.9692,288.2643,83096.3272,2.6699
ocisceno,1626,Endoproteza kolena,1,ar1,2025-07-30,2025-08-06,9162.0,8774.3217,False,107.9692,387.6783,150294.4404,3.5906
ocisceno,1626,Endoproteza kolena,1,naivni,2025-08-06,2025-08-13,9205.0,9162.0,False,111.5,43.0,1849.0,0.3857
ocisceno,1626,Endoproteza kolena,1,lin,2025-08-06,2025-08-13,9205.0,8895.3229,False,111.5,309.6771,95899.8872,2.7774
ocisceno,1626,Endoproteza kolena,1,ar1,2025-08-06,2025-08-13,9205.0,8950.3412,False,111.5,254.6588,64851.1149,2.2839
ocisceno,1626,Endoproteza kolena,1,naivni,2025-08-13,2025-08-27,9142.0,9205.0,True,110.4776,63.0,3969.0,0.5703
ocisceno,1626,Endoproteza kolena,1,lin,2025-08-13,2025-08-27,9142.0,8918.2963,True,110.4776,223.7037,50043.3398,2.0249
ocisceno,1626,Endoproteza kolena,1,ar1,2025-08-13,2025-08-27,9142.0,8999.3127,True,110.4776,142.6873,20359.6765,1.2915
ocisceno,1626,Endoproteza kolena,1,naivni,2025-08-27,2025-09-03,9162.0,9142.0,False,109.7794,20.0,400.0,0.1822
ocisceno,1626,Endoproteza kolena,1,lin,2025-08-27,2025-09-03,9162.0,8936.4177,False,109.7794,225.5823,50887.3595,2.0549
ocisceno,1626,Endoproteza kolena,1,ar1,2025-08-27,2025-09-03,9162.0,8978.3376,False,109.7794,183.6624,33731.8793,1.673
ocisceno,1626,Endoproteza kolena,1,naivni,2025-09-03,2025-09-10,9178.0,9162.0,False,108.4783,16.0,256.0,0.1475
ocisceno,1626,Endoproteza kolena,1,lin,2025-09-03,2025-09-10,9178.0,8954.7391,False,108.4783,223.2609,49845.4159,2.0581
ocisceno,1626,Endoproteza kolena,1,ar1,2025-09-03,2025-09-10,9178.0,9004.4067,False,108.4783,173.5933,30134.623,1.6003
ocisceno,1626,Endoproteza kolena,1,naivni,2025-09-10,2025-09-17,8918.0,9178.0,False,107.1571,260.0,67600.0,2.4263
ocisceno,1626,Endoproteza kolena,1,lin,2025-09-10,2025-09-17,8918.0,8973.0205,False,107.1571,55.0205,3027.258,0.5135
ocisceno,1626,Endoproteza kolena,1,ar1,2025-09-10,2025-09-17,8918.0,9027.7363,False,107.1571,109.7363,12042.0586,1.0241
ocisceno,1626,Endoproteza kolena,1,naivni,2025-09-17,2025-09-24,8936.0,8918.0,False,109.3099,18.0,324.0,0.1647
ocisceno,1626,Endoproteza kolena,1,lin,2025-09-17,2025-09-24,8936.0,8975.9292,False,109.3099,39.9292,1594.3399,0.3653
ocisceno,1626,Endoproteza kolena,1,ar1,2025-09-17,2025-09-24,8936.0,8860.4176,False,109.3099,75.5824,5712.704,0.6915
ocisceno,1626,Endoproteza kolena,1,naivni,2025-09-24,2025-10-01,8746.0,8936.0,False,108.0417,190.0,36100.0,1.7586
ocisceno,1626,Endoproteza kolena,1,lin,2025-09-24,2025-10-01,8746.0,8979.6438,False,108.0417,233.6438,54589.4419,2.1625
ocisceno,1626,Endoproteza kolena,1,ar1,2025-09-24,2025-10-01,8746.0,8873.1988,False,108.0417,127.1988,16179.5411,1.1773
ocisceno,1626,Endoproteza kolena,1,naivni,2025-10-01,2025-10-08,8888.0,8746.0,False,109.1644,142.0,20164.0,1.3008
ocisceno,1626,Endoproteza kolena,1,lin,2025-10-01,2025-10-08,8888.0,8972.8726,False,109.1644,84.8726,7203.365,0.7775
ocisceno,1626,Endoproteza kolena,1,ar1,2025-10-01,2025-10-08,8888.0,8754.5745,False,109.1644,133.4255,17802.3694,1.2222
ocisceno,1626,Endoproteza kolena,1,naivni,2025-10-08,2025-10-15,9136.0,8888.0,False,109.6081,248.0,61504.0,2.2626
ocisceno,1626,Endoproteza kolena,1,lin,2025-10-08,2025-10-15,9136.0,8973.9517,False,109.6081,162.0483,26259.6477,1.4784
ocisceno,1626,Endoproteza kolena,1,ar1,2025-10-08,2025-10-15,9136.0,8842.6644,False,109.6081,293.3356,86045.7616,2.6762
ocisceno,1626,Endoproteza kolena,1,naivni,2025-10-15,2025-10-22,9133.0,9136.0,False,111.4533,3.0,9.0,0.0269
ocisceno,1626,Endoproteza kolena,1,lin,2025-10-15,2025-10-22,9133.0,8987.9968,False,111.4533,145.0032,21025.9158,1.301
ocisceno,1626,Endoproteza kolena,1,ar1,2025-10-15,2025-10-22,9133.0,9001.8268,False,111.4533,131.1732,17206.4126,1.1769
ocisceno,1626,Endoproteza kolena,1,naivni,2025-10-22,2025-10-29,9222.0,9133.0,False,110.0263,89.0,7921.0,0.8089
ocisceno,1626,Endoproteza kolena,1,lin,2025-10-22,2025-10-29,9222.0,9001.2119,False,110.0263,220.7881,48747.388,2.0067
ocisceno,1626,Endoproteza kolena,1,ar1,2025-10-22,2025-10-29,9222.0,9007.3695,False,110.0263,214.6305,46066.2727,1.9507
ocisceno,1626,Endoproteza kolena,1,naivni,2025-10-29,2025-11-05,9134.0,9222.0,False,109.7532,88.0,7744.0,0.8018
ocisceno,1626,Endoproteza kolena,1,lin,2025-10-29,2025-11-05,9134.0,9018.3616,False,109.7532,115.6384,13372.2307,1.0536
ocisceno,1626,Endoproteza kolena,1,ar1,2025-10-29,2025-11-05,9134.0,9077.4579,False,109.7532,56.5421,3197.0041,0.5152
ocisceno,1626,Endoproteza kolena,1,naivni,2025-11-05,2025-11-12,9232.0,9134.0,False,109.4744,98.0,9604.0,0.8952
ocisceno,1626,Endoproteza kolena,1,lin,2025-11-05,2025-11-12,9232.0,9030.259,False,109.4744,201.741,40699.4283,1.8428
ocisceno,1626,Endoproteza kolena,1,ar1,2025-11-05,2025-11-12,9232.0,9022.7476,False,109.4744,209.2524,43786.5854,1.9114
ocisceno,1626,Endoproteza kolena,1,naivni,2025-11-12,2025-11-19,8891.0,9232.0,False,109.3291,341.0,116281.0,3.119
ocisceno,1626,Endoproteza kolena,1,lin,2025-11-12,2025-11-19,8891.0,9046.4981,False,109.3291,155.4981,24179.6595,1.4223
ocisceno,1626,Endoproteza kolena,1,ar1,2025-11-12,2025-11-19,8891.0,9100.012,False,109.3291,209.012,43686.0325,1.9118
ocisceno,1626,Endoproteza kolena,1,naivni,2025-11-19,2025-11-26,8900.0,8891.0,False,112.225,9.0,81.0,0.0802
ocisceno,1626,Endoproteza kolena,1,lin,2025-11-19,2025-11-26,8900.0,9045.158,False,112.225,145.158,21070.8521,1.2935
ocisceno,1626,Endoproteza kolena,1,ar1,2025-11-19,2025-11-26,8900.0,8860.4603,False,112.225,39.5397,1563.3863,0.3523
ocisceno,1626,Endoproteza kolena,1,naivni,2025-11-26,2025-12-03,8816.0,8900.0,False,110.9506,84.0,7056.0,0.7571
ocisceno,1626,Endoproteza kolena,1,lin,2025-11-26,2025-12-03,8816.0,9044.2755,False,110.9506,228.2755,52109.7128,2.0575
ocisceno,1626,Endoproteza kolena,1,ar1,2025-11-26,2025-12-03,8816.0,8867.0281,False,110.9506,51.0281,2603.8699,0.4599
ocisceno,1626,Endoproteza kolena,1,naivni,2025-12-03,2025-12-10,9069.0,8816.0,False,110.622,253.0,64009.0,2.2871
ocisceno,1626,Endoproteza kolena,1,lin,2025-12-03,2025-12-10,9069.0,9039.3447,False,110.622,29.6553,879.4371,0.2681
ocisceno,1626,Endoproteza kolena,1,ar1,2025-12-03,2025-12-10,9069.0,8810.6129,False,110.622,258.3871,66763.9178,2.3358
ocisceno,1626,Endoproteza kolena,1,naivni,2025-12-10,2025-12-17,8676.0,9069.0,False,112.3373,393.0,154449.0,3.4984
ocisceno,1626,Endoproteza kolena,1,lin,2025-12-10,2025-12-17,8676.0,9046.6308,False,112.3373,370.6308,137367.1965,3.2993
ocisceno,1626,Endoproteza kolena,1,ar1,2025-12-10,2025-12-17,8676.0,8981.739,False,112.3373,305.739,93476.3457,2.7216
ocisceno,1626,Endoproteza kolena,1,naivni,2025-12-17,2026-01-07,8817.0,8676.0,True,115.6786,141.0,19881.0,1.2189
ocisceno,1626,Endoproteza kolena,1,lin,2025-12-17,2026-01-07,8817.0,9035.0882,True,115.6786,218.0882,47562.4784,1.8853
ocisceno,1626,Endoproteza kolena,1,ar1,2025-12-17,2026-01-07,8817.0,8719.7858,True,115.6786,97.2142,9450.5976,0.8404
ocisceno,1626,Endoproteza kolena,1,naivni,2026-01-07,2026-01-14,8808.0,8817.0,False,115.9765,9.0,81.0,0.0776
ocisceno,1626,Endoproteza kolena,1,lin,2026-01-07,2026-01-14,8808.0,9030.5393,False,115.9765,222.5393,49523.7228,1.9188
ocisceno,1626,Endoproteza kolena,1,ar1,2026-01-07,2026-01-14,8808.0,8811.4049,False,115.9765,3.4049,11.5935,0.0294
ocisceno,1626,Endoproteza kolena,1,naivni,2026-01-14,2026-01-21,8818.0,8808.0,False,114.7326,10.0,100.0,0.0872
ocisceno,1626,Endoproteza kolena,1,lin,2026-01-14,2026-01-21,8818.0,9025.7273,False,114.7326,207.7273,43150.6501,1.8105
ocisceno,1626,Endoproteza kolena,1,ar1,2026-01-14,2026-01-21,8818.0,8805.6127,False,114.7326,12.3873,153.445,0.108
ocisceno,1626,Endoproteza kolena,1,naivni,2026-01-21,2026-01-28,8894.0,8818.0,False,113.5287,76.0,5776.0,0.6694
ocisceno,1626,Endoproteza kolena,1,lin,2026-01-21,2026-01-28,8894.0,9021.5306,False,113.5287,127.5306,16264.0448,1.1233
ocisceno,1626,Endoproteza kolena,1,ar1,2026-01-21,2026-01-28,8894.0,8812.1474,False,113.5287,81.8526,6699.8509,0.721
ocisceno,1626,Endoproteza kolena,1,naivni,2026-01-28,2026-02-04,8884.0,8894.0,False,113.1023,10.0,100.0,0.0884
ocisceno,1626,Endoproteza kolena,1,lin,2026-01-28,2026-02-04,8884.0,9020.8851,False,113.1023,136.8851,18737.527,1.2103
ocisceno,1626,Endoproteza kolena,1,ar1,2026-01-28,2026-02-04,8884.0,8861.7027,False,113.1023,22.2973,497.1697,0.1971
ocisceno,1626,Endoproteza kolena,1,naivni,2026-02-04,2026-02-11,8846.0,8884.0,False,111.9438,38.0,1444.0,0.3395
ocisceno,1626,Endoproteza kolena,1,lin,2026-02-04,2026-02-11,8846.0,9019.792,False,111.9438,173.792,30203.6627,1.5525
ocisceno,1626,Endoproteza kolena,1,ar1,2026-02-04,2026-02-11,8846.0,8855.6062,False,111.9438,9.6062,92.2784,0.0858
ocisceno,1626,Endoproteza kolena,1,naivni,2026-02-11,2026-02-18,8868.0,8846.0,False,111.1222,22.0,484.0,0.198
ocisceno,1626,Endoproteza kolena,1,lin,2026-02-11,2026-02-18,8868.0,9017.0432,False,111.1222,149.0432,22213.8825,1.3413
ocisceno,1626,Endoproteza kolena,1,ar1,2026-02-11,2026-02-18,8868.0,8831.1604,False,111.1222,36.8396,1357.1551,0.3315
ocisceno,1626,Endoproteza kolena,1,naivni,2026-02-18,2026-02-25,8820.0,8868.0,False,110.1429,48.0,2304.0,0.4358
ocisceno,1626,Endoproteza kolena,1,lin,2026-02-18,2026-02-25,8820.0,9015.329,False,110.1429,195.329,38153.4001,1.7734
ocisceno,1626,Endoproteza kolena,1,ar1,2026-02-18,2026-02-25,8820.0,8845.6777,False,110.1429,25.6777,659.3418,0.2331
ocisceno,1626,Endoproteza kolena,1,naivni,2026-02-25,2026-03-04,8628.0,8820.0,False,109.4674,192.0,36864.0,1.7539
ocisceno,1626,Endoproteza kolena,1,lin,2026-02-25,2026-03-04,8628.0,9011.5891,False,109.4674,383.5891,147140.5672,3.5041
ocisceno,1626,Endoproteza kolena,1,ar1,2026-02-25,2026-03-04,8628.0,8814.6462,False,109.4674,186.6462,34836.8189,1.705
ocisceno,1626,Endoproteza kolena,1,naivni,2026-03-04,2026-03-11,8632.0,8628.0,False,110.3548,4.0,16.0,0.0362
ocisceno,1626,Endoproteza kolena,1,lin,2026-03-04,2026-03-11,8632.0,8999.7934,False,110.3548,367.7934,135271.9933,3.3328
ocisceno,1626,Endoproteza kolena,1,ar1,2026-03-04,2026-03-11,8632.0,8689.9324,False,110.3548,57.9324,3356.1638,0.525
ocisceno,1626,Endoproteza kolena,1,naivni,2026-03-11,2026-03-18,8743.0,8632.0,False,109.2234,111.0,12321.0,1.0163
ocisceno,1626,Endoproteza kolena,1,lin,2026-03-11,2026-03-18,8743.0,8988.5769,False,109.2234,245.5769,60308.0294,2.2484
ocisceno,1626,Endoproteza kolena,1,ar1,2026-03-11,2026-03-18,8743.0,8691.458,False,109.2234,51.542,2656.5774,0.4719
ocisceno,1626,Endoproteza kolena,1,naivni,2026-03-18,2026-03-25,8784.0,8743.0,False,109.2421,41.0,1681.0,0.3753
ocisceno,1626,Endoproteza kolena,1,lin,2026-03-18,2026-03-25,8784.0,8982.3721,False,109.2421,198.3721,39351.5095,1.8159
ocisceno,1626,Endoproteza kolena,1,ar1,2026-03-18,2026-03-25,8784.0,8763.3184,False,109.2421,20.6816,427.727,0.1893
ocisceno,1626,Endoproteza kolena,1,naivni,2026-03-25,2026-04-08,8844.0,8784.0,True,108.5312,60.0,3600.0,0.5528
ocisceno,1626,Endoproteza kolena,1,lin,2026-03-25,2026-04-08,8844.0,8978.0612,True,108.5312,134.0612,17972.4084,1.2352
ocisceno,1626,Endoproteza kolena,1,ar1,2026-03-25,2026-04-08,8844.0,8789.7503,True,108.5312,54.2497,2943.0345,0.4999
ocisceno,1626,Endoproteza kolena,1,naivni,2026-04-08,2026-04-15,8543.0,8844.0,False,108.0309,301.0,90601.0,2.7862
ocisceno,1626,Endoproteza kolena,1,lin,2026-04-08,2026-04-15,8543.0,8976.3335,False,108.0309,433.3335,187777.8993,4.0112
ocisceno,1626,Endoproteza kolena,1,ar1,2026-04-08,2026-04-15,8543.0,8828.6472,False,108.0309,285.6472,81594.3027,2.6441
ocisceno,1626,Endoproteza kolena,1,naivni,2026-04-15,2026-04-29,9276.0,8543.0,True,110.0,733.0,537289.0,6.6636
ocisceno,1626,Endoproteza kolena,1,lin,2026-04-15,2026-04-29,9276.0,8962.4863,True,110.0,313.5137,98290.8454,2.8501
ocisceno,1626,Endoproteza kolena,1,ar1,2026-04-15,2026-04-29,9276.0,8634.3083,True,110.0,641.6917,411768.2374,5.8336
ocisceno,1626,Endoproteza kolena,1,naivni,2026-04-29,2026-05-06,9215.0,9276.0,False,116.2929,61.0,3721.0,0.5245
ocisceno,1626,Endoproteza kolena,1,lin,2026-04-29,2026-05-06,9215.0,8978.4255,False,116.2929,236.5745,55967.5156,2.0343
ocisceno,1626,Endoproteza kolena,1,ar1,2026-04-29,2026-05-06,9215.0,9087.1534,False,116.2929,127.8466,16344.7415,1.0993
ocisceno,1626,Endoproteza kolena,1,naivni,2026-05-06,2026-05-13,9250.0,9215.0,False,115.74,35.0,1225.0,0.3024
ocisceno,1626,Endoproteza kolena,1,lin,2026-05-06,2026-05-13,9250.0,8991.3796,False,115.74,258.6204,66884.5092,2.2345
ocisceno,1626,Endoproteza kolena,1,ar1,2026-05-06,2026-05-13,9250.0,9058.1623,False,115.74,191.8377,36801.7209,1.6575
ocisceno,1626,Endoproteza kolena,1,naivni,2026-05-13,2026-05-20,9224.0,9250.0,False,114.9406,26.0,676.0,0.2262
ocisceno,1626,Endoproteza kolena,1,lin,2026-05-13,2026-05-20,9224.0,9005.2442,False,114.9406,218.7558,47854.0893,1.9032
ocisceno,1626,Endoproteza kolena,1,ar1,2026-05-13,2026-05-20,9224.0,9089.4884,False,114.9406,134.5116,18093.3666,1.1703
ocisceno,1626,Endoproteza kolena,1,naivni,2026-05-20,2026-05-27,9266.0,9224.0,False,114.0686,42.0,1764.0,0.3682
ocisceno,1626,Endoproteza kolena,1,lin,2026-05-20,2026-05-27,9266.0,9017.6099,False,114.0686,248.3901,61697.6233,2.1775
ocisceno,1626,Endoproteza kolena,1,ar1,2026-05-20,2026-05-27,9266.0,9079.9137,False,114.0686,186.0863,34628.0972,1.6314
ocisceno,1626,Endoproteza kolena,1,naivni,2026-05-27,2026-06-03,9226.0,9266.0,False,113.3689,40.0,1600.0,0.3528
ocisceno,1626,Endoproteza kolena,1,lin,2026-05-27,2026-06-03,9226.0,9031.1563,False,113.3689,194.8437,37964.0778,1.7187
ocisceno,1626,Endoproteza kolena,1,ar1,2026-05-27,2026-06-03,9226.0,9115.9955,False,113.3689,110.0045,12100.9901,0.9703
ocisceno,1626,Endoproteza kolena,1,naivni,2026-06-03,2026-06-17,9221.0,9226.0,True,112.6635,5.0,25.0,0.0444
ocisceno,1626,Endoproteza kolena,1,lin,2026-06-03,2026-06-17,9221.0,9042.7082,True,112.6635,178.2918,31787.9511,1.5825
ocisceno,1626,Endoproteza kolena,1,ar1,2026-06-03,2026-06-17,9221.0,9094.8834,True,112.6635,126.1166,15905.3922,1.1194
ocisceno,1626,Endoproteza kolena,1,naivni,2026-06-17,2026-06-24,9334.0,9221.0,False,111.6381,113.0,12769.0,1.0122
ocisceno,1626,Endoproteza kolena,1,lin,2026-06-17,2026-06-24,9334.0,9053.6706,False,111.6381,280.3294,78584.5613,2.5111
ocisceno,1626,Endoproteza kolena,1,ar1,2026-06-17,2026-06-24,9334.0,9096.7737,False,111.6381,237.2263,56276.3346,2.125
ocisceno,1626,Endoproteza kolena,1,naivni,2026-06-24,2026-07-01,9315.0,9334.0,False,111.6509,19.0,361.0,0.1702
ocisceno,1626,Endoproteza kolena,1,lin,2026-06-24,2026-07-01,9315.0,9068.4789,False,111.6509,246.5211,60772.639,2.208
ocisceno,1626,Endoproteza kolena,1,ar1,2026-06-24,2026-07-01,9315.0,9184.6312,False,111.6509,130.3688,16996.0335,1.1676
ocisceno,1626,Endoproteza kolena,1,naivni,2026-07-01,2026-07-08,9433.0,9315.0,False,110.785,118.0,13924.0,1.0651
ocisceno,1626,Endoproteza kolena,1,lin,2026-07-01,2026-07-08,9433.0,9082.0836,False,110.785,350.9164,123142.3247,3.1675
ocisceno,1626,Endoproteza kolena,1,ar1,2026-07-01,2026-07-08,9433.0,9178.447,False,110.785,254.553,64797.2519,2.2977
ocisceno,1626,Endoproteza kolena,1,naivni,2026-07-08,2026-07-15,9441.0,9433.0,False,110.8519,8.0,64.0,0.0722
ocisceno,1626,Endoproteza kolena,1,lin,2026-07-08,2026-07-15,9441.0,9099.5612,False,110.8519,341.4388,116580.48,3.0801
ocisceno,1626,Endoproteza kolena,1,ar1,2026-07-08,2026-07-15,9441.0,9276.9486,False,110.8519,164.0514,26912.8575,1.4799
ocisceno,1626,Endoproteza kolena,4,naivni,2025-04-09,2025-05-07,8970.0,9346.0,False,87.6667,376.0,141376.0,4.289
ocisceno,1626,Endoproteza kolena,4,lin,2025-04-09,2025-05-07,8970.0,8850.5327,False,87.6667,119.4673,14272.4259,1.3627
ocisceno,1626,Endoproteza kolena,4,ar1,2025-04-09,2025-05-07,8970.0,8903.9857,False,87.6667,66.0143,4357.8872,0.753
ocisceno,1626,Endoproteza kolena,4,naivni,2025-04-16,2025-05-14,8951.0,8601.0,False,100.3077,350.0,122500.0,3.4893
ocisceno,1626,Endoproteza kolena,4,lin,2025-04-16,2025-05-14,8951.0,8836.3585,False,100.3077,114.6415,13142.6757,1.1429
ocisceno,1626,Endoproteza kolena,4,ar1,2025-04-16,2025-05-14,8951.0,8698.8176,False,100.3077,252.1824,63595.9382,2.5141
ocisceno,1626,Endoproteza kolena,4,naivni,2025-04-23,2025-05-21,8544.0,8616.0,False,98.6981,72.0,5184.0,0.7295
ocisceno,1626,Endoproteza kolena,4,lin,2025-04-23,2025-05-21,8544.0,8824.2937,False,98.6981,280.2937,78564.5322,2.8399
ocisceno,1626,Endoproteza kolena,4,ar1,2025-04-23,2025-05-21,8544.0,8697.9784,False,98.6981,153.9784,23709.3417,1.5601
ocisceno,1626,Endoproteza kolena,4,naivni,2025-04-30,2025-05-28,8646.0,8586.0,False,97.4259,60.0,3600.0,0.6159
ocisceno,1626,Endoproteza kolena,4,lin,2025-04-30,2025-05-28,8646.0,8810.6266,False,97.4259,164.6266,27101.9251,1.6898
ocisceno,1626,Endoproteza kolena,4,ar1,2025-04-30,2025-05-28,8646.0,8694.0462,False,97.4259,48.0462,2308.4373,0.4932
ocisceno,1626,Endoproteza kolena,4,naivni,2025-05-07,2025-06-04,8979.0,8970.0,False,102.6364,9.0,81.0,0.0877
ocisceno,1626,Endoproteza kolena,4,lin,2025-05-07,2025-06-04,8979.0,8827.4046,False,102.6364,151.5954,22981.1508,1.477
ocisceno,1626,Endoproteza kolena,4,ar1,2025-05-07,2025-06-04,8979.0,8718.0673,False,102.6364,260.9327,68085.8764,2.5423
ocisceno,1626,Endoproteza kolena,4,naivni,2025-05-14,2025-06-18,9014.0,8951.0,True,101.1429,63.0,3969.0,0.6229
ocisceno,1626,Endoproteza kolena,4,lin,2025-05-14,2025-06-18,9014.0,8841.6234,True,101.1429,172.3766,29713.703,1.7043
ocisceno,1626,Endoproteza kolena,4,ar1,2025-05-14,2025-06-18,9014.0,8723.7359,True,101.1429,290.2641,84253.2746,2.8698
ocisceno,1626,Endoproteza kolena,4,naivni,2025-05-21,2025-07-02,9018.0,8544.0,True,106.5088,474.0,224676.0,4.4503
ocisceno,1626,Endoproteza kolena,4,lin,2025-05-21,2025-07-02,9018.0,8824.6886,True,106.5088,193.3114,37369.2938,1.815
ocisceno,1626,Endoproteza kolena,4,ar1,2025-05-21,2025-07-02,9018.0,8700.3948,True,106.5088,317.6052,100873.0637,2.982
ocisceno,1626,Endoproteza kolena,4,naivni,2025-05-28,2025-07-09,9062.0,8646.0,True,106.431,416.0,173056.0,3.9086
ocisceno,1626,Endoproteza kolena,4,lin,2025-05-28,2025-07-09,9062.0,8816.1961,True,106.431,245.8039,60419.5363,2.3095
ocisceno,1626,Endoproteza kolena,4,ar1,2025-05-28,2025-07-09,9062.0,8703.4671,True,106.431,358.5329,128545.8529,3.3687
ocisceno,1626,Endoproteza kolena,4,naivni,2025-06-04,2025-07-16,8765.0,8979.0,True,110.2712,214.0,45796.0,1.9407
ocisceno,1626,Endoproteza kolena,4,lin,2025-06-04,2025-07-16,8765.0,8832.0216,True,110.2712,67.0216,4491.8959,0.6078
ocisceno,1626,Endoproteza kolena,4,ar1,2025-06-04,2025-07-16,8765.0,8720.1113,True,110.2712,44.8887,2014.9954,0.4071
ocisceno,1626,Endoproteza kolena,4,naivni,2025-06-18,2025-07-23,8859.0,9014.0,True,109.0167,155.0,24025.0,1.4218
ocisceno,1626,Endoproteza kolena,4,lin,2025-06-18,2025-07-23,8859.0,8849.3227,True,109.0167,9.6773,93.6504,0.0888
ocisceno,1626,Endoproteza kolena,4,ar1,2025-06-18,2025-07-23,8859.0,8729.5908,True,109.0167,129.4092,16746.7368,1.1871
ocisceno,1626,Endoproteza kolena,4,naivni,2025-07-02,2025-07-30,8821.0,9018.0,False,107.2951,197.0,38809.0,1.8361
ocisceno,1626,Endoproteza kolena,4,lin,2025-07-02,2025-07-30,8821.0,8865.8408,False,107.2951,44.8408,2010.6996,0.4179
ocisceno,1626,Endoproteza kolena,4,ar1,2025-07-02,2025-07-30,8821.0,8738.2505,False,107.2951,82.7495,6847.4815,0.7712
ocisceno,1626,Endoproteza kolena,4,naivni,2025-07-09,2025-08-06,9162.0,9062.0,False,106.2742,100.0,10000.0,0.941
ocisceno,1626,Endoproteza kolena,4,lin,2025-07-09,2025-08-06,9162.0,8884.3497,False,106.2742,277.6503,77089.7144,2.6126
ocisceno,1626,Endoproteza kolena,4,ar1,2025-07-09,2025-08-06,9162.0,8751.6496,False,106.2742,410.3504,168387.413,3.8612
ocisceno,1626,Endoproteza kolena,4,naivni,2025-07-16,2025-08-13,9205.0,8765.0,False,109.3016,440.0,193600.0,4.0256
ocisceno,1626,Endoproteza kolena,4,lin,2025-07-16,2025-08-13,9205.0,8881.9114,False,109.3016,323.0886,104386.2723,2.9559
ocisceno,1626,Endoproteza kolena,4,ar1,2025-07-16,2025-08-13,9205.0,8729.5948,False,109.3016,475.4052,226010.1015,4.3495
ocisceno,1626,Endoproteza kolena,4,naivni,2025-07-23,2025-08-27,9142.0,8859.0,True,109.0625,283.0,80089.0,2.5948
ocisceno,1626,Endoproteza kolena,4,lin,2025-07-23,2025-08-27,9142.0,8885.7455,True,109.0625,256.2545,65666.3921,2.3496
ocisceno,1626,Endoproteza kolena,4,ar1,2025-07-23,2025-08-27,9142.0,8737.5722,True,109.0625,404.4278,163561.8364,3.7082
ocisceno,1626,Endoproteza kolena,4,naivni,2025-07-30,2025-09-03,9162.0,8821.0,True,107.9692,341.0,116281.0,3.1583
ocisceno,1626,Endoproteza kolena,4,lin,2025-07-30,2025-09-03,9162.0,8886.868,True,107.9692,275.132,75697.6007,2.5482
ocisceno,1626,Endoproteza kolena,4,ar1,2025-07-30,2025-09-03,9162.0,8736.5783,True,107.9692,425.4217,180983.611,3.9402
ocisceno,1626,Endoproteza kolena,4,naivni,2025-08-06,2025-09-10,9178.0,9162.0,True,111.5,16.0,256.0,0.1435
ocisceno,1626,Endoproteza kolena,4,lin,2025-08-06,2025-09-10,9178.0,8909.5942,True,111.5,268.4058,72041.6834,2.4072
ocisceno,1626,Endoproteza kolena,4,ar1,2025-08-06,2025-09-10,9178.0,8768.6985,True,111.5,409.3015,167527.738,3.6709
ocisceno,1626,Endoproteza kolena,4,naivni,2025-08-13,2025-09-17,8918.0,9205.0,True,110.4776,287.0,82369.0,2.5978
ocisceno,1626,Endoproteza kolena,4,lin,2025-08-13,2025-09-17,8918.0,8933.7556,True,110.4776,15.7556,248.2384,0.1426
ocisceno,1626,Endoproteza kolena,4,ar1,2025-08-13,2025-09-17,8918.0,8793.0529,True,110.4776,124.9471,15611.7813,1.131
ocisceno,1626,Endoproteza kolena,4,naivni,2025-08-27,2025-09-24,8936.0,9142.0,False,109.7794,206.0,42436.0,1.8765
ocisceno,1626,Endoproteza kolena,4,lin,2025-08-27,2025-09-24,8936.0,8952.7107,False,109.7794,16.7107,279.2469,0.1522
ocisceno,1626,Endoproteza kolena,4,ar1,2025-08-27,2025-09-24,8936.0,8800.231,False,109.7794,135.769,18433.2143,1.2367
ocisceno,1626,Endoproteza kolena,4,naivni,2025-09-03,2025-10-01,8746.0,9162.0,False,108.4783,416.0,173056.0,3.8349
ocisceno,1626,Endoproteza kolena,4,lin,2025-09-03,2025-10-01,8746.0,8971.8491,False,108.4783,225.8491,51007.8056,2.082
ocisceno,1626,Endoproteza kolena,4,ar1,2025-09-03,2025-10-01,8746.0,8818.365,False,108.4783,72.365,5236.6874,0.6671
ocisceno,1626,Endoproteza kolena,4,naivni,2025-09-10,2025-10-08,8888.0,9178.0,False,107.1571,290.0,84100.0,2.7063
ocisceno,1626,Endoproteza kolena,4,lin,2025-09-10,2025-10-08,8888.0,8990.9166,False,107.1571,102.9166,10591.8265,0.9604
ocisceno,1626,Endoproteza kolena,4,ar1,2025-09-10,2025-10-08,8888.0,8837.0226,False,107.1571,50.9774,2598.692,0.4757
ocisceno,1626,Endoproteza kolena,4,naivni,2025-09-17,2025-10-15,9136.0,8918.0,False,109.3099,218.0,47524.0,1.9943
ocisceno,1626,Endoproteza kolena,4,lin,2025-09-17,2025-10-15,9136.0,8993.6368,False,109.3099,142.3632,20267.2704,1.3024
ocisceno,1626,Endoproteza kolena,4,ar1,2025-09-17,2025-10-15,9136.0,8790.4626,False,109.3099,345.5374,119396.0907,3.1611
ocisceno,1626,Endoproteza kolena,4,naivni,2025-09-24,2025-10-22,9133.0,8936.0,False,108.0417,197.0,38809.0,1.8234
ocisceno,1626,Endoproteza kolena,4,lin,2025-09-24,2025-10-22,9133.0,8997.2184,False,108.0417,135.7816,18436.6327,1.2568
ocisceno,1626,Endoproteza kolena,4,ar1,2025-09-24,2025-10-22,9133.0,8796.0383,False,108.0417,336.9617,113543.1593,3.1188
ocisceno,1626,Endoproteza kolena,4,naivni,2025-10-01,2025-10-29,9222.0,8746.0,False,109.1644,476.0,226576.0,4.3604
ocisceno,1626,Endoproteza kolena,4,lin,2025-10-01,2025-10-29,9222.0,8989.6895,False,109.1644,232.3105,53968.1786,2.1281
ocisceno,1626,Endoproteza kolena,4,ar1,2025-10-01,2025-10-29,9222.0,8764.8938,False,109.1644,457.1062,208946.0495,4.1873
ocisceno,1626,Endoproteza kolena,4,naivni,2025-10-08,2025-11-05,9134.0,8888.0,False,109.6081,246.0,60516.0,2.2444
ocisceno,1626,Endoproteza kolena,4,lin,2025-10-08,2025-11-05,9134.0,8990.5005,False,109.6081,143.4995,20592.0976,1.3092
ocisceno,1626,Endoproteza kolena,4,ar1,2025-10-08,2025-11-05,9134.0,8788.2175,False,109.6081,345.7825,119565.505,3.1547
ocisceno,1626,Endoproteza kolena,4,naivni,2025-10-15,2025-11-12,9232.0,9136.0,False,111.4533,96.0,9216.0,0.8613
ocisceno,1626,Endoproteza kolena,4,lin,2025-10-15,2025-11-12,9232.0,9005.0441,False,111.4533,226.9559,51508.98,2.0363
ocisceno,1626,Endoproteza kolena,4,ar1,2025-10-15,2025-11-12,9232.0,8835.143,False,111.4533,396.857,157495.4892,3.5607
ocisceno,1626,Endoproteza kolena,4,naivni,2025-10-22,2025-11-19,8891.0,9133.0,False,110.0263,242.0,58564.0,2.1995
ocisceno,1626,Endoproteza kolena,4,lin,2025-10-22,2025-11-19,8891.0,9018.6937,False,110.0263,127.6937,16305.688,1.1606
ocisceno,1626,Endoproteza kolena,4,ar1,2025-10-22,2025-11-19,8891.0,8844.5599,False,110.0263,46.4401,2156.6819,0.4221
ocisceno,1626,Endoproteza kolena,4,naivni,2025-10-29,2025-11-26,8900.0,9222.0,False,109.7532,322.0,103684.0,2.9339
ocisceno,1626,Endoproteza kolena,4,lin,2025-10-29,2025-11-26,8900.0,9036.4884,False,109.7532,136.4884,18629.0896,1.2436
ocisceno,1626,Endoproteza kolena,4,ar1,2025-10-29,2025-11-26,8900.0,8877.827,False,109.7532,22.173,491.6417,0.202
ocisceno,1626,Endoproteza kolena,4,naivni,2025-11-05,2025-12-03,8816.0,9134.0,False,109.4744,318.0,101124.0,2.9048
ocisceno,1626,Endoproteza kolena,4,lin,2025-11-05,2025-12-03,8816.0,9048.7151,False,109.4744,232.7151,54156.3369,2.1258
ocisceno,1626,Endoproteza kolena,4,ar1,2025-11-05,2025-12-03,8816.0,8866.1212,False,109.4744,50.1212,2512.1336,0.4578
ocisceno,1626,Endoproteza kolena,4,naivni,2025-11-12,2025-12-10,9069.0,9232.0,False,109.3291,163.0,26569.0,1.4909
ocisceno,1626,Endoproteza kolena,4,lin,2025-11-12,2025-12-10,9069.0,9065.5146,False,109.3291,3.4854,12.1478,0.0319
ocisceno,1626,Endoproteza kolena,4,ar1,2025-11-12,2025-12-10,9069.0,8904.0017,False,109.3291,164.9983,27224.4266,1.5092
ocisceno,1626,Endoproteza kolena,4,naivni,2025-11-19,2025-12-17,8676.0,8891.0,False,112.225,215.0,46225.0,1.9158
ocisceno,1626,Endoproteza kolena,4,lin,2025-11-19,2025-12-17,8676.0,9063.7531,False,112.225,387.7531,150352.5027,3.4551
ocisceno,1626,Endoproteza kolena,4,ar1,2025-11-19,2025-12-17,8676.0,8817.9174,False,112.225,141.9174,20140.5568,1.2646
ocisceno,1626,Endoproteza kolena,4,naivni,2025-11-26,2026-01-07,8817.0,8900.0,True,110.9506,83.0,6889.0,0.7481
ocisceno,1626,Endoproteza kolena,4,lin,2025-11-26,2026-01-07,8817.0,9062.4867,True,110.9506,245.4867,60263.7387,2.2126
ocisceno,1626,Endoproteza kolena,4,ar1,2025-11-26,2026-01-07,8817.0,8820.9702,True,110.9506,3.9702,15.7623,0.0358
ocisceno,1626,Endoproteza kolena,4,naivni,2025-12-03,2026-01-14,8808.0,8816.0,True,110.622,8.0,64.0,0.0723
ocisceno,1626,Endoproteza kolena,4,lin,2025-12-03,2026-01-14,8808.0,9056.9666,True,110.622,248.9666,61984.3496,2.2506
ocisceno,1626,Endoproteza kolena,4,ar1,2025-12-03,2026-01-14,8808.0,8803.1163,True,110.622,4.8837,23.8501,0.0441
ocisceno,1626,Endoproteza kolena,4,naivni,2025-12-10,2026-01-21,8818.0,9069.0,True,112.3373,251.0,63001.0,2.2343
ocisceno,1626,Endoproteza kolena,4,lin,2025-12-10,2026-01-21,8818.0,9064.3274,True,112.3373,246.3274,60677.2065,2.1927
ocisceno,1626,Endoproteza kolena,4,ar1,2025-12-10,2026-01-21,8818.0,8859.7994,True,112.3373,41.7994,1747.1867,0.3721
ocisceno,1626,Endoproteza kolena,4,naivni,2025-12-17,2026-01-28,8894.0,8676.0,True,115.6786,218.0,47524.0,1.8845
ocisceno,1626,Endoproteza kolena,4,lin,2025-12-17,2026-01-28,8894.0,9051.8722,True,115.6786,157.8722,24923.6409,1.3647
ocisceno,1626,Endoproteza kolena,4,ar1,2025-12-17,2026-01-28,8894.0,8777.5521,True,115.6786,116.4479,13560.1176,1.0067
ocisceno,1626,Endoproteza kolena,4,naivni,2026-01-07,2026-02-04,8884.0,8817.0,False,115.9765,67.0,4489.0,0.5777
ocisceno,1626,Endoproteza kolena,4,lin,2026-01-07,2026-02-04,8884.0,9046.7986,False,115.9765,162.7986,26503.3792,1.4037
ocisceno,1626,Endoproteza kolena,4,ar1,2026-01-07,2026-02-04,8884.0,8804.0823,False,115.9765,79.9177,6386.8442,0.6891
ocisceno,1626,Endoproteza kolena,4,naivni,2026-01-14,2026-02-11,8846.0,8808.0,False,114.7326,38.0,1444.0,0.3312
ocisceno,1626,Endoproteza kolena,4,lin,2026-01-14,2026-02-11,8846.0,9041.4635,False,114.7326,195.4635,38205.9633,1.7036
ocisceno,1626,Endoproteza kolena,4,ar1,2026-01-14,2026-02-11,8846.0,8802.4885,False,114.7326,43.5115,1893.2539,0.3792
ocisceno,1626,Endoproteza kolena,4,naivni,2026-01-21,2026-02-18,8868.0,8818.0,False,113.5287,50.0,2500.0,0.4404
ocisceno,1626,Endoproteza kolena,4,lin,2026-01-21,2026-02-18,8868.0,9036.7893,False,113.5287,168.7893,28489.8157,1.4868
ocisceno,1626,Endoproteza kolena,4,ar1,2026-01-21,2026-02-18,8868.0,8804.4872,False,113.5287,63.5128,4033.8761,0.5594
ocisceno,1626,Endoproteza kolena,4,naivni,2026-01-28,2026-02-25,8820.0,8894.0,False,113.1023,74.0,5476.0,0.6543
ocisceno,1626,Endoproteza kolena,4,lin,2026-01-28,2026-02-25,8820.0,9035.8572,False,113.1023,215.8572,46594.3313,1.9085
ocisceno,1626,Endoproteza kolena,4,ar1,2026-01-28,2026-02-25,8820.0,8819.3755,False,113.1023,0.6245,0.39,0.0055
ocisceno,1626,Endoproteza kolena,4,naivni,2026-02-04,2026-03-04,8628.0,8884.0,False,111.9438,256.0,65536.0,2.2869
ocisceno,1626,Endoproteza kolena,4,lin,2026-02-04,2026-03-04,8628.0,9034.4633,False,111.9438,406.4633,165212.3964,3.631
ocisceno,1626,Endoproteza kolena,4,ar1,2026-02-04,2026-03-04,8628.0,8818.3384,False,111.9438,190.3384,36228.7055,1.7003
ocisceno,1626,Endoproteza kolena,4,naivni,2026-02-11,2026-03-11,8632.0,8846.0,False,111.1222,214.0,45796.0,1.9258
ocisceno,1626,Endoproteza kolena,4,lin,2026-02-11,2026-03-11,8632.0,9031.3408,False,111.1222,399.3408,159473.1021,3.5937
ocisceno,1626,Endoproteza kolena,4,ar1,2026-02-11,2026-03-11,8632.0,8811.6942,False,111.1222,179.6942,32290.0174,1.6171
ocisceno,1626,Endoproteza kolena,4,naivni,2026-02-18,2026-03-18,8743.0,8868.0,False,110.1429,125.0,15625.0,1.1349
ocisceno,1626,Endoproteza kolena,4,lin,2026-02-18,2026-03-18,8743.0,9029.313,False,110.1429,286.313,81975.1394,2.5995
ocisceno,1626,Endoproteza kolena,4,ar1,2026-02-18,2026-03-18,8743.0,8816.3598,False,110.1429,73.3598,5381.6616,0.666
ocisceno,1626,Endoproteza kolena,4,naivni,2026-02-25,2026-03-25,8784.0,8820.0,False,109.4674,36.0,1296.0,0.3289
ocisceno,1626,Endoproteza kolena,4,lin,2026-02-25,2026-03-25,8784.0,9025.1709,False,109.4674,241.1709,58163.417,2.2031
ocisceno,1626,Endoproteza kolena,4,ar1,2026-02-25,2026-03-25,8784.0,8807.6233,False,109.4674,23.6233,558.0623,0.2158
ocisceno,1626,Endoproteza kolena,4,naivni,2026-03-04,2026-04-08,8844.0,8628.0,True,110.3548,216.0,46656.0,1.9573
ocisceno,1626,Endoproteza kolena,4,lin,2026-03-04,2026-04-08,8844.0,9012.6021,True,110.3548,168.6021,28426.6641,1.5278
ocisceno,1626,Endoproteza kolena,4,ar1,2026-03-04,2026-04-08,8844.0,8770.9516,True,110.3548,73.0484,5336.0663,0.6619
ocisceno,1626,Endoproteza kolena,4,naivni,2026-03-11,2026-04-15,8543.0,8632.0,True,109.2234,89.0,7921.0,0.8148
ocisceno,1626,Endoproteza kolena,4,lin,2026-03-11,2026-04-15,8543.0,9000.6597,True,109.2234,457.6597,209452.4014,4.1901
ocisceno,1626,Endoproteza kolena,4,ar1,2026-03-11,2026-04-15,8543.0,8769.764,True,109.2234,226.764,51421.9075,2.0761
ocisceno,1626,Endoproteza kolena,4,naivni,2026-03-18,2026-04-29,9276.0,8743.0,True,109.2421,533.0,284089.0,4.8791
ocisceno,1626,Endoproteza kolena,4,lin,2026-03-18,2026-04-29,9276.0,8993.9802,True,109.2421,282.0198,79535.1562,2.5816
ocisceno,1626,Endoproteza kolena,4,ar1,2026-03-18,2026-04-29,9276.0,8789.9249,True,109.2421,486.0751,236268.9759,4.4495
ocisceno,1626,Endoproteza kolena,4,naivni,2026-03-25,2026-05-06,9215.0,8784.0,True,108.5312,431.0,185761.0,3.9712
ocisceno,1626,Endoproteza kolena,4,lin,2026-03-25,2026-05-06,9215.0,8989.2937,True,108.5312,225.7063,50943.3534,2.0796
ocisceno,1626,Endoproteza kolena,4,ar1,2026-03-25,2026-05-06,9215.0,8797.2746,True,108.5312,417.7254,174494.5133,3.8489
ocisceno,1626,Endoproteza kolena,4,naivni,2026-04-08,2026-05-13,9250.0,8844.0,True,108.0309,406.0,164836.0,3.7582
ocisceno,1626,Endoproteza kolena,4,lin,2026-04-08,2026-05-13,9250.0,8987.3172,True,108.0309,262.6828,69002.2551,2.4316
ocisceno,1626,Endoproteza kolena,4,ar1,2026-04-08,2026-05-13,9250.0,8808.5655,True,108.0309,441.4345,194864.4062,4.0862
ocisceno,1626,Endoproteza kolena,4,naivni,2026-04-15,2026-05-20,9224.0,8543.0,True,110.0,681.0,463761.0,6.1909
ocisceno,1626,Endoproteza kolena,4,lin,2026-04-15,2026-05-20,9224.0,8972.6821,True,110.0,251.3179,63160.6689,2.2847
ocisceno,1626,Endoproteza kolena,4,ar1,2026-04-15,2026-05-20,9224.0,8752.6081,True,110.0,471.3919,222210.3554,4.2854
ocisceno,1626,Endoproteza kolena,4,naivni,2026-04-29,2026-05-27,9266.0,9276.0,False,116.2929,10.0,100.0,0.086
ocisceno,1626,Endoproteza kolena,4,lin,2026-04-29,2026-05-27,9266.0,8989.18,False,116.2929,276.82,76629.2925,2.3804
ocisceno,1626,Endoproteza kolena,4,ar1,2026-04-29,2026-05-27,9266.0,8867.9626,False,116.2929,398.0374,158433.7794,3.4227
ocisceno,1626,Endoproteza kolena,4,naivni,2026-05-06,2026-06-03,9226.0,9215.0,False,115.74,11.0,121.0,0.095
ocisceno,1626,Endoproteza kolena,4,lin,2026-05-06,2026-06-03,9226.0,9002.5475,False,115.74,223.4525,49931.0035,1.9306
ocisceno,1626,Endoproteza kolena,4,ar1,2026-05-06,2026-06-03,9226.0,8868.6453,False,115.74,357.3547,127702.4032,3.0876
ocisceno,1626,Endoproteza kolena,4,naivni,2026-05-13,2026-06-17,9221.0,9250.0,True,114.9406,29.0,841.0,0.2523
ocisceno,1626,Endoproteza kolena,4,lin,2026-05-13,2026-06-17,9221.0,9016.8553,True,114.9406,204.1447,41675.0778,1.7761
ocisceno,1626,Endoproteza kolena,4,ar1,2026-05-13,2026-06-17,9221.0,8885.7338,True,114.9406,335.2662,112403.4187,2.9169
ocisceno,1626,Endoproteza kolena,4,naivni,2026-05-20,2026-06-24,9334.0,9224.0,True,114.0686,110.0,12100.0,0.9643
ocisceno,1626,Endoproteza kolena,4,lin,2026-05-20,2026-06-24,9334.0,9029.5886,True,114.0686,304.4114,92666.3286,2.6687
ocisceno,1626,Endoproteza kolena,4,ar1,2026-05-20,2026-06-24,9334.0,8890.5056,True,114.0686,443.4944,196687.283,3.888
ocisceno,1626,Endoproteza kolena,4,naivni,2026-05-27,2026-07-01,9315.0,9266.0,True,113.3689,49.0,2401.0,0.4322
ocisceno,1626,Endoproteza kolena,4,lin,2026-05-27,2026-07-01,9315.0,9043.5443,True,113.3689,271.4557,73688.184,2.3944
ocisceno,1626,Endoproteza kolena,4,ar1,2026-05-27,2026-07-01,9315.0,8910.1847,True,113.3689,404.8153,163875.4272,3.5708
ocisceno,1626,Endoproteza kolena,4,naivni,2026-06-03,2026-07-08,9433.0,9226.0,True,112.6635,207.0,42849.0,1.8373
ocisceno,1626,Endoproteza kolena,4,lin,2026-06-03,2026-07-08,9433.0,9055.4114,True,112.6635,377.5886,142573.1481,3.3515
ocisceno,1626,Endoproteza kolena,4,ar1,2026-06-03,2026-07-08,9433.0,8910.2268,True,112.6635,522.7732,273291.8066,4.6401
ocisceno,1626,Endoproteza kolena,4,naivni,2026-06-17,2026-07-15,9441.0,9221.0,False,111.6381,220.0,48400.0,1.9707
ocisceno,1626,Endoproteza kolena,4,lin,2026-06-17,2026-07-15,9441.0,9066.6567,False,111.6381,374.3433,140132.8802,3.3532
ocisceno,1626,Endoproteza kolena,4,ar1,2026-06-17,2026-07-15,9441.0,8917.2305,False,111.6381,523.7695,274334.4753,4.6917
ocisceno,AGREGAT,Agregat,1,naivni,2025-04-09,2025-04-16,326512.0,325983.0,False,1635.8235,529.0,279841.0,0.3234
ocisceno,AGREGAT,Agregat,1,lin,2025-04-09,2025-04-16,326512.0,316599.3484,False,1635.8235,9912.6516,98260661.42,6.0597
ocisceno,AGREGAT,Agregat,1,ar1,2025-04-09,2025-04-16,326512.0,326176.5551,False,1635.8235,335.4449,112523.281,0.2051
ocisceno,AGREGAT,Agregat,1,naivni,2025-04-16,2025-04-23,327514.0,326512.0,False,1614.5385,1002.0,1004004.0,0.6206
ocisceno,AGREGAT,Agregat,1,lin,2025-04-16,2025-04-23,327514.0,317655.0733,False,1614.5385,9858.9267,97198435.7819,6.1063
ocisceno,AGREGAT,Agregat,1,ar1,2025-04-16,2025-04-23,327514.0,326744.8902,False,1614.5385,769.1098,591529.9426,0.4764
ocisceno,AGREGAT,Agregat,1,naivni,2025-04-23,2025-04-30,330734.0,327514.0,False,1602.9811,3220.0,10368400.0,2.0088
ocisceno,AGREGAT,Agregat,1,lin,2025-04-23,2025-04-30,330734.0,318713.7456,False,1602.9811,12020.2544,144486515.0612,7.4987
ocisceno,AGREGAT,Agregat,1,ar1,2025-04-23,2025-04-30,330734.0,327835.8799,False,1602.9811,2898.1201,8399099.9297,1.808
ocisceno,AGREGAT,Agregat,1,naivni,2025-04-30,2025-05-07,328993.0,330734.0,False,1632.9259,1741.0,3031081.0,1.0662
ocisceno,AGREGAT,Agregat,1,lin,2025-04-30,2025-05-07,328993.0,319936.2444,False,1632.9259,9056.7556,82024821.1931,5.5463
ocisceno,AGREGAT,Agregat,1,ar1,2025-04-30,2025-05-07,328993.0,331434.265,False,1632.9259,2441.265,5959774.9853,1.495
ocisceno,AGREGAT,Agregat,1,naivni,2025-05-07,2025-05-14,330344.0,328993.0,False,1634.8909,1351.0,1825201.0,0.8264
ocisceno,AGREGAT,Agregat,1,lin,2025-05-07,2025-05-14,330344.0,320954.8701,False,1634.8909,9389.1299,88155759.7182,5.743
ocisceno,AGREGAT,Agregat,1,ar1,2025-05-07,2025-05-14,330344.0,329366.3406,False,1634.8909,977.6594,955817.9149,0.598
ocisceno,AGREGAT,Agregat,1,naivni,2025-05-14,2025-05-21,329919.0,330344.0,False,1629.8214,425.0,180625.0,0.2608
ocisceno,AGREGAT,Agregat,1,lin,2025-05-14,2025-05-21,329919.0,322002.495,False,1629.8214,7916.505,62671051.6134,4.8573
ocisceno,AGREGAT,Agregat,1,ar1,2025-05-14,2025-05-21,329919.0,330821.2892,False,1629.8214,902.2892,814125.7136,0.5536
ocisceno,AGREGAT,Agregat,1,naivni,2025-05-21,2025-05-28,332198.0,329919.0,False,1608.6842,2279.0,5193841.0,1.4167
ocisceno,AGREGAT,Agregat,1,lin,2025-05-21,2025-05-28,332198.0,322954.2396,False,1608.6842,9243.7604,85447106.9902,5.7462
ocisceno,AGREGAT,Agregat,1,ar1,2025-05-21,2025-05-28,332198.0,330302.1977,False,1608.6842,1895.8023,3594066.5007,1.1785
ocisceno,AGREGAT,Agregat,1,naivni,2025-05-28,2025-06-04,334850.0,332198.0,False,1620.2414,2652.0,7033104.0,1.6368
ocisceno,AGREGAT,Agregat,1,lin,2025-05-28,2025-06-04,334850.0,324000.5944,False,1620.2414,10849.4056,117709602.1067,6.6962
ocisceno,AGREGAT,Agregat,1,ar1,2025-05-28,2025-06-04,334850.0,332766.0029,False,1620.2414,2083.9971,4343043.8301,1.2862
ocisceno,AGREGAT,Agregat,1,naivni,2025-06-04,2025-06-18,333328.0,334850.0,True,1637.7288,1522.0,2316484.0,0.9293
ocisceno,AGREGAT,Agregat,1,lin,2025-06-04,2025-06-18,333328.0,325159.2147,True,1637.7288,8168.7853,66729053.4529,4.9879
ocisceno,AGREGAT,Agregat,1,ar1,2025-06-04,2025-06-18,333328.0,335659.3375,True,1637.7288,2331.3375,5435134.4099,1.4235
ocisceno,AGREGAT,Agregat,1,naivni,2025-06-18,2025-07-02,334078.0,333328.0,True,1635.8,750.0,562500.0,0.4585
ocisceno,AGREGAT,Agregat,1,lin,2025-06-18,2025-07-02,334078.0,326147.9852,True,1635.8,7930.0148,62885134.0002,4.8478
ocisceno,AGREGAT,Agregat,1,ar1,2025-06-18,2025-07-02,334078.0,333878.4427,True,1635.8,199.5573,39823.1332,0.122
ocisceno,AGREGAT,Agregat,1,naivni,2025-07-02,2025-07-09,335290.0,334078.0,False,1621.2787,1212.0,1468944.0,0.7476
ocisceno,AGREGAT,Agregat,1,lin,2025-07-02,2025-07-09,335290.0,327125.6711,False,1621.2787,8164.3289,66656266.82,5.0357
ocisceno,AGREGAT,Agregat,1,ar1,2025-07-02,2025-07-09,335290.0,334648.9,False,1621.2787,641.1,411009.2379,0.3954
ocisceno,AGREGAT,Agregat,1,naivni,2025-07-09,2025-07-16,334624.0,335290.0,False,1614.6774,666.0,443556.0,0.4125
ocisceno,AGREGAT,Agregat,1,lin,2025-07-09,2025-07-16,334624.0,328122.2944,False,1614.6774,6501.7056,42272175.4641,4.0266
ocisceno,AGREGAT,Agregat,1,ar1,2025-07-09,2025-07-16,334624.0,335922.838,False,1614.6774,1298.838,1686980.0765,0.8044
ocisceno,AGREGAT,Agregat,1,naivni,2025-07-16,2025-07-23,337875.0,334624.0,False,1599.619,3251.0,10569001.0,2.0324
ocisceno,AGREGAT,Agregat,1,lin,2025-07-16,2025-07-23,337875.0,329019.0536,False,1599.619,8855.9464,78427787.1457,5.5363
ocisceno,AGREGAT,Agregat,1,ar1,2025-07-16,2025-07-23,337875.0,335144.3278,False,1599.619,2730.6722,7456570.786,1.7071
ocisceno,AGREGAT,Agregat,1,naivni,2025-07-23,2025-07-30,336604.0,337875.0,False,1625.4219,1271.0,1615441.0,0.782
ocisceno,AGREGAT,Agregat,1,lin,2025-07-23,2025-07-30,336604.0,330063.8149,False,1625.4219,6540.1851,42774021.0919,4.0237
ocisceno,AGREGAT,Agregat,1,ar1,2025-07-23,2025-07-30,336604.0,338631.5331,False,1625.4219,2027.5331,4110890.3678,1.2474
ocisceno,AGREGAT,Agregat,1,naivni,2025-07-30,2025-08-06,337858.0,336604.0,False,1619.9692,1254.0,1572516.0,0.7741
ocisceno,AGREGAT,Agregat,1,lin,2025-07-30,2025-08-06,337858.0,330972.3557,False,1619.9692,6885.6443,47412097.2752,4.2505
ocisceno,AGREGAT,Agregat,1,ar1,2025-07-30,2025-08-06,337858.0,337180.8272,False,1619.9692,677.1728,458563.0541,0.418
ocisceno,AGREGAT,Agregat,1,naivni,2025-08-06,2025-08-13,338926.0,337858.0,False,1614.4242,1068.0,1140624.0,0.6615
ocisceno,AGREGAT,Agregat,1,lin,2025-08-06,2025-08-13,338926.0,331904.479,False,1614.4242,7021.521,49301757.5917,4.3492
ocisceno,AGREGAT,Agregat,1,ar1,2025-08-06,2025-08-13,338926.0,338490.9876,False,1614.4242,435.0124,189235.7705,0.2695
ocisceno,AGREGAT,Agregat,1,naivni,2025-08-13,2025-08-27,337410.0,338926.0,True,1606.2687,1516.0,2298256.0,0.9438
ocisceno,AGREGAT,Agregat,1,lin,2025-08-13,2025-08-27,337410.0,332847.6176,True,1606.2687,4562.3824,20815332.7344,2.8404
ocisceno,AGREGAT,Agregat,1,ar1,2025-08-13,2025-08-27,337410.0,339597.7927,True,1606.2687,2187.7927,4786437.0352,1.362
ocisceno,AGREGAT,Agregat,1,naivni,2025-08-27,2025-09-03,336862.0,337410.0,False,1604.9412,548.0,300304.0,0.3414
ocisceno,AGREGAT,Agregat,1,lin,2025-08-27,2025-09-03,336862.0,333651.1905,False,1604.9412,3210.8095,10309297.4071,2.0006
ocisceno,AGREGAT,Agregat,1,ar1,2025-08-27,2025-09-03,336862.0,337919.2299,False,1604.9412,1057.2299,1117735.0133,0.6587
ocisceno,AGREGAT,Agregat,1,naivni,2025-09-03,2025-09-10,337833.0,336862.0,False,1589.6232,971.0,942841.0,0.6108
ocisceno,AGREGAT,Agregat,1,lin,2025-09-03,2025-09-10,337833.0,334379.4199,False,1589.6232,3453.5801,11927215.6744,2.1726
ocisceno,AGREGAT,Agregat,1,ar1,2025-09-03,2025-09-10,337833.0,337305.8869,False,1589.6232,527.1131,277848.2362,0.3316
ocisceno,AGREGAT,Agregat,1,naivni,2025-09-10,2025-09-17,338107.0,337833.0,False,1580.7857,274.0,75076.0,0.1733
ocisceno,AGREGAT,Agregat,1,lin,2025-09-10,2025-09-17,338107.0,335122.6185,False,1580.7857,2984.3815,8906532.8715,1.8879
ocisceno,AGREGAT,Agregat,1,ar1,2025-09-10,2025-09-17,338107.0,338306.5349,False,1580.7857,199.5349,39814.1864,0.1262
ocisceno,AGREGAT,Agregat,1,naivni,2025-09-17,2025-09-24,338941.0,338107.0,False,1562.3803,834.0,695556.0,0.5338
ocisceno,AGREGAT,Agregat,1,lin,2025-09-17,2025-09-24,338941.0,335841.1017,False,1562.3803,3099.8983,9609369.3374,1.9841
ocisceno,AGREGAT,Agregat,1,ar1,2025-09-17,2025-09-24,338941.0,338568.9426,False,1562.3803,372.0574,138426.7211,0.2381
ocisceno,AGREGAT,Agregat,1,naivni,2025-09-24,2025-10-01,338415.0,338941.0,False,1552.2639,526.0,276676.0,0.3389
ocisceno,AGREGAT,Agregat,1,lin,2025-09-24,2025-10-01,338415.0,336567.0502,False,1552.2639,1847.9498,3414918.3587,1.1905
ocisceno,AGREGAT,Agregat,1,ar1,2025-09-24,2025-10-01,338415.0,339423.4129,False,1552.2639,1008.4129,1016896.5242,0.6496
ocisceno,AGREGAT,Agregat,1,naivni,2025-10-01,2025-10-08,339949.0,338415.0,False,1538.2055,1534.0,2353156.0,0.9973
ocisceno,AGREGAT,Agregat,1,lin,2025-10-01,2025-10-08,339949.0,337226.4735,False,1538.2055,2722.5265,7412150.389,1.7699
ocisceno,AGREGAT,Agregat,1,ar1,2025-10-01,2025-10-08,339949.0,338842.977,False,1538.2055,1106.023,1223286.9229,0.719
ocisceno,AGREGAT,Agregat,1,naivni,2025-10-08,2025-10-15,342043.0,339949.0,False,1538.1486,2094.0,4384836.0,1.3614
ocisceno,AGREGAT,Agregat,1,lin,2025-10-08,2025-10-15,342043.0,337933.2068,False,1538.1486,4109.7932,16890399.7617,2.6719
ocisceno,AGREGAT,Agregat,1,ar1,2025-10-08,2025-10-15,342043.0,340432.76,False,1538.1486,1610.24,2592872.971,1.0469
ocisceno,AGREGAT,Agregat,1,naivni,2025-10-15,2025-10-22,343249.0,342043.0,False,1545.56,1206.0,1454436.0,0.7803
ocisceno,AGREGAT,Agregat,1,lin,2025-10-15,2025-10-22,343249.0,338713.9095,False,1545.56,4535.0905,20567046.0819,2.9343
ocisceno,AGREGAT,Agregat,1,ar1,2025-10-15,2025-10-22,343249.0,342617.3759,False,1545.56,631.6241,398948.9481,0.4087
ocisceno,AGREGAT,Agregat,1,naivni,2025-10-22,2025-10-29,346477.0,343249.0,False,1541.0921,3228.0,10419984.0,2.0946
ocisceno,AGREGAT,Agregat,1,lin,2025-10-22,2025-10-29,346477.0,339518.11,False,1541.0921,6958.89,48426149.3662,4.5156
ocisceno,AGREGAT,Agregat,1,ar1,2025-10-22,2025-10-29,346477.0,343863.7757,False,1541.0921,2613.2243,6828941.1615,1.6957
ocisceno,AGREGAT,Agregat,1,naivni,2025-10-29,2025-11-05,344717.0,346477.0,False,1563.0,1760.0,3097600.0,1.126
ocisceno,AGREGAT,Agregat,1,lin,2025-10-29,2025-11-05,344717.0,340448.1182,False,1563.0,4268.8818,18223351.6933,2.7312
ocisceno,AGREGAT,Agregat,1,ar1,2025-10-29,2025-11-05,344717.0,347268.5425,False,1563.0,2551.5425,6510369.355,1.6325
ocisceno,AGREGAT,Agregat,1,naivni,2025-11-05,2025-11-12,345946.0,344717.0,False,1565.5256,1229.0,1510441.0,0.785
ocisceno,AGREGAT,Agregat,1,lin,2025-11-05,2025-11-12,345946.0,341244.1821,False,1565.5256,4701.8179,22107091.7177,3.0033
ocisceno,AGREGAT,Agregat,1,ar1,2025-11-05,2025-11-12,345946.0,345337.1072,False,1565.5256,608.8928,370750.4788,0.3889
ocisceno,AGREGAT,Agregat,1,naivni,2025-11-12,2025-11-19,346037.0,345946.0,False,1561.2658,91.0,8281.0,0.0583
ocisceno,AGREGAT,Agregat,1,lin,2025-11-12,2025-11-19,346037.0,342063.2437,False,1561.2658,3973.7563,15790739.3632,2.5452
ocisceno,AGREGAT,Agregat,1,ar1,2025-11-12,2025-11-19,346037.0,346605.5163,False,1561.2658,568.5163,323210.8379,0.3641
ocisceno,AGREGAT,Agregat,1,naivni,2025-11-19,2025-11-26,347270.0,346037.0,False,1542.8875,1233.0,1520289.0,0.7992
ocisceno,AGREGAT,Agregat,1,lin,2025-11-19,2025-11-26,347270.0,342847.8028,False,1542.8875,4422.1972,19555828.2722,2.8662
ocisceno,AGREGAT,Agregat,1,ar1,2025-11-19,2025-11-26,347270.0,346665.0457,False,1542.8875,604.9543,365969.7157,0.3921
ocisceno,AGREGAT,Agregat,1,naivni,2025-11-26,2025-12-03,346950.0,347270.0,False,1539.0617,320.0,102400.0,0.2079
ocisceno,AGREGAT,Agregat,1,lin,2025-11-26,2025-12-03,346950.0,343655.4336,False,1539.0617,3294.5664,10854167.7354,2.1406
ocisceno,AGREGAT,Agregat,1,ar1,2025-11-26,2025-12-03,346950.0,347936.0382,False,1539.0617,986.0382,972271.246,0.6407
ocisceno,AGREGAT,Agregat,1,naivni,2025-12-03,2025-12-10,345987.0,346950.0,False,1524.1951,963.0,927369.0,0.6318
ocisceno,AGREGAT,Agregat,1,lin,2025-12-03,2025-12-10,345987.0,344410.0203,False,1524.1951,1576.9797,2486865.0492,1.0346
ocisceno,AGREGAT,Agregat,1,ar1,2025-12-03,2025-12-10,345987.0,347561.8227,False,1524.1951,1574.8227,2480066.481,1.0332
ocisceno,AGREGAT,Agregat,1,naivni,2025-12-10,2025-12-17,344238.0,345987.0,False,1517.4337,1749.0,3059001.0,1.1526
ocisceno,AGREGAT,Agregat,1,lin,2025-12-10,2025-12-17,344238.0,345083.7622,False,1517.4337,845.7622,715313.6848,0.5574
ocisceno,AGREGAT,Agregat,1,ar1,2025-12-10,2025-12-17,344238.0,346518.5463,False,1517.4337,2280.5463,5200891.5826,1.5029
ocisceno,AGREGAT,Agregat,1,naivni,2025-12-17,2026-01-07,343970.0,344238.0,True,1520.1905,268.0,71824.0,0.1763
ocisceno,AGREGAT,Agregat,1,lin,2025-12-17,2026-01-07,343970.0,345643.9345,True,1520.1905,1673.9345,2802056.5556,1.1011
ocisceno,AGREGAT,Agregat,1,ar1,2025-12-17,2026-01-07,343970.0,344668.9263,True,1520.1905,698.9263,488498.0023,0.4598
ocisceno,AGREGAT,Agregat,1,naivni,2026-01-07,2026-01-14,344940.0,343970.0,False,1505.4588,970.0,940900.0,0.6443
ocisceno,AGREGAT,Agregat,1,lin,2026-01-07,2026-01-14,344940.0,346165.3557,False,1505.4588,1225.3557,1501496.5355,0.8139
ocisceno,AGREGAT,Agregat,1,ar1,2026-01-07,2026-01-14,344940.0,344373.9598,False,1505.4588,566.0402,320401.5138,0.376
ocisceno,AGREGAT,Agregat,1,naivni,2026-01-14,2026-01-21,346882.0,344940.0,False,1499.2326,1942.0,3771364.0,1.2953
ocisceno,AGREGAT,Agregat,1,lin,2026-01-14,2026-01-21,346882.0,346706.9538,False,1499.2326,175.0462,30641.1877,0.1168
ocisceno,AGREGAT,Agregat,1,ar1,2026-01-14,2026-01-21,346882.0,345363.2295,False,1499.2326,1518.7705,2306663.6992,1.013
ocisceno,AGREGAT,Agregat,1,naivni,2026-01-21,2026-01-28,350222.0,346882.0,False,1504.3218,3340.0,11155600.0,2.2203
ocisceno,AGREGAT,Agregat,1,lin,2026-01-21,2026-01-28,350222.0,347311.8864,False,1504.3218,2910.1136,8468761.3765,1.9345
ocisceno,AGREGAT,Agregat,1,ar1,2026-01-21,2026-01-28,350222.0,347362.4562,False,1504.3218,2859.5438,8176990.9342,1.9009
ocisceno,AGREGAT,Agregat,1,naivni,2026-01-28,2026-02-04,352198.0,350222.0,False,1525.1818,1976.0,3904576.0,1.2956
ocisceno,AGREGAT,Agregat,1,lin,2026-01-28,2026-02-04,352198.0,348039.788,False,1525.1818,4158.212,17290726.6292,2.7264
ocisceno,AGREGAT,Agregat,1,ar1,2026-01-28,2026-02-04,352198.0,350828.6867,False,1525.1818,1369.3133,1875018.9216,0.8978
ocisceno,AGREGAT,Agregat,1,naivni,2026-02-04,2026-02-11,353705.0,352198.0,False,1530.2472,1507.0,2271049.0,0.9848
ocisceno,AGREGAT,Agregat,1,lin,2026-02-04,2026-02-11,353705.0,348823.8874,False,1530.2472,4881.1126,23825260.3041,3.1898
ocisceno,AGREGAT,Agregat,1,ar1,2026-02-04,2026-02-11,353705.0,352877.3357,False,1530.2472,827.6643,685028.1299,0.5409
ocisceno,AGREGAT,Agregat,1,naivni,2026-02-11,2026-02-18,358170.0,353705.0,False,1529.9889,4465.0,19936225.0,2.9183
ocisceno,AGREGAT,Agregat,1,lin,2026-02-11,2026-02-18,358170.0,349640.778,False,1529.9889,8529.222,72747627.5504,5.5747
ocisceno,AGREGAT,Agregat,1,ar1,2026-02-11,2026-02-18,358170.0,354433.1993,False,1529.9889,3736.8007,13963679.2747,2.4424
ocisceno,AGREGAT,Agregat,1,naivni,2026-02-18,2026-02-25,356874.0,358170.0,False,1562.2418,1296.0,1679616.0,0.8296
ocisceno,AGREGAT,Agregat,1,lin,2026-02-18,2026-02-25,356874.0,350617.4482,False,1562.2418,6256.5518,39144440.9199,4.0049
ocisceno,AGREGAT,Agregat,1,ar1,2026-02-18,2026-02-25,356874.0,359130.6631,False,1562.2418,2256.6631,5092528.4777,1.4445
ocisceno,AGREGAT,Agregat,1,naivni,2026-02-25,2026-03-04,355552.0,356874.0,False,1559.3478,1322.0,1747684.0,0.8478
ocisceno,AGREGAT,Agregat,1,lin,2026-02-25,2026-03-04,355552.0,351498.3628,False,1559.3478,4053.6372,16431974.6599,2.5996
ocisceno,AGREGAT,Agregat,1,ar1,2026-02-25,2026-03-04,355552.0,357693.9706,False,1559.3478,2141.9706,4588038.226,1.3736
ocisceno,AGREGAT,Agregat,1,naivni,2026-03-04,2026-03-11,356659.0,355552.0,False,1556.7957,1107.0,1225449.0,0.7111
ocisceno,AGREGAT,Agregat,1,lin,2026-03-04,2026-03-11,356659.0,352286.9677,False,1556.7957,4372.0323,19114666.0656,2.8084
ocisceno,AGREGAT,Agregat,1,ar1,2026-03-04,2026-03-11,356659.0,356254.4738,False,1556.7957,404.5262,163641.4172,0.2598
ocisceno,AGREGAT,Agregat,1,naivni,2026-03-11,2026-03-18,356618.0,356659.0,False,1552.0106,41.0,1681.0,0.0264
ocisceno,AGREGAT,Agregat,1,lin,2026-03-11,2026-03-18,356618.0,353089.8867,False,1552.0106,3528.1133,12447583.6402,2.2733
ocisceno,AGREGAT,Agregat,1,ar1,2026-03-11,2026-03-18,356618.0,357385.8793,False,1552.0106,767.8793,589638.6006,0.4948
ocisceno,AGREGAT,Agregat,1,naivni,2026-03-18,2026-03-25,358869.0,356618.0,False,1536.1053,2251.0,5067001.0,1.4654
ocisceno,AGREGAT,Agregat,1,lin,2026-03-18,2026-03-25,358869.0,353858.6011,False,1536.1053,5010.3989,25104097.1723,3.2618
ocisceno,AGREGAT,Agregat,1,ar1,2026-03-18,2026-03-25,358869.0,357308.7533,False,1536.1053,1560.2467,2434369.633,1.0157
ocisceno,AGREGAT,Agregat,1,naivni,2026-03-25,2026-04-08,356781.0,358869.0,True,1543.5521,2088.0,4359744.0,1.3527
ocisceno,AGREGAT,Agregat,1,lin,2026-03-25,2026-04-08,356781.0,354689.1985,True,1543.5521,2091.8015,4375633.7095,1.3552
ocisceno,AGREGAT,Agregat,1,ar1,2026-03-25,2026-04-08,356781.0,359642.4386,True,1543.5521,2861.4386,8187830.8658,1.8538
ocisceno,AGREGAT,Agregat,1,naivni,2026-04-08,2026-04-15,354958.0,356781.0,False,1549.1649,1823.0,3323329.0,1.1768
ocisceno,AGREGAT,Agregat,1,lin,2026-04-08,2026-04-15,354958.0,355401.7235,False,1549.1649,443.7235,196890.5826,0.2864
ocisceno,AGREGAT,Agregat,1,ar1,2026-04-08,2026-04-15,354958.0,357413.769,False,1549.1649,2455.769,6030801.4445,1.5852
ocisceno,AGREGAT,Agregat,1,naivni,2026-04-15,2026-04-29,358343.0,354958.0,True,1551.9592,3385.0,11458225.0,2.1811
ocisceno,AGREGAT,Agregat,1,lin,2026-04-15,2026-04-29,358343.0,356012.2344,True,1551.9592,2330.7656,5432468.3536,1.5018
ocisceno,AGREGAT,Agregat,1,ar1,2026-04-15,2026-04-29,358343.0,355489.0386,True,1551.9592,2853.9614,8145095.4131,1.8389
ocisceno,AGREGAT,Agregat,1,naivni,2026-04-29,2026-05-06,356142.0,358343.0,False,1570.4747,2201.0,4844401.0,1.4015
ocisceno,AGREGAT,Agregat,1,lin,2026-04-29,2026-05-06,356142.0,356733.6352,False,1570.4747,591.6352,350032.1525,0.3767
ocisceno,AGREGAT,Agregat,1,ar1,2026-04-29,2026-05-06,356142.0,358987.6315,False,1570.4747,2845.6315,8097618.7057,1.812
ocisceno,AGREGAT,Agregat,1,naivni,2026-05-06,2026-05-13,356902.0,356142.0,False,1576.78,760.0,577600.0,0.482
ocisceno,AGREGAT,Agregat,1,lin,2026-05-06,2026-05-13,356902.0,357339.7588,False,1576.78,437.7588,191632.7774,0.2776
ocisceno,AGREGAT,Agregat,1,ar1,2026-05-06,2026-05-13,356902.0,356669.8962,False,1576.78,232.1038,53872.1847,0.1472
ocisceno,AGREGAT,Agregat,1,naivni,2026-05-13,2026-05-20,355630.0,356902.0,False,1568.6931,1272.0,1617984.0,0.8109
ocisceno,AGREGAT,Agregat,1,lin,2026-05-13,2026-05-20,355630.0,357951.802,False,1568.6931,2321.802,5390764.4353,1.4801
ocisceno,AGREGAT,Agregat,1,ar1,2026-05-13,2026-05-20,355630.0,357438.5079,False,1568.6931,1808.5079,3270700.8965,1.1529
ocisceno,AGREGAT,Agregat,1,naivni,2026-05-20,2026-05-27,357507.0,355630.0,False,1565.7843,1877.0,3523129.0,1.1988
ocisceno,AGREGAT,Agregat,1,lin,2026-05-20,2026-05-27,357507.0,358490.5951,False,1565.7843,983.5951,967459.2982,0.6282
ocisceno,AGREGAT,Agregat,1,ar1,2026-05-20,2026-05-27,357507.0,356103.5269,False,1565.7843,1403.4731,1969736.6296,0.8963
ocisceno,AGREGAT,Agregat,1,naivni,2026-05-27,2026-06-03,355201.0,357507.0,False,1568.8058,2306.0,5317636.0,1.4699
ocisceno,AGREGAT,Agregat,1,lin,2026-05-27,2026-06-03,355201.0,359080.4242,False,1568.8058,3879.4242,15049932.1015,2.4729
ocisceno,AGREGAT,Agregat,1,ar1,2026-05-27,2026-06-03,355201.0,358026.1097,False,1568.8058,2825.1097,7981244.6042,1.8008
ocisceno,AGREGAT,Agregat,1,naivni,2026-06-03,2026-06-17,352525.0,355201.0,True,1575.8942,2676.0,7160976.0,1.6981
ocisceno,AGREGAT,Agregat,1,lin,2026-06-03,2026-06-17,352525.0,359559.7559,True,1575.8942,7034.7559,49487790.0211,4.464
ocisceno,AGREGAT,Agregat,1,ar1,2026-06-03,2026-06-17,352525.0,355628.6029,True,1575.8942,3103.6029,9632350.9867,1.9694
ocisceno,AGREGAT,Agregat,1,naivni,2026-06-17,2026-06-24,352926.0,352525.0,False,1586.3714,401.0,160801.0,0.2528
ocisceno,AGREGAT,Agregat,1,lin,2026-06-17,2026-06-24,352926.0,359919.3213,False,1586.3714,6993.3213,48906542.7183,4.4084
ocisceno,AGREGAT,Agregat,1,ar1,2026-06-17,2026-06-24,352926.0,352871.8511,False,1586.3714,54.1489,2932.1051,0.0341
ocisceno,AGREGAT,Agregat,1,naivni,2026-06-24,2026-07-01,351527.0,352926.0,False,1575.1887,1399.0,1957201.0,0.8881
ocisceno,AGREGAT,Agregat,1,lin,2026-06-24,2026-07-01,351527.0,360279.1952,False,1575.1887,8752.1952,76600920.8831,5.5563
ocisceno,AGREGAT,Agregat,1,ar1,2026-06-24,2026-07-01,351527.0,353272.5045,False,1575.1887,1745.5045,3046785.9024,1.1081
ocisceno,AGREGAT,Agregat,1,naivni,2026-07-01,2026-07-08,351311.0,351527.0,False,1573.5421,216.0,46656.0,0.1373
ocisceno,AGREGAT,Agregat,1,lin,2026-07-01,2026-07-08,351311.0,360572.7153,False,1573.5421,9261.7153,85779370.2874,5.8859
ocisceno,AGREGAT,Agregat,1,ar1,2026-07-01,2026-07-08,351311.0,351836.7894,False,1573.5421,525.7894,276454.4803,0.3341
ocisceno,AGREGAT,Agregat,1,naivni,2026-07-08,2026-07-15,352457.0,351311.0,False,1560.9722,1146.0,1313316.0,0.7342
ocisceno,AGREGAT,Agregat,1,lin,2026-07-08,2026-07-15,352457.0,360846.0505,False,1560.9722,8389.0505,70376167.5989,5.3742
ocisceno,AGREGAT,Agregat,1,ar1,2026-07-08,2026-07-15,352457.0,351609.8577,False,1560.9722,847.1423,717650.0446,0.5427
ocisceno,AGREGAT,Agregat,4,naivni,2025-04-09,2025-05-07,328993.0,325983.0,False,1635.8235,3010.0,9060100.0,1.8401
ocisceno,AGREGAT,Agregat,4,lin,2025-04-09,2025-05-07,328993.0,317522.1491,False,1635.8235,11470.8509,131580420.1904,7.0123
ocisceno,AGREGAT,Agregat,4,ar1,2025-04-09,2025-05-07,328993.0,326742.1935,False,1635.8235,2250.8065,5066130.111,1.3759
ocisceno,AGREGAT,Agregat,4,naivni,2025-04-16,2025-05-14,330344.0,326512.0,False,1614.5385,3832.0,14684224.0,2.3734
ocisceno,AGREGAT,Agregat,4,lin,2025-04-16,2025-05-14,330344.0,318640.2177,False,1614.5385,11703.7823,136978519.9661,7.249
ocisceno,AGREGAT,Agregat,4,ar1,2025-04-16,2025-05-14,330344.0,327428.5089,False,1614.5385,2915.4911,8500088.2901,1.8058
ocisceno,AGREGAT,Agregat,4,naivni,2025-04-23,2025-05-21,329919.0,327514.0,False,1602.9811,2405.0,5784025.0,1.5003
ocisceno,AGREGAT,Agregat,4,lin,2025-04-23,2025-05-21,329919.0,319758.6411,False,1602.9811,10160.3589,103232892.6607,6.3384
ocisceno,AGREGAT,Agregat,4,ar1,2025-04-23,2025-05-21,329919.0,328789.4191,False,1602.9811,1129.5809,1275952.9999,0.7047
ocisceno,AGREGAT,Agregat,4,naivni,2025-04-30,2025-05-28,332198.0,330734.0,False,1632.9259,1464.0,2143296.0,0.8966
ocisceno,AGREGAT,Agregat,4,lin,2025-04-30,2025-05-28,332198.0,321051.3882,False,1632.9259,11146.6118,124246955.3469,6.8262
ocisceno,AGREGAT,Agregat,4,ar1,2025-04-30,2025-05-28,332198.0,333575.996,False,1632.9259,1377.996,1898872.9008,0.8439
ocisceno,AGREGAT,Agregat,4,naivni,2025-05-07,2025-06-04,334850.0,328993.0,False,1634.8909,5857.0,34304449.0,3.5825
ocisceno,AGREGAT,Agregat,4,lin,2025-05-07,2025-06-04,334850.0,322121.0858,False,1634.8909,12728.9142,162025257.1529,7.7858
ocisceno,AGREGAT,Agregat,4,ar1,2025-05-07,2025-06-04,334850.0,330477.4947,False,1634.8909,4372.5053,19118802.488,2.6745
ocisceno,AGREGAT,Agregat,4,naivni,2025-05-14,2025-06-18,333328.0,330344.0,True,1629.8214,2984.0,8904256.0,1.8309
ocisceno,AGREGAT,Agregat,4,lin,2025-05-14,2025-06-18,333328.0,323219.8311,True,1629.8214,10108.1689,102175077.9136,6.202
ocisceno,AGREGAT,Agregat,4,ar1,2025-05-14,2025-06-18,333328.0,332254.6417,True,1629.8214,1073.3583,1152098.1183,0.6586
ocisceno,AGREGAT,Agregat,4,naivni,2025-05-21,2025-07-02,334078.0,329919.0,True,1608.6842,4159.0,17297281.0,2.5853
ocisceno,AGREGAT,Agregat,4,lin,2025-05-21,2025-07-02,334078.0,324213.2172,True,1608.6842,9864.7828,97313940.2706,6.1322
ocisceno,AGREGAT,Agregat,4,ar1,2025-05-21,2025-07-02,334078.0,331443.8851,True,1608.6842,2634.1149,6938561.1006,1.6374
ocisceno,AGREGAT,Agregat,4,naivni,2025-05-28,2025-07-09,335290.0,332198.0,True,1620.2414,3092.0,9560464.0,1.9084
ocisceno,AGREGAT,Agregat,4,lin,2025-05-28,2025-07-09,335290.0,325306.5742,True,1620.2414,9983.4258,99668791.3599,6.1617
ocisceno,AGREGAT,Agregat,4,ar1,2025-05-28,2025-07-09,335290.0,334483.5148,True,1620.2414,806.4852,650418.4061,0.4978
ocisceno,AGREGAT,Agregat,4,naivni,2025-06-04,2025-07-16,334624.0,334850.0,True,1637.7288,226.0,51076.0,0.138
ocisceno,AGREGAT,Agregat,4,lin,2025-06-04,2025-07-16,334624.0,326518.5522,True,1637.7288,8105.4478,65698284.0436,4.9492
ocisceno,AGREGAT,Agregat,4,ar1,2025-06-04,2025-07-16,334624.0,338146.7306,True,1637.7288,3522.7306,12409630.7986,2.151
ocisceno,AGREGAT,Agregat,4,naivni,2025-06-18,2025-07-23,337875.0,333328.0,True,1635.8,4547.0,20675209.0,2.7797
ocisceno,AGREGAT,Agregat,4,lin,2025-06-18,2025-07-23,337875.0,327546.2012,True,1635.8,10328.7988,106684085.4068,6.3142
ocisceno,AGREGAT,Agregat,4,ar1,2025-06-18,2025-07-23,337875.0,335539.5742,True,1635.8,2335.4258,5454213.4453,1.4277
ocisceno,AGREGAT,Agregat,4,naivni,2025-07-02,2025-07-30,336604.0,334078.0,False,1621.2787,2526.0,6380676.0,1.558
ocisceno,AGREGAT,Agregat,4,lin,2025-07-02,2025-07-30,336604.0,328560.4308,False,1621.2787,8043.5692,64699004.867,4.9613
ocisceno,AGREGAT,Agregat,4,ar1,2025-07-02,2025-07-30,336604.0,336374.0685,False,1621.2787,229.9315,52868.5048,0.1418
ocisceno,AGREGAT,Agregat,4,naivni,2025-07-09,2025-08-06,337858.0,335290.0,False,1614.6774,2568.0,6594624.0,1.5904
ocisceno,AGREGAT,Agregat,4,lin,2025-07-09,2025-08-06,337858.0,329593.5021,False,1614.6774,8264.4979,68301925.8675,5.1184
ocisceno,AGREGAT,Agregat,4,ar1,2025-07-09,2025-08-06,337858.0,337842.9358,False,1614.6774,15.0642,226.9312,0.0093
ocisceno,AGREGAT,Agregat,4,naivni,2025-07-16,2025-08-13,338926.0,334624.0,False,1599.619,4302.0,18507204.0,2.6894
ocisceno,AGREGAT,Agregat,4,lin,2025-07-16,2025-08-13,338926.0,330518.3936,False,1599.619,8407.6064,70687845.1648,5.256
ocisceno,AGREGAT,Agregat,4,ar1,2025-07-16,2025-08-13,338926.0,336710.6012,False,1599.619,2215.3988,4907991.7549,1.385
ocisceno,AGREGAT,Agregat,4,naivni,2025-07-23,2025-08-27,337410.0,337875.0,True,1625.4219,465.0,216225.0,0.2861
ocisceno,AGREGAT,Agregat,4,lin,2025-07-23,2025-08-27,337410.0,331600.3128,True,1625.4219,5809.6872,33752465.8006,3.5743
ocisceno,AGREGAT,Agregat,4,ar1,2025-07-23,2025-08-27,337410.0,340943.078,True,1625.4219,3533.078,12482639.9615,2.1736
ocisceno,AGREGAT,Agregat,4,naivni,2025-07-30,2025-09-03,336862.0,336604.0,True,1619.9692,258.0,66564.0,0.1593
ocisceno,AGREGAT,Agregat,4,lin,2025-07-30,2025-09-03,336862.0,332535.4758,True,1619.9692,4326.5242,18718811.9902,2.6707
ocisceno,AGREGAT,Agregat,4,ar1,2025-07-30,2025-09-03,336862.0,338922.9182,True,1619.9692,2060.9182,4247383.6662,1.2722
ocisceno,AGREGAT,Agregat,4,naivni,2025-08-06,2025-09-10,337833.0,337858.0,True,1614.4242,25.0,625.0,0.0155
ocisceno,AGREGAT,Agregat,4,lin,2025-08-06,2025-09-10,337833.0,333494.8031,True,1614.4242,4338.1969,18819952.7171,2.6871
ocisceno,AGREGAT,Agregat,4,ar1,2025-08-06,2025-09-10,337833.0,340409.2339,True,1614.4242,2576.2339,6636981.2562,1.5958
ocisceno,AGREGAT,Agregat,4,naivni,2025-08-13,2025-09-17,338107.0,338926.0,True,1606.2687,819.0,670761.0,0.5099
ocisceno,AGREGAT,Agregat,4,lin,2025-08-13,2025-09-17,338107.0,334464.8785,True,1606.2687,3642.1215,13265048.8997,2.2674
ocisceno,AGREGAT,Agregat,4,ar1,2025-08-13,2025-09-17,338107.0,341637.9995,True,1606.2687,3530.9995,12467957.3652,2.1983
ocisceno,AGREGAT,Agregat,4,naivni,2025-08-27,2025-09-24,338941.0,337410.0,False,1604.9412,1531.0,2343961.0,0.9539
ocisceno,AGREGAT,Agregat,4,lin,2025-08-27,2025-09-24,338941.0,335285.4541,False,1604.9412,3655.5459,13363016.0185,2.2777
ocisceno,AGREGAT,Agregat,4,ar1,2025-08-27,2025-09-24,338941.0,339449.6908,False,1604.9412,508.6908,258766.3142,0.317
ocisceno,AGREGAT,Agregat,4,naivni,2025-09-03,2025-10-01,338415.0,336862.0,False,1589.6232,1553.0,2411809.0,0.977
ocisceno,AGREGAT,Agregat,4,lin,2025-09-03,2025-10-01,338415.0,336025.3121,False,1589.6232,2389.6879,5710608.2657,1.5033
ocisceno,AGREGAT,Agregat,4,ar1,2025-09-03,2025-10-01,338415.0,338634.044,False,1589.6232,219.044,47980.2953,0.1378
ocisceno,AGREGAT,Agregat,4,naivni,2025-09-10,2025-10-08,339949.0,337833.0,False,1580.7857,2116.0,4477456.0,1.3386
ocisceno,AGREGAT,Agregat,4,lin,2025-09-10,2025-10-08,339949.0,336780.6712,False,1580.7857,3168.3288,10038307.2115,2.0043
ocisceno,AGREGAT,Agregat,4,ar1,2025-09-10,2025-10-08,339949.0,339726.2981,False,1580.7857,222.7019,49596.1455,0.1409
ocisceno,AGREGAT,Agregat,4,naivni,2025-09-17,2025-10-15,342043.0,338107.0,False,1562.3803,3936.0,15492096.0,2.5192
ocisceno,AGREGAT,Agregat,4,lin,2025-09-17,2025-10-15,342043.0,337509.3749,False,1562.3803,4533.6251,20553756.3453,2.9017
ocisceno,AGREGAT,Agregat,4,ar1,2025-09-17,2025-10-15,342043.0,339952.896,False,1562.3803,2090.104,4368534.5618,1.3378
ocisceno,AGREGAT,Agregat,4,naivni,2025-09-24,2025-10-22,343249.0,338941.0,False,1552.2639,4308.0,18558864.0,2.7753
ocisceno,AGREGAT,Agregat,4,lin,2025-09-24,2025-10-22,343249.0,338245.6526,False,1552.2639,5003.3474,25033485.2271,3.2233
ocisceno,AGREGAT,Agregat,4,ar1,2025-09-24,2025-10-22,343249.0,340870.6562,False,1552.2639,2378.3438,5656519.3218,1.5322
ocisceno,AGREGAT,Agregat,4,naivni,2025-10-01,2025-10-29,346477.0,338415.0,False,1538.2055,8062.0,64995844.0,5.2412
ocisceno,AGREGAT,Agregat,4,lin,2025-10-01,2025-10-29,346477.0,338911.0692,False,1538.2055,7565.9308,57243308.1376,4.9187
ocisceno,AGREGAT,Agregat,4,ar1,2025-10-01,2025-10-29,346477.0,340122.2921,False,1538.2055,6354.7079,40382312.9951,4.1312
ocisceno,AGREGAT,Agregat,4,naivni,2025-10-08,2025-11-05,344717.0,339949.0,False,1538.1486,4768.0,22733824.0,3.0998
ocisceno,AGREGAT,Agregat,4,lin,2025-10-08,2025-11-05,344717.0,339626.4,False,1538.1486,5090.6,25914208.1669,3.3096
ocisceno,AGREGAT,Agregat,4,ar1,2025-10-08,2025-11-05,344717.0,341884.1376,False,1538.1486,2832.8624,8025109.546,1.8417
ocisceno,AGREGAT,Agregat,4,naivni,2025-10-15,2025-11-12,345946.0,342043.0,False,1545.56,3903.0,15233409.0,2.5253
ocisceno,AGREGAT,Agregat,4,lin,2025-10-15,2025-11-12,345946.0,340419.7438,False,1545.56,5526.2562,30539507.1302,3.5756
ocisceno,AGREGAT,Agregat,4,ar1,2025-10-15,2025-11-12,345946.0,344349.9516,False,1545.56,1596.0484,2547370.4979,1.0327
ocisceno,AGREGAT,Agregat,4,naivni,2025-10-22,2025-11-19,346037.0,343249.0,False,1541.0921,2788.0,7772944.0,1.8091
ocisceno,AGREGAT,Agregat,4,lin,2025-10-22,2025-11-19,346037.0,341237.5361,False,1541.0921,4799.4639,23034853.7708,3.1143
ocisceno,AGREGAT,Agregat,4,ar1,2025-10-22,2025-11-19,346037.0,345722.2512,False,1541.0921,314.7488,99066.8227,0.2042
ocisceno,AGREGAT,Agregat,4,naivni,2025-10-29,2025-11-26,347270.0,346477.0,False,1563.0,793.0,628849.0,0.5074
ocisceno,AGREGAT,Agregat,4,lin,2025-10-29,2025-11-26,347270.0,342187.8721,False,1563.0,5082.1279,25828024.1799,3.2515
ocisceno,AGREGAT,Agregat,4,ar1,2025-10-29,2025-11-26,347270.0,349682.6987,False,1563.0,2412.6987,5821115.1268,1.5436
ocisceno,AGREGAT,Agregat,4,naivni,2025-11-05,2025-12-03,346950.0,344717.0,False,1565.5256,2233.0,4986289.0,1.4264
ocisceno,AGREGAT,Agregat,4,lin,2025-11-05,2025-12-03,346950.0,342996.0942,False,1565.5256,3953.9058,15633371.4094,2.5256
ocisceno,AGREGAT,Agregat,4,ar1,2025-11-05,2025-12-03,346950.0,347211.2616,False,1565.5256,261.2616,68257.6368,0.1669
ocisceno,AGREGAT,Agregat,4,naivni,2025-11-12,2025-12-10,345987.0,345946.0,False,1561.2658,41.0,1681.0,0.0263
ocisceno,AGREGAT,Agregat,4,lin,2025-11-12,2025-12-10,345987.0,343828.2164,False,1561.2658,2158.7836,4660346.8466,1.3827
ocisceno,AGREGAT,Agregat,4,ar1,2025-11-12,2025-12-10,345987.0,348602.6267,False,1561.2658,2615.6267,6841502.8729,1.6753
ocisceno,AGREGAT,Agregat,4,naivni,2025-11-19,2025-12-17,344238.0,346037.0,False,1542.8875,1799.0,3236401.0,1.166
ocisceno,AGREGAT,Agregat,4,lin,2025-11-19,2025-12-17,344238.0,344623.5444,False,1542.8875,385.5444,148644.5186,0.2499
ocisceno,AGREGAT,Agregat,4,ar1,2025-11-19,2025-12-17,344238.0,348563.4792,False,1542.8875,4325.4792,18709770.5833,2.8035
ocisceno,AGREGAT,Agregat,4,naivni,2025-11-26,2026-01-07,343970.0,347270.0,True,1539.0617,3300.0,10890000.0,2.1442
ocisceno,AGREGAT,Agregat,4,lin,2025-11-26,2026-01-07,343970.0,345442.8708,True,1539.0617,1472.8708,2169348.2981,0.957
ocisceno,AGREGAT,Agregat,4,ar1,2025-11-26,2026-01-07,343970.0,349952.9359,True,1539.0617,5982.9359,35795522.5578,3.8874
ocisceno,AGREGAT,Agregat,4,naivni,2025-12-03,2026-01-14,344940.0,346950.0,True,1524.1951,2010.0,4040100.0,1.3187
ocisceno,AGREGAT,Agregat,4,lin,2025-12-03,2026-01-14,344940.0,346205.9632,True,1524.1951,1265.9632,1602662.8357,0.8306
ocisceno,AGREGAT,Agregat,4,ar1,2025-12-03,2026-01-14,344940.0,349409.186,True,1524.1951,4469.186,19973623.8929,2.9322
ocisceno,AGREGAT,Agregat,4,naivni,2025-12-10,2026-01-21,346882.0,345987.0,True,1517.4337,895.0,801025.0,0.5898
ocisceno,AGREGAT,Agregat,4,lin,2025-12-10,2026-01-21,346882.0,346883.6807,True,1517.4337,1.6807,2.8248,0.0011
ocisceno,AGREGAT,Agregat,4,ar1,2025-12-10,2026-01-21,346882.0,348116.5547,True,1517.4337,1234.5547,1524125.2741,0.8136
ocisceno,AGREGAT,Agregat,4,naivni,2025-12-17,2026-01-28,350222.0,344238.0,True,1520.1905,5984.0,35808256.0,3.9363
ocisceno,AGREGAT,Agregat,4,lin,2025-12-17,2026-01-28,350222.0,347441.7704,True,1520.1905,2780.2296,7729676.7774,1.8289
ocisceno,AGREGAT,Agregat,4,ar1,2025-12-17,2026-01-28,350222.0,345956.929,True,1520.1905,4265.071,18190830.4657,2.8056
ocisceno,AGREGAT,Agregat,4,naivni,2026-01-07,2026-02-04,352198.0,343970.0,False,1505.4588,8228.0,67699984.0,5.4654
ocisceno,AGREGAT,Agregat,4,lin,2026-01-07,2026-02-04,352198.0,347959.1645,False,1505.4588,4238.8355,17967726.4902,2.8156
ocisceno,AGREGAT,Agregat,4,ar1,2026-01-07,2026-02-04,352198.0,345579.4323,False,1505.4588,6618.5677,43805438.848,4.3964
ocisceno,AGREGAT,Agregat,4,naivni,2026-01-14,2026-02-11,353705.0,344940.0,False,1499.2326,8765.0,76825225.0,5.8463
ocisceno,AGREGAT,Agregat,4,lin,2026-01-14,2026-02-11,353705.0,348497.8816,False,1499.2326,5207.1184,27114081.6448,3.4732
ocisceno,AGREGAT,Agregat,4,ar1,2026-01-14,2026-02-11,353705.0,346627.7639,False,1499.2326,7077.2361,50087270.8863,4.7206
ocisceno,AGREGAT,Agregat,4,naivni,2026-01-21,2026-02-18,358170.0,346882.0,False,1504.3218,11288.0,127418944.0,7.5037
ocisceno,AGREGAT,Agregat,4,lin,2026-01-21,2026-02-18,358170.0,349103.2165,False,1504.3218,9066.7835,82206562.1746,6.0272
ocisceno,AGREGAT,Agregat,4,ar1,2026-01-21,2026-02-18,358170.0,348802.7318,False,1504.3218,9367.2682,87745712.9243,6.2269
ocisceno,AGREGAT,Agregat,4,naivni,2026-01-28,2026-02-25,356874.0,350222.0,False,1525.1818,6652.0,44249104.0,4.3614
ocisceno,AGREGAT,Agregat,4,lin,2026-01-28,2026-02-25,356874.0,349837.6578,False,1525.1818,7036.3422,49510111.3571,4.6134
ocisceno,AGREGAT,Agregat,4,ar1,2026-01-28,2026-02-25,356874.0,352659.1162,False,1525.1818,4214.8838,17765245.7729,2.7635
ocisceno,AGREGAT,Agregat,4,naivni,2026-02-04,2026-03-04,355552.0,352198.0,False,1530.2472,3354.0,11249316.0,2.1918
ocisceno,AGREGAT,Agregat,4,lin,2026-02-04,2026-03-04,355552.0,350630.8961,False,1530.2472,4921.1039,24217263.76,3.2159
ocisceno,AGREGAT,Agregat,4,ar1,2026-02-04,2026-03-04,355552.0,354933.7502,False,1530.2472,618.2498,382232.8237,0.404
ocisceno,AGREGAT,Agregat,4,naivni,2026-02-11,2026-03-11,356659.0,353705.0,False,1529.9889,2954.0,8726116.0,1.9307
ocisceno,AGREGAT,Agregat,4,lin,2026-02-11,2026-03-11,356659.0,351458.2812,False,1529.9889,5200.7188,27047475.7961,3.3992
ocisceno,AGREGAT,Agregat,4,ar1,2026-02-11,2026-03-11,356659.0,356642.008,False,1529.9889,16.992,288.7277,0.0111
ocisceno,AGREGAT,Agregat,4,naivni,2026-02-18,2026-03-18,356618.0,358170.0,False,1562.2418,1552.0,2408704.0,0.9934
ocisceno,AGREGAT,Agregat,4,lin,2026-02-18,2026-03-18,356618.0,352452.895,False,1562.2418,4165.105,17348099.4408,2.6661
ocisceno,AGREGAT,Agregat,4,ar1,2026-02-18,2026-03-18,356618.0,362071.2746,False,1562.2418,5453.2746,29738203.5063,3.4907
ocisceno,AGREGAT,Agregat,4,naivni,2026-02-25,2026-03-25,358869.0,356874.0,False,1559.3478,1995.0,3980025.0,1.2794
ocisceno,AGREGAT,Agregat,4,lin,2026-02-25,2026-03-25,358869.0,353346.6921,False,1559.3478,5522.3079,30495885.0795,3.5414
ocisceno,AGREGAT,Agregat,4,ar1,2026-02-25,2026-03-25,358869.0,360189.1397,False,1559.3478,1320.1397,1742768.8584,0.8466
ocisceno,AGREGAT,Agregat,4,naivni,2026-03-04,2026-04-08,356781.0,355552.0,True,1556.7957,1229.0,1510441.0,0.7894
ocisceno,AGREGAT,Agregat,4,lin,2026-03-04,2026-04-08,356781.0,354143.4678,True,1556.7957,2637.5322,6956575.9359,1.6942
ocisceno,AGREGAT,Agregat,4,ar1,2026-03-04,2026-04-08,356781.0,358381.1581,True,1556.7957,1600.1581,2560506.0101,1.0279
ocisceno,AGREGAT,Agregat,4,naivni,2026-03-11,2026-04-15,354958.0,356659.0,True,1552.0106,1701.0,2893401.0,1.096
ocisceno,AGREGAT,Agregat,4,lin,2026-03-11,2026-04-15,354958.0,354955.0158,True,1552.0106,2.9842,8.9056,0.0019
ocisceno,AGREGAT,Agregat,4,ar1,2026-03-11,2026-04-15,354958.0,359588.4065,True,1552.0106,4630.4065,21440664.0355,2.9835
ocisceno,AGREGAT,Agregat,4,naivni,2026-03-18,2026-04-29,358343.0,356618.0,True,1536.1053,1725.0,2975625.0,1.123
ocisceno,AGREGAT,Agregat,4,lin,2026-03-18,2026-04-29,358343.0,355730.55,True,1536.1053,2612.45,6824894.9789,1.7007
ocisceno,AGREGAT,Agregat,4,ar1,2026-03-18,2026-04-29,358343.0,359398.3362,True,1536.1053,1055.3362,1113734.4691,0.687
ocisceno,AGREGAT,Agregat,4,naivni,2026-03-25,2026-05-06,356142.0,358869.0,True,1543.5521,2727.0,7436529.0,1.7667
ocisceno,AGREGAT,Agregat,4,lin,2026-03-25,2026-05-06,356142.0,356570.6348,True,1543.5521,428.6348,183727.7549,0.2777
ocisceno,AGREGAT,Agregat,4,ar1,2026-03-25,2026-05-06,356142.0,361989.7063,True,1543.5521,5847.7063,34195669.1679,3.7885
ocisceno,AGREGAT,Agregat,4,naivni,2026-04-08,2026-05-13,356902.0,356781.0,True,1549.1649,121.0,14641.0,0.0781
ocisceno,AGREGAT,Agregat,4,lin,2026-04-08,2026-05-13,356902.0,357287.0407,True,1549.1649,385.0407,148256.3713,0.2485
ocisceno,AGREGAT,Agregat,4,ar1,2026-04-08,2026-05-13,356902.0,359322.5985,True,1549.1649,2420.5985,5859297.3213,1.5625
ocisceno,AGREGAT,Agregat,4,naivni,2026-04-15,2026-05-20,355630.0,354958.0,True,1551.9592,672.0,451584.0,0.433
ocisceno,AGREGAT,Agregat,4,lin,2026-04-15,2026-05-20,355630.0,357896.7448,True,1551.9592,2266.7448,5138132.0399,1.4606
ocisceno,AGREGAT,Agregat,4,ar1,2026-04-15,2026-05-20,355630.0,357083.5268,True,1551.9592,1453.5268,2112740.0365,0.9366
ocisceno,AGREGAT,Agregat,4,naivni,2026-04-29,2026-05-27,357507.0,358343.0,False,1570.4747,836.0,698896.0,0.5323
ocisceno,AGREGAT,Agregat,4,lin,2026-04-29,2026-05-27,357507.0,358622.2994,False,1570.4747,1115.2994,1243892.7917,0.7102
ocisceno,AGREGAT,Agregat,4,ar1,2026-04-29,2026-05-27,357507.0,360932.7631,False,1570.4747,3425.7631,11735853.1458,2.1814
ocisceno,AGREGAT,Agregat,4,naivni,2026-05-06,2026-06-03,355201.0,356142.0,False,1576.78,941.0,885481.0,0.5968
ocisceno,AGREGAT,Agregat,4,lin,2026-05-06,2026-06-03,355201.0,359227.3894,False,1576.78,4026.3894,16211811.2262,2.5536
ocisceno,AGREGAT,Agregat,4,ar1,2026-05-06,2026-06-03,355201.0,358254.4555,False,1576.78,3053.4555,9323590.3897,1.9365
ocisceno,AGREGAT,Agregat,4,naivni,2026-05-13,2026-06-17,352525.0,356902.0,True,1568.6931,4377.0,19158129.0,2.7902
ocisceno,AGREGAT,Agregat,4,lin,2026-05-13,2026-06-17,352525.0,359838.6825,True,1568.6931,7313.6825,53489951.8094,4.6623
ocisceno,AGREGAT,Agregat,4,ar1,2026-05-13,2026-06-17,352525.0,359049.5378,True,1568.6931,6524.5378,42569593.9332,4.1592
ocisceno,AGREGAT,Agregat,4,naivni,2026-05-20,2026-06-24,352926.0,355630.0,True,1565.7843,2704.0,7311616.0,1.7269
ocisceno,AGREGAT,Agregat,4,lin,2026-05-20,2026-06-24,352926.0,360373.5742,True,1565.7843,7447.5742,55466360.8006,4.7564
ocisceno,AGREGAT,Agregat,4,ar1,2026-05-20,2026-06-24,352926.0,357521.2193,True,1565.7843,4595.2193,21116040.655,2.9348
ocisceno,AGREGAT,Agregat,4,naivni,2026-05-27,2026-07-01,351527.0,357507.0,True,1568.8058,5980.0,35760400.0,3.8118
ocisceno,AGREGAT,Agregat,4,lin,2026-05-27,2026-07-01,351527.0,360961.782,True,1568.8058,9434.782,89015110.5098,6.014
ocisceno,AGREGAT,Agregat,4,ar1,2026-05-27,2026-07-01,351527.0,359583.6023,True,1568.8058,8056.6023,64908840.483,5.1355
ocisceno,AGREGAT,Agregat,4,naivni,2026-06-03,2026-07-08,351311.0,355201.0,True,1575.8942,3890.0,15132100.0,2.4684
ocisceno,AGREGAT,Agregat,4,lin,2026-06-03,2026-07-08,351311.0,361434.8396,True,1575.8942,10123.8396,102492128.565,6.4242
ocisceno,AGREGAT,Agregat,4,ar1,2026-06-03,2026-07-08,351311.0,356905.8814,True,1575.8942,5594.8814,31302698.2639,3.5503
ocisceno,AGREGAT,Agregat,4,naivni,2026-06-17,2026-07-15,352457.0,352525.0,False,1586.3714,68.0,4624.0,0.0429
ocisceno,AGREGAT,Agregat,4,lin,2026-06-17,2026-07-15,352457.0,361783.2407,False,1586.3714,9326.2407,86978766.3142,5.879
ocisceno,AGREGAT,Agregat,4,ar1,2026-06-17,2026-07-15,352457.0,353903.3942,False,1586.3714,1446.3942,2092056.1269,0.9118
