razlicica,vzs,naziv,datum,razlika,z,z_flag,if_flag,konsenz
izhodiscna,1010P,Dermatološki pregled - prvi,2024-04-11,181.0,0.2617,False,False,False
izhodiscna,1010P,Dermatološki pregled - prvi,2024-04-18,303.0,0.4948,False,False,False
izhodiscna,1010P,Dermatološki pregled - prvi,2024-04-25,242.0,0.3782,False,False,False
izhodiscna,1010P,Dermatološki pregled - prvi,2024-05-03,337.0,0.5597,False,False,False
izhodiscna,1010P,Dermatološki pregled - prvi,2024-05-09,90.0,0.0878,False,False,False
izhodiscna,1010P,Dermatološki pregled - prvi,2024-05-16,-44.0,-0.1682,False,False,False
izhodiscna,1010P,Dermatološki pregled - prvi,2024-05-23,41.0,-0.0058,False,False,False
izhodiscna,1010P,Dermatološki pregled - prvi,2024-05-30,126.0,0.1566,False,False,False
izhodiscna,1010P,Dermatološki pregled - prvi,2024-06-06,-120.0,-0.3134,False,False,False
izhodiscna,1010P,Dermatološki pregled - prvi,2024-06-13,560.0,0.9858,False,False,False
izhodiscna,1010P,Dermatološki pregled - prvi,2024-06-20,76.0,0.0611,False,False,False
izhodiscna,1010P,Dermatološki pregled - prvi,2024-06-27,431.0,0.7393,False,False,False
izhodiscna,1010P,Dermatološki pregled - prvi,2024-07-04,304.0,0.4967,False,False,False
izhodiscna,1010P,Dermatološki pregled - prvi,2024-07-11,247.0,0.3878,False,False,False
izhodiscna,1010P,Dermatološki pregled - prvi,2024-07-18,259.0,0.4107,False,False,False
izhodiscna,1010P,Dermatološki pregled - prvi,2024-07-25,74.0,0.0572,False,False,False
izhodiscna,1010P,Dermatološki pregled - prvi,2024-08-01,52.0,0.0152,False,False,False
izhodiscna,1010P,Dermatološki pregled - prvi,2024-08-08,110.0,0.126,False,False,False
izhodiscna,1010P,Dermatološki pregled - prvi,2024-08-16,203.0,0.3037,False,False,False
izhodiscna,1010P,Dermatološki pregled - prvi,2024-08-22,60.0,0.0305,False,False,False
izhodiscna,1010P,Dermatološki pregled - prvi,2024-08-29,179.0,0.2579,False,False,False
izhodiscna,1010P,Dermatološki pregled - prvi,2024-09-05,126.0,0.1566,False,False,False
izhodiscna,1010P,Dermatološki pregled - prvi,2024-09-12,184.0,0.2674,False,False,False
izhodiscna,1010P,Dermatološki pregled - prvi,2024-09-19,67.0,0.0439,False,False,False
izhodiscna,1010P,Dermatološki pregled - prvi,2024-09-26,461.0,0.7966,False,False,False
izhodiscna,1010P,Dermatološki pregled - prvi,2024-10-03,428.0,0.7336,False,False,False
izhodiscna,1010P,Dermatološki pregled - prvi,2024-10-10,-581.0,-1.1942,False,False,False
izhodiscna,1010P,Dermatološki pregled - prvi,2024-10-17,-619.0,-1.2668,False,True,False
izhodiscna,1010P,Dermatološki pregled - prvi,2024-10-24,551.0,0.9686,False,False,False
izhodiscna,1010P,Dermatološki pregled - prvi,2024-10-31,45.0,0.0018,False,False,False
izhodiscna,1010P,Dermatološki pregled - prvi,2024-11-07,-126.0,-0.3249,False,False,False
izhodiscna,1010P,Dermatološki pregled - prvi,2024-11-14,13.0,-0.0593,False,False,False
izhodiscna,1010P,Dermatološki pregled - prvi,2024-11-21,-120.0,-0.3134,False,False,False
izhodiscna,1010P,Dermatološki pregled - prvi,2024-11-28,177.0,0.254,False,False,False
izhodiscna,1010P,Dermatološki pregled - prvi,2024-12-05,-114.0,-0.3019,False,False,False
izhodiscna,1010P,Dermatološki pregled - prvi,2024-12-12,-79.0,-0.2351,False,False,False
izhodiscna,1010P,Dermatološki pregled - prvi,2024-12-19,-96.0,-0.2675,False,False,False
izhodiscna,1010P,Dermatološki pregled - prvi,2025-01-08,-48.0,-0.1758,False,False,False
izhodiscna,1010P,Dermatološki pregled - prvi,2025-01-15,223.0,0.3419,False,False,False
izhodiscna,1010P,Dermatološki pregled - prvi,2025-01-22,-62.0,-0.2026,False,False,False
izhodiscna,1010P,Dermatološki pregled - prvi,2025-01-29,-538.0,-1.112,False,False,False
izhodiscna,1010P,Dermatološki pregled - prvi,2025-02-05,-168.0,-0.4051,False,False,False
izhodiscna,1010P,Dermatološki pregled - prvi,2025-02-12,169.0,0.2388,False,False,False
izhodiscna,1010P,Dermatološki pregled - prvi,2025-02-19,-143.0,-0.3573,False,False,False
izhodiscna,1010P,Dermatološki pregled - prvi,2025-02-26,303.0,0.4948,False,False,False
izhodiscna,1010P,Dermatološki pregled - prvi,2025-03-05,95.0,0.0974,False,False,False
izhodiscna,1010P,Dermatološki pregled - prvi,2025-03-12,289.0,0.468,False,False,False
izhodiscna,1010P,Dermatološki pregled - prvi,2025-03-19,48.0,0.0076,False,False,False
izhodiscna,1010P,Dermatološki pregled - prvi,2025-03-26,0.0,-0.0841,False,False,False
izhodiscna,1010P,Dermatološki pregled - prvi,2025-04-02,-90.0,-0.2561,False,False,False
izhodiscna,1010P,Dermatološki pregled - prvi,2025-04-09,165.0,0.2311,False,False,False
izhodiscna,1010P,Dermatološki pregled - prvi,2025-04-16,436.0,0.7489,False,False,False
izhodiscna,1010P,Dermatološki pregled - prvi,2025-04-23,199.0,0.2961,False,False,False
izhodiscna,1010P,Dermatološki pregled - prvi,2025-04-30,226.0,0.3477,False,False,False
izhodiscna,1010P,Dermatološki pregled - prvi,2025-05-07,-78.0,-0.2332,False,False,False
izhodiscna,1010P,Dermatološki pregled - prvi,2025-05-14,271.0,0.4336,False,False,False
izhodiscna,1010P,Dermatološki pregled - prvi,2025-05-21,300.0,0.489,False,False,False
izhodiscna,1010P,Dermatološki pregled - prvi,2025-05-28,298.0,0.4852,False,False,False
izhodiscna,1010P,Dermatološki pregled - prvi,2025-06-04,95.0,0.0974,False,False,False
izhodiscna,1010P,Dermatološki pregled - prvi,2025-06-11,-3158.0,-6.1177,True,True,True
izhodiscna,1010P,Dermatološki pregled - prvi,2025-06-18,3730.0,7.0423,True,True,True
izhodiscna,1010P,Dermatološki pregled - prvi,2025-07-02,735.0,1.3201,False,True,False
izhodiscna,1010P,Dermatološki pregled - prvi,2025-07-09,110.0,0.126,False,True,False
izhodiscna,1010P,Dermatološki pregled - prvi,2025-07-16,-80.0,-0.237,False,True,False
izhodiscna,1010P,Dermatološki pregled - prvi,2025-07-23,-317.0,-0.6898,False,False,False
izhodiscna,1010P,Dermatološki pregled - prvi,2025-07-30,-63.0,-0.2045,False,False,False
izhodiscna,1010P,Dermatološki pregled - prvi,2025-08-06,385.0,0.6514,False,False,False
izhodiscna,1010P,Dermatološki pregled - prvi,2025-08-13,58.0,0.0267,False,False,False
izhodiscna,1010P,Dermatološki pregled - prvi,2025-08-20,-134.0,-0.3401,False,False,False
izhodiscna,1010P,Dermatološki pregled - prvi,2025-08-27,-5.0,-0.0937,False,False,False
izhodiscna,1010P,Dermatološki pregled - prvi,2025-09-03,15.0,-0.0555,False,False,False
izhodiscna,1010P,Dermatološki pregled - prvi,2025-09-10,-76.0,-0.2293,False,False,False
izhodiscna,1010P,Dermatološki pregled - prvi,2025-09-17,160.0,0.2216,False,False,False
izhodiscna,1010P,Dermatološki pregled - prvi,2025-09-24,149.0,0.2005,False,False,False
izhodiscna,1010P,Dermatološki pregled - prvi,2025-10-01,-101.0,-0.2771,False,False,False
izhodiscna,1010P,Dermatološki pregled - prvi,2025-10-08,-125.0,-0.323,False,False,False
izhodiscna,1010P,Dermatološki pregled - prvi,2025-10-15,-15.0,-0.1128,False,False,False
izhodiscna,1010P,Dermatološki pregled - prvi,2025-10-22,-32.0,-0.1453,False,False,False
izhodiscna,1010P,Dermatološki pregled - prvi,2025-10-29,65.0,0.0401,False,False,False
izhodiscna,1010P,Dermatološki pregled - prvi,2025-11-05,-244.0,-0.5503,False,False,False
izhodiscna,1010P,Dermatološki pregled - prvi,2025-11-12,-9.0,-0.1013,False,False,False
izhodiscna,1010P,Dermatološki pregled - prvi,2025-11-19,-135.0,-0.3421,False,False,False
izhodiscna,1010P,Dermatološki pregled - prvi,2025-11-26,67.0,0.0439,False,False,False
izhodiscna,1010P,Dermatološki pregled - prvi,2025-12-03,-235.0,-0.5331,False,False,False
izhodiscna,1010P,Dermatološki pregled - prvi,2025-12-10,-215.0,-0.4949,False,False,False
izhodiscna,1010P,Dermatološki pregled - prvi,2025-12-17,-51.0,-0.1816,False,False,False
izhodiscna,1010P,Dermatološki pregled - prvi,2026-01-07,106.0,0.1184,False,False,False
izhodiscna,1010P,Dermatološki pregled - prvi,2026-01-14,-73.0,-0.2236,False,False,False
izhodiscna,1010P,Dermatološki pregled - prvi,2026-01-21,-45.0,-0.1701,False,False,False
izhodiscna,1010P,Dermatološki pregled - prvi,2026-01-28,-115.0,-0.3038,False,False,False
izhodiscna,1010P,Dermatološki pregled - prvi,2026-02-04,-1.0,-0.086,False,False,False
izhodiscna,1010P,Dermatološki pregled - prvi,2026-02-11,-159.0,-0.3879,False,False,False
izhodiscna,1010P,Dermatološki pregled - prvi,2026-02-18,-354.0,-0.7605,False,False,False
izhodiscna,1010P,Dermatološki pregled - prvi,2026-02-25,-135.0,-0.3421,False,False,False
izhodiscna,1010P,Dermatološki pregled - prvi,2026-03-04,-31.0,-0.1434,False,False,False
izhodiscna,1010P,Dermatološki pregled - prvi,2026-03-11,-58.0,-0.1949,False,False,False
izhodiscna,1010P,Dermatološki pregled - prvi,2026-03-18,-32.0,-0.1453,False,False,False
izhodiscna,1010P,Dermatološki pregled - prvi,2026-03-25,284.0,0.4585,False,False,False
izhodiscna,1010P,Dermatološki pregled - prvi,2026-04-08,-370.0,-0.791,False,False,False
izhodiscna,1010P,Dermatološki pregled - prvi,2026-04-15,5.0,-0.0746,False,False,False
izhodiscna,1010P,Dermatološki pregled - prvi,2026-04-29,300.0,0.489,False,False,False
izhodiscna,1010P,Dermatološki pregled - prvi,2026-05-06,-138.0,-0.3478,False,False,False
izhodiscna,1010P,Dermatološki pregled - prvi,2026-05-13,320.0,0.5272,False,False,False
izhodiscna,1010P,Dermatološki pregled - prvi,2026-05-20,101.0,0.1088,False,False,False
izhodiscna,1010P,Dermatološki pregled - prvi,2026-05-27,423.0,0.724,False,False,False
izhodiscna,1010P,Dermatološki pregled - prvi,2026-06-03,-577.0,-1.1865,False,False,False
izhodiscna,1010P,Dermatološki pregled - prvi,2026-06-17,-225.0,-0.514,False,False,False
izhodiscna,1010P,Dermatološki pregled - prvi,2026-06-24,-116.0,-0.3058,False,False,False
izhodiscna,1010P,Dermatološki pregled - prvi,2026-07-01,-309.0,-0.6745,False,False,False
izhodiscna,1010P,Dermatološki pregled - prvi,2026-07-08,-66.0,-0.2102,False,False,False
izhodiscna,1010P,Dermatološki pregled - prvi,2026-07-15,-344.0,-0.7414,False,False,False
izhodiscna,1018P,Kardiološki pregled - prvi,2024-04-11,-96.0,-0.3495,False,False,False
izhodiscna,1018P,Kardiološki pregled - prvi,2024-04-18,-187.0,-0.7679,False,False,False
izhodiscna,1018P,Kardiološki pregled - prvi,2024-04-25,-27.0,-0.0323,False,False,False
izhodiscna,1018P,Kardiološki pregled - prvi,2024-05-03,168.0,0.8642,False,False,False
izhodiscna,1018P,Kardiološki pregled - prvi,2024-05-09,-56.0,-0.1656,False,False,False
izhodiscna,1018P,Kardiološki pregled - prvi,2024-05-16,-150.0,-0.5978,False,False,False
izhodiscna,1018P,Kardiološki pregled - prvi,2024-05-23,-135.0,-0.5288,False,False,False
izhodiscna,1018P,Kardiološki pregled - prvi,2024-05-30,-133.0,-0.5196,False,False,False
izhodiscna,1018P,Kardiološki pregled - prvi,2024-06-06,-417.0,-1.8253,False,False,False
izhodiscna,1018P,Kardiološki pregled - prvi,2024-06-13,571.0,2.7169,True,True,True
izhodiscna,1018P,Kardiološki pregled - prvi,2024-06-20,-102.0,-0.3771,False,False,False
izhodiscna,1018P,Kardiološki pregled - prvi,2024-06-27,173.0,0.8872,False,False,False
izhodiscna,1018P,Kardiološki pregled - prvi,2024-07-04,-134.0,-0.5242,False,False,False
izhodiscna,1018P,Kardiološki pregled - prvi,2024-07-11,16.0,0.1654,False,False,False
izhodiscna,1018P,Kardiološki pregled - prvi,2024-07-18,-147.0,-0.584,False,False,False
izhodiscna,1018P,Kardiološki pregled - prvi,2024-07-25,64.0,0.3861,False,False,False
izhodiscna,1018P,Kardiološki pregled - prvi,2024-08-01,145.0,0.7584,False,False,False
izhodiscna,1018P,Kardiološki pregled - prvi,2024-08-08,187.0,0.9515,False,False,False
izhodiscna,1018P,Kardiološki pregled - prvi,2024-08-16,10.0,0.1378,False,False,False
izhodiscna,1018P,Kardiološki pregled - prvi,2024-08-22,-33.0,-0.0599,False,False,False
izhodiscna,1018P,Kardiološki pregled - prvi,2024-08-29,-242.0,-1.0207,False,False,False
izhodiscna,1018P,Kardiološki pregled - prvi,2024-09-05,-434.0,-1.9034,False,False,False
izhodiscna,1018P,Kardiološki pregled - prvi,2024-09-12,-649.0,-2.8919,True,True,True
izhodiscna,1018P,Kardiološki pregled - prvi,2024-09-19,759.0,3.5812,True,True,True
izhodiscna,1018P,Kardiološki pregled - prvi,2024-09-26,-235.0,-0.9886,False,True,False
izhodiscna,1018P,Kardiološki pregled - prvi,2024-10-03,-285.0,-1.2184,False,True,False
izhodiscna,1018P,Kardiološki pregled - prvi,2024-10-10,-136.0,-0.5334,False,False,False
izhodiscna,1018P,Kardiološki pregled - prvi,2024-10-17,-225.0,-0.9426,False,False,False
izhodiscna,1018P,Kardiološki pregled - prvi,2024-10-24,-185.0,-0.7587,False,False,False
izhodiscna,1018P,Kardiološki pregled - prvi,2024-10-31,20.0,0.1838,False,False,False
izhodiscna,1018P,Kardiološki pregled - prvi,2024-11-07,-164.0,-0.6621,False,False,False
izhodiscna,1018P,Kardiološki pregled - prvi,2024-11-14,-146.0,-0.5794,False,False,False
izhodiscna,1018P,Kardiološki pregled - prvi,2024-11-21,-543.0,-2.4046,True,True,True
izhodiscna,1018P,Kardiološki pregled - prvi,2024-11-28,-91.0,-0.3265,False,False,False
izhodiscna,1018P,Kardiološki pregled - prvi,2024-12-05,-375.0,-1.6322,False,False,False
izhodiscna,1018P,Kardiološki pregled - prvi,2024-12-12,58.0,0.3585,False,False,False
izhodiscna,1018P,Kardiološki pregled - prvi,2024-12-19,-229.0,-0.961,False,False,False
izhodiscna,1018P,Kardiološki pregled - prvi,2025-01-08,204.0,1.0297,False,False,False
izhodiscna,1018P,Kardiološki pregled - prvi,2025-01-15,-53.0,-0.1518,False,False,False
izhodiscna,1018P,Kardiološki pregled - prvi,2025-01-22,76.0,0.4412,False,False,False
izhodiscna,1018P,Kardiološki pregled - prvi,2025-01-29,-36.0,-0.0737,False,False,False
izhodiscna,1018P,Kardiološki pregled - prvi,2025-02-05,108.0,0.5883,False,False,False
izhodiscna,1018P,Kardiološki pregled - prvi,2025-02-12,157.0,0.8136,False,False,False
izhodiscna,1018P,Kardiološki pregled - prvi,2025-02-19,149.0,0.7768,False,False,False
izhodiscna,1018P,Kardiološki pregled - prvi,2025-02-26,228.0,1.14,False,False,False
izhodiscna,1018P,Kardiološki pregled - prvi,2025-03-05,13.0,0.1516,False,False,False
izhodiscna,1018P,Kardiološki pregled - prvi,2025-03-12,230.0,1.1492,False,False,False
izhodiscna,1018P,Kardiološki pregled - prvi,2025-03-19,-40.0,-0.0921,False,False,False
izhodiscna,1018P,Kardiološki pregled - prvi,2025-03-26,128.0,0.6803,False,False,False
izhodiscna,1018P,Kardiološki pregled - prvi,2025-04-02,61.0,0.3723,False,False,False
izhodiscna,1018P,Kardiološki pregled - prvi,2025-04-09,307.0,1.5032,False,False,False
izhodiscna,1018P,Kardiološki pregled - prvi,2025-04-16,-15.0,0.0229,False,False,False
izhodiscna,1018P,Kardiološki pregled - prvi,2025-04-23,48.0,0.3125,False,False,False
izhodiscna,1018P,Kardiološki pregled - prvi,2025-04-30,451.0,2.1652,True,False,False
izhodiscna,1018P,Kardiološki pregled - prvi,2025-05-07,14.0,0.1562,False,False,False
izhodiscna,1018P,Kardiološki pregled - prvi,2025-05-14,182.0,0.9285,False,False,False
izhodiscna,1018P,Kardiološki pregled - prvi,2025-05-21,-21.0,-0.0047,False,False,False
izhodiscna,1018P,Kardiološki pregled - prvi,2025-05-28,192.0,0.9745,False,False,False
izhodiscna,1018P,Kardiološki pregled - prvi,2025-06-04,-92.0,-0.3311,False,False,False
izhodiscna,1018P,Kardiološki pregled - prvi,2025-06-11,-287.0,-1.2276,False,False,False
izhodiscna,1018P,Kardiološki pregled - prvi,2025-06-18,480.0,2.2986,True,False,False
izhodiscna,1018P,Kardiološki pregled - prvi,2025-07-02,67.0,0.3998,False,False,False
izhodiscna,1018P,Kardiološki pregled - prvi,2025-07-09,42.0,0.2849,False,False,False
izhodiscna,1018P,Kardiološki pregled - prvi,2025-07-16,-17.0,0.0137,False,False,False
izhodiscna,1018P,Kardiološki pregled - prvi,2025-07-23,160.0,0.8274,False,False,False
izhodiscna,1018P,Kardiološki pregled - prvi,2025-07-30,124.0,0.6619,False,False,False
izhodiscna,1018P,Kardiološki pregled - prvi,2025-08-06,-104.0,-0.3863,False,False,False
izhodiscna,1018P,Kardiološki pregled - prvi,2025-08-13,-15.0,0.0229,False,False,False
izhodiscna,1018P,Kardiološki pregled - prvi,2025-08-20,-113.0,-0.4277,False,False,False
izhodiscna,1018P,Kardiološki pregled - prvi,2025-08-27,98.0,0.5424,False,False,False
izhodiscna,1018P,Kardiološki pregled - prvi,2025-09-03,-62.0,-0.1932,False,False,False
izhodiscna,1018P,Kardiološki pregled - prvi,2025-09-10,-113.0,-0.4277,False,False,False
izhodiscna,1018P,Kardiološki pregled - prvi,2025-09-17,-183.0,-0.7495,False,False,False
izhodiscna,1018P,Kardiološki pregled - prvi,2025-09-24,-335.0,-1.4483,False,False,False
izhodiscna,1018P,Kardiološki pregled - prvi,2025-10-01,-455.0,-2.0,False,False,False
izhodiscna,1018P,Kardiološki pregled - prvi,2025-10-08,-190.0,-0.7817,False,False,False
izhodiscna,1018P,Kardiološki pregled - prvi,2025-10-15,-134.0,-0.5242,False,False,False
izhodiscna,1018P,Kardiološki pregled - prvi,2025-10-22,-327.0,-1.4115,False,False,False
izhodiscna,1018P,Kardiološki pregled - prvi,2025-10-29,116.0,0.6251,False,False,False
izhodiscna,1018P,Kardiološki pregled - prvi,2025-11-05,-174.0,-0.7081,False,False,False
izhodiscna,1018P,Kardiološki pregled - prvi,2025-11-12,-46.0,-0.1197,False,False,False
izhodiscna,1018P,Kardiološki pregled - prvi,2025-11-19,-174.0,-0.7081,False,False,False
izhodiscna,1018P,Kardiološki pregled - prvi,2025-11-26,-53.0,-0.1518,False,False,False
izhodiscna,1018P,Kardiološki pregled - prvi,2025-12-03,-61.0,-0.1886,False,False,False
izhodiscna,1018P,Kardiološki pregled - prvi,2025-12-10,-67.0,-0.2162,False,False,False
izhodiscna,1018P,Kardiološki pregled - prvi,2025-12-17,-267.0,-1.1357,False,False,False
izhodiscna,1018P,Kardiološki pregled - prvi,2026-01-07,-48.0,-0.1289,False,False,False
izhodiscna,1018P,Kardiološki pregled - prvi,2026-01-14,4.0,0.1102,False,False,False
izhodiscna,1018P,Kardiološki pregled - prvi,2026-01-21,103.0,0.5654,False,False,False
izhodiscna,1018P,Kardiološki pregled - prvi,2026-01-28,263.0,1.3009,False,False,False
izhodiscna,1018P,Kardiološki pregled - prvi,2026-02-04,121.0,0.6481,False,False,False
izhodiscna,1018P,Kardiološki pregled - prvi,2026-02-11,-9.0,0.0504,False,False,False
izhodiscna,1018P,Kardiološki pregled - prvi,2026-02-18,335.0,1.6319,False,False,False
izhodiscna,1018P,Kardiološki pregled - prvi,2026-02-25,19.0,0.1792,False,False,False
izhodiscna,1018P,Kardiološki pregled - prvi,2026-03-04,127.0,0.6757,False,False,False
izhodiscna,1018P,Kardiološki pregled - prvi,2026-03-11,71.0,0.4182,False,False,False
izhodiscna,1018P,Kardiološki pregled - prvi,2026-03-18,-190.0,-0.7817,False,False,False
izhodiscna,1018P,Kardiološki pregled - prvi,2026-03-25,145.0,0.7584,False,False,False
izhodiscna,1018P,Kardiološki pregled - prvi,2026-04-08,-283.0,-1.2092,False,False,False
izhodiscna,1018P,Kardiološki pregled - prvi,2026-04-15,105.0,0.5745,False,False,False
izhodiscna,1018P,Kardiološki pregled - prvi,2026-04-29,359.0,1.7423,False,False,False
izhodiscna,1018P,Kardiološki pregled - prvi,2026-05-06,-302.0,-1.2966,False,False,False
izhodiscna,1018P,Kardiološki pregled - prvi,2026-05-13,131.0,0.6941,False,False,False
izhodiscna,1018P,Kardiološki pregled - prvi,2026-05-20,-108.0,-0.4047,False,False,False
izhodiscna,1018P,Kardiološki pregled - prvi,2026-05-27,55.0,0.3447,False,False,False
izhodiscna,1018P,Kardiološki pregled - prvi,2026-06-03,-90.0,-0.3219,False,False,False
izhodiscna,1018P,Kardiološki pregled - prvi,2026-06-17,-34.0,-0.0645,False,False,False
izhodiscna,1018P,Kardiološki pregled - prvi,2026-06-24,230.0,1.1492,False,False,False
izhodiscna,1018P,Kardiološki pregled - prvi,2026-07-01,-189.0,-0.7771,False,False,False
izhodiscna,1018P,Kardiološki pregled - prvi,2026-07-08,46.0,0.3033,False,False,False
izhodiscna,1018P,Kardiološki pregled - prvi,2026-07-15,106.0,0.5791,False,False,False
izhodiscna,1941,UZ vratnih žil,2024-04-11,196.0,0.2421,False,False,False
izhodiscna,1941,UZ vratnih žil,2024-04-18,578.0,1.1751,False,False,False
izhodiscna,1941,UZ vratnih žil,2024-04-25,185.0,0.2152,False,False,False
izhodiscna,1941,UZ vratnih žil,2024-05-03,215.0,0.2885,False,False,False
izhodiscna,1941,UZ vratnih žil,2024-05-09,256.0,0.3886,False,False,False
izhodiscna,1941,UZ vratnih žil,2024-05-16,114.0,0.0418,False,False,False
izhodiscna,1941,UZ vratnih žil,2024-05-23,241.0,0.352,False,False,False
izhodiscna,1941,UZ vratnih žil,2024-05-30,132.0,0.0857,False,False,False
izhodiscna,1941,UZ vratnih žil,2024-06-06,-312.0,-0.9988,False,False,False
izhodiscna,1941,UZ vratnih žil,2024-06-13,114.0,0.0418,False,False,False
izhodiscna,1941,UZ vratnih žil,2024-06-20,-184.0,-0.6861,False,False,False
izhodiscna,1941,UZ vratnih žil,2024-06-27,172.0,0.1834,False,False,False
izhodiscna,1941,UZ vratnih žil,2024-07-04,-107.0,-0.498,False,False,False
izhodiscna,1941,UZ vratnih žil,2024-07-11,-217.0,-0.7667,False,False,False
izhodiscna,1941,UZ vratnih žil,2024-07-18,89.0,-0.0193,False,False,False
izhodiscna,1941,UZ vratnih žil,2024-07-25,179.0,0.2005,False,False,False
izhodiscna,1941,UZ vratnih žil,2024-08-01,-73.0,-0.415,False,False,False
izhodiscna,1941,UZ vratnih žil,2024-08-08,70.0,-0.0657,False,False,False
izhodiscna,1941,UZ vratnih žil,2024-08-16,-166.0,-0.6422,False,False,False
izhodiscna,1941,UZ vratnih žil,2024-08-22,72.0,-0.0608,False,False,False
izhodiscna,1941,UZ vratnih žil,2024-08-29,133.0,0.0882,False,False,False
izhodiscna,1941,UZ vratnih žil,2024-09-05,-295.0,-0.9572,False,False,False
izhodiscna,1941,UZ vratnih žil,2024-09-12,175.0,0.1908,False,False,False
izhodiscna,1941,UZ vratnih žil,2024-09-19,-116.0,-0.52,False,False,False
izhodiscna,1941,UZ vratnih žil,2024-09-26,59.0,-0.0926,False,False,False
izhodiscna,1941,UZ vratnih žil,2024-10-03,0.0,-0.2367,False,False,False
izhodiscna,1941,UZ vratnih žil,2024-10-10,176.0,0.1932,False,False,False
izhodiscna,1941,UZ vratnih žil,2024-10-17,-33.0,-0.3173,False,False,False
izhodiscna,1941,UZ vratnih žil,2024-10-24,226.0,0.3153,False,False,False
izhodiscna,1941,UZ vratnih žil,2024-10-31,383.0,0.6988,False,False,False
izhodiscna,1941,UZ vratnih žil,2024-11-07,133.0,0.0882,False,False,False
izhodiscna,1941,UZ vratnih žil,2024-11-14,6.0,-0.222,False,False,False
izhodiscna,1941,UZ vratnih žil,2024-11-21,698.0,1.4682,False,False,False
izhodiscna,1941,UZ vratnih žil,2024-11-28,-379.0,-1.1624,False,False,False
izhodiscna,1941,UZ vratnih žil,2024-12-05,-581.0,-1.6558,False,False,False
izhodiscna,1941,UZ vratnih žil,2024-12-12,444.0,0.8478,False,False,False
izhodiscna,1941,UZ vratnih žil,2024-12-19,379.0,0.689,False,False,False
izhodiscna,1941,UZ vratnih žil,2025-01-08,-168.0,-0.647,False,False,False
izhodiscna,1941,UZ vratnih žil,2025-01-15,696.0,1.4633,False,False,False
izhodiscna,1941,UZ vratnih žil,2025-01-22,207.0,0.2689,False,False,False
izhodiscna,1941,UZ vratnih žil,2025-01-29,581.0,1.1824,False,False,False
izhodiscna,1941,UZ vratnih žil,2025-02-05,409.0,0.7623,False,False,False
izhodiscna,1941,UZ vratnih žil,2025-02-12,420.0,0.7892,False,False,False
izhodiscna,1941,UZ vratnih žil,2025-02-19,227.0,0.3178,False,False,False
izhodiscna,1941,UZ vratnih žil,2025-02-26,543.0,1.0896,False,False,False
izhodiscna,1941,UZ vratnih žil,2025-03-05,-63.0,-0.3906,False,False,False
izhodiscna,1941,UZ vratnih žil,2025-03-12,-283.0,-0.9279,False,False,False
izhodiscna,1941,UZ vratnih žil,2025-03-19,476.0,0.926,False,False,False
izhodiscna,1941,UZ vratnih žil,2025-03-26,549.0,1.1043,False,False,False
izhodiscna,1941,UZ vratnih žil,2025-04-02,181.0,0.2054,False,False,False
izhodiscna,1941,UZ vratnih žil,2025-04-09,735.0,1.5586,False,False,False
izhodiscna,1941,UZ vratnih žil,2025-04-16,255.0,0.3862,False,False,False
izhodiscna,1941,UZ vratnih žil,2025-04-23,285.0,0.4594,False,False,False
izhodiscna,1941,UZ vratnih žil,2025-04-30,369.0,0.6646,False,False,False
izhodiscna,1941,UZ vratnih žil,2025-05-07,26.0,-0.1732,False,False,False
izhodiscna,1941,UZ vratnih žil,2025-05-14,481.0,0.9382,False,False,False
izhodiscna,1941,UZ vratnih žil,2025-05-21,300.0,0.4961,False,False,False
izhodiscna,1941,UZ vratnih žil,2025-05-28,396.0,0.7306,False,False,False
izhodiscna,1941,UZ vratnih žil,2025-06-04,532.0,1.0628,False,False,False
izhodiscna,1941,UZ vratnih žil,2025-06-11,-594.0,-1.6876,False,False,False
izhodiscna,1941,UZ vratnih žil,2025-06-18,827.0,1.7833,False,False,False
izhodiscna,1941,UZ vratnih žil,2025-07-02,78.0,-0.0462,False,False,False
izhodiscna,1941,UZ vratnih žil,2025-07-09,-6.0,-0.2513,False,False,False
izhodiscna,1941,UZ vratnih žil,2025-07-16,-795.0,-2.1785,True,False,False
izhodiscna,1941,UZ vratnih žil,2025-07-23,1014.0,2.2401,True,False,False
izhodiscna,1941,UZ vratnih žil,2025-07-30,-141.0,-0.5811,False,False,False
izhodiscna,1941,UZ vratnih žil,2025-08-06,276.0,0.4375,False,False,False
izhodiscna,1941,UZ vratnih žil,2025-08-13,16.0,-0.1976,False,False,False
izhodiscna,1941,UZ vratnih žil,2025-08-20,-1608.0,-4.1643,True,True,True
izhodiscna,1941,UZ vratnih žil,2025-08-27,1520.0,3.476,True,True,True
izhodiscna,1941,UZ vratnih žil,2025-09-03,-418.0,-1.2577,False,True,False
izhodiscna,1941,UZ vratnih žil,2025-09-10,-223.0,-0.7814,False,True,False
izhodiscna,1941,UZ vratnih žil,2025-09-17,-132.0,-0.5591,False,False,False
izhodiscna,1941,UZ vratnih žil,2025-09-24,-276.0,-0.9108,False,False,False
izhodiscna,1941,UZ vratnih žil,2025-10-01,298.0,0.4912,False,False,False
izhodiscna,1941,UZ vratnih žil,2025-10-08,176.0,0.1932,False,False,False
izhodiscna,1941,UZ vratnih žil,2025-10-15,-105.0,-0.4932,False,False,False
izhodiscna,1941,UZ vratnih žil,2025-10-22,334.0,0.5791,False,False,False
izhodiscna,1941,UZ vratnih žil,2025-10-29,405.0,0.7526,False,False,False
izhodiscna,1941,UZ vratnih žil,2025-11-05,-369.0,-1.138,False,False,False
izhodiscna,1941,UZ vratnih žil,2025-11-12,-210.0,-0.7496,False,False,False
izhodiscna,1941,UZ vratnih žil,2025-11-19,227.0,0.3178,False,False,False
izhodiscna,1941,UZ vratnih žil,2025-11-26,-215.0,-0.7618,False,False,False
izhodiscna,1941,UZ vratnih žil,2025-12-03,221.0,0.3031,False,False,False
izhodiscna,1941,UZ vratnih žil,2025-12-10,-554.0,-1.5899,False,False,False
izhodiscna,1941,UZ vratnih žil,2025-12-17,-1.0,-0.2391,False,False,False
izhodiscna,1941,UZ vratnih žil,2026-01-07,-1.0,-0.2391,False,False,False
izhodiscna,1941,UZ vratnih žil,2026-01-14,130.0,0.0808,False,False,False
izhodiscna,1941,UZ vratnih žil,2026-01-21,160.0,0.1541,False,False,False
izhodiscna,1941,UZ vratnih žil,2026-01-28,373.0,0.6744,False,False,False
izhodiscna,1941,UZ vratnih žil,2026-02-04,24.0,-0.1781,False,False,False
izhodiscna,1941,UZ vratnih žil,2026-02-11,115.0,0.0442,False,False,False
izhodiscna,1941,UZ vratnih žil,2026-02-18,549.0,1.1043,False,False,False
izhodiscna,1941,UZ vratnih žil,2026-02-25,-107.0,-0.498,False,False,False
izhodiscna,1941,UZ vratnih žil,2026-03-04,75.0,-0.0535,False,False,False
izhodiscna,1941,UZ vratnih žil,2026-03-11,273.0,0.4301,False,False,False
izhodiscna,1941,UZ vratnih žil,2026-03-18,278.0,0.4423,False,False,False
izhodiscna,1941,UZ vratnih žil,2026-03-25,-177.0,-0.669,False,False,False
izhodiscna,1941,UZ vratnih žil,2026-04-08,-449.0,-1.3334,False,False,False
izhodiscna,1941,UZ vratnih žil,2026-04-15,-162.0,-0.6324,False,False,False
izhodiscna,1941,UZ vratnih žil,2026-04-29,236.0,0.3398,False,False,False
izhodiscna,1941,UZ vratnih žil,2026-05-06,388.0,0.711,False,False,False
izhodiscna,1941,UZ vratnih žil,2026-05-13,75.0,-0.0535,False,False,False
izhodiscna,1941,UZ vratnih žil,2026-05-20,-952.0,-2.562,True,False,False
izhodiscna,1941,UZ vratnih žil,2026-05-27,215.0,0.2885,False,False,False
izhodiscna,1941,UZ vratnih žil,2026-06-03,-185.0,-0.6886,False,False,False
izhodiscna,1941,UZ vratnih žil,2026-06-17,-995.0,-2.667,True,True,True
izhodiscna,1941,UZ vratnih žil,2026-06-24,197.0,0.2445,False,False,False
izhodiscna,1941,UZ vratnih žil,2026-07-01,894.0,1.947,False,True,False
izhodiscna,1941,UZ vratnih žil,2026-07-08,-150.0,-0.6031,False,False,False
izhodiscna,1941,UZ vratnih žil,2026-07-15,91.0,-0.0144,False,False,False
izhodiscna,1755,MR glave brez kontrasta,2024-04-11,-123.0,-1.048,False,False,False
izhodiscna,1755,MR glave brez kontrasta,2024-04-18,57.0,0.215,False,False,False
izhodiscna,1755,MR glave brez kontrasta,2024-04-25,61.0,0.2431,False,False,False
izhodiscna,1755,MR glave brez kontrasta,2024-05-03,-164.0,-1.3357,False,False,False
izhodiscna,1755,MR glave brez kontrasta,2024-05-09,-18.0,-0.3113,False,False,False
izhodiscna,1755,MR glave brez kontrasta,2024-05-16,-9.0,-0.2481,False,False,False
izhodiscna,1755,MR glave brez kontrasta,2024-05-23,70.0,0.3062,False,False,False
izhodiscna,1755,MR glave brez kontrasta,2024-05-30,89.0,0.4395,False,False,False
izhodiscna,1755,MR glave brez kontrasta,2024-06-06,-69.0,-0.6691,False,False,False
izhodiscna,1755,MR glave brez kontrasta,2024-06-13,-34.0,-0.4235,False,False,False
izhodiscna,1755,MR glave brez kontrasta,2024-06-20,-81.0,-0.7533,False,False,False
izhodiscna,1755,MR glave brez kontrasta,2024-06-27,-36.0,-0.4376,False,False,False
izhodiscna,1755,MR glave brez kontrasta,2024-07-04,-56.0,-0.5779,False,False,False
izhodiscna,1755,MR glave brez kontrasta,2024-07-11,-156.0,-1.2796,False,False,False
izhodiscna,1755,MR glave brez kontrasta,2024-07-18,-253.0,-1.9602,False,False,False
izhodiscna,1755,MR glave brez kontrasta,2024-07-25,-225.0,-1.7637,False,False,False
izhodiscna,1755,MR glave brez kontrasta,2024-08-01,-170.0,-1.3778,False,False,False
izhodiscna,1755,MR glave brez kontrasta,2024-08-08,-61.0,-0.613,False,False,False
izhodiscna,1755,MR glave brez kontrasta,2024-08-16,-170.0,-1.3778,False,False,False
izhodiscna,1755,MR glave brez kontrasta,2024-08-22,-161.0,-1.3147,False,False,False
izhodiscna,1755,MR glave brez kontrasta,2024-08-29,-85.0,-0.7814,False,False,False
izhodiscna,1755,MR glave brez kontrasta,2024-09-05,-61.0,-0.613,False,False,False
izhodiscna,1755,MR glave brez kontrasta,2024-09-12,-43.0,-0.4867,False,False,False
izhodiscna,1755,MR glave brez kontrasta,2024-09-19,-100.0,-0.8866,False,False,False
izhodiscna,1755,MR glave brez kontrasta,2024-09-26,279.0,1.7727,False,False,False
izhodiscna,1755,MR glave brez kontrasta,2024-10-03,-4.0,-0.213,False,False,False
izhodiscna,1755,MR glave brez kontrasta,2024-10-10,130.0,0.7272,False,False,False
izhodiscna,1755,MR glave brez kontrasta,2024-10-17,-4.0,-0.213,False,False,False
izhodiscna,1755,MR glave brez kontrasta,2024-10-24,46.0,0.1378,False,False,False
izhodiscna,1755,MR glave brez kontrasta,2024-10-31,-141.0,-1.1743,False,False,False
izhodiscna,1755,MR glave brez kontrasta,2024-11-07,137.0,0.7763,False,False,False
izhodiscna,1755,MR glave brez kontrasta,2024-11-14,56.0,0.208,False,False,False
izhodiscna,1755,MR glave brez kontrasta,2024-11-21,23.0,-0.0236,False,False,False
izhodiscna,1755,MR glave brez kontrasta,2024-11-28,-47.0,-0.5148,False,False,False
izhodiscna,1755,MR glave brez kontrasta,2024-12-05,39.0,0.0887,False,False,False
izhodiscna,1755,MR glave brez kontrasta,2024-12-12,5.0,-0.1499,False,False,False
izhodiscna,1755,MR glave brez kontrasta,2024-12-19,-89.0,-0.8095,False,False,False
izhodiscna,1755,MR glave brez kontrasta,2025-01-08,-390.0,-2.9215,True,True,True
izhodiscna,1755,MR glave brez kontrasta,2025-01-15,63.0,0.2571,False,False,False
izhodiscna,1755,MR glave brez kontrasta,2025-01-22,123.0,0.6781,False,False,False
izhodiscna,1755,MR glave brez kontrasta,2025-01-29,137.0,0.7763,False,False,False
izhodiscna,1755,MR glave brez kontrasta,2025-02-05,70.0,0.3062,False,False,False
izhodiscna,1755,MR glave brez kontrasta,2025-02-12,133.0,0.7483,False,False,False
izhodiscna,1755,MR glave brez kontrasta,2025-02-19,77.0,0.3553,False,False,False
izhodiscna,1755,MR glave brez kontrasta,2025-02-26,46.0,0.1378,False,False,False
izhodiscna,1755,MR glave brez kontrasta,2025-03-05,72.0,0.3202,False,False,False
izhodiscna,1755,MR glave brez kontrasta,2025-03-12,106.0,0.5588,False,False,False
izhodiscna,1755,MR glave brez kontrasta,2025-03-19,73.0,0.3273,False,False,False
izhodiscna,1755,MR glave brez kontrasta,2025-03-26,78.0,0.3623,False,False,False
izhodiscna,1755,MR glave brez kontrasta,2025-04-02,14.0,-0.0867,False,False,False
izhodiscna,1755,MR glave brez kontrasta,2025-04-09,71.0,0.3132,False,False,False
izhodiscna,1755,MR glave brez kontrasta,2025-04-16,178.0,1.064,False,False,False
izhodiscna,1755,MR glave brez kontrasta,2025-04-23,142.0,0.8114,False,False,False
izhodiscna,1755,MR glave brez kontrasta,2025-04-30,11.0,-0.1078,False,False,False
izhodiscna,1755,MR glave brez kontrasta,2025-05-07,-56.0,-0.5779,False,False,False
izhodiscna,1755,MR glave brez kontrasta,2025-05-14,29.0,0.0185,False,False,False
izhodiscna,1755,MR glave brez kontrasta,2025-05-21,195.0,1.1833,False,False,False
izhodiscna,1755,MR glave brez kontrasta,2025-05-28,111.0,0.5939,False,False,False
izhodiscna,1755,MR glave brez kontrasta,2025-06-04,175.0,1.043,False,False,False
izhodiscna,1755,MR glave brez kontrasta,2025-06-11,-438.0,-3.2583,True,True,True
izhodiscna,1755,MR glave brez kontrasta,2025-06-18,471.0,3.1199,True,True,True
izhodiscna,1755,MR glave brez kontrasta,2025-07-02,-125.0,-1.0621,False,True,False
izhodiscna,1755,MR glave brez kontrasta,2025-07-09,-91.0,-0.8235,False,True,False
izhodiscna,1755,MR glave brez kontrasta,2025-07-16,-76.0,-0.7182,False,False,False
izhodiscna,1755,MR glave brez kontrasta,2025-07-23,58.0,0.222,False,False,False
izhodiscna,1755,MR glave brez kontrasta,2025-07-30,-111.0,-0.9638,False,False,False
izhodiscna,1755,MR glave brez kontrasta,2025-08-06,24.0,-0.0166,False,False,False
izhodiscna,1755,MR glave brez kontrasta,2025-08-13,-115.0,-0.9919,False,False,False
izhodiscna,1755,MR glave brez kontrasta,2025-08-20,-403.0,-3.0127,True,True,True
izhodiscna,1755,MR glave brez kontrasta,2025-08-27,130.0,0.7272,False,False,False
izhodiscna,1755,MR glave brez kontrasta,2025-09-03,93.0,0.4676,False,False,False
izhodiscna,1755,MR glave brez kontrasta,2025-09-10,79.0,0.3694,False,False,False
izhodiscna,1755,MR glave brez kontrasta,2025-09-17,222.0,1.3728,False,False,False
izhodiscna,1755,MR glave brez kontrasta,2025-09-24,190.0,1.1482,False,False,False
izhodiscna,1755,MR glave brez kontrasta,2025-10-01,231.0,1.4359,False,False,False
izhodiscna,1755,MR glave brez kontrasta,2025-10-08,113.0,0.6079,False,False,False
izhodiscna,1755,MR glave brez kontrasta,2025-10-15,304.0,1.9481,False,False,False
izhodiscna,1755,MR glave brez kontrasta,2025-10-22,77.0,0.3553,False,False,False
izhodiscna,1755,MR glave brez kontrasta,2025-10-29,47.0,0.1448,False,False,False
izhodiscna,1755,MR glave brez kontrasta,2025-11-05,14.0,-0.0867,False,False,False
izhodiscna,1755,MR glave brez kontrasta,2025-11-12,154.0,0.8956,False,False,False
izhodiscna,1755,MR glave brez kontrasta,2025-11-19,118.0,0.643,False,False,False
izhodiscna,1755,MR glave brez kontrasta,2025-11-26,143.0,0.8184,False,False,False
izhodiscna,1755,MR glave brez kontrasta,2025-12-03,118.0,0.643,False,False,False
izhodiscna,1755,MR glave brez kontrasta,2025-12-10,198.0,1.2044,False,False,False
izhodiscna,1755,MR glave brez kontrasta,2025-12-17,7.0,-0.1358,False,False,False
izhodiscna,1755,MR glave brez kontrasta,2026-01-07,-81.0,-0.7533,False,False,False
izhodiscna,1755,MR glave brez kontrasta,2026-01-14,174.0,1.0359,False,False,False
izhodiscna,1755,MR glave brez kontrasta,2026-01-21,152.0,0.8816,False,False,False
izhodiscna,1755,MR glave brez kontrasta,2026-01-28,200.0,1.2184,False,False,False
izhodiscna,1755,MR glave brez kontrasta,2026-02-04,217.0,1.3377,False,False,False
izhodiscna,1755,MR glave brez kontrasta,2026-02-11,107.0,0.5658,False,False,False
izhodiscna,1755,MR glave brez kontrasta,2026-02-18,233.0,1.4499,False,False,False
izhodiscna,1755,MR glave brez kontrasta,2026-02-25,25.0,-0.0095,False,False,False
izhodiscna,1755,MR glave brez kontrasta,2026-03-04,-60.0,-0.606,False,False,False
izhodiscna,1755,MR glave brez kontrasta,2026-03-11,77.0,0.3553,False,False,False
izhodiscna,1755,MR glave brez kontrasta,2026-03-18,99.0,0.5097,False,False,False
izhodiscna,1755,MR glave brez kontrasta,2026-03-25,224.0,1.3868,False,False,False
izhodiscna,1755,MR glave brez kontrasta,2026-04-08,179.0,1.071,False,False,False
izhodiscna,1755,MR glave brez kontrasta,2026-04-15,131.0,0.7342,False,False,False
izhodiscna,1755,MR glave brez kontrasta,2026-04-29,81.0,0.3834,False,False,False
izhodiscna,1755,MR glave brez kontrasta,2026-05-06,46.0,0.1378,False,False,False
izhodiscna,1755,MR glave brez kontrasta,2026-05-13,95.0,0.4816,False,False,False
izhodiscna,1755,MR glave brez kontrasta,2026-05-20,22.0,-0.0306,False,False,False
izhodiscna,1755,MR glave brez kontrasta,2026-05-27,3.0,-0.1639,False,False,False
izhodiscna,1755,MR glave brez kontrasta,2026-06-03,-136.0,-1.1392,False,False,False
izhodiscna,1755,MR glave brez kontrasta,2026-06-17,-17.0,-0.3042,False,False,False
izhodiscna,1755,MR glave brez kontrasta,2026-06-24,-33.0,-0.4165,False,False,False
izhodiscna,1755,MR glave brez kontrasta,2026-07-01,-65.0,-0.6411,False,False,False
izhodiscna,1755,MR glave brez kontrasta,2026-07-08,-121.0,-1.034,False,False,False
izhodiscna,1755,MR glave brez kontrasta,2026-07-15,-148.0,-1.2234,False,False,False
izhodiscna,1195,Operacija sive mrene (katarakte),2024-04-11,-9.0,-0.261,False,False,False
izhodiscna,1195,Operacija sive mrene (katarakte),2024-04-18,348.0,1.4803,False,False,False
izhodiscna,1195,Operacija sive mrene (katarakte),2024-04-25,168.0,0.6023,False,False,False
izhodiscna,1195,Operacija sive mrene (katarakte),2024-05-03,33.0,-0.0562,False,False,False
izhodiscna,1195,Operacija sive mrene (katarakte),2024-05-09,-73.0,-0.5732,False,False,False
izhodiscna,1195,Operacija sive mrene (katarakte),2024-05-16,-179.0,-1.0902,False,False,False
izhodiscna,1195,Operacija sive mrene (katarakte),2024-05-23,-166.0,-1.0268,False,True,False
izhodiscna,1195,Operacija sive mrene (katarakte),2024-05-30,-14.0,-0.2854,False,False,False
izhodiscna,1195,Operacija sive mrene (katarakte),2024-06-06,3.0,-0.2025,False,False,False
izhodiscna,1195,Operacija sive mrene (katarakte),2024-06-13,339.0,1.4364,False,False,False
izhodiscna,1195,Operacija sive mrene (katarakte),2024-06-20,-105.0,-0.7293,False,False,False
izhodiscna,1195,Operacija sive mrene (katarakte),2024-06-27,84.0,0.1926,False,False,False
izhodiscna,1195,Operacija sive mrene (katarakte),2024-07-04,-79.0,-0.6024,False,False,False
izhodiscna,1195,Operacija sive mrene (katarakte),2024-07-11,76.0,0.1536,False,False,False
izhodiscna,1195,Operacija sive mrene (katarakte),2024-07-18,18.0,-0.1293,False,False,False
izhodiscna,1195,Operacija sive mrene (katarakte),2024-07-25,252.0,1.012,False,False,False
izhodiscna,1195,Operacija sive mrene (katarakte),2024-08-01,83.0,0.1877,False,False,False
izhodiscna,1195,Operacija sive mrene (katarakte),2024-08-08,0.0,-0.2171,False,False,False
izhodiscna,1195,Operacija sive mrene (katarakte),2024-08-16,105.0,0.295,False,False,False
izhodiscna,1195,Operacija sive mrene (katarakte),2024-08-22,89.0,0.217,False,False,False
izhodiscna,1195,Operacija sive mrene (katarakte),2024-08-29,34.0,-0.0513,False,False,False
izhodiscna,1195,Operacija sive mrene (katarakte),2024-09-05,194.0,0.7291,False,False,False
izhodiscna,1195,Operacija sive mrene (katarakte),2024-09-12,128.0,0.4072,False,False,False
izhodiscna,1195,Operacija sive mrene (katarakte),2024-09-19,-1.0,-0.222,False,False,False
izhodiscna,1195,Operacija sive mrene (katarakte),2024-09-26,-23.0,-0.3293,False,False,False
izhodiscna,1195,Operacija sive mrene (katarakte),2024-10-03,168.0,0.6023,False,False,False
izhodiscna,1195,Operacija sive mrene (katarakte),2024-10-10,3.0,-0.2025,False,False,False
izhodiscna,1195,Operacija sive mrene (katarakte),2024-10-17,10.0,-0.1683,False,False,False
izhodiscna,1195,Operacija sive mrene (katarakte),2024-10-24,70.0,0.1243,False,False,False
izhodiscna,1195,Operacija sive mrene (katarakte),2024-10-31,37.0,-0.0366,False,False,False
izhodiscna,1195,Operacija sive mrene (katarakte),2024-11-07,-66.0,-0.539,False,False,False
izhodiscna,1195,Operacija sive mrene (katarakte),2024-11-14,133.0,0.4316,False,False,False
izhodiscna,1195,Operacija sive mrene (katarakte),2024-11-21,131.0,0.4218,False,False,False
izhodiscna,1195,Operacija sive mrene (katarakte),2024-11-28,29.0,-0.0757,False,False,False
izhodiscna,1195,Operacija sive mrene (katarakte),2024-12-05,131.0,0.4218,False,False,False
izhodiscna,1195,Operacija sive mrene (katarakte),2024-12-12,162.0,0.573,False,False,False
izhodiscna,1195,Operacija sive mrene (katarakte),2024-12-19,281.0,1.1535,False,False,False
izhodiscna,1195,Operacija sive mrene (katarakte),2025-01-08,174.0,0.6316,False,False,False
izhodiscna,1195,Operacija sive mrene (katarakte),2025-01-15,-138.0,-0.8902,False,False,False
izhodiscna,1195,Operacija sive mrene (katarakte),2025-01-22,-88.0,-0.6463,False,False,False
izhodiscna,1195,Operacija sive mrene (katarakte),2025-01-29,143.0,0.4804,False,False,False
izhodiscna,1195,Operacija sive mrene (katarakte),2025-02-05,-98.0,-0.6951,False,False,False
izhodiscna,1195,Operacija sive mrene (katarakte),2025-02-12,147.0,0.4999,False,False,False
izhodiscna,1195,Operacija sive mrene (katarakte),2025-02-19,2.0,-0.2074,False,False,False
izhodiscna,1195,Operacija sive mrene (katarakte),2025-02-26,97.0,0.256,False,False,False
izhodiscna,1195,Operacija sive mrene (katarakte),2025-03-05,-102.0,-0.7146,False,False,False
izhodiscna,1195,Operacija sive mrene (katarakte),2025-03-12,176.0,0.6413,False,False,False
izhodiscna,1195,Operacija sive mrene (katarakte),2025-03-19,42.0,-0.0123,False,False,False
izhodiscna,1195,Operacija sive mrene (katarakte),2025-03-26,163.0,0.5779,False,False,False
izhodiscna,1195,Operacija sive mrene (katarakte),2025-04-02,206.0,0.7877,False,False,False
izhodiscna,1195,Operacija sive mrene (katarakte),2025-04-09,62.0,0.0853,False,False,False
izhodiscna,1195,Operacija sive mrene (katarakte),2025-04-16,24.0,-0.1001,False,False,False
izhodiscna,1195,Operacija sive mrene (katarakte),2025-04-23,-56.0,-0.4903,False,False,False
izhodiscna,1195,Operacija sive mrene (katarakte),2025-04-30,340.0,1.4412,False,False,False
izhodiscna,1195,Operacija sive mrene (katarakte),2025-05-07,-104.0,-0.7244,False,False,False
izhodiscna,1195,Operacija sive mrene (katarakte),2025-05-14,-85.0,-0.6317,False,False,False
izhodiscna,1195,Operacija sive mrene (katarakte),2025-05-21,6.0,-0.1878,False,False,False
izhodiscna,1195,Operacija sive mrene (katarakte),2025-05-28,-61.0,-0.5146,False,False,False
izhodiscna,1195,Operacija sive mrene (katarakte),2025-06-04,85.0,0.1975,False,False,False
izhodiscna,1195,Operacija sive mrene (katarakte),2025-06-11,-1298.0,-6.5481,True,True,True
izhodiscna,1195,Operacija sive mrene (katarakte),2025-06-18,1097.0,5.1335,True,True,True
izhodiscna,1195,Operacija sive mrene (katarakte),2025-07-02,-26.0,-0.3439,False,True,False
izhodiscna,1195,Operacija sive mrene (katarakte),2025-07-09,282.0,1.1583,False,True,False
izhodiscna,1195,Operacija sive mrene (katarakte),2025-07-16,94.0,0.2414,False,True,False
izhodiscna,1195,Operacija sive mrene (katarakte),2025-07-23,-20.0,-0.3147,False,False,False
izhodiscna,1195,Operacija sive mrene (katarakte),2025-07-30,26.0,-0.0903,False,False,False
izhodiscna,1195,Operacija sive mrene (katarakte),2025-08-06,47.0,0.0121,False,False,False
izhodiscna,1195,Operacija sive mrene (katarakte),2025-08-13,87.0,0.2072,False,False,False
izhodiscna,1195,Operacija sive mrene (katarakte),2025-08-20,-35.0,-0.3878,False,False,False
izhodiscna,1195,Operacija sive mrene (katarakte),2025-08-27,-29.0,-0.3586,False,False,False
izhodiscna,1195,Operacija sive mrene (katarakte),2025-09-03,36.0,-0.0415,False,False,False
izhodiscna,1195,Operacija sive mrene (katarakte),2025-09-10,-29.0,-0.3586,False,False,False
izhodiscna,1195,Operacija sive mrene (katarakte),2025-09-17,71.0,0.1292,False,False,False
izhodiscna,1195,Operacija sive mrene (katarakte),2025-09-24,132.0,0.4267,False,False,False
izhodiscna,1195,Operacija sive mrene (katarakte),2025-10-01,7.0,-0.183,False,False,False
izhodiscna,1195,Operacija sive mrene (katarakte),2025-10-08,59.0,0.0707,False,False,False
izhodiscna,1195,Operacija sive mrene (katarakte),2025-10-15,34.0,-0.0513,False,False,False
izhodiscna,1195,Operacija sive mrene (katarakte),2025-10-22,198.0,0.7486,False,False,False
izhodiscna,1195,Operacija sive mrene (katarakte),2025-10-29,89.0,0.217,False,False,False
izhodiscna,1195,Operacija sive mrene (katarakte),2025-11-05,-76.0,-0.5878,False,False,False
izhodiscna,1195,Operacija sive mrene (katarakte),2025-11-12,7.0,-0.183,False,False,False
izhodiscna,1195,Operacija sive mrene (katarakte),2025-11-19,88.0,0.2121,False,False,False
izhodiscna,1195,Operacija sive mrene (katarakte),2025-11-26,14.0,-0.1488,False,False,False
izhodiscna,1195,Operacija sive mrene (katarakte),2025-12-03,75.0,0.1487,False,False,False
izhodiscna,1195,Operacija sive mrene (katarakte),2025-12-10,106.0,0.2999,False,False,False
izhodiscna,1195,Operacija sive mrene (katarakte),2025-12-17,158.0,0.5535,False,False,False
izhodiscna,1195,Operacija sive mrene (katarakte),2026-01-07,-22.0,-0.3244,False,False,False
izhodiscna,1195,Operacija sive mrene (katarakte),2026-01-14,-69.0,-0.5537,False,False,False
izhodiscna,1195,Operacija sive mrene (katarakte),2026-01-21,-177.0,-1.0804,False,False,False
izhodiscna,1195,Operacija sive mrene (katarakte),2026-01-28,-37.0,-0.3976,False,False,False
izhodiscna,1195,Operacija sive mrene (katarakte),2026-02-04,73.0,0.1389,False,False,False
izhodiscna,1195,Operacija sive mrene (katarakte),2026-02-11,-14.0,-0.2854,False,False,False
izhodiscna,1195,Operacija sive mrene (katarakte),2026-02-18,402.0,1.7436,False,False,False
izhodiscna,1195,Operacija sive mrene (katarakte),2026-02-25,12.0,-0.1586,False,False,False
izhodiscna,1195,Operacija sive mrene (katarakte),2026-03-04,-47.0,-0.4464,False,False,False
izhodiscna,1195,Operacija sive mrene (katarakte),2026-03-11,12.0,-0.1586,False,False,False
izhodiscna,1195,Operacija sive mrene (katarakte),2026-03-18,-78.0,-0.5976,False,False,False
izhodiscna,1195,Operacija sive mrene (katarakte),2026-03-25,-84.0,-0.6268,False,False,False
izhodiscna,1195,Operacija sive mrene (katarakte),2026-04-08,294.0,1.2169,False,False,False
izhodiscna,1195,Operacija sive mrene (katarakte),2026-04-15,-190.0,-1.1438,False,False,False
izhodiscna,1195,Operacija sive mrene (katarakte),2026-04-29,138.0,0.456,False,False,False
izhodiscna,1195,Operacija sive mrene (katarakte),2026-05-06,-167.0,-1.0317,False,False,False
izhodiscna,1195,Operacija sive mrene (katarakte),2026-05-13,1.0,-0.2122,False,False,False
izhodiscna,1195,Operacija sive mrene (katarakte),2026-05-20,155.0,0.5389,False,False,False
izhodiscna,1195,Operacija sive mrene (katarakte),2026-05-27,109.0,0.3145,False,False,False
izhodiscna,1195,Operacija sive mrene (katarakte),2026-06-03,-103.0,-0.7195,False,False,False
izhodiscna,1195,Operacija sive mrene (katarakte),2026-06-17,32.0,-0.061,False,False,False
izhodiscna,1195,Operacija sive mrene (katarakte),2026-06-24,365.0,1.5632,False,False,False
izhodiscna,1195,Operacija sive mrene (katarakte),2026-07-01,-244.0,-1.4072,False,False,False
izhodiscna,1195,Operacija sive mrene (katarakte),2026-07-08,-16.0,-0.2952,False,False,False
izhodiscna,1195,Operacija sive mrene (katarakte),2026-07-15,73.0,0.1389,False,False,False
izhodiscna,1626,Endoproteza kolena,2024-04-11,19.0,0.0483,False,False,False
izhodiscna,1626,Endoproteza kolena,2024-04-18,49.0,0.175,False,False,False
izhodiscna,1626,Endoproteza kolena,2024-04-25,41.0,0.1412,False,False,False
izhodiscna,1626,Endoproteza kolena,2024-05-03,-14.0,-0.091,False,False,False
izhodiscna,1626,Endoproteza kolena,2024-05-09,-1.0,-0.0361,False,False,False
izhodiscna,1626,Endoproteza kolena,2024-05-16,-100.0,-0.454,False,False,False
izhodiscna,1626,Endoproteza kolena,2024-05-23,30.0,0.0948,False,False,False
izhodiscna,1626,Endoproteza kolena,2024-05-30,106.0,0.4156,False,False,False
izhodiscna,1626,Endoproteza kolena,2024-06-06,-45.0,-0.2218,False,False,False
izhodiscna,1626,Endoproteza kolena,2024-06-13,-19.0,-0.1121,False,False,False
izhodiscna,1626,Endoproteza kolena,2024-06-20,-225.0,-0.9817,False,False,False
izhodiscna,1626,Endoproteza kolena,2024-06-27,8.0,0.0019,False,False,False
izhodiscna,1626,Endoproteza kolena,2024-07-04,213.0,0.8673,False,False,False
izhodiscna,1626,Endoproteza kolena,2024-07-11,13.0,0.023,False,False,False
izhodiscna,1626,Endoproteza kolena,2024-07-18,-88.0,-0.4034,False,False,False
izhodiscna,1626,Endoproteza kolena,2024-07-25,124.0,0.4916,False,False,False
izhodiscna,1626,Endoproteza kolena,2024-08-01,-21.0,-0.1205,False,False,False
izhodiscna,1626,Endoproteza kolena,2024-08-08,24.0,0.0694,False,False,False
izhodiscna,1626,Endoproteza kolena,2024-08-16,80.0,0.3059,False,False,False
izhodiscna,1626,Endoproteza kolena,2024-08-22,-8.0,-0.0656,False,False,False
izhodiscna,1626,Endoproteza kolena,2024-08-29,19.0,0.0483,False,False,False
izhodiscna,1626,Endoproteza kolena,2024-09-05,-85.0,-0.3907,False,False,False
izhodiscna,1626,Endoproteza kolena,2024-09-12,18.0,0.0441,False,False,False
izhodiscna,1626,Endoproteza kolena,2024-09-19,-271.0,-1.1759,False,False,False
izhodiscna,1626,Endoproteza kolena,2024-09-26,-38.0,-0.1923,False,False,False
izhodiscna,1626,Endoproteza kolena,2024-10-03,310.0,1.2768,False,False,False
izhodiscna,1626,Endoproteza kolena,2024-10-10,27.0,0.0821,False,False,False
izhodiscna,1626,Endoproteza kolena,2024-10-17,-298.0,-1.2899,False,False,False
izhodiscna,1626,Endoproteza kolena,2024-10-24,19.0,0.0483,False,False,False
izhodiscna,1626,Endoproteza kolena,2024-10-31,-31.0,-0.1627,False,False,False
izhodiscna,1626,Endoproteza kolena,2024-11-07,256.0,1.0489,False,False,False
izhodiscna,1626,Endoproteza kolena,2024-11-14,28.0,0.0863,False,False,False
izhodiscna,1626,Endoproteza kolena,2024-11-21,-276.0,-1.197,False,False,False
izhodiscna,1626,Endoproteza kolena,2024-11-28,80.0,0.3059,False,False,False
izhodiscna,1626,Endoproteza kolena,2024-12-05,234.0,0.956,False,False,False
izhodiscna,1626,Endoproteza kolena,2024-12-12,22.0,0.061,False,False,False
izhodiscna,1626,Endoproteza kolena,2024-12-19,23.0,0.0652,False,False,False
izhodiscna,1626,Endoproteza kolena,2025-01-08,18.0,0.0441,False,False,False
izhodiscna,1626,Endoproteza kolena,2025-01-15,-263.0,-1.1422,False,False,False
izhodiscna,1626,Endoproteza kolena,2025-01-22,28.0,0.0863,False,False,False
izhodiscna,1626,Endoproteza kolena,2025-01-29,34.0,0.1117,False,False,False
izhodiscna,1626,Endoproteza kolena,2025-02-05,-49.0,-0.2387,False,False,False
izhodiscna,1626,Endoproteza kolena,2025-02-12,249.0,1.0193,False,False,False
izhodiscna,1626,Endoproteza kolena,2025-02-19,18.0,0.0441,False,False,False
izhodiscna,1626,Endoproteza kolena,2025-02-26,48.0,0.1708,False,False,False
izhodiscna,1626,Endoproteza kolena,2025-03-05,-32.0,-0.167,False,False,False
izhodiscna,1626,Endoproteza kolena,2025-03-12,18.0,0.0441,False,False,False
izhodiscna,1626,Endoproteza kolena,2025-03-19,0.0,-0.0319,False,False,False
izhodiscna,1626,Endoproteza kolena,2025-03-26,0.0,-0.0319,False,False,False
izhodiscna,1626,Endoproteza kolena,2025-04-02,26.0,0.0779,False,False,False
izhodiscna,1626,Endoproteza kolena,2025-04-09,425.0,1.7623,False,False,False
izhodiscna,1626,Endoproteza kolena,2025-04-16,-745.0,-3.177,True,True,True
izhodiscna,1626,Endoproteza kolena,2025-04-23,15.0,0.0315,False,False,False
izhodiscna,1626,Endoproteza kolena,2025-04-30,-30.0,-0.1585,False,False,False
izhodiscna,1626,Endoproteza kolena,2025-05-07,384.0,1.5892,False,False,False
izhodiscna,1626,Endoproteza kolena,2025-05-14,-19.0,-0.1121,False,False,False
izhodiscna,1626,Endoproteza kolena,2025-05-21,-407.0,-1.7501,False,False,False
izhodiscna,1626,Endoproteza kolena,2025-05-28,102.0,0.3987,False,False,False
izhodiscna,1626,Endoproteza kolena,2025-06-04,333.0,1.3739,False,False,False
izhodiscna,1626,Endoproteza kolena,2025-06-11,-1146.0,-4.8699,True,True,True
izhodiscna,1626,Endoproteza kolena,2025-06-18,1181.0,4.9539,True,True,True
izhodiscna,1626,Endoproteza kolena,2025-07-02,4.0,-0.015,False,True,False
izhodiscna,1626,Endoproteza kolena,2025-07-09,44.0,0.1539,False,True,False
izhodiscna,1626,Endoproteza kolena,2025-07-16,-297.0,-1.2857,False,False,False
izhodiscna,1626,Endoproteza kolena,2025-07-23,94.0,0.365,False,False,False
izhodiscna,1626,Endoproteza kolena,2025-07-30,-38.0,-0.1923,False,False,False
izhodiscna,1626,Endoproteza kolena,2025-08-06,341.0,1.4077,False,False,False
izhodiscna,1626,Endoproteza kolena,2025-08-13,43.0,0.1497,False,False,False
izhodiscna,1626,Endoproteza kolena,2025-08-20,-82.0,-0.378,False,False,False
izhodiscna,1626,Endoproteza kolena,2025-08-27,19.0,0.0483,False,False,False
izhodiscna,1626,Endoproteza kolena,2025-09-03,20.0,0.0526,False,False,False
izhodiscna,1626,Endoproteza kolena,2025-09-10,16.0,0.0357,False,False,False
izhodiscna,1626,Endoproteza kolena,2025-09-17,-260.0,-1.1295,False,False,False
izhodiscna,1626,Endoproteza kolena,2025-09-24,18.0,0.0441,False,False,False
izhodiscna,1626,Endoproteza kolena,2025-10-01,-190.0,-0.834,False,False,False
izhodiscna,1626,Endoproteza kolena,2025-10-08,142.0,0.5676,False,False,False
izhodiscna,1626,Endoproteza kolena,2025-10-15,248.0,1.0151,False,False,False
izhodiscna,1626,Endoproteza kolena,2025-10-22,-3.0,-0.0445,False,False,False
izhodiscna,1626,Endoproteza kolena,2025-10-29,89.0,0.3439,False,False,False
izhodiscna,1626,Endoproteza kolena,2025-11-05,-88.0,-0.4034,False,False,False
izhodiscna,1626,Endoproteza kolena,2025-11-12,98.0,0.3819,False,False,False
izhodiscna,1626,Endoproteza kolena,2025-11-19,-341.0,-1.4715,False,False,False
izhodiscna,1626,Endoproteza kolena,2025-11-26,9.0,0.0061,False,False,False
izhodiscna,1626,Endoproteza kolena,2025-12-03,-84.0,-0.3865,False,False,False
izhodiscna,1626,Endoproteza kolena,2025-12-10,253.0,1.0362,False,False,False
izhodiscna,1626,Endoproteza kolena,2025-12-17,-393.0,-1.691,False,False,False
izhodiscna,1626,Endoproteza kolena,2026-01-07,141.0,0.5634,False,False,False
izhodiscna,1626,Endoproteza kolena,2026-01-14,-9.0,-0.0699,False,False,False
izhodiscna,1626,Endoproteza kolena,2026-01-21,10.0,0.0103,False,False,False
izhodiscna,1626,Endoproteza kolena,2026-01-28,76.0,0.289,False,False,False
izhodiscna,1626,Endoproteza kolena,2026-02-04,-10.0,-0.0741,False,False,False
izhodiscna,1626,Endoproteza kolena,2026-02-11,-38.0,-0.1923,False,False,False
izhodiscna,1626,Endoproteza kolena,2026-02-18,22.0,0.061,False,False,False
izhodiscna,1626,Endoproteza kolena,2026-02-25,-48.0,-0.2345,False,False,False
izhodiscna,1626,Endoproteza kolena,2026-03-04,-192.0,-0.8424,False,False,False
izhodiscna,1626,Endoproteza kolena,2026-03-11,4.0,-0.015,False,False,False
izhodiscna,1626,Endoproteza kolena,2026-03-18,111.0,0.4367,False,False,False
izhodiscna,1626,Endoproteza kolena,2026-03-25,41.0,0.1412,False,False,False
izhodiscna,1626,Endoproteza kolena,2026-04-08,60.0,0.2214,False,False,False
izhodiscna,1626,Endoproteza kolena,2026-04-15,-301.0,-1.3026,False,False,False
izhodiscna,1626,Endoproteza kolena,2026-04-29,733.0,3.0626,True,True,True
izhodiscna,1626,Endoproteza kolena,2026-05-06,-61.0,-0.2894,False,False,False
izhodiscna,1626,Endoproteza kolena,2026-05-13,35.0,0.1159,False,False,False
izhodiscna,1626,Endoproteza kolena,2026-05-20,-26.0,-0.1416,False,False,False
izhodiscna,1626,Endoproteza kolena,2026-05-27,42.0,0.1454,False,False,False
izhodiscna,1626,Endoproteza kolena,2026-06-03,-40.0,-0.2007,False,False,False
izhodiscna,1626,Endoproteza kolena,2026-06-17,-5.0,-0.053,False,False,False
izhodiscna,1626,Endoproteza kolena,2026-06-24,113.0,0.4452,False,False,False
izhodiscna,1626,Endoproteza kolena,2026-07-01,-19.0,-0.1121,False,False,False
izhodiscna,1626,Endoproteza kolena,2026-07-08,118.0,0.4663,False,False,False
izhodiscna,1626,Endoproteza kolena,2026-07-15,8.0,0.0019,False,False,False
izhodiscna,AGREGAT,Agregat,2024-04-11,161.0,-0.0558,False,False,False
izhodiscna,AGREGAT,Agregat,2024-04-18,2356.0,0.39,False,False,False
izhodiscna,AGREGAT,Agregat,2024-04-25,706.0,0.0549,False,False,False
izhodiscna,AGREGAT,Agregat,2024-05-03,1696.0,0.256,False,False,False
izhodiscna,AGREGAT,Agregat,2024-05-09,-366.0,-0.1628,False,False,False
izhodiscna,AGREGAT,Agregat,2024-05-16,-1968.0,-0.4882,False,False,False
izhodiscna,AGREGAT,Agregat,2024-05-23,-16.0,-0.0917,False,False,False
izhodiscna,AGREGAT,Agregat,2024-05-30,1146.0,0.1443,False,False,False
izhodiscna,AGREGAT,Agregat,2024-06-06,-3223.0,-0.7431,False,False,False
izhodiscna,AGREGAT,Agregat,2024-06-13,4482.0,0.8218,False,False,False
izhodiscna,AGREGAT,Agregat,2024-06-20,-2430.0,-0.582,False,False,False
izhodiscna,AGREGAT,Agregat,2024-06-27,984.0,0.1114,False,False,False
izhodiscna,AGREGAT,Agregat,2024-07-04,-198.0,-0.1287,False,False,False
izhodiscna,AGREGAT,Agregat,2024-07-11,-752.0,-0.2412,False,False,False
izhodiscna,AGREGAT,Agregat,2024-07-18,-7098.0,-1.5301,False,False,False
izhodiscna,AGREGAT,Agregat,2024-07-25,-2026.0,-0.5,False,False,False
izhodiscna,AGREGAT,Agregat,2024-08-01,-2506.0,-0.5975,False,False,False
izhodiscna,AGREGAT,Agregat,2024-08-08,1159.0,0.1469,False,False,False
izhodiscna,AGREGAT,Agregat,2024-08-16,-497.0,-0.1894,False,False,False
izhodiscna,AGREGAT,Agregat,2024-08-22,-328.0,-0.1551,False,False,False
izhodiscna,AGREGAT,Agregat,2024-08-29,12726.0,2.4962,True,True,True
izhodiscna,AGREGAT,Agregat,2024-09-05,-2813.0,-0.6598,False,False,False
izhodiscna,AGREGAT,Agregat,2024-09-12,-576.0,-0.2055,False,False,False
izhodiscna,AGREGAT,Agregat,2024-09-19,265.0,-0.0347,False,False,False
izhodiscna,AGREGAT,Agregat,2024-09-26,-333.0,-0.1561,False,False,False
izhodiscna,AGREGAT,Agregat,2024-10-03,2307.0,0.3801,False,False,False
izhodiscna,AGREGAT,Agregat,2024-10-10,1030.0,0.1207,False,False,False
izhodiscna,AGREGAT,Agregat,2024-10-17,-2771.0,-0.6513,False,False,False
izhodiscna,AGREGAT,Agregat,2024-10-24,1723.0,0.2615,False,False,False
izhodiscna,AGREGAT,Agregat,2024-10-31,1222.0,0.1597,False,False,False
izhodiscna,AGREGAT,Agregat,2024-11-07,101.0,-0.068,False,False,False
izhodiscna,AGREGAT,Agregat,2024-11-14,375.0,-0.0123,False,False,False
izhodiscna,AGREGAT,Agregat,2024-11-21,-1050.0,-0.3017,False,False,False
izhodiscna,AGREGAT,Agregat,2024-11-28,98.0,-0.0686,False,False,False
izhodiscna,AGREGAT,Agregat,2024-12-05,-1260.0,-0.3444,False,False,False
izhodiscna,AGREGAT,Agregat,2024-12-12,-102.0,-0.1092,False,False,False
izhodiscna,AGREGAT,Agregat,2024-12-19,-34.0,-0.0954,False,False,False
izhodiscna,AGREGAT,Agregat,2025-01-08,294.0,-0.0288,False,False,False
izhodiscna,AGREGAT,Agregat,2025-01-15,11.0,-0.0862,False,False,False
izhodiscna,AGREGAT,Agregat,2025-01-22,1660.0,0.2487,False,False,False
izhodiscna,AGREGAT,Agregat,2025-01-29,3061.0,0.5332,False,False,False
izhodiscna,AGREGAT,Agregat,2025-02-05,683.0,0.0502,False,False,False
izhodiscna,AGREGAT,Agregat,2025-02-12,4463.0,0.818,False,False,False
izhodiscna,AGREGAT,Agregat,2025-02-19,-302.0,-0.1498,False,False,False
izhodiscna,AGREGAT,Agregat,2025-02-26,4266.0,0.778,False,False,False
izhodiscna,AGREGAT,Agregat,2025-03-05,221.0,-0.0436,False,False,False
izhodiscna,AGREGAT,Agregat,2025-03-12,1862.0,0.2897,False,False,False
izhodiscna,AGREGAT,Agregat,2025-03-19,319.0,-0.0237,False,False,False
izhodiscna,AGREGAT,Agregat,2025-03-26,1474.0,0.2109,False,False,False
izhodiscna,AGREGAT,Agregat,2025-04-02,357.0,-0.016,False,False,False
izhodiscna,AGREGAT,Agregat,2025-04-09,1274.0,0.1703,False,False,False
izhodiscna,AGREGAT,Agregat,2025-04-16,558.0,0.0249,False,False,False
izhodiscna,AGREGAT,Agregat,2025-04-23,1002.0,0.115,False,False,False
izhodiscna,AGREGAT,Agregat,2025-04-30,3201.0,0.5617,False,False,False
izhodiscna,AGREGAT,Agregat,2025-05-07,-1751.0,-0.4441,False,False,False
izhodiscna,AGREGAT,Agregat,2025-05-14,1352.0,0.1861,False,False,False
izhodiscna,AGREGAT,Agregat,2025-05-21,-418.0,-0.1734,False,False,False
izhodiscna,AGREGAT,Agregat,2025-05-28,2263.0,0.3711,False,False,False
izhodiscna,AGREGAT,Agregat,2025-06-04,2628.0,0.4453,False,False,False
izhodiscna,AGREGAT,Agregat,2025-06-11,-32669.0,-6.7237,True,True,True
izhodiscna,AGREGAT,Agregat,2025-06-18,31161.0,6.2404,True,True,True
izhodiscna,AGREGAT,Agregat,2025-07-02,736.0,0.061,False,True,False
izhodiscna,AGREGAT,Agregat,2025-07-09,1202.0,0.1556,False,True,False
izhodiscna,AGREGAT,Agregat,2025-07-16,-637.0,-0.2179,False,False,False
izhodiscna,AGREGAT,Agregat,2025-07-23,3255.0,0.5726,False,False,False
izhodiscna,AGREGAT,Agregat,2025-07-30,-1267.0,-0.3458,False,False,False
izhodiscna,AGREGAT,Agregat,2025-08-06,1237.0,0.1628,False,False,False
izhodiscna,AGREGAT,Agregat,2025-08-13,1062.0,0.1272,False,False,False
izhodiscna,AGREGAT,Agregat,2025-08-20,-8137.0,-1.7411,False,True,False
izhodiscna,AGREGAT,Agregat,2025-08-27,6643.0,1.2607,False,False,False
izhodiscna,AGREGAT,Agregat,2025-09-03,-542.0,-0.1986,False,False,False
izhodiscna,AGREGAT,Agregat,2025-09-10,960.0,0.1065,False,False,False
izhodiscna,AGREGAT,Agregat,2025-09-17,322.0,-0.0231,False,False,False
izhodiscna,AGREGAT,Agregat,2025-09-24,832.0,0.0805,False,False,False
izhodiscna,AGREGAT,Agregat,2025-10-01,-526.0,-0.1953,False,False,False
izhodiscna,AGREGAT,Agregat,2025-10-08,1514.0,0.219,False,False,False
izhodiscna,AGREGAT,Agregat,2025-10-15,2099.0,0.3378,False,False,False
izhodiscna,AGREGAT,Agregat,2025-10-22,1200.0,0.1552,False,False,False
izhodiscna,AGREGAT,Agregat,2025-10-29,3220.0,0.5655,False,False,False
izhodiscna,AGREGAT,Agregat,2025-11-05,-1758.0,-0.4455,False,False,False
izhodiscna,AGREGAT,Agregat,2025-11-12,1223.0,0.1599,False,False,False
izhodiscna,AGREGAT,Agregat,2025-11-19,132.0,-0.0617,False,False,False
izhodiscna,AGREGAT,Agregat,2025-11-26,1229.0,0.1611,False,False,False
izhodiscna,AGREGAT,Agregat,2025-12-03,-333.0,-0.1561,False,False,False
izhodiscna,AGREGAT,Agregat,2025-12-10,-990.0,-0.2896,False,False,False
izhodiscna,AGREGAT,Agregat,2025-12-17,-1728.0,-0.4394,False,False,False
izhodiscna,AGREGAT,Agregat,2026-01-07,-282.0,-0.1458,False,False,False
izhodiscna,AGREGAT,Agregat,2026-01-14,951.0,0.1047,False,False,False
izhodiscna,AGREGAT,Agregat,2026-01-21,1953.0,0.3082,False,False,False
izhodiscna,AGREGAT,Agregat,2026-01-28,3337.0,0.5893,False,False,False
izhodiscna,AGREGAT,Agregat,2026-02-04,1965.0,0.3106,False,False,False
izhodiscna,AGREGAT,Agregat,2026-02-11,1500.0,0.2162,False,False,False
izhodiscna,AGREGAT,Agregat,2026-02-18,4479.0,0.8212,False,False,False
izhodiscna,AGREGAT,Agregat,2026-02-25,-1295.0,-0.3515,False,False,False
izhodiscna,AGREGAT,Agregat,2026-03-04,-1330.0,-0.3586,False,False,False
izhodiscna,AGREGAT,Agregat,2026-03-11,1106.0,0.1362,False,False,False
izhodiscna,AGREGAT,Agregat,2026-03-18,-16.0,-0.0917,False,False,False
izhodiscna,AGREGAT,Agregat,2026-03-25,2247.0,0.3679,False,False,False
izhodiscna,AGREGAT,Agregat,2026-04-08,-2084.0,-0.5118,False,False,False
izhodiscna,AGREGAT,Agregat,2026-04-15,-1818.0,-0.4577,False,False,False
izhodiscna,AGREGAT,Agregat,2026-04-29,3368.0,0.5956,False,False,False
izhodiscna,AGREGAT,Agregat,2026-05-06,-2204.0,-0.5361,False,False,False
izhodiscna,AGREGAT,Agregat,2026-05-13,770.0,0.0679,False,False,False
izhodiscna,AGREGAT,Agregat,2026-05-20,-1253.0,-0.343,False,False,False
izhodiscna,AGREGAT,Agregat,2026-05-27,1892.0,0.2958,False,False,False
izhodiscna,AGREGAT,Agregat,2026-06-03,-2300.0,-0.5556,False,False,False
izhodiscna,AGREGAT,Agregat,2026-06-17,-2655.0,-0.6277,False,False,False
izhodiscna,AGREGAT,Agregat,2026-06-24,394.0,-0.0085,False,False,False
izhodiscna,AGREGAT,Agregat,2026-07-01,-1399.0,-0.3726,False,False,False
izhodiscna,AGREGAT,Agregat,2026-07-08,-236.0,-0.1364,False,False,False
izhodiscna,AGREGAT,Agregat,2026-07-15,1159.0,0.1469,False,False,False
delno_ocisceno,1010P,Dermatološki pregled - prvi,2024-04-11,181.0,0.5561,False,False,False
delno_ocisceno,1010P,Dermatološki pregled - prvi,2024-04-18,303.0,1.0528,False,False,False
delno_ocisceno,1010P,Dermatološki pregled - prvi,2024-04-25,242.0,0.8045,False,False,False
delno_ocisceno,1010P,Dermatološki pregled - prvi,2024-05-03,337.0,1.1913,False,False,False
delno_ocisceno,1010P,Dermatološki pregled - prvi,2024-05-09,90.0,0.1855,False,False,False
delno_ocisceno,1010P,Dermatološki pregled - prvi,2024-05-16,-44.0,-0.3601,False,False,False
delno_ocisceno,1010P,Dermatološki pregled - prvi,2024-05-23,41.0,-0.014,False,False,False
delno_ocisceno,1010P,Dermatološki pregled - prvi,2024-05-30,126.0,0.3321,False,False,False
delno_ocisceno,1010P,Dermatološki pregled - prvi,2024-06-06,-120.0,-0.6696,False,False,False
delno_ocisceno,1010P,Dermatološki pregled - prvi,2024-06-13,560.0,2.0993,True,False,False
delno_ocisceno,1010P,Dermatološki pregled - prvi,2024-06-20,76.0,0.1285,False,False,False
delno_ocisceno,1010P,Dermatološki pregled - prvi,2024-06-27,431.0,1.574,False,False,False
delno_ocisceno,1010P,Dermatološki pregled - prvi,2024-07-04,304.0,1.0569,False,False,False
delno_ocisceno,1010P,Dermatološki pregled - prvi,2024-07-11,247.0,0.8248,False,False,False
delno_ocisceno,1010P,Dermatološki pregled - prvi,2024-07-18,259.0,0.8737,False,False,False
delno_ocisceno,1010P,Dermatološki pregled - prvi,2024-07-25,74.0,0.1204,False,False,False
delno_ocisceno,1010P,Dermatološki pregled - prvi,2024-08-01,52.0,0.0308,False,False,False
delno_ocisceno,1010P,Dermatološki pregled - prvi,2024-08-08,110.0,0.267,False,False,False
delno_ocisceno,1010P,Dermatološki pregled - prvi,2024-08-16,203.0,0.6456,False,False,False
delno_ocisceno,1010P,Dermatološki pregled - prvi,2024-08-22,60.0,0.0634,False,False,False
delno_ocisceno,1010P,Dermatološki pregled - prvi,2024-08-29,179.0,0.5479,False,False,False
delno_ocisceno,1010P,Dermatološki pregled - prvi,2024-09-05,126.0,0.3321,False,False,False
delno_ocisceno,1010P,Dermatološki pregled - prvi,2024-09-12,184.0,0.5683,False,False,False
delno_ocisceno,1010P,Dermatološki pregled - prvi,2024-09-19,67.0,0.0919,False,False,False
delno_ocisceno,1010P,Dermatološki pregled - prvi,2024-09-26,461.0,1.6962,False,False,False
delno_ocisceno,1010P,Dermatološki pregled - prvi,2024-10-03,428.0,1.5618,False,False,False
delno_ocisceno,1010P,Dermatološki pregled - prvi,2024-10-10,-581.0,-2.5467,True,True,True
delno_ocisceno,1010P,Dermatološki pregled - prvi,2024-10-17,-619.0,-2.7014,True,True,True
delno_ocisceno,1010P,Dermatološki pregled - prvi,2024-10-24,551.0,2.0627,True,True,True
delno_ocisceno,1010P,Dermatološki pregled - prvi,2024-10-31,45.0,0.0023,False,True,False
delno_ocisceno,1010P,Dermatološki pregled - prvi,2024-11-07,-126.0,-0.694,False,False,False
delno_ocisceno,1010P,Dermatološki pregled - prvi,2024-11-14,13.0,-0.128,False,False,False
delno_ocisceno,1010P,Dermatološki pregled - prvi,2024-11-21,-120.0,-0.6696,False,False,False
delno_ocisceno,1010P,Dermatološki pregled - prvi,2024-11-28,177.0,0.5398,False,False,False
delno_ocisceno,1010P,Dermatološki pregled - prvi,2024-12-05,-114.0,-0.6451,False,False,False
delno_ocisceno,1010P,Dermatološki pregled - prvi,2024-12-12,-79.0,-0.5026,False,False,False
delno_ocisceno,1010P,Dermatološki pregled - prvi,2024-12-19,-96.0,-0.5718,False,False,False
delno_ocisceno,1010P,Dermatološki pregled - prvi,2025-01-08,-48.0,-0.3764,False,False,False
delno_ocisceno,1010P,Dermatološki pregled - prvi,2025-01-15,223.0,0.7271,False,False,False
delno_ocisceno,1010P,Dermatološki pregled - prvi,2025-01-22,-62.0,-0.4334,False,False,False
delno_ocisceno,1010P,Dermatološki pregled - prvi,2025-01-29,-538.0,-2.3716,True,True,True
delno_ocisceno,1010P,Dermatološki pregled - prvi,2025-02-05,-168.0,-0.865,False,False,False
delno_ocisceno,1010P,Dermatološki pregled - prvi,2025-02-12,169.0,0.5072,False,False,False
delno_ocisceno,1010P,Dermatološki pregled - prvi,2025-02-19,-143.0,-0.7632,False,False,False
delno_ocisceno,1010P,Dermatološki pregled - prvi,2025-02-26,303.0,1.0528,False,False,False
delno_ocisceno,1010P,Dermatološki pregled - prvi,2025-03-05,95.0,0.2059,False,False,False
delno_ocisceno,1010P,Dermatološki pregled - prvi,2025-03-12,289.0,0.9958,False,False,False
delno_ocisceno,1010P,Dermatološki pregled - prvi,2025-03-19,48.0,0.0145,False,False,False
delno_ocisceno,1010P,Dermatološki pregled - prvi,2025-03-26,0.0,-0.1809,False,False,False
delno_ocisceno,1010P,Dermatološki pregled - prvi,2025-04-02,-90.0,-0.5474,False,False,False
delno_ocisceno,1010P,Dermatološki pregled - prvi,2025-04-09,165.0,0.4909,False,False,False
delno_ocisceno,1010P,Dermatološki pregled - prvi,2025-04-16,436.0,1.5944,False,False,False
delno_ocisceno,1010P,Dermatološki pregled - prvi,2025-04-23,199.0,0.6294,False,False,False
delno_ocisceno,1010P,Dermatološki pregled - prvi,2025-04-30,226.0,0.7393,False,False,False
delno_ocisceno,1010P,Dermatološki pregled - prvi,2025-05-07,-78.0,-0.4985,False,False,False
delno_ocisceno,1010P,Dermatološki pregled - prvi,2025-05-14,271.0,0.9225,False,False,False
delno_ocisceno,1010P,Dermatološki pregled - prvi,2025-05-21,300.0,1.0406,False,False,False
delno_ocisceno,1010P,Dermatološki pregled - prvi,2025-05-28,298.0,1.0325,False,False,False
delno_ocisceno,1010P,Dermatološki pregled - prvi,2025-06-04,95.0,0.2059,False,False,False
delno_ocisceno,1010P,Dermatološki pregled - prvi,2025-06-18,572.0,2.1482,True,False,False
delno_ocisceno,1010P,Dermatološki pregled - prvi,2025-07-02,735.0,2.8119,True,True,True
delno_ocisceno,1010P,Dermatološki pregled - prvi,2025-07-09,110.0,0.267,False,False,False
delno_ocisceno,1010P,Dermatološki pregled - prvi,2025-07-16,-80.0,-0.5067,False,False,False
delno_ocisceno,1010P,Dermatološki pregled - prvi,2025-07-23,-317.0,-1.4717,False,False,False
delno_ocisceno,1010P,Dermatološki pregled - prvi,2025-07-30,-63.0,-0.4375,False,False,False
delno_ocisceno,1010P,Dermatološki pregled - prvi,2025-08-06,385.0,1.3867,False,False,False
delno_ocisceno,1010P,Dermatološki pregled - prvi,2025-08-13,58.0,0.0552,False,False,False
delno_ocisceno,1010P,Dermatološki pregled - prvi,2025-08-20,-134.0,-0.7266,False,False,False
delno_ocisceno,1010P,Dermatološki pregled - prvi,2025-08-27,-5.0,-0.2013,False,False,False
delno_ocisceno,1010P,Dermatološki pregled - prvi,2025-09-03,15.0,-0.1199,False,False,False
delno_ocisceno,1010P,Dermatološki pregled - prvi,2025-09-10,-76.0,-0.4904,False,False,False
delno_ocisceno,1010P,Dermatološki pregled - prvi,2025-09-17,160.0,0.4706,False,False,False
delno_ocisceno,1010P,Dermatološki pregled - prvi,2025-09-24,149.0,0.4258,False,False,False
delno_ocisceno,1010P,Dermatološki pregled - prvi,2025-10-01,-101.0,-0.5922,False,False,False
delno_ocisceno,1010P,Dermatološki pregled - prvi,2025-10-08,-125.0,-0.6899,False,False,False
delno_ocisceno,1010P,Dermatološki pregled - prvi,2025-10-15,-15.0,-0.242,False,False,False
delno_ocisceno,1010P,Dermatološki pregled - prvi,2025-10-22,-32.0,-0.3112,False,False,False
delno_ocisceno,1010P,Dermatološki pregled - prvi,2025-10-29,65.0,0.0837,False,False,False
delno_ocisceno,1010P,Dermatološki pregled - prvi,2025-11-05,-244.0,-1.1745,False,False,False
delno_ocisceno,1010P,Dermatološki pregled - prvi,2025-11-12,-9.0,-0.2176,False,False,False
delno_ocisceno,1010P,Dermatološki pregled - prvi,2025-11-19,-135.0,-0.7306,False,False,False
delno_ocisceno,1010P,Dermatološki pregled - prvi,2025-11-26,67.0,0.0919,False,False,False
delno_ocisceno,1010P,Dermatološki pregled - prvi,2025-12-03,-235.0,-1.1378,False,False,False
delno_ocisceno,1010P,Dermatološki pregled - prvi,2025-12-10,-215.0,-1.0564,False,False,False
delno_ocisceno,1010P,Dermatološki pregled - prvi,2025-12-17,-51.0,-0.3886,False,False,False
delno_ocisceno,1010P,Dermatološki pregled - prvi,2026-01-07,106.0,0.2507,False,False,False
delno_ocisceno,1010P,Dermatološki pregled - prvi,2026-01-14,-73.0,-0.4782,False,False,False
delno_ocisceno,1010P,Dermatološki pregled - prvi,2026-01-21,-45.0,-0.3642,False,False,False
delno_ocisceno,1010P,Dermatološki pregled - prvi,2026-01-28,-115.0,-0.6492,False,False,False
delno_ocisceno,1010P,Dermatološki pregled - prvi,2026-02-04,-1.0,-0.185,False,False,False
delno_ocisceno,1010P,Dermatološki pregled - prvi,2026-02-11,-159.0,-0.8284,False,False,False
delno_ocisceno,1010P,Dermatološki pregled - prvi,2026-02-18,-354.0,-1.6224,False,False,False
delno_ocisceno,1010P,Dermatološki pregled - prvi,2026-02-25,-135.0,-0.7306,False,False,False
delno_ocisceno,1010P,Dermatološki pregled - prvi,2026-03-04,-31.0,-0.3072,False,False,False
delno_ocisceno,1010P,Dermatološki pregled - prvi,2026-03-11,-58.0,-0.4171,False,False,False
delno_ocisceno,1010P,Dermatološki pregled - prvi,2026-03-18,-32.0,-0.3112,False,False,False
delno_ocisceno,1010P,Dermatološki pregled - prvi,2026-03-25,284.0,0.9755,False,False,False
delno_ocisceno,1010P,Dermatološki pregled - prvi,2026-04-08,-370.0,-1.6875,False,False,False
delno_ocisceno,1010P,Dermatološki pregled - prvi,2026-04-15,5.0,-0.1606,False,False,False
delno_ocisceno,1010P,Dermatološki pregled - prvi,2026-04-29,300.0,1.0406,False,False,False
delno_ocisceno,1010P,Dermatološki pregled - prvi,2026-05-06,-138.0,-0.7429,False,False,False
delno_ocisceno,1010P,Dermatološki pregled - prvi,2026-05-13,320.0,1.1221,False,False,False
delno_ocisceno,1010P,Dermatološki pregled - prvi,2026-05-20,101.0,0.2303,False,False,False
delno_ocisceno,1010P,Dermatološki pregled - prvi,2026-05-27,423.0,1.5415,False,False,False
delno_ocisceno,1010P,Dermatološki pregled - prvi,2026-06-03,-577.0,-2.5304,True,False,False
delno_ocisceno,1010P,Dermatološki pregled - prvi,2026-06-17,-225.0,-1.0971,False,False,False
delno_ocisceno,1010P,Dermatološki pregled - prvi,2026-06-24,-116.0,-0.6533,False,False,False
delno_ocisceno,1010P,Dermatološki pregled - prvi,2026-07-01,-309.0,-1.4391,False,False,False
delno_ocisceno,1010P,Dermatološki pregled - prvi,2026-07-08,-66.0,-0.4497,False,False,False
delno_ocisceno,1010P,Dermatološki pregled - prvi,2026-07-15,-344.0,-1.5817,False,False,False
delno_ocisceno,1018P,Kardiološki pregled - prvi,2024-04-11,-96.0,-0.3567,False,False,False
delno_ocisceno,1018P,Kardiološki pregled - prvi,2024-04-18,-187.0,-0.7846,False,False,False
delno_ocisceno,1018P,Kardiološki pregled - prvi,2024-04-25,-27.0,-0.0322,False,False,False
delno_ocisceno,1018P,Kardiološki pregled - prvi,2024-05-03,168.0,0.8849,False,False,False
delno_ocisceno,1018P,Kardiološki pregled - prvi,2024-05-09,-56.0,-0.1686,False,False,False
delno_ocisceno,1018P,Kardiološki pregled - prvi,2024-05-16,-150.0,-0.6106,False,False,False
delno_ocisceno,1018P,Kardiološki pregled - prvi,2024-05-23,-135.0,-0.5401,False,False,False
delno_ocisceno,1018P,Kardiološki pregled - prvi,2024-05-30,-133.0,-0.5307,False,False,False
delno_ocisceno,1018P,Kardiološki pregled - prvi,2024-06-06,-417.0,-1.8663,False,False,False
delno_ocisceno,1018P,Kardiološki pregled - prvi,2024-06-13,571.0,2.7801,True,True,True
delno_ocisceno,1018P,Kardiološki pregled - prvi,2024-06-20,-102.0,-0.3849,False,False,False
delno_ocisceno,1018P,Kardiološki pregled - prvi,2024-06-27,173.0,0.9084,False,False,False
delno_ocisceno,1018P,Kardiološki pregled - prvi,2024-07-04,-134.0,-0.5354,False,False,False
delno_ocisceno,1018P,Kardiološki pregled - prvi,2024-07-11,16.0,0.17,False,False,False
delno_ocisceno,1018P,Kardiološki pregled - prvi,2024-07-18,-147.0,-0.5965,False,False,False
delno_ocisceno,1018P,Kardiološki pregled - prvi,2024-07-25,64.0,0.3958,False,False,False
delno_ocisceno,1018P,Kardiološki pregled - prvi,2024-08-01,145.0,0.7767,False,False,False
delno_ocisceno,1018P,Kardiološki pregled - prvi,2024-08-08,187.0,0.9742,False,False,False
delno_ocisceno,1018P,Kardiološki pregled - prvi,2024-08-16,10.0,0.1418,False,False,False
delno_ocisceno,1018P,Kardiološki pregled - prvi,2024-08-22,-33.0,-0.0604,False,False,False
delno_ocisceno,1018P,Kardiološki pregled - prvi,2024-08-29,-242.0,-1.0433,False,False,False
delno_ocisceno,1018P,Kardiološki pregled - prvi,2024-09-05,-434.0,-1.9462,False,False,False
delno_ocisceno,1018P,Kardiološki pregled - prvi,2024-09-12,-649.0,-2.9573,True,True,True
delno_ocisceno,1018P,Kardiološki pregled - prvi,2024-09-19,759.0,3.6642,True,True,True
delno_ocisceno,1018P,Kardiološki pregled - prvi,2024-09-26,-235.0,-1.0104,False,True,False
delno_ocisceno,1018P,Kardiološki pregled - prvi,2024-10-03,-285.0,-1.2455,False,True,False
delno_ocisceno,1018P,Kardiološki pregled - prvi,2024-10-10,-136.0,-0.5448,False,False,False
delno_ocisceno,1018P,Kardiološki pregled - prvi,2024-10-17,-225.0,-0.9633,False,False,False
delno_ocisceno,1018P,Kardiološki pregled - prvi,2024-10-24,-185.0,-0.7752,False,False,False
delno_ocisceno,1018P,Kardiološki pregled - prvi,2024-10-31,20.0,0.1888,False,False,False
delno_ocisceno,1018P,Kardiološki pregled - prvi,2024-11-07,-164.0,-0.6765,False,False,False
delno_ocisceno,1018P,Kardiološki pregled - prvi,2024-11-14,-146.0,-0.5918,False,False,False
delno_ocisceno,1018P,Kardiološki pregled - prvi,2024-11-21,-543.0,-2.4588,True,False,False
delno_ocisceno,1018P,Kardiološki pregled - prvi,2024-11-28,-91.0,-0.3332,False,False,False
delno_ocisceno,1018P,Kardiološki pregled - prvi,2024-12-05,-375.0,-1.6688,False,False,False
delno_ocisceno,1018P,Kardiološki pregled - prvi,2024-12-12,58.0,0.3675,False,False,False
delno_ocisceno,1018P,Kardiološki pregled - prvi,2024-12-19,-229.0,-0.9822,False,False,False
delno_ocisceno,1018P,Kardiološki pregled - prvi,2025-01-08,204.0,1.0542,False,False,False
delno_ocisceno,1018P,Kardiološki pregled - prvi,2025-01-15,-53.0,-0.1545,False,False,False
delno_ocisceno,1018P,Kardiološki pregled - prvi,2025-01-22,76.0,0.4522,False,False,False
delno_ocisceno,1018P,Kardiološki pregled - prvi,2025-01-29,-36.0,-0.0745,False,False,False
delno_ocisceno,1018P,Kardiološki pregled - prvi,2025-02-05,108.0,0.6027,False,False,False
delno_ocisceno,1018P,Kardiološki pregled - prvi,2025-02-12,157.0,0.8331,False,False,False
delno_ocisceno,1018P,Kardiološki pregled - prvi,2025-02-19,149.0,0.7955,False,False,False
delno_ocisceno,1018P,Kardiološki pregled - prvi,2025-02-26,228.0,1.167,False,False,False
delno_ocisceno,1018P,Kardiološki pregled - prvi,2025-03-05,13.0,0.1559,False,False,False
delno_ocisceno,1018P,Kardiološki pregled - prvi,2025-03-12,230.0,1.1764,False,False,False
delno_ocisceno,1018P,Kardiološki pregled - prvi,2025-03-19,-40.0,-0.0933,False,False,False
delno_ocisceno,1018P,Kardiološki pregled - prvi,2025-03-26,128.0,0.6967,False,False,False
delno_ocisceno,1018P,Kardiološki pregled - prvi,2025-04-02,61.0,0.3817,False,False,False
delno_ocisceno,1018P,Kardiološki pregled - prvi,2025-04-09,307.0,1.5385,False,False,False
delno_ocisceno,1018P,Kardiološki pregled - prvi,2025-04-16,-15.0,0.0242,False,False,False
delno_ocisceno,1018P,Kardiološki pregled - prvi,2025-04-23,48.0,0.3205,False,False,False
delno_ocisceno,1018P,Kardiološki pregled - prvi,2025-04-30,451.0,2.2157,True,True,True
delno_ocisceno,1018P,Kardiološki pregled - prvi,2025-05-07,14.0,0.1606,False,False,False
delno_ocisceno,1018P,Kardiološki pregled - prvi,2025-05-14,182.0,0.9507,False,False,False
delno_ocisceno,1018P,Kardiološki pregled - prvi,2025-05-21,-21.0,-0.004,False,False,False
delno_ocisceno,1018P,Kardiološki pregled - prvi,2025-05-28,192.0,0.9977,False,False,False
delno_ocisceno,1018P,Kardiološki pregled - prvi,2025-06-04,-92.0,-0.3379,False,False,False
delno_ocisceno,1018P,Kardiološki pregled - prvi,2025-06-18,193.0,1.0024,False,False,False
delno_ocisceno,1018P,Kardiološki pregled - prvi,2025-07-02,67.0,0.4099,False,False,False
delno_ocisceno,1018P,Kardiološki pregled - prvi,2025-07-09,42.0,0.2923,False,False,False
delno_ocisceno,1018P,Kardiološki pregled - prvi,2025-07-16,-17.0,0.0148,False,False,False
delno_ocisceno,1018P,Kardiološki pregled - prvi,2025-07-23,160.0,0.8472,False,False,False
delno_ocisceno,1018P,Kardiološki pregled - prvi,2025-07-30,124.0,0.6779,False,False,False
delno_ocisceno,1018P,Kardiološki pregled - prvi,2025-08-06,-104.0,-0.3943,False,False,False
delno_ocisceno,1018P,Kardiološki pregled - prvi,2025-08-13,-15.0,0.0242,False,False,False
delno_ocisceno,1018P,Kardiološki pregled - prvi,2025-08-20,-113.0,-0.4366,False,False,False
delno_ocisceno,1018P,Kardiološki pregled - prvi,2025-08-27,98.0,0.5557,False,False,False
delno_ocisceno,1018P,Kardiološki pregled - prvi,2025-09-03,-62.0,-0.1968,False,False,False
delno_ocisceno,1018P,Kardiološki pregled - prvi,2025-09-10,-113.0,-0.4366,False,False,False
delno_ocisceno,1018P,Kardiološki pregled - prvi,2025-09-17,-183.0,-0.7658,False,False,False
delno_ocisceno,1018P,Kardiološki pregled - prvi,2025-09-24,-335.0,-1.4807,False,False,False
delno_ocisceno,1018P,Kardiološki pregled - prvi,2025-10-01,-455.0,-2.045,True,False,False
delno_ocisceno,1018P,Kardiološki pregled - prvi,2025-10-08,-190.0,-0.7987,False,False,False
delno_ocisceno,1018P,Kardiološki pregled - prvi,2025-10-15,-134.0,-0.5354,False,False,False
delno_ocisceno,1018P,Kardiološki pregled - prvi,2025-10-22,-327.0,-1.443,False,False,False
delno_ocisceno,1018P,Kardiološki pregled - prvi,2025-10-29,116.0,0.6403,False,False,False
delno_ocisceno,1018P,Kardiološki pregled - prvi,2025-11-05,-174.0,-0.7235,False,False,False
delno_ocisceno,1018P,Kardiološki pregled - prvi,2025-11-12,-46.0,-0.1215,False,False,False
delno_ocisceno,1018P,Kardiološki pregled - prvi,2025-11-19,-174.0,-0.7235,False,False,False
delno_ocisceno,1018P,Kardiološki pregled - prvi,2025-11-26,-53.0,-0.1545,False,False,False
delno_ocisceno,1018P,Kardiološki pregled - prvi,2025-12-03,-61.0,-0.1921,False,False,False
delno_ocisceno,1018P,Kardiološki pregled - prvi,2025-12-10,-67.0,-0.2203,False,False,False
delno_ocisceno,1018P,Kardiološki pregled - prvi,2025-12-17,-267.0,-1.1609,False,False,False
delno_ocisceno,1018P,Kardiološki pregled - prvi,2026-01-07,-48.0,-0.131,False,False,False
delno_ocisceno,1018P,Kardiološki pregled - prvi,2026-01-14,4.0,0.1136,False,False,False
delno_ocisceno,1018P,Kardiološki pregled - prvi,2026-01-21,103.0,0.5792,False,False,False
delno_ocisceno,1018P,Kardiološki pregled - prvi,2026-01-28,263.0,1.3316,False,False,False
delno_ocisceno,1018P,Kardiološki pregled - prvi,2026-02-04,121.0,0.6638,False,False,False
delno_ocisceno,1018P,Kardiološki pregled - prvi,2026-02-11,-9.0,0.0525,False,False,False
delno_ocisceno,1018P,Kardiološki pregled - prvi,2026-02-18,335.0,1.6702,False,False,False
delno_ocisceno,1018P,Kardiološki pregled - prvi,2026-02-25,19.0,0.1841,False,False,False
delno_ocisceno,1018P,Kardiološki pregled - prvi,2026-03-04,127.0,0.692,False,False,False
delno_ocisceno,1018P,Kardiološki pregled - prvi,2026-03-11,71.0,0.4287,False,False,False
delno_ocisceno,1018P,Kardiološki pregled - prvi,2026-03-18,-190.0,-0.7987,False,False,False
delno_ocisceno,1018P,Kardiološki pregled - prvi,2026-03-25,145.0,0.7767,False,False,False
delno_ocisceno,1018P,Kardiološki pregled - prvi,2026-04-08,-283.0,-1.2361,False,False,False
delno_ocisceno,1018P,Kardiološki pregled - prvi,2026-04-15,105.0,0.5886,False,False,False
delno_ocisceno,1018P,Kardiološki pregled - prvi,2026-04-29,359.0,1.7831,False,False,False
delno_ocisceno,1018P,Kardiološki pregled - prvi,2026-05-06,-302.0,-1.3255,False,False,False
delno_ocisceno,1018P,Kardiološki pregled - prvi,2026-05-13,131.0,0.7108,False,False,False
delno_ocisceno,1018P,Kardiološki pregled - prvi,2026-05-20,-108.0,-0.4131,False,False,False
delno_ocisceno,1018P,Kardiološki pregled - prvi,2026-05-27,55.0,0.3534,False,False,False
delno_ocisceno,1018P,Kardiološki pregled - prvi,2026-06-03,-90.0,-0.3285,False,False,False
delno_ocisceno,1018P,Kardiološki pregled - prvi,2026-06-17,-34.0,-0.0651,False,False,False
delno_ocisceno,1018P,Kardiološki pregled - prvi,2026-06-24,230.0,1.1764,False,False,False
delno_ocisceno,1018P,Kardiološki pregled - prvi,2026-07-01,-189.0,-0.794,False,False,False
delno_ocisceno,1018P,Kardiološki pregled - prvi,2026-07-08,46.0,0.3111,False,False,False
delno_ocisceno,1018P,Kardiološki pregled - prvi,2026-07-15,106.0,0.5933,False,False,False
delno_ocisceno,1941,UZ vratnih žil,2024-04-11,196.0,0.2455,False,False,False
delno_ocisceno,1941,UZ vratnih žil,2024-04-18,578.0,1.2004,False,False,False
delno_ocisceno,1941,UZ vratnih žil,2024-04-25,185.0,0.218,False,False,False
delno_ocisceno,1941,UZ vratnih žil,2024-05-03,215.0,0.293,False,False,False
delno_ocisceno,1941,UZ vratnih žil,2024-05-09,256.0,0.3955,False,False,False
delno_ocisceno,1941,UZ vratnih žil,2024-05-16,114.0,0.0405,False,False,False
delno_ocisceno,1941,UZ vratnih žil,2024-05-23,241.0,0.358,False,False,False
delno_ocisceno,1941,UZ vratnih žil,2024-05-30,132.0,0.0855,False,False,False
delno_ocisceno,1941,UZ vratnih žil,2024-06-06,-312.0,-1.0243,False,False,False
delno_ocisceno,1941,UZ vratnih žil,2024-06-13,114.0,0.0405,False,False,False
delno_ocisceno,1941,UZ vratnih žil,2024-06-20,-184.0,-0.7043,False,False,False
delno_ocisceno,1941,UZ vratnih žil,2024-06-27,172.0,0.1855,False,False,False
delno_ocisceno,1941,UZ vratnih žil,2024-07-04,-107.0,-0.5119,False,False,False
delno_ocisceno,1941,UZ vratnih žil,2024-07-11,-217.0,-0.7868,False,False,False
delno_ocisceno,1941,UZ vratnih žil,2024-07-18,89.0,-0.022,False,False,False
delno_ocisceno,1941,UZ vratnih žil,2024-07-25,179.0,0.203,False,False,False
delno_ocisceno,1941,UZ vratnih žil,2024-08-01,-73.0,-0.4269,False,False,False
delno_ocisceno,1941,UZ vratnih žil,2024-08-08,70.0,-0.0694,False,False,False
delno_ocisceno,1941,UZ vratnih žil,2024-08-16,-166.0,-0.6594,False,False,False
delno_ocisceno,1941,UZ vratnih žil,2024-08-22,72.0,-0.0644,False,False,False
delno_ocisceno,1941,UZ vratnih žil,2024-08-29,133.0,0.088,False,False,False
delno_ocisceno,1941,UZ vratnih žil,2024-09-05,-295.0,-0.9818,False,False,False
delno_ocisceno,1941,UZ vratnih žil,2024-09-12,175.0,0.193,False,False,False
delno_ocisceno,1941,UZ vratnih žil,2024-09-19,-116.0,-0.5344,False,False,False
delno_ocisceno,1941,UZ vratnih žil,2024-09-26,59.0,-0.0969,False,False,False
delno_ocisceno,1941,UZ vratnih žil,2024-10-03,0.0,-0.2444,False,False,False
delno_ocisceno,1941,UZ vratnih žil,2024-10-10,176.0,0.1955,False,False,False
delno_ocisceno,1941,UZ vratnih žil,2024-10-17,-33.0,-0.3269,False,False,False
delno_ocisceno,1941,UZ vratnih žil,2024-10-24,226.0,0.3205,False,False,False
delno_ocisceno,1941,UZ vratnih žil,2024-10-31,383.0,0.7129,False,False,False
delno_ocisceno,1941,UZ vratnih žil,2024-11-07,133.0,0.088,False,False,False
delno_ocisceno,1941,UZ vratnih žil,2024-11-14,6.0,-0.2294,False,False,False
delno_ocisceno,1941,UZ vratnih žil,2024-11-21,698.0,1.5003,False,False,False
delno_ocisceno,1941,UZ vratnih žil,2024-11-28,-379.0,-1.1918,False,False,False
delno_ocisceno,1941,UZ vratnih žil,2024-12-05,-581.0,-1.6967,False,False,False
delno_ocisceno,1941,UZ vratnih žil,2024-12-12,444.0,0.8654,False,False,False
delno_ocisceno,1941,UZ vratnih žil,2024-12-19,379.0,0.7029,False,False,False
delno_ocisceno,1941,UZ vratnih žil,2025-01-08,-168.0,-0.6643,False,False,False
delno_ocisceno,1941,UZ vratnih žil,2025-01-15,696.0,1.4953,False,False,False
delno_ocisceno,1941,UZ vratnih žil,2025-01-22,207.0,0.273,False,False,False
delno_ocisceno,1941,UZ vratnih žil,2025-01-29,581.0,1.2079,False,False,False
delno_ocisceno,1941,UZ vratnih žil,2025-02-05,409.0,0.7779,False,False,False
delno_ocisceno,1941,UZ vratnih žil,2025-02-12,420.0,0.8054,False,False,False
delno_ocisceno,1941,UZ vratnih žil,2025-02-19,227.0,0.323,False,False,False
delno_ocisceno,1941,UZ vratnih žil,2025-02-26,543.0,1.1129,False,False,False
delno_ocisceno,1941,UZ vratnih žil,2025-03-05,-63.0,-0.4019,False,False,False
delno_ocisceno,1941,UZ vratnih žil,2025-03-12,-283.0,-0.9518,False,False,False
delno_ocisceno,1941,UZ vratnih žil,2025-03-19,476.0,0.9454,False,False,False
delno_ocisceno,1941,UZ vratnih žil,2025-03-26,549.0,1.1279,False,False,False
delno_ocisceno,1941,UZ vratnih žil,2025-04-02,181.0,0.208,False,False,False
delno_ocisceno,1941,UZ vratnih žil,2025-04-09,735.0,1.5928,False,False,False
delno_ocisceno,1941,UZ vratnih žil,2025-04-16,255.0,0.393,False,False,False
delno_ocisceno,1941,UZ vratnih žil,2025-04-23,285.0,0.468,False,False,False
delno_ocisceno,1941,UZ vratnih žil,2025-04-30,369.0,0.6779,False,False,False
delno_ocisceno,1941,UZ vratnih žil,2025-05-07,26.0,-0.1794,False,False,False
delno_ocisceno,1941,UZ vratnih žil,2025-05-14,481.0,0.9579,False,False,False
delno_ocisceno,1941,UZ vratnih žil,2025-05-21,300.0,0.5055,False,False,False
delno_ocisceno,1941,UZ vratnih žil,2025-05-28,396.0,0.7454,False,False,False
delno_ocisceno,1941,UZ vratnih žil,2025-06-04,532.0,1.0854,False,False,False
delno_ocisceno,1941,UZ vratnih žil,2025-06-18,233.0,0.338,False,False,False
delno_ocisceno,1941,UZ vratnih žil,2025-07-02,78.0,-0.0494,False,False,False
delno_ocisceno,1941,UZ vratnih žil,2025-07-09,-6.0,-0.2594,False,False,False
delno_ocisceno,1941,UZ vratnih žil,2025-07-16,-795.0,-2.2316,True,False,False
delno_ocisceno,1941,UZ vratnih žil,2025-07-23,1014.0,2.2902,True,False,False
delno_ocisceno,1941,UZ vratnih žil,2025-07-30,-141.0,-0.5969,False,False,False
delno_ocisceno,1941,UZ vratnih žil,2025-08-06,276.0,0.4455,False,False,False
delno_ocisceno,1941,UZ vratnih žil,2025-08-13,16.0,-0.2044,False,False,False
delno_ocisceno,1941,UZ vratnih žil,2025-08-20,-1608.0,-4.2638,True,True,True
delno_ocisceno,1941,UZ vratnih žil,2025-08-27,1520.0,3.555,True,True,True
delno_ocisceno,1941,UZ vratnih žil,2025-09-03,-418.0,-1.2893,False,True,False
delno_ocisceno,1941,UZ vratnih žil,2025-09-10,-223.0,-0.8018,False,True,False
delno_ocisceno,1941,UZ vratnih žil,2025-09-17,-132.0,-0.5744,False,False,False
delno_ocisceno,1941,UZ vratnih žil,2025-09-24,-276.0,-0.9343,False,False,False
delno_ocisceno,1941,UZ vratnih žil,2025-10-01,298.0,0.5005,False,False,False
delno_ocisceno,1941,UZ vratnih žil,2025-10-08,176.0,0.1955,False,False,False
delno_ocisceno,1941,UZ vratnih žil,2025-10-15,-105.0,-0.5069,False,False,False
delno_ocisceno,1941,UZ vratnih žil,2025-10-22,334.0,0.5905,False,False,False
delno_ocisceno,1941,UZ vratnih žil,2025-10-29,405.0,0.7679,False,False,False
delno_ocisceno,1941,UZ vratnih žil,2025-11-05,-369.0,-1.1668,False,False,False
delno_ocisceno,1941,UZ vratnih žil,2025-11-12,-210.0,-0.7693,False,False,False
delno_ocisceno,1941,UZ vratnih žil,2025-11-19,227.0,0.323,False,False,False
delno_ocisceno,1941,UZ vratnih žil,2025-11-26,-215.0,-0.7818,False,False,False
delno_ocisceno,1941,UZ vratnih žil,2025-12-03,221.0,0.308,False,False,False
delno_ocisceno,1941,UZ vratnih žil,2025-12-10,-554.0,-1.6292,False,False,False
delno_ocisceno,1941,UZ vratnih žil,2025-12-17,-1.0,-0.2469,False,False,False
delno_ocisceno,1941,UZ vratnih žil,2026-01-07,-1.0,-0.2469,False,False,False
delno_ocisceno,1941,UZ vratnih žil,2026-01-14,130.0,0.0805,False,False,False
delno_ocisceno,1941,UZ vratnih žil,2026-01-21,160.0,0.1555,False,False,False
delno_ocisceno,1941,UZ vratnih žil,2026-01-28,373.0,0.6879,False,False,False
delno_ocisceno,1941,UZ vratnih žil,2026-02-04,24.0,-0.1844,False,False,False
delno_ocisceno,1941,UZ vratnih žil,2026-02-11,115.0,0.043,False,False,False
delno_ocisceno,1941,UZ vratnih žil,2026-02-18,549.0,1.1279,False,False,False
delno_ocisceno,1941,UZ vratnih žil,2026-02-25,-107.0,-0.5119,False,False,False
delno_ocisceno,1941,UZ vratnih žil,2026-03-04,75.0,-0.0569,False,False,False
delno_ocisceno,1941,UZ vratnih žil,2026-03-11,273.0,0.438,False,False,False
delno_ocisceno,1941,UZ vratnih žil,2026-03-18,278.0,0.4505,False,False,False
delno_ocisceno,1941,UZ vratnih žil,2026-03-25,-177.0,-0.6868,False,False,False
delno_ocisceno,1941,UZ vratnih žil,2026-04-08,-449.0,-1.3667,False,False,False
delno_ocisceno,1941,UZ vratnih žil,2026-04-15,-162.0,-0.6494,False,False,False
delno_ocisceno,1941,UZ vratnih žil,2026-04-29,236.0,0.3455,False,False,False
delno_ocisceno,1941,UZ vratnih žil,2026-05-06,388.0,0.7254,False,False,False
delno_ocisceno,1941,UZ vratnih žil,2026-05-13,75.0,-0.0569,False,False,False
delno_ocisceno,1941,UZ vratnih žil,2026-05-20,-952.0,-2.624,True,False,False
delno_ocisceno,1941,UZ vratnih žil,2026-05-27,215.0,0.293,False,False,False
delno_ocisceno,1941,UZ vratnih žil,2026-06-03,-185.0,-0.7068,False,False,False
delno_ocisceno,1941,UZ vratnih žil,2026-06-17,-995.0,-2.7315,True,True,True
delno_ocisceno,1941,UZ vratnih žil,2026-06-24,197.0,0.248,False,False,False
delno_ocisceno,1941,UZ vratnih žil,2026-07-01,894.0,1.9902,False,True,False
delno_ocisceno,1941,UZ vratnih žil,2026-07-08,-150.0,-0.6194,False,False,False
delno_ocisceno,1941,UZ vratnih žil,2026-07-15,91.0,-0.017,False,False,False
delno_ocisceno,1755,MR glave brez kontrasta,2024-04-11,-123.0,-1.1574,False,False,False
delno_ocisceno,1755,MR glave brez kontrasta,2024-04-18,57.0,0.2352,False,False,False
delno_ocisceno,1755,MR glave brez kontrasta,2024-04-25,61.0,0.2662,False,False,False
delno_ocisceno,1755,MR glave brez kontrasta,2024-05-03,-164.0,-1.4747,False,False,False
delno_ocisceno,1755,MR glave brez kontrasta,2024-05-09,-18.0,-0.3451,False,False,False
delno_ocisceno,1755,MR glave brez kontrasta,2024-05-16,-9.0,-0.2754,False,False,False
delno_ocisceno,1755,MR glave brez kontrasta,2024-05-23,70.0,0.3358,False,False,False
delno_ocisceno,1755,MR glave brez kontrasta,2024-05-30,89.0,0.4828,False,False,False
delno_ocisceno,1755,MR glave brez kontrasta,2024-06-06,-69.0,-0.7397,False,False,False
delno_ocisceno,1755,MR glave brez kontrasta,2024-06-13,-34.0,-0.4689,False,False,False
delno_ocisceno,1755,MR glave brez kontrasta,2024-06-20,-81.0,-0.8325,False,False,False
delno_ocisceno,1755,MR glave brez kontrasta,2024-06-27,-36.0,-0.4843,False,False,False
delno_ocisceno,1755,MR glave brez kontrasta,2024-07-04,-56.0,-0.6391,False,False,False
delno_ocisceno,1755,MR glave brez kontrasta,2024-07-11,-156.0,-1.4128,False,False,False
delno_ocisceno,1755,MR glave brez kontrasta,2024-07-18,-253.0,-2.1633,True,True,True
delno_ocisceno,1755,MR glave brez kontrasta,2024-07-25,-225.0,-1.9466,False,False,False
delno_ocisceno,1755,MR glave brez kontrasta,2024-08-01,-170.0,-1.5211,False,False,False
delno_ocisceno,1755,MR glave brez kontrasta,2024-08-08,-61.0,-0.6778,False,False,False
delno_ocisceno,1755,MR glave brez kontrasta,2024-08-16,-170.0,-1.5211,False,False,False
delno_ocisceno,1755,MR glave brez kontrasta,2024-08-22,-161.0,-1.4515,False,False,False
delno_ocisceno,1755,MR glave brez kontrasta,2024-08-29,-85.0,-0.8634,False,False,False
delno_ocisceno,1755,MR glave brez kontrasta,2024-09-05,-61.0,-0.6778,False,False,False
delno_ocisceno,1755,MR glave brez kontrasta,2024-09-12,-43.0,-0.5385,False,False,False
delno_ocisceno,1755,MR glave brez kontrasta,2024-09-19,-100.0,-0.9795,False,False,False
delno_ocisceno,1755,MR glave brez kontrasta,2024-09-26,279.0,1.9528,False,False,False
delno_ocisceno,1755,MR glave brez kontrasta,2024-10-03,-4.0,-0.2368,False,False,False
delno_ocisceno,1755,MR glave brez kontrasta,2024-10-10,130.0,0.8,False,False,False
delno_ocisceno,1755,MR glave brez kontrasta,2024-10-17,-4.0,-0.2368,False,False,False
delno_ocisceno,1755,MR glave brez kontrasta,2024-10-24,46.0,0.1501,False,False,False
delno_ocisceno,1755,MR glave brez kontrasta,2024-10-31,-141.0,-1.2967,False,False,False
delno_ocisceno,1755,MR glave brez kontrasta,2024-11-07,137.0,0.8542,False,False,False
delno_ocisceno,1755,MR glave brez kontrasta,2024-11-14,56.0,0.2275,False,False,False
delno_ocisceno,1755,MR glave brez kontrasta,2024-11-21,23.0,-0.0279,False,False,False
delno_ocisceno,1755,MR glave brez kontrasta,2024-11-28,-47.0,-0.5694,False,False,False
delno_ocisceno,1755,MR glave brez kontrasta,2024-12-05,39.0,0.0959,False,False,False
delno_ocisceno,1755,MR glave brez kontrasta,2024-12-12,5.0,-0.1671,False,False,False
delno_ocisceno,1755,MR glave brez kontrasta,2024-12-19,-89.0,-0.8944,False,False,False
delno_ocisceno,1755,MR glave brez kontrasta,2025-01-08,-390.0,-3.2232,True,True,True
delno_ocisceno,1755,MR glave brez kontrasta,2025-01-15,63.0,0.2816,False,True,False
delno_ocisceno,1755,MR glave brez kontrasta,2025-01-22,123.0,0.7458,False,False,False
delno_ocisceno,1755,MR glave brez kontrasta,2025-01-29,137.0,0.8542,False,False,False
delno_ocisceno,1755,MR glave brez kontrasta,2025-02-05,70.0,0.3358,False,False,False
delno_ocisceno,1755,MR glave brez kontrasta,2025-02-12,133.0,0.8232,False,False,False
delno_ocisceno,1755,MR glave brez kontrasta,2025-02-19,77.0,0.3899,False,False,False
delno_ocisceno,1755,MR glave brez kontrasta,2025-02-26,46.0,0.1501,False,False,False
delno_ocisceno,1755,MR glave brez kontrasta,2025-03-05,72.0,0.3513,False,False,False
delno_ocisceno,1755,MR glave brez kontrasta,2025-03-12,106.0,0.6143,False,False,False
delno_ocisceno,1755,MR glave brez kontrasta,2025-03-19,73.0,0.359,False,False,False
delno_ocisceno,1755,MR glave brez kontrasta,2025-03-26,78.0,0.3977,False,False,False
delno_ocisceno,1755,MR glave brez kontrasta,2025-04-02,14.0,-0.0975,False,False,False
delno_ocisceno,1755,MR glave brez kontrasta,2025-04-09,71.0,0.3435,False,False,False
delno_ocisceno,1755,MR glave brez kontrasta,2025-04-16,178.0,1.1714,False,False,False
delno_ocisceno,1755,MR glave brez kontrasta,2025-04-23,142.0,0.8928,False,False,False
delno_ocisceno,1755,MR glave brez kontrasta,2025-04-30,11.0,-0.1207,False,False,False
delno_ocisceno,1755,MR glave brez kontrasta,2025-05-07,-56.0,-0.6391,False,False,False
delno_ocisceno,1755,MR glave brez kontrasta,2025-05-14,29.0,0.0186,False,False,False
delno_ocisceno,1755,MR glave brez kontrasta,2025-05-21,195.0,1.3029,False,False,False
delno_ocisceno,1755,MR glave brez kontrasta,2025-05-28,111.0,0.653,False,False,False
delno_ocisceno,1755,MR glave brez kontrasta,2025-06-04,175.0,1.1482,False,False,False
delno_ocisceno,1755,MR glave brez kontrasta,2025-06-18,33.0,0.0495,False,False,False
delno_ocisceno,1755,MR glave brez kontrasta,2025-07-02,-125.0,-1.1729,False,False,False
delno_ocisceno,1755,MR glave brez kontrasta,2025-07-09,-91.0,-0.9099,False,False,False
delno_ocisceno,1755,MR glave brez kontrasta,2025-07-16,-76.0,-0.7938,False,False,False
delno_ocisceno,1755,MR glave brez kontrasta,2025-07-23,58.0,0.2429,False,False,False
delno_ocisceno,1755,MR glave brez kontrasta,2025-07-30,-111.0,-1.0646,False,False,False
delno_ocisceno,1755,MR glave brez kontrasta,2025-08-06,24.0,-0.0201,False,False,False
delno_ocisceno,1755,MR glave brez kontrasta,2025-08-13,-115.0,-1.0956,False,False,False
delno_ocisceno,1755,MR glave brez kontrasta,2025-08-20,-403.0,-3.3238,True,True,True
delno_ocisceno,1755,MR glave brez kontrasta,2025-08-27,130.0,0.8,False,True,False
delno_ocisceno,1755,MR glave brez kontrasta,2025-09-03,93.0,0.5137,False,False,False
delno_ocisceno,1755,MR glave brez kontrasta,2025-09-10,79.0,0.4054,False,False,False
delno_ocisceno,1755,MR glave brez kontrasta,2025-09-17,222.0,1.5118,False,False,False
delno_ocisceno,1755,MR glave brez kontrasta,2025-09-24,190.0,1.2642,False,False,False
delno_ocisceno,1755,MR glave brez kontrasta,2025-10-01,231.0,1.5814,False,False,False
delno_ocisceno,1755,MR glave brez kontrasta,2025-10-08,113.0,0.6685,False,False,False
delno_ocisceno,1755,MR glave brez kontrasta,2025-10-15,304.0,2.1462,True,True,True
delno_ocisceno,1755,MR glave brez kontrasta,2025-10-22,77.0,0.3899,False,False,False
delno_ocisceno,1755,MR glave brez kontrasta,2025-10-29,47.0,0.1578,False,False,False
delno_ocisceno,1755,MR glave brez kontrasta,2025-11-05,14.0,-0.0975,False,False,False
delno_ocisceno,1755,MR glave brez kontrasta,2025-11-12,154.0,0.9857,False,False,False
delno_ocisceno,1755,MR glave brez kontrasta,2025-11-19,118.0,0.7072,False,False,False
delno_ocisceno,1755,MR glave brez kontrasta,2025-11-26,143.0,0.9006,False,False,False
delno_ocisceno,1755,MR glave brez kontrasta,2025-12-03,118.0,0.7072,False,False,False
delno_ocisceno,1755,MR glave brez kontrasta,2025-12-10,198.0,1.3261,False,False,False
delno_ocisceno,1755,MR glave brez kontrasta,2025-12-17,7.0,-0.1516,False,False,False
delno_ocisceno,1755,MR glave brez kontrasta,2026-01-07,-81.0,-0.8325,False,False,False
delno_ocisceno,1755,MR glave brez kontrasta,2026-01-14,174.0,1.1404,False,False,False
delno_ocisceno,1755,MR glave brez kontrasta,2026-01-21,152.0,0.9702,False,False,False
delno_ocisceno,1755,MR glave brez kontrasta,2026-01-28,200.0,1.3416,False,False,False
delno_ocisceno,1755,MR glave brez kontrasta,2026-02-04,217.0,1.4731,False,False,False
delno_ocisceno,1755,MR glave brez kontrasta,2026-02-11,107.0,0.6221,False,False,False
delno_ocisceno,1755,MR glave brez kontrasta,2026-02-18,233.0,1.5969,False,False,False
delno_ocisceno,1755,MR glave brez kontrasta,2026-02-25,25.0,-0.0124,False,False,False
delno_ocisceno,1755,MR glave brez kontrasta,2026-03-04,-60.0,-0.67,False,False,False
delno_ocisceno,1755,MR glave brez kontrasta,2026-03-11,77.0,0.3899,False,False,False
delno_ocisceno,1755,MR glave brez kontrasta,2026-03-18,99.0,0.5602,False,False,False
delno_ocisceno,1755,MR glave brez kontrasta,2026-03-25,224.0,1.5273,False,False,False
delno_ocisceno,1755,MR glave brez kontrasta,2026-04-08,179.0,1.1791,False,False,False
delno_ocisceno,1755,MR glave brez kontrasta,2026-04-15,131.0,0.8077,False,False,False
delno_ocisceno,1755,MR glave brez kontrasta,2026-04-29,81.0,0.4209,False,False,False
delno_ocisceno,1755,MR glave brez kontrasta,2026-05-06,46.0,0.1501,False,False,False
delno_ocisceno,1755,MR glave brez kontrasta,2026-05-13,95.0,0.5292,False,False,False
delno_ocisceno,1755,MR glave brez kontrasta,2026-05-20,22.0,-0.0356,False,False,False
delno_ocisceno,1755,MR glave brez kontrasta,2026-05-27,3.0,-0.1826,False,False,False
delno_ocisceno,1755,MR glave brez kontrasta,2026-06-03,-136.0,-1.258,False,False,False
delno_ocisceno,1755,MR glave brez kontrasta,2026-06-17,-17.0,-0.3373,False,False,False
delno_ocisceno,1755,MR glave brez kontrasta,2026-06-24,-33.0,-0.4611,False,False,False
delno_ocisceno,1755,MR glave brez kontrasta,2026-07-01,-65.0,-0.7087,False,False,False
delno_ocisceno,1755,MR glave brez kontrasta,2026-07-08,-121.0,-1.142,False,False,False
delno_ocisceno,1755,MR glave brez kontrasta,2026-07-15,-148.0,-1.3509,False,False,False
delno_ocisceno,1195,Operacija sive mrene (katarakte),2024-04-11,-9.0,-0.4226,False,False,False
delno_ocisceno,1195,Operacija sive mrene (katarakte),2024-04-18,348.0,2.3757,True,True,True
delno_ocisceno,1195,Operacija sive mrene (katarakte),2024-04-25,168.0,0.9648,False,False,False
delno_ocisceno,1195,Operacija sive mrene (katarakte),2024-05-03,33.0,-0.0934,False,False,False
delno_ocisceno,1195,Operacija sive mrene (katarakte),2024-05-09,-73.0,-0.9243,False,False,False
delno_ocisceno,1195,Operacija sive mrene (katarakte),2024-05-16,-179.0,-1.7552,False,False,False
delno_ocisceno,1195,Operacija sive mrene (katarakte),2024-05-23,-166.0,-1.6533,False,True,False
delno_ocisceno,1195,Operacija sive mrene (katarakte),2024-05-30,-14.0,-0.4618,False,False,False
delno_ocisceno,1195,Operacija sive mrene (katarakte),2024-06-06,3.0,-0.3286,False,False,False
delno_ocisceno,1195,Operacija sive mrene (katarakte),2024-06-13,339.0,2.3052,True,False,False
delno_ocisceno,1195,Operacija sive mrene (katarakte),2024-06-20,-105.0,-1.1751,False,False,False
delno_ocisceno,1195,Operacija sive mrene (katarakte),2024-06-27,84.0,0.3063,False,False,False
delno_ocisceno,1195,Operacija sive mrene (katarakte),2024-07-04,-79.0,-0.9713,False,False,False
delno_ocisceno,1195,Operacija sive mrene (katarakte),2024-07-11,76.0,0.2436,False,False,False
delno_ocisceno,1195,Operacija sive mrene (katarakte),2024-07-18,18.0,-0.211,False,False,False
delno_ocisceno,1195,Operacija sive mrene (katarakte),2024-07-25,252.0,1.6232,False,False,False
delno_ocisceno,1195,Operacija sive mrene (katarakte),2024-08-01,83.0,0.2985,False,False,False
delno_ocisceno,1195,Operacija sive mrene (katarakte),2024-08-08,0.0,-0.3521,False,False,False
delno_ocisceno,1195,Operacija sive mrene (katarakte),2024-08-16,105.0,0.471,False,False,False
delno_ocisceno,1195,Operacija sive mrene (katarakte),2024-08-22,89.0,0.3455,False,False,False
delno_ocisceno,1195,Operacija sive mrene (katarakte),2024-08-29,34.0,-0.0856,False,False,False
delno_ocisceno,1195,Operacija sive mrene (katarakte),2024-09-05,194.0,1.1686,False,False,False
delno_ocisceno,1195,Operacija sive mrene (katarakte),2024-09-12,128.0,0.6512,False,False,False
delno_ocisceno,1195,Operacija sive mrene (katarakte),2024-09-19,-1.0,-0.3599,False,False,False
delno_ocisceno,1195,Operacija sive mrene (katarakte),2024-09-26,-23.0,-0.5324,False,False,False
delno_ocisceno,1195,Operacija sive mrene (katarakte),2024-10-03,168.0,0.9648,False,False,False
delno_ocisceno,1195,Operacija sive mrene (katarakte),2024-10-10,3.0,-0.3286,False,False,False
delno_ocisceno,1195,Operacija sive mrene (katarakte),2024-10-17,10.0,-0.2737,False,False,False
delno_ocisceno,1195,Operacija sive mrene (katarakte),2024-10-24,70.0,0.1966,False,False,False
delno_ocisceno,1195,Operacija sive mrene (katarakte),2024-10-31,37.0,-0.0621,False,False,False
delno_ocisceno,1195,Operacija sive mrene (katarakte),2024-11-07,-66.0,-0.8694,False,False,False
delno_ocisceno,1195,Operacija sive mrene (katarakte),2024-11-14,133.0,0.6904,False,False,False
delno_ocisceno,1195,Operacija sive mrene (katarakte),2024-11-21,131.0,0.6748,False,False,False
delno_ocisceno,1195,Operacija sive mrene (katarakte),2024-11-28,29.0,-0.1248,False,False,False
delno_ocisceno,1195,Operacija sive mrene (katarakte),2024-12-05,131.0,0.6748,False,False,False
delno_ocisceno,1195,Operacija sive mrene (katarakte),2024-12-12,162.0,0.9178,False,False,False
delno_ocisceno,1195,Operacija sive mrene (katarakte),2024-12-19,281.0,1.8506,False,True,False
delno_ocisceno,1195,Operacija sive mrene (katarakte),2025-01-08,174.0,1.0118,False,False,False
delno_ocisceno,1195,Operacija sive mrene (katarakte),2025-01-15,-138.0,-1.4338,False,False,False
delno_ocisceno,1195,Operacija sive mrene (katarakte),2025-01-22,-88.0,-1.0419,False,False,False
delno_ocisceno,1195,Operacija sive mrene (katarakte),2025-01-29,143.0,0.7688,False,False,False
delno_ocisceno,1195,Operacija sive mrene (katarakte),2025-02-05,-98.0,-1.1203,False,False,False
delno_ocisceno,1195,Operacija sive mrene (katarakte),2025-02-12,147.0,0.8002,False,False,False
delno_ocisceno,1195,Operacija sive mrene (katarakte),2025-02-19,2.0,-0.3364,False,False,False
delno_ocisceno,1195,Operacija sive mrene (katarakte),2025-02-26,97.0,0.4082,False,False,False
delno_ocisceno,1195,Operacija sive mrene (katarakte),2025-03-05,-102.0,-1.1516,False,False,False
delno_ocisceno,1195,Operacija sive mrene (katarakte),2025-03-12,176.0,1.0275,False,False,False
delno_ocisceno,1195,Operacija sive mrene (katarakte),2025-03-19,42.0,-0.0229,False,False,False
delno_ocisceno,1195,Operacija sive mrene (katarakte),2025-03-26,163.0,0.9256,False,False,False
delno_ocisceno,1195,Operacija sive mrene (katarakte),2025-04-02,206.0,1.2627,False,False,False
delno_ocisceno,1195,Operacija sive mrene (katarakte),2025-04-09,62.0,0.1339,False,False,False
delno_ocisceno,1195,Operacija sive mrene (katarakte),2025-04-16,24.0,-0.164,False,False,False
delno_ocisceno,1195,Operacija sive mrene (katarakte),2025-04-23,-56.0,-0.7911,False,False,False
delno_ocisceno,1195,Operacija sive mrene (katarakte),2025-04-30,340.0,2.313,True,False,False
delno_ocisceno,1195,Operacija sive mrene (katarakte),2025-05-07,-104.0,-1.1673,False,False,False
delno_ocisceno,1195,Operacija sive mrene (katarakte),2025-05-14,-85.0,-1.0184,False,False,False
delno_ocisceno,1195,Operacija sive mrene (katarakte),2025-05-21,6.0,-0.3051,False,False,False
delno_ocisceno,1195,Operacija sive mrene (katarakte),2025-05-28,-61.0,-0.8303,False,False,False
delno_ocisceno,1195,Operacija sive mrene (katarakte),2025-06-04,85.0,0.3142,False,False,False
delno_ocisceno,1195,Operacija sive mrene (katarakte),2025-06-18,-201.0,-1.9277,False,False,False
delno_ocisceno,1195,Operacija sive mrene (katarakte),2025-07-02,-26.0,-0.5559,False,False,False
delno_ocisceno,1195,Operacija sive mrene (katarakte),2025-07-09,282.0,1.8584,False,False,False
delno_ocisceno,1195,Operacija sive mrene (katarakte),2025-07-16,94.0,0.3847,False,False,False
delno_ocisceno,1195,Operacija sive mrene (katarakte),2025-07-23,-20.0,-0.5089,False,False,False
delno_ocisceno,1195,Operacija sive mrene (katarakte),2025-07-30,26.0,-0.1483,False,False,False
delno_ocisceno,1195,Operacija sive mrene (katarakte),2025-08-06,47.0,0.0163,False,False,False
delno_ocisceno,1195,Operacija sive mrene (katarakte),2025-08-13,87.0,0.3299,False,False,False
delno_ocisceno,1195,Operacija sive mrene (katarakte),2025-08-20,-35.0,-0.6264,False,False,False
delno_ocisceno,1195,Operacija sive mrene (katarakte),2025-08-27,-29.0,-0.5794,False,False,False
delno_ocisceno,1195,Operacija sive mrene (katarakte),2025-09-03,36.0,-0.0699,False,False,False
delno_ocisceno,1195,Operacija sive mrene (katarakte),2025-09-10,-29.0,-0.5794,False,False,False
delno_ocisceno,1195,Operacija sive mrene (katarakte),2025-09-17,71.0,0.2044,False,False,False
delno_ocisceno,1195,Operacija sive mrene (katarakte),2025-09-24,132.0,0.6826,False,False,False
delno_ocisceno,1195,Operacija sive mrene (katarakte),2025-10-01,7.0,-0.2972,False,False,False
delno_ocisceno,1195,Operacija sive mrene (katarakte),2025-10-08,59.0,0.1104,False,False,False
delno_ocisceno,1195,Operacija sive mrene (katarakte),2025-10-15,34.0,-0.0856,False,False,False
delno_ocisceno,1195,Operacija sive mrene (katarakte),2025-10-22,198.0,1.1999,False,False,False
delno_ocisceno,1195,Operacija sive mrene (katarakte),2025-10-29,89.0,0.3455,False,False,False
delno_ocisceno,1195,Operacija sive mrene (katarakte),2025-11-05,-76.0,-0.9478,False,False,False
delno_ocisceno,1195,Operacija sive mrene (katarakte),2025-11-12,7.0,-0.2972,False,False,False
delno_ocisceno,1195,Operacija sive mrene (katarakte),2025-11-19,88.0,0.3377,False,False,False
delno_ocisceno,1195,Operacija sive mrene (katarakte),2025-11-26,14.0,-0.2424,False,False,False
delno_ocisceno,1195,Operacija sive mrene (katarakte),2025-12-03,75.0,0.2358,False,False,False
delno_ocisceno,1195,Operacija sive mrene (katarakte),2025-12-10,106.0,0.4788,False,False,False
delno_ocisceno,1195,Operacija sive mrene (katarakte),2025-12-17,158.0,0.8864,False,False,False
delno_ocisceno,1195,Operacija sive mrene (katarakte),2026-01-07,-22.0,-0.5245,False,False,False
delno_ocisceno,1195,Operacija sive mrene (katarakte),2026-01-14,-69.0,-0.893,False,False,False
delno_ocisceno,1195,Operacija sive mrene (katarakte),2026-01-21,-177.0,-1.7395,False,False,False
delno_ocisceno,1195,Operacija sive mrene (katarakte),2026-01-28,-37.0,-0.6421,False,False,False
delno_ocisceno,1195,Operacija sive mrene (katarakte),2026-02-04,73.0,0.2201,False,False,False
delno_ocisceno,1195,Operacija sive mrene (katarakte),2026-02-11,-14.0,-0.4618,False,False,False
delno_ocisceno,1195,Operacija sive mrene (katarakte),2026-02-18,402.0,2.799,True,True,True
delno_ocisceno,1195,Operacija sive mrene (katarakte),2026-02-25,12.0,-0.258,False,False,False
delno_ocisceno,1195,Operacija sive mrene (katarakte),2026-03-04,-47.0,-0.7205,False,False,False
delno_ocisceno,1195,Operacija sive mrene (katarakte),2026-03-11,12.0,-0.258,False,False,False
delno_ocisceno,1195,Operacija sive mrene (katarakte),2026-03-18,-78.0,-0.9635,False,False,False
delno_ocisceno,1195,Operacija sive mrene (katarakte),2026-03-25,-84.0,-1.0105,False,False,False
delno_ocisceno,1195,Operacija sive mrene (katarakte),2026-04-08,294.0,1.9525,False,False,False
delno_ocisceno,1195,Operacija sive mrene (katarakte),2026-04-15,-190.0,-1.8414,False,False,False
delno_ocisceno,1195,Operacija sive mrene (katarakte),2026-04-29,138.0,0.7296,False,False,False
delno_ocisceno,1195,Operacija sive mrene (katarakte),2026-05-06,-167.0,-1.6611,False,True,False
delno_ocisceno,1195,Operacija sive mrene (katarakte),2026-05-13,1.0,-0.3443,False,False,False
delno_ocisceno,1195,Operacija sive mrene (katarakte),2026-05-20,155.0,0.8629,False,False,False
delno_ocisceno,1195,Operacija sive mrene (katarakte),2026-05-27,109.0,0.5023,False,False,False
delno_ocisceno,1195,Operacija sive mrene (katarakte),2026-06-03,-103.0,-1.1595,False,False,False
delno_ocisceno,1195,Operacija sive mrene (katarakte),2026-06-17,32.0,-0.1013,False,False,False
delno_ocisceno,1195,Operacija sive mrene (katarakte),2026-06-24,365.0,2.509,True,False,False
delno_ocisceno,1195,Operacija sive mrene (katarakte),2026-07-01,-244.0,-2.2647,True,True,True
delno_ocisceno,1195,Operacija sive mrene (katarakte),2026-07-08,-16.0,-0.4775,False,False,False
delno_ocisceno,1195,Operacija sive mrene (katarakte),2026-07-15,73.0,0.2201,False,False,False
delno_ocisceno,1626,Endoproteza kolena,2024-04-11,19.0,0.0638,False,False,False
delno_ocisceno,1626,Endoproteza kolena,2024-04-18,49.0,0.2321,False,False,False
delno_ocisceno,1626,Endoproteza kolena,2024-04-25,41.0,0.1872,False,False,False
delno_ocisceno,1626,Endoproteza kolena,2024-05-03,-14.0,-0.1212,False,False,False
delno_ocisceno,1626,Endoproteza kolena,2024-05-09,-1.0,-0.0483,False,False,False
delno_ocisceno,1626,Endoproteza kolena,2024-05-16,-100.0,-0.6036,False,False,False
delno_ocisceno,1626,Endoproteza kolena,2024-05-23,30.0,0.1255,False,False,False
delno_ocisceno,1626,Endoproteza kolena,2024-05-30,106.0,0.5518,False,False,False
delno_ocisceno,1626,Endoproteza kolena,2024-06-06,-45.0,-0.2951,False,False,False
delno_ocisceno,1626,Endoproteza kolena,2024-06-13,-19.0,-0.1493,False,False,False
delno_ocisceno,1626,Endoproteza kolena,2024-06-20,-225.0,-1.3047,False,False,False
delno_ocisceno,1626,Endoproteza kolena,2024-06-27,8.0,0.0021,False,False,False
delno_ocisceno,1626,Endoproteza kolena,2024-07-04,213.0,1.1519,False,False,False
delno_ocisceno,1626,Endoproteza kolena,2024-07-11,13.0,0.0302,False,False,False
delno_ocisceno,1626,Endoproteza kolena,2024-07-18,-88.0,-0.5363,False,False,False
delno_ocisceno,1626,Endoproteza kolena,2024-07-25,124.0,0.6527,False,False,False
delno_ocisceno,1626,Endoproteza kolena,2024-08-01,-21.0,-0.1605,False,False,False
delno_ocisceno,1626,Endoproteza kolena,2024-08-08,24.0,0.0919,False,False,False
delno_ocisceno,1626,Endoproteza kolena,2024-08-16,80.0,0.406,False,False,False
delno_ocisceno,1626,Endoproteza kolena,2024-08-22,-8.0,-0.0876,False,False,False
delno_ocisceno,1626,Endoproteza kolena,2024-08-29,19.0,0.0638,False,False,False
delno_ocisceno,1626,Endoproteza kolena,2024-09-05,-85.0,-0.5195,False,False,False
delno_ocisceno,1626,Endoproteza kolena,2024-09-12,18.0,0.0582,False,False,False
delno_ocisceno,1626,Endoproteza kolena,2024-09-19,-271.0,-1.5627,False,False,False
delno_ocisceno,1626,Endoproteza kolena,2024-09-26,-38.0,-0.2559,False,False,False
delno_ocisceno,1626,Endoproteza kolena,2024-10-03,310.0,1.6959,False,False,False
delno_ocisceno,1626,Endoproteza kolena,2024-10-10,27.0,0.1087,False,False,False
delno_ocisceno,1626,Endoproteza kolena,2024-10-17,-298.0,-1.7141,False,False,False
delno_ocisceno,1626,Endoproteza kolena,2024-10-24,19.0,0.0638,False,False,False
delno_ocisceno,1626,Endoproteza kolena,2024-10-31,-31.0,-0.2166,False,False,False
delno_ocisceno,1626,Endoproteza kolena,2024-11-07,256.0,1.3931,False,False,False
delno_ocisceno,1626,Endoproteza kolena,2024-11-14,28.0,0.1143,False,False,False
delno_ocisceno,1626,Endoproteza kolena,2024-11-21,-276.0,-1.5907,False,False,False
delno_ocisceno,1626,Endoproteza kolena,2024-11-28,80.0,0.406,False,False,False
delno_ocisceno,1626,Endoproteza kolena,2024-12-05,234.0,1.2697,False,False,False
delno_ocisceno,1626,Endoproteza kolena,2024-12-12,22.0,0.0807,False,False,False
delno_ocisceno,1626,Endoproteza kolena,2024-12-19,23.0,0.0863,False,False,False
delno_ocisceno,1626,Endoproteza kolena,2025-01-08,18.0,0.0582,False,False,False
delno_ocisceno,1626,Endoproteza kolena,2025-01-15,-263.0,-1.5178,False,False,False
delno_ocisceno,1626,Endoproteza kolena,2025-01-22,28.0,0.1143,False,False,False
delno_ocisceno,1626,Endoproteza kolena,2025-01-29,34.0,0.148,False,False,False
delno_ocisceno,1626,Endoproteza kolena,2025-02-05,-49.0,-0.3175,False,False,False
delno_ocisceno,1626,Endoproteza kolena,2025-02-12,249.0,1.3538,False,False,False
delno_ocisceno,1626,Endoproteza kolena,2025-02-19,18.0,0.0582,False,False,False
delno_ocisceno,1626,Endoproteza kolena,2025-02-26,48.0,0.2265,False,False,False
delno_ocisceno,1626,Endoproteza kolena,2025-03-05,-32.0,-0.2222,False,False,False
delno_ocisceno,1626,Endoproteza kolena,2025-03-12,18.0,0.0582,False,False,False
delno_ocisceno,1626,Endoproteza kolena,2025-03-19,0.0,-0.0427,False,False,False
delno_ocisceno,1626,Endoproteza kolena,2025-03-26,0.0,-0.0427,False,False,False
delno_ocisceno,1626,Endoproteza kolena,2025-04-02,26.0,0.1031,False,False,False
delno_ocisceno,1626,Endoproteza kolena,2025-04-09,425.0,2.3409,True,True,True
delno_ocisceno,1626,Endoproteza kolena,2025-04-16,-745.0,-4.2211,True,True,True
delno_ocisceno,1626,Endoproteza kolena,2025-04-23,15.0,0.0414,False,True,False
delno_ocisceno,1626,Endoproteza kolena,2025-04-30,-30.0,-0.211,False,False,False
delno_ocisceno,1626,Endoproteza kolena,2025-05-07,384.0,2.111,True,True,True
delno_ocisceno,1626,Endoproteza kolena,2025-05-14,-19.0,-0.1493,False,False,False
delno_ocisceno,1626,Endoproteza kolena,2025-05-21,-407.0,-2.3254,True,False,False
delno_ocisceno,1626,Endoproteza kolena,2025-05-28,102.0,0.5294,False,False,False
delno_ocisceno,1626,Endoproteza kolena,2025-06-04,333.0,1.8249,False,False,False
delno_ocisceno,1626,Endoproteza kolena,2025-06-18,35.0,0.1536,False,False,False
delno_ocisceno,1626,Endoproteza kolena,2025-07-02,4.0,-0.0203,False,False,False
delno_ocisceno,1626,Endoproteza kolena,2025-07-09,44.0,0.2041,False,False,False
delno_ocisceno,1626,Endoproteza kolena,2025-07-16,-297.0,-1.7085,False,False,False
delno_ocisceno,1626,Endoproteza kolena,2025-07-23,94.0,0.4845,False,False,False
delno_ocisceno,1626,Endoproteza kolena,2025-07-30,-38.0,-0.2559,False,False,False
delno_ocisceno,1626,Endoproteza kolena,2025-08-06,341.0,1.8698,False,False,False
delno_ocisceno,1626,Endoproteza kolena,2025-08-13,43.0,0.1984,False,False,False
delno_ocisceno,1626,Endoproteza kolena,2025-08-20,-82.0,-0.5026,False,False,False
delno_ocisceno,1626,Endoproteza kolena,2025-08-27,19.0,0.0638,False,False,False
delno_ocisceno,1626,Endoproteza kolena,2025-09-03,20.0,0.0694,False,False,False
delno_ocisceno,1626,Endoproteza kolena,2025-09-10,16.0,0.047,False,False,False
delno_ocisceno,1626,Endoproteza kolena,2025-09-17,-260.0,-1.501,False,False,False
delno_ocisceno,1626,Endoproteza kolena,2025-09-24,18.0,0.0582,False,False,False
delno_ocisceno,1626,Endoproteza kolena,2025-10-01,-190.0,-1.1084,False,False,False
delno_ocisceno,1626,Endoproteza kolena,2025-10-08,142.0,0.7537,False,False,False
delno_ocisceno,1626,Endoproteza kolena,2025-10-15,248.0,1.3482,False,False,False
delno_ocisceno,1626,Endoproteza kolena,2025-10-22,-3.0,-0.0596,False,False,False
delno_ocisceno,1626,Endoproteza kolena,2025-10-29,89.0,0.4564,False,False,False
delno_ocisceno,1626,Endoproteza kolena,2025-11-05,-88.0,-0.5363,False,False,False
delno_ocisceno,1626,Endoproteza kolena,2025-11-12,98.0,0.5069,False,False,False
delno_ocisceno,1626,Endoproteza kolena,2025-11-19,-341.0,-1.9553,False,False,False
delno_ocisceno,1626,Endoproteza kolena,2025-11-26,9.0,0.0078,False,False,False
delno_ocisceno,1626,Endoproteza kolena,2025-12-03,-84.0,-0.5139,False,False,False
delno_ocisceno,1626,Endoproteza kolena,2025-12-10,253.0,1.3763,False,False,False
delno_ocisceno,1626,Endoproteza kolena,2025-12-17,-393.0,-2.2469,True,False,False
delno_ocisceno,1626,Endoproteza kolena,2026-01-07,141.0,0.7481,False,False,False
delno_ocisceno,1626,Endoproteza kolena,2026-01-14,-9.0,-0.0932,False,False,False
delno_ocisceno,1626,Endoproteza kolena,2026-01-21,10.0,0.0134,False,False,False
delno_ocisceno,1626,Endoproteza kolena,2026-01-28,76.0,0.3835,False,False,False
delno_ocisceno,1626,Endoproteza kolena,2026-02-04,-10.0,-0.0988,False,False,False
delno_ocisceno,1626,Endoproteza kolena,2026-02-11,-38.0,-0.2559,False,False,False
delno_ocisceno,1626,Endoproteza kolena,2026-02-18,22.0,0.0807,False,False,False
delno_ocisceno,1626,Endoproteza kolena,2026-02-25,-48.0,-0.3119,False,False,False
delno_ocisceno,1626,Endoproteza kolena,2026-03-04,-192.0,-1.1196,False,False,False
delno_ocisceno,1626,Endoproteza kolena,2026-03-11,4.0,-0.0203,False,False,False
delno_ocisceno,1626,Endoproteza kolena,2026-03-18,111.0,0.5798,False,False,False
delno_ocisceno,1626,Endoproteza kolena,2026-03-25,41.0,0.1872,False,False,False
delno_ocisceno,1626,Endoproteza kolena,2026-04-08,60.0,0.2938,False,False,False
delno_ocisceno,1626,Endoproteza kolena,2026-04-15,-301.0,-1.7309,False,False,False
delno_ocisceno,1626,Endoproteza kolena,2026-04-29,733.0,4.0684,True,True,True
delno_ocisceno,1626,Endoproteza kolena,2026-05-06,-61.0,-0.3849,False,True,False
delno_ocisceno,1626,Endoproteza kolena,2026-05-13,35.0,0.1536,False,False,False
delno_ocisceno,1626,Endoproteza kolena,2026-05-20,-26.0,-0.1886,False,False,False
delno_ocisceno,1626,Endoproteza kolena,2026-05-27,42.0,0.1928,False,False,False
delno_ocisceno,1626,Endoproteza kolena,2026-06-03,-40.0,-0.2671,False,False,False
delno_ocisceno,1626,Endoproteza kolena,2026-06-17,-5.0,-0.0708,False,False,False
delno_ocisceno,1626,Endoproteza kolena,2026-06-24,113.0,0.591,False,False,False
delno_ocisceno,1626,Endoproteza kolena,2026-07-01,-19.0,-0.1493,False,False,False
delno_ocisceno,1626,Endoproteza kolena,2026-07-08,118.0,0.6191,False,False,False
delno_ocisceno,1626,Endoproteza kolena,2026-07-15,8.0,0.0021,False,False,False
delno_ocisceno,AGREGAT,Agregat,2024-04-11,154.0,-0.1181,False,False,False
delno_ocisceno,AGREGAT,Agregat,2024-04-18,2330.0,0.785,False,False,False
delno_ocisceno,AGREGAT,Agregat,2024-04-25,733.0,0.1222,False,False,False
delno_ocisceno,AGREGAT,Agregat,2024-05-03,1707.0,0.5264,False,False,False
delno_ocisceno,AGREGAT,Agregat,2024-05-09,-360.0,-0.3314,False,False,False
delno_ocisceno,AGREGAT,Agregat,2024-05-16,-2010.0,-1.0162,False,False,False
delno_ocisceno,AGREGAT,Agregat,2024-05-23,-9.0,-0.1858,False,False,False
delno_ocisceno,AGREGAT,Agregat,2024-05-30,1148.0,0.2944,False,False,False
delno_ocisceno,AGREGAT,Agregat,2024-06-06,-3204.0,-1.5117,False,False,False
delno_ocisceno,AGREGAT,Agregat,2024-06-13,4474.0,1.6748,False,False,False
delno_ocisceno,AGREGAT,Agregat,2024-06-20,-2484.0,-1.2129,False,False,False
delno_ocisceno,AGREGAT,Agregat,2024-06-27,1003.0,0.2342,False,False,False
delno_ocisceno,AGREGAT,Agregat,2024-07-04,-154.0,-0.2459,False,False,False
delno_ocisceno,AGREGAT,Agregat,2024-07-11,-759.0,-0.497,False,False,False
delno_ocisceno,AGREGAT,Agregat,2024-07-18,-7095.0,-3.1266,True,True,True
delno_ocisceno,AGREGAT,Agregat,2024-07-25,-2018.0,-1.0195,False,False,False
delno_ocisceno,AGREGAT,Agregat,2024-08-01,-2517.0,-1.2266,False,False,False
delno_ocisceno,AGREGAT,Agregat,2024-08-08,1156.0,0.2977,False,False,False
delno_ocisceno,AGREGAT,Agregat,2024-08-16,-515.0,-0.3958,False,False,False
delno_ocisceno,AGREGAT,Agregat,2024-08-22,-329.0,-0.3186,False,False,False
delno_ocisceno,AGREGAT,Agregat,2024-08-29,12731.0,5.1016,True,True,True
delno_ocisceno,AGREGAT,Agregat,2024-09-05,-2820.0,-1.3524,False,True,False
delno_ocisceno,AGREGAT,Agregat,2024-09-12,-573.0,-0.4198,False,False,False
delno_ocisceno,AGREGAT,Agregat,2024-09-19,226.0,-0.0882,False,True,False
delno_ocisceno,AGREGAT,Agregat,2024-09-26,-339.0,-0.3227,False,False,False
delno_ocisceno,AGREGAT,Agregat,2024-10-03,2346.0,0.7916,False,False,False
delno_ocisceno,AGREGAT,Agregat,2024-10-10,1026.0,0.2438,False,False,False
delno_ocisceno,AGREGAT,Agregat,2024-10-17,-2800.0,-1.3441,False,False,False
delno_ocisceno,AGREGAT,Agregat,2024-10-24,1733.0,0.5372,False,False,False
delno_ocisceno,AGREGAT,Agregat,2024-10-31,1255.0,0.3388,False,False,False
delno_ocisceno,AGREGAT,Agregat,2024-11-07,120.0,-0.1322,False,False,False
delno_ocisceno,AGREGAT,Agregat,2024-11-14,383.0,-0.0231,False,False,False
delno_ocisceno,AGREGAT,Agregat,2024-11-21,-1091.0,-0.6348,False,False,False
delno_ocisceno,AGREGAT,Agregat,2024-11-28,94.0,-0.143,False,False,False
delno_ocisceno,AGREGAT,Agregat,2024-12-05,-1245.0,-0.6987,False,False,False
delno_ocisceno,AGREGAT,Agregat,2024-12-12,-102.0,-0.2244,False,False,False
delno_ocisceno,AGREGAT,Agregat,2024-12-19,-50.0,-0.2028,False,False,False
delno_ocisceno,AGREGAT,Agregat,2025-01-08,286.0,-0.0633,False,False,False
delno_ocisceno,AGREGAT,Agregat,2025-01-15,-49.0,-0.2024,False,False,False
delno_ocisceno,AGREGAT,Agregat,2025-01-22,1665.0,0.509,False,False,False
delno_ocisceno,AGREGAT,Agregat,2025-01-29,3062.0,1.0888,False,False,False
delno_ocisceno,AGREGAT,Agregat,2025-02-05,695.0,0.1064,False,False,False
delno_ocisceno,AGREGAT,Agregat,2025-02-12,4481.0,1.6777,False,False,False
delno_ocisceno,AGREGAT,Agregat,2025-02-19,-304.0,-0.3082,False,False,False
delno_ocisceno,AGREGAT,Agregat,2025-02-26,4273.0,1.5913,False,False,False
delno_ocisceno,AGREGAT,Agregat,2025-03-05,238.0,-0.0833,False,False,False
delno_ocisceno,AGREGAT,Agregat,2025-03-12,1868.0,0.5932,False,False,False
delno_ocisceno,AGREGAT,Agregat,2025-03-19,315.0,-0.0513,False,False,False
delno_ocisceno,AGREGAT,Agregat,2025-03-26,1474.0,0.4297,False,False,False
delno_ocisceno,AGREGAT,Agregat,2025-04-02,361.0,-0.0322,False,False,False
delno_ocisceno,AGREGAT,Agregat,2025-04-09,1263.0,0.3421,False,False,False
delno_ocisceno,AGREGAT,Agregat,2025-04-16,529.0,0.0375,False,False,False
delno_ocisceno,AGREGAT,Agregat,2025-04-23,1002.0,0.2338,False,False,False
delno_ocisceno,AGREGAT,Agregat,2025-04-30,3220.0,1.1543,False,False,False
delno_ocisceno,AGREGAT,Agregat,2025-05-07,-1741.0,-0.9046,False,False,False
delno_ocisceno,AGREGAT,Agregat,2025-05-14,1351.0,0.3787,False,False,False
delno_ocisceno,AGREGAT,Agregat,2025-05-21,-425.0,-0.3584,False,False,False
delno_ocisceno,AGREGAT,Agregat,2025-05-28,2279.0,0.7638,False,False,False
delno_ocisceno,AGREGAT,Agregat,2025-06-04,2652.0,0.9186,False,False,False
delno_ocisceno,AGREGAT,Agregat,2025-06-18,-1522.0,-0.8137,False,False,False
delno_ocisceno,AGREGAT,Agregat,2025-07-02,750.0,0.1292,False,False,False
delno_ocisceno,AGREGAT,Agregat,2025-07-09,1212.0,0.321,False,False,False
delno_ocisceno,AGREGAT,Agregat,2025-07-16,-666.0,-0.4584,False,False,False
delno_ocisceno,AGREGAT,Agregat,2025-07-23,3251.0,1.1672,False,False,False
delno_ocisceno,AGREGAT,Agregat,2025-07-30,-1271.0,-0.7095,False,False,False
delno_ocisceno,AGREGAT,Agregat,2025-08-06,1254.0,0.3384,False,False,False
delno_ocisceno,AGREGAT,Agregat,2025-08-13,1068.0,0.2612,False,False,False
delno_ocisceno,AGREGAT,Agregat,2025-08-20,-8163.0,-3.5698,True,True,True
delno_ocisceno,AGREGAT,Agregat,2025-08-27,6647.0,2.5766,True,True,True
delno_ocisceno,AGREGAT,Agregat,2025-09-03,-548.0,-0.4095,False,False,False
delno_ocisceno,AGREGAT,Agregat,2025-09-10,971.0,0.221,False,False,False
delno_ocisceno,AGREGAT,Agregat,2025-09-17,274.0,-0.0683,False,False,False
delno_ocisceno,AGREGAT,Agregat,2025-09-24,834.0,0.1641,False,False,False
delno_ocisceno,AGREGAT,Agregat,2025-10-01,-526.0,-0.4003,False,False,False
delno_ocisceno,AGREGAT,Agregat,2025-10-08,1534.0,0.4546,False,False,False
delno_ocisceno,AGREGAT,Agregat,2025-10-15,2094.0,0.687,False,False,False
delno_ocisceno,AGREGAT,Agregat,2025-10-22,1206.0,0.3185,False,False,False
delno_ocisceno,AGREGAT,Agregat,2025-10-29,3228.0,1.1576,False,False,False
delno_ocisceno,AGREGAT,Agregat,2025-11-05,-1760.0,-0.9125,False,False,False
delno_ocisceno,AGREGAT,Agregat,2025-11-12,1229.0,0.328,False,False,False
delno_ocisceno,AGREGAT,Agregat,2025-11-19,91.0,-0.1443,False,False,False
delno_ocisceno,AGREGAT,Agregat,2025-11-26,1233.0,0.3297,False,False,False
delno_ocisceno,AGREGAT,Agregat,2025-12-03,-320.0,-0.3148,False,False,False
delno_ocisceno,AGREGAT,Agregat,2025-12-10,-963.0,-0.5817,False,False,False
delno_ocisceno,AGREGAT,Agregat,2025-12-17,-1749.0,-0.9079,False,False,False
delno_ocisceno,AGREGAT,Agregat,2026-01-07,-268.0,-0.2933,False,False,False
delno_ocisceno,AGREGAT,Agregat,2026-01-14,970.0,0.2205,False,False,False
delno_ocisceno,AGREGAT,Agregat,2026-01-21,1942.0,0.6239,False,False,False
delno_ocisceno,AGREGAT,Agregat,2026-01-28,3340.0,1.2041,False,False,False
delno_ocisceno,AGREGAT,Agregat,2026-02-04,1976.0,0.638,False,False,False
delno_ocisceno,AGREGAT,Agregat,2026-02-11,1507.0,0.4434,False,False,False
delno_ocisceno,AGREGAT,Agregat,2026-02-18,4465.0,1.671,False,False,False
delno_ocisceno,AGREGAT,Agregat,2026-02-25,-1296.0,-0.7199,False,False,False
delno_ocisceno,AGREGAT,Agregat,2026-03-04,-1322.0,-0.7307,False,False,False
delno_ocisceno,AGREGAT,Agregat,2026-03-11,1107.0,0.2774,False,False,False
delno_ocisceno,AGREGAT,Agregat,2026-03-18,-41.0,-0.199,False,False,False
delno_ocisceno,AGREGAT,Agregat,2026-03-25,2251.0,0.7522,False,False,False
delno_ocisceno,AGREGAT,Agregat,2026-04-08,-2088.0,-1.0486,False,False,False
delno_ocisceno,AGREGAT,Agregat,2026-04-15,-1823.0,-0.9386,False,False,False
delno_ocisceno,AGREGAT,Agregat,2026-04-29,3385.0,1.2228,False,False,False
delno_ocisceno,AGREGAT,Agregat,2026-05-06,-2201.0,-1.0955,False,False,False
delno_ocisceno,AGREGAT,Agregat,2026-05-13,760.0,0.1334,False,False,False
delno_ocisceno,AGREGAT,Agregat,2026-05-20,-1272.0,-0.7099,False,False,False
delno_ocisceno,AGREGAT,Agregat,2026-05-27,1877.0,0.597,False,False,False
delno_ocisceno,AGREGAT,Agregat,2026-06-03,-2306.0,-1.1391,False,False,False
delno_ocisceno,AGREGAT,Agregat,2026-06-17,-2676.0,-1.2926,False,False,False
delno_ocisceno,AGREGAT,Agregat,2026-06-24,401.0,-0.0156,False,False,False
delno_ocisceno,AGREGAT,Agregat,2026-07-01,-1399.0,-0.7626,False,False,False
delno_ocisceno,AGREGAT,Agregat,2026-07-08,-216.0,-0.2717,False,False,False
delno_ocisceno,AGREGAT,Agregat,2026-07-15,1146.0,0.2936,False,False,False
ocisceno,1010P,Dermatološki pregled - prvi,2024-04-11,181.0,0.5519,False,False,False
ocisceno,1010P,Dermatološki pregled - prvi,2024-04-18,303.0,1.0464,False,False,False
ocisceno,1010P,Dermatološki pregled - prvi,2024-04-25,242.0,0.7991,False,False,False
ocisceno,1010P,Dermatološki pregled - prvi,2024-05-03,337.0,1.1842,False,False,False
ocisceno,1010P,Dermatološki pregled - prvi,2024-05-09,90.0,0.183,False,False,False
ocisceno,1010P,Dermatološki pregled - prvi,2024-05-16,-44.0,-0.3601,False,False,False
ocisceno,1010P,Dermatološki pregled - prvi,2024-05-23,41.0,-0.0156,False,False,False
ocisceno,1010P,Dermatološki pregled - prvi,2024-05-30,126.0,0.329,False,False,False
ocisceno,1010P,Dermatološki pregled - prvi,2024-06-06,-120.0,-0.6682,False,False,False
ocisceno,1010P,Dermatološki pregled - prvi,2024-06-13,560.0,2.0881,True,False,False
ocisceno,1010P,Dermatološki pregled - prvi,2024-06-20,76.0,0.1263,False,False,False
ocisceno,1010P,Dermatološki pregled - prvi,2024-06-27,431.0,1.5652,False,False,False
ocisceno,1010P,Dermatološki pregled - prvi,2024-07-04,304.0,1.0504,False,False,False
ocisceno,1010P,Dermatološki pregled - prvi,2024-07-11,247.0,0.8194,False,False,False
ocisceno,1010P,Dermatološki pregled - prvi,2024-07-18,259.0,0.868,False,False,False
ocisceno,1010P,Dermatološki pregled - prvi,2024-07-25,74.0,0.1182,False,False,False
ocisceno,1010P,Dermatološki pregled - prvi,2024-08-01,52.0,0.029,False,False,False
ocisceno,1010P,Dermatološki pregled - prvi,2024-08-08,110.0,0.2641,False,False,False
ocisceno,1010P,Dermatološki pregled - prvi,2024-08-16,203.0,0.6411,False,False,False
ocisceno,1010P,Dermatološki pregled - prvi,2024-08-22,60.0,0.0614,False,False,False
ocisceno,1010P,Dermatološki pregled - prvi,2024-08-29,179.0,0.5438,False,False,False
ocisceno,1010P,Dermatološki pregled - prvi,2024-09-05,126.0,0.329,False,False,False
ocisceno,1010P,Dermatološki pregled - prvi,2024-09-12,184.0,0.564,False,False,False
ocisceno,1010P,Dermatološki pregled - prvi,2024-09-19,67.0,0.0898,False,False,False
ocisceno,1010P,Dermatološki pregled - prvi,2024-09-26,461.0,1.6868,False,False,False
ocisceno,1010P,Dermatološki pregled - prvi,2024-10-03,428.0,1.5531,False,False,False
ocisceno,1010P,Dermatološki pregled - prvi,2024-10-10,-581.0,-2.5368,True,True,True
ocisceno,1010P,Dermatološki pregled - prvi,2024-10-17,-619.0,-2.6908,True,True,True
ocisceno,1010P,Dermatološki pregled - prvi,2024-10-24,551.0,2.0516,True,True,True
ocisceno,1010P,Dermatološki pregled - prvi,2024-10-31,45.0,0.0006,False,True,False
ocisceno,1010P,Dermatološki pregled - prvi,2024-11-07,-126.0,-0.6925,False,False,False
ocisceno,1010P,Dermatološki pregled - prvi,2024-11-14,13.0,-0.1291,False,False,False
ocisceno,1010P,Dermatološki pregled - prvi,2024-11-21,-120.0,-0.6682,False,False,False
ocisceno,1010P,Dermatološki pregled - prvi,2024-11-28,177.0,0.5357,False,False,False
ocisceno,1010P,Dermatološki pregled - prvi,2024-12-05,-114.0,-0.6438,False,False,False
ocisceno,1010P,Dermatološki pregled - prvi,2024-12-12,-79.0,-0.502,False,False,False
ocisceno,1010P,Dermatološki pregled - prvi,2024-12-19,-96.0,-0.5709,False,False,False
ocisceno,1010P,Dermatološki pregled - prvi,2025-01-08,-48.0,-0.3763,False,False,False
ocisceno,1010P,Dermatološki pregled - prvi,2025-01-15,223.0,0.7221,False,False,False
ocisceno,1010P,Dermatološki pregled - prvi,2025-01-22,-62.0,-0.4331,False,False,False
ocisceno,1010P,Dermatološki pregled - prvi,2025-01-29,-538.0,-2.3625,True,True,True
ocisceno,1010P,Dermatološki pregled - prvi,2025-02-05,-168.0,-0.8627,False,False,False
ocisceno,1010P,Dermatološki pregled - prvi,2025-02-12,169.0,0.5032,False,False,False
ocisceno,1010P,Dermatološki pregled - prvi,2025-02-19,-143.0,-0.7614,False,False,False
ocisceno,1010P,Dermatološki pregled - prvi,2025-02-26,303.0,1.0464,False,False,False
ocisceno,1010P,Dermatološki pregled - prvi,2025-03-05,95.0,0.2033,False,False,False
ocisceno,1010P,Dermatološki pregled - prvi,2025-03-12,289.0,0.9896,False,False,False
ocisceno,1010P,Dermatološki pregled - prvi,2025-03-19,48.0,0.0128,False,False,False
ocisceno,1010P,Dermatološki pregled - prvi,2025-03-26,0.0,-0.1818,False,False,False
ocisceno,1010P,Dermatološki pregled - prvi,2025-04-02,-90.0,-0.5466,False,False,False
ocisceno,1010P,Dermatološki pregled - prvi,2025-04-09,165.0,0.487,False,False,False
ocisceno,1010P,Dermatološki pregled - prvi,2025-04-16,436.0,1.5855,False,False,False
ocisceno,1010P,Dermatološki pregled - prvi,2025-04-23,199.0,0.6248,False,False,False
ocisceno,1010P,Dermatološki pregled - prvi,2025-04-30,226.0,0.7343,False,False,False
ocisceno,1010P,Dermatološki pregled - prvi,2025-05-07,-78.0,-0.4979,False,False,False
ocisceno,1010P,Dermatološki pregled - prvi,2025-05-14,271.0,0.9167,False,False,False
ocisceno,1010P,Dermatološki pregled - prvi,2025-05-21,300.0,1.0342,False,False,False
ocisceno,1010P,Dermatološki pregled - prvi,2025-05-28,298.0,1.0261,False,False,False
ocisceno,1010P,Dermatološki pregled - prvi,2025-06-04,95.0,0.2033,False,False,False
ocisceno,1010P,Dermatološki pregled - prvi,2025-06-18,572.0,2.1367,True,False,False
ocisceno,1010P,Dermatološki pregled - prvi,2025-07-02,735.0,2.7974,True,True,True
ocisceno,1010P,Dermatološki pregled - prvi,2025-07-09,110.0,0.2641,False,False,False
ocisceno,1010P,Dermatološki pregled - prvi,2025-07-16,-80.0,-0.506,False,False,False
ocisceno,1010P,Dermatološki pregled - prvi,2025-07-23,-317.0,-1.4667,False,False,False
ocisceno,1010P,Dermatološki pregled - prvi,2025-07-30,-63.0,-0.4371,False,False,False
ocisceno,1010P,Dermatološki pregled - prvi,2025-08-06,385.0,1.3788,False,False,False
ocisceno,1010P,Dermatološki pregled - prvi,2025-08-13,58.0,0.0533,False,False,False
ocisceno,1010P,Dermatološki pregled - prvi,2025-08-27,-139.0,-0.7452,False,False,False
ocisceno,1010P,Dermatološki pregled - prvi,2025-09-03,15.0,-0.121,False,False,False
ocisceno,1010P,Dermatološki pregled - prvi,2025-09-10,-76.0,-0.4898,False,False,False
ocisceno,1010P,Dermatološki pregled - prvi,2025-09-17,160.0,0.4668,False,False,False
ocisceno,1010P,Dermatološki pregled - prvi,2025-09-24,149.0,0.4222,False,False,False
ocisceno,1010P,Dermatološki pregled - prvi,2025-10-01,-101.0,-0.5912,False,False,False
ocisceno,1010P,Dermatološki pregled - prvi,2025-10-08,-125.0,-0.6884,False,False,False
ocisceno,1010P,Dermatološki pregled - prvi,2025-10-15,-15.0,-0.2426,False,False,False
ocisceno,1010P,Dermatološki pregled - prvi,2025-10-22,-32.0,-0.3115,False,False,False
ocisceno,1010P,Dermatološki pregled - prvi,2025-10-29,65.0,0.0817,False,False,False
ocisceno,1010P,Dermatološki pregled - prvi,2025-11-05,-244.0,-1.1708,False,False,False
ocisceno,1010P,Dermatološki pregled - prvi,2025-11-12,-9.0,-0.2182,False,False,False
ocisceno,1010P,Dermatološki pregled - prvi,2025-11-19,-135.0,-0.729,False,False,False
ocisceno,1010P,Dermatološki pregled - prvi,2025-11-26,67.0,0.0898,False,False,False
ocisceno,1010P,Dermatološki pregled - prvi,2025-12-03,-235.0,-1.1343,False,False,False
ocisceno,1010P,Dermatološki pregled - prvi,2025-12-10,-215.0,-1.0532,False,False,False
ocisceno,1010P,Dermatološki pregled - prvi,2025-12-17,-51.0,-0.3885,False,False,False
ocisceno,1010P,Dermatološki pregled - prvi,2026-01-07,106.0,0.2479,False,False,False
ocisceno,1010P,Dermatološki pregled - prvi,2026-01-14,-73.0,-0.4777,False,False,False
ocisceno,1010P,Dermatološki pregled - prvi,2026-01-21,-45.0,-0.3642,False,False,False
ocisceno,1010P,Dermatološki pregled - prvi,2026-01-28,-115.0,-0.6479,False,False,False
ocisceno,1010P,Dermatološki pregled - prvi,2026-02-04,-1.0,-0.1858,False,False,False
ocisceno,1010P,Dermatološki pregled - prvi,2026-02-11,-159.0,-0.8262,False,False,False
ocisceno,1010P,Dermatološki pregled - prvi,2026-02-18,-354.0,-1.6166,False,False,False
ocisceno,1010P,Dermatološki pregled - prvi,2026-02-25,-135.0,-0.729,False,False,False
ocisceno,1010P,Dermatološki pregled - prvi,2026-03-04,-31.0,-0.3074,False,False,False
ocisceno,1010P,Dermatološki pregled - prvi,2026-03-11,-58.0,-0.4169,False,False,False
ocisceno,1010P,Dermatološki pregled - prvi,2026-03-18,-32.0,-0.3115,False,False,False
ocisceno,1010P,Dermatološki pregled - prvi,2026-03-25,284.0,0.9694,False,False,False
ocisceno,1010P,Dermatološki pregled - prvi,2026-04-08,-370.0,-1.6815,False,False,False
ocisceno,1010P,Dermatološki pregled - prvi,2026-04-15,5.0,-0.1615,False,False,False
ocisceno,1010P,Dermatološki pregled - prvi,2026-04-29,300.0,1.0342,False,False,False
ocisceno,1010P,Dermatološki pregled - prvi,2026-05-06,-138.0,-0.7411,False,False,False
ocisceno,1010P,Dermatološki pregled - prvi,2026-05-13,320.0,1.1153,False,False,False
ocisceno,1010P,Dermatološki pregled - prvi,2026-05-20,101.0,0.2276,False,False,False
ocisceno,1010P,Dermatološki pregled - prvi,2026-05-27,423.0,1.5328,False,False,False
ocisceno,1010P,Dermatološki pregled - prvi,2026-06-03,-577.0,-2.5205,True,False,False
ocisceno,1010P,Dermatološki pregled - prvi,2026-06-17,-225.0,-1.0938,False,False,False
ocisceno,1010P,Dermatološki pregled - prvi,2026-06-24,-116.0,-0.652,False,False,False
ocisceno,1010P,Dermatološki pregled - prvi,2026-07-01,-309.0,-1.4342,False,False,False
ocisceno,1010P,Dermatološki pregled - prvi,2026-07-08,-66.0,-0.4493,False,False,False
ocisceno,1010P,Dermatološki pregled - prvi,2026-07-15,-344.0,-1.5761,False,False,False
ocisceno,1018P,Kardiološki pregled - prvi,2024-04-11,-96.0,-0.355,False,False,False
ocisceno,1018P,Kardiološki pregled - prvi,2024-04-18,-187.0,-0.782,False,False,False
ocisceno,1018P,Kardiološki pregled - prvi,2024-04-25,-27.0,-0.0313,False,False,False
ocisceno,1018P,Kardiološki pregled - prvi,2024-05-03,168.0,0.8837,False,False,False
ocisceno,1018P,Kardiološki pregled - prvi,2024-05-09,-56.0,-0.1673,False,False,False
ocisceno,1018P,Kardiološki pregled - prvi,2024-05-16,-150.0,-0.6084,False,False,False
ocisceno,1018P,Kardiološki pregled - prvi,2024-05-23,-135.0,-0.538,False,False,False
ocisceno,1018P,Kardiološki pregled - prvi,2024-05-30,-133.0,-0.5286,False,False,False
ocisceno,1018P,Kardiološki pregled - prvi,2024-06-06,-417.0,-1.8611,False,False,False
ocisceno,1018P,Kardiološki pregled - prvi,2024-06-13,571.0,2.7745,True,True,True
ocisceno,1018P,Kardiološki pregled - prvi,2024-06-20,-102.0,-0.3831,False,False,False
ocisceno,1018P,Kardiološki pregled - prvi,2024-06-27,173.0,0.9071,False,False,False
ocisceno,1018P,Kardiološki pregled - prvi,2024-07-04,-134.0,-0.5333,False,False,False
ocisceno,1018P,Kardiološki pregled - prvi,2024-07-11,16.0,0.1705,False,False,False
ocisceno,1018P,Kardiološki pregled - prvi,2024-07-18,-147.0,-0.5943,False,False,False
ocisceno,1018P,Kardiološki pregled - prvi,2024-07-25,64.0,0.3957,False,False,False
ocisceno,1018P,Kardiološki pregled - prvi,2024-08-01,145.0,0.7758,False,False,False
ocisceno,1018P,Kardiološki pregled - prvi,2024-08-08,187.0,0.9728,False,False,False
ocisceno,1018P,Kardiološki pregled - prvi,2024-08-16,10.0,0.1424,False,False,False
ocisceno,1018P,Kardiološki pregled - prvi,2024-08-22,-33.0,-0.0594,False,False,False
ocisceno,1018P,Kardiološki pregled - prvi,2024-08-29,-242.0,-1.04,False,False,False
ocisceno,1018P,Kardiološki pregled - prvi,2024-09-05,-434.0,-1.9409,False,False,False
ocisceno,1018P,Kardiološki pregled - prvi,2024-09-12,-649.0,-2.9496,True,True,True
ocisceno,1018P,Kardiološki pregled - prvi,2024-09-19,759.0,3.6566,True,True,True
ocisceno,1018P,Kardiološki pregled - prvi,2024-09-26,-235.0,-1.0072,False,True,False
ocisceno,1018P,Kardiološki pregled - prvi,2024-10-03,-285.0,-1.2418,False,True,False
ocisceno,1018P,Kardiološki pregled - prvi,2024-10-10,-136.0,-0.5427,False,False,False
ocisceno,1018P,Kardiološki pregled - prvi,2024-10-17,-225.0,-0.9603,False,False,False
ocisceno,1018P,Kardiološki pregled - prvi,2024-10-24,-185.0,-0.7726,False,False,False
ocisceno,1018P,Kardiološki pregled - prvi,2024-10-31,20.0,0.1893,False,False,False
ocisceno,1018P,Kardiološki pregled - prvi,2024-11-07,-164.0,-0.674,False,False,False
ocisceno,1018P,Kardiološki pregled - prvi,2024-11-14,-146.0,-0.5896,False,False,False
ocisceno,1018P,Kardiološki pregled - prvi,2024-11-21,-543.0,-2.4523,True,True,True
ocisceno,1018P,Kardiološki pregled - prvi,2024-11-28,-91.0,-0.3315,False,False,False
ocisceno,1018P,Kardiološki pregled - prvi,2024-12-05,-375.0,-1.664,False,False,False
ocisceno,1018P,Kardiološki pregled - prvi,2024-12-12,58.0,0.3676,False,False,False
ocisceno,1018P,Kardiološki pregled - prvi,2024-12-19,-229.0,-0.979,False,False,False
ocisceno,1018P,Kardiološki pregled - prvi,2025-01-08,204.0,1.0526,False,False,False
ocisceno,1018P,Kardiološki pregled - prvi,2025-01-15,-53.0,-0.1532,False,False,False
ocisceno,1018P,Kardiološki pregled - prvi,2025-01-22,76.0,0.452,False,False,False
ocisceno,1018P,Kardiološki pregled - prvi,2025-01-29,-36.0,-0.0735,False,False,False
ocisceno,1018P,Kardiološki pregled - prvi,2025-02-05,108.0,0.6022,False,False,False
ocisceno,1018P,Kardiološki pregled - prvi,2025-02-12,157.0,0.8321,False,False,False
ocisceno,1018P,Kardiološki pregled - prvi,2025-02-19,149.0,0.7945,False,False,False
ocisceno,1018P,Kardiološki pregled - prvi,2025-02-26,228.0,1.1652,False,False,False
ocisceno,1018P,Kardiološki pregled - prvi,2025-03-05,13.0,0.1564,False,False,False
ocisceno,1018P,Kardiološki pregled - prvi,2025-03-12,230.0,1.1746,False,False,False
ocisceno,1018P,Kardiološki pregled - prvi,2025-03-19,-40.0,-0.0922,False,False,False
ocisceno,1018P,Kardiološki pregled - prvi,2025-03-26,128.0,0.696,False,False,False
ocisceno,1018P,Kardiološki pregled - prvi,2025-04-02,61.0,0.3816,False,False,False
ocisceno,1018P,Kardiološki pregled - prvi,2025-04-09,307.0,1.5359,False,False,False
ocisceno,1018P,Kardiološki pregled - prvi,2025-04-16,-15.0,0.0251,False,False,False
ocisceno,1018P,Kardiološki pregled - prvi,2025-04-23,48.0,0.3206,False,False,False
ocisceno,1018P,Kardiološki pregled - prvi,2025-04-30,451.0,2.2115,True,False,False
ocisceno,1018P,Kardiološki pregled - prvi,2025-05-07,14.0,0.1611,False,False,False
ocisceno,1018P,Kardiološki pregled - prvi,2025-05-14,182.0,0.9494,False,False,False
ocisceno,1018P,Kardiološki pregled - prvi,2025-05-21,-21.0,-0.0031,False,False,False
ocisceno,1018P,Kardiološki pregled - prvi,2025-05-28,192.0,0.9963,False,False,False
ocisceno,1018P,Kardiološki pregled - prvi,2025-06-04,-92.0,-0.3362,False,False,False
ocisceno,1018P,Kardiološki pregled - prvi,2025-06-18,193.0,1.001,False,False,False
ocisceno,1018P,Kardiološki pregled - prvi,2025-07-02,67.0,0.4098,False,False,False
ocisceno,1018P,Kardiološki pregled - prvi,2025-07-09,42.0,0.2925,False,False,False
ocisceno,1018P,Kardiološki pregled - prvi,2025-07-16,-17.0,0.0157,False,False,False
ocisceno,1018P,Kardiološki pregled - prvi,2025-07-23,160.0,0.8461,False,False,False
ocisceno,1018P,Kardiološki pregled - prvi,2025-07-30,124.0,0.6772,False,False,False
ocisceno,1018P,Kardiološki pregled - prvi,2025-08-06,-104.0,-0.3925,False,False,False
ocisceno,1018P,Kardiološki pregled - prvi,2025-08-13,-15.0,0.0251,False,False,False
ocisceno,1018P,Kardiološki pregled - prvi,2025-08-27,-15.0,0.0251,False,False,False
ocisceno,1018P,Kardiološki pregled - prvi,2025-09-03,-62.0,-0.1955,False,False,False
ocisceno,1018P,Kardiološki pregled - prvi,2025-09-10,-113.0,-0.4348,False,False,False
ocisceno,1018P,Kardiološki pregled - prvi,2025-09-17,-183.0,-0.7632,False,False,False
ocisceno,1018P,Kardiološki pregled - prvi,2025-09-24,-335.0,-1.4764,False,False,False
ocisceno,1018P,Kardiološki pregled - prvi,2025-10-01,-455.0,-2.0394,True,False,False
ocisceno,1018P,Kardiološki pregled - prvi,2025-10-08,-190.0,-0.796,False,False,False
ocisceno,1018P,Kardiološki pregled - prvi,2025-10-15,-134.0,-0.5333,False,False,False
ocisceno,1018P,Kardiološki pregled - prvi,2025-10-22,-327.0,-1.4388,False,False,False
ocisceno,1018P,Kardiološki pregled - prvi,2025-10-29,116.0,0.6397,False,False,False
ocisceno,1018P,Kardiološki pregled - prvi,2025-11-05,-174.0,-0.721,False,False,False
ocisceno,1018P,Kardiološki pregled - prvi,2025-11-12,-46.0,-0.1204,False,False,False
ocisceno,1018P,Kardiološki pregled - prvi,2025-11-19,-174.0,-0.721,False,False,False
ocisceno,1018P,Kardiološki pregled - prvi,2025-11-26,-53.0,-0.1532,False,False,False
ocisceno,1018P,Kardiološki pregled - prvi,2025-12-03,-61.0,-0.1908,False,False,False
ocisceno,1018P,Kardiološki pregled - prvi,2025-12-10,-67.0,-0.2189,False,False,False
ocisceno,1018P,Kardiološki pregled - prvi,2025-12-17,-267.0,-1.1573,False,False,False
ocisceno,1018P,Kardiološki pregled - prvi,2026-01-07,-48.0,-0.1298,False,False,False
ocisceno,1018P,Kardiološki pregled - prvi,2026-01-14,4.0,0.1142,False,False,False
ocisceno,1018P,Kardiološki pregled - prvi,2026-01-21,103.0,0.5787,False,False,False
ocisceno,1018P,Kardiološki pregled - prvi,2026-01-28,263.0,1.3294,False,False,False
ocisceno,1018P,Kardiološki pregled - prvi,2026-02-04,121.0,0.6632,False,False,False
ocisceno,1018P,Kardiološki pregled - prvi,2026-02-11,-9.0,0.0532,False,False,False
ocisceno,1018P,Kardiološki pregled - prvi,2026-02-18,335.0,1.6672,False,False,False
ocisceno,1018P,Kardiološki pregled - prvi,2026-02-25,19.0,0.1846,False,False,False
ocisceno,1018P,Kardiološki pregled - prvi,2026-03-04,127.0,0.6913,False,False,False
ocisceno,1018P,Kardiološki pregled - prvi,2026-03-11,71.0,0.4286,False,False,False
ocisceno,1018P,Kardiološki pregled - prvi,2026-03-18,-190.0,-0.796,False,False,False
ocisceno,1018P,Kardiološki pregled - prvi,2026-03-25,145.0,0.7758,False,False,False
ocisceno,1018P,Kardiološki pregled - prvi,2026-04-08,-283.0,-1.2324,False,False,False
ocisceno,1018P,Kardiološki pregled - prvi,2026-04-15,105.0,0.5881,False,False,False
ocisceno,1018P,Kardiološki pregled - prvi,2026-04-29,359.0,1.7798,False,False,False
ocisceno,1018P,Kardiološki pregled - prvi,2026-05-06,-302.0,-1.3215,False,False,False
ocisceno,1018P,Kardiološki pregled - prvi,2026-05-13,131.0,0.7101,False,False,False
ocisceno,1018P,Kardiološki pregled - prvi,2026-05-20,-108.0,-0.4113,False,False,False
ocisceno,1018P,Kardiološki pregled - prvi,2026-05-27,55.0,0.3535,False,False,False
ocisceno,1018P,Kardiološki pregled - prvi,2026-06-03,-90.0,-0.3268,False,False,False
ocisceno,1018P,Kardiološki pregled - prvi,2026-06-17,-34.0,-0.0641,False,False,False
ocisceno,1018P,Kardiološki pregled - prvi,2026-06-24,230.0,1.1746,False,False,False
ocisceno,1018P,Kardiološki pregled - prvi,2026-07-01,-189.0,-0.7913,False,False,False
ocisceno,1018P,Kardiološki pregled - prvi,2026-07-08,46.0,0.3113,False,False,False
ocisceno,1018P,Kardiološki pregled - prvi,2026-07-15,106.0,0.5928,False,False,False
ocisceno,1941,UZ vratnih žil,2024-04-11,196.0,0.2855,False,False,False
ocisceno,1941,UZ vratnih žil,2024-04-18,578.0,1.4062,False,False,False
ocisceno,1941,UZ vratnih žil,2024-04-25,185.0,0.2533,False,False,False
ocisceno,1941,UZ vratnih žil,2024-05-03,215.0,0.3413,False,False,False
ocisceno,1941,UZ vratnih žil,2024-05-09,256.0,0.4616,False,False,False
ocisceno,1941,UZ vratnih žil,2024-05-16,114.0,0.0449,False,False,False
ocisceno,1941,UZ vratnih žil,2024-05-23,241.0,0.4175,False,False,False
ocisceno,1941,UZ vratnih žil,2024-05-30,132.0,0.0978,False,False,False
ocisceno,1941,UZ vratnih žil,2024-06-06,-312.0,-1.2049,False,False,False
ocisceno,1941,UZ vratnih žil,2024-06-13,114.0,0.0449,False,False,False
ocisceno,1941,UZ vratnih žil,2024-06-20,-184.0,-0.8293,False,False,False
ocisceno,1941,UZ vratnih žil,2024-06-27,172.0,0.2151,False,False,False
ocisceno,1941,UZ vratnih žil,2024-07-04,-107.0,-0.6034,False,False,False
ocisceno,1941,UZ vratnih žil,2024-07-11,-217.0,-0.9261,False,False,False
ocisceno,1941,UZ vratnih žil,2024-07-18,89.0,-0.0284,False,False,False
ocisceno,1941,UZ vratnih žil,2024-07-25,179.0,0.2356,False,False,False
ocisceno,1941,UZ vratnih žil,2024-08-01,-73.0,-0.5037,False,False,False
ocisceno,1941,UZ vratnih žil,2024-08-08,70.0,-0.0841,False,False,False
ocisceno,1941,UZ vratnih žil,2024-08-16,-166.0,-0.7765,False,False,False
ocisceno,1941,UZ vratnih žil,2024-08-22,72.0,-0.0783,False,False,False
ocisceno,1941,UZ vratnih žil,2024-08-29,133.0,0.1007,False,False,False
ocisceno,1941,UZ vratnih žil,2024-09-05,-295.0,-1.155,False,False,False
ocisceno,1941,UZ vratnih žil,2024-09-12,175.0,0.2239,False,False,False
ocisceno,1941,UZ vratnih žil,2024-09-19,-116.0,-0.6298,False,False,False
ocisceno,1941,UZ vratnih žil,2024-09-26,59.0,-0.1164,False,False,False
ocisceno,1941,UZ vratnih žil,2024-10-03,0.0,-0.2895,False,False,False
ocisceno,1941,UZ vratnih žil,2024-10-10,176.0,0.2268,False,False,False
ocisceno,1941,UZ vratnih žil,2024-10-17,-33.0,-0.3863,False,False,False
ocisceno,1941,UZ vratnih žil,2024-10-24,226.0,0.3735,False,False,False
ocisceno,1941,UZ vratnih žil,2024-10-31,383.0,0.8341,False,False,False
ocisceno,1941,UZ vratnih žil,2024-11-07,133.0,0.1007,False,False,False
ocisceno,1941,UZ vratnih žil,2024-11-14,6.0,-0.2719,False,False,False
ocisceno,1941,UZ vratnih žil,2024-11-21,698.0,1.7583,False,False,False
ocisceno,1941,UZ vratnih žil,2024-11-28,-379.0,-1.4014,False,False,False
ocisceno,1941,UZ vratnih žil,2024-12-05,-581.0,-1.9941,False,False,False
ocisceno,1941,UZ vratnih žil,2024-12-12,444.0,1.0131,False,False,False
ocisceno,1941,UZ vratnih žil,2024-12-19,379.0,0.8224,False,False,False
ocisceno,1941,UZ vratnih žil,2025-01-08,-168.0,-0.7824,False,False,False
ocisceno,1941,UZ vratnih žil,2025-01-15,696.0,1.7524,False,False,False
ocisceno,1941,UZ vratnih žil,2025-01-22,207.0,0.3178,False,False,False
ocisceno,1941,UZ vratnih žil,2025-01-29,581.0,1.415,False,False,False
ocisceno,1941,UZ vratnih žil,2025-02-05,409.0,0.9104,False,False,False
ocisceno,1941,UZ vratnih žil,2025-02-12,420.0,0.9427,False,False,False
ocisceno,1941,UZ vratnih žil,2025-02-19,227.0,0.3765,False,False,False
ocisceno,1941,UZ vratnih žil,2025-02-26,543.0,1.3036,False,False,False
ocisceno,1941,UZ vratnih žil,2025-03-05,-63.0,-0.4743,False,False,False
ocisceno,1941,UZ vratnih žil,2025-03-12,-283.0,-1.1198,False,False,False
ocisceno,1941,UZ vratnih žil,2025-03-19,476.0,1.107,False,False,False
ocisceno,1941,UZ vratnih žil,2025-03-26,549.0,1.3212,False,False,False
ocisceno,1941,UZ vratnih žil,2025-04-02,181.0,0.2415,False,False,False
ocisceno,1941,UZ vratnih žil,2025-04-09,735.0,1.8668,False,False,False
ocisceno,1941,UZ vratnih žil,2025-04-16,255.0,0.4586,False,False,False
ocisceno,1941,UZ vratnih žil,2025-04-23,285.0,0.5466,False,False,False
ocisceno,1941,UZ vratnih žil,2025-04-30,369.0,0.7931,False,False,False
ocisceno,1941,UZ vratnih žil,2025-05-07,26.0,-0.2132,False,False,False
ocisceno,1941,UZ vratnih žil,2025-05-14,481.0,1.1217,False,False,False
ocisceno,1941,UZ vratnih žil,2025-05-21,300.0,0.5906,False,False,False
ocisceno,1941,UZ vratnih žil,2025-05-28,396.0,0.8723,False,False,False
ocisceno,1941,UZ vratnih žil,2025-06-04,532.0,1.2713,False,False,False
ocisceno,1941,UZ vratnih žil,2025-06-18,233.0,0.3941,False,False,False
ocisceno,1941,UZ vratnih žil,2025-07-02,78.0,-0.0607,False,False,False
ocisceno,1941,UZ vratnih žil,2025-07-09,-6.0,-0.3071,False,False,False
ocisceno,1941,UZ vratnih žil,2025-07-16,-795.0,-2.6219,True,True,True
ocisceno,1941,UZ vratnih žil,2025-07-23,1014.0,2.6854,True,True,True
ocisceno,1941,UZ vratnih žil,2025-07-30,-141.0,-0.7032,False,False,False
ocisceno,1941,UZ vratnih žil,2025-08-06,276.0,0.5202,False,False,False
ocisceno,1941,UZ vratnih žil,2025-08-13,16.0,-0.2426,False,False,False
ocisceno,1941,UZ vratnih žil,2025-08-27,-88.0,-0.5477,False,False,False
ocisceno,1941,UZ vratnih žil,2025-09-03,-418.0,-1.5158,False,False,False
ocisceno,1941,UZ vratnih žil,2025-09-10,-223.0,-0.9437,False,False,False
ocisceno,1941,UZ vratnih žil,2025-09-17,-132.0,-0.6768,False,False,False
ocisceno,1941,UZ vratnih žil,2025-09-24,-276.0,-1.0992,False,False,False
ocisceno,1941,UZ vratnih žil,2025-10-01,298.0,0.5848,False,False,False
ocisceno,1941,UZ vratnih žil,2025-10-08,176.0,0.2268,False,False,False
ocisceno,1941,UZ vratnih žil,2025-10-15,-105.0,-0.5976,False,False,False
ocisceno,1941,UZ vratnih žil,2025-10-22,334.0,0.6904,False,False,False
ocisceno,1941,UZ vratnih žil,2025-10-29,405.0,0.8987,False,False,False
ocisceno,1941,UZ vratnih žil,2025-11-05,-369.0,-1.3721,False,False,False
ocisceno,1941,UZ vratnih žil,2025-11-12,-210.0,-0.9056,False,False,False
ocisceno,1941,UZ vratnih žil,2025-11-19,227.0,0.3765,False,False,False
ocisceno,1941,UZ vratnih žil,2025-11-26,-215.0,-0.9203,False,False,False
ocisceno,1941,UZ vratnih žil,2025-12-03,221.0,0.3589,False,False,False
ocisceno,1941,UZ vratnih žil,2025-12-10,-554.0,-1.9148,False,False,False
ocisceno,1941,UZ vratnih žil,2025-12-17,-1.0,-0.2924,False,False,False
ocisceno,1941,UZ vratnih žil,2026-01-07,-1.0,-0.2924,False,False,False
ocisceno,1941,UZ vratnih žil,2026-01-14,130.0,0.0919,False,False,False
ocisceno,1941,UZ vratnih žil,2026-01-21,160.0,0.1799,False,False,False
ocisceno,1941,UZ vratnih žil,2026-01-28,373.0,0.8048,False,False,False
ocisceno,1941,UZ vratnih žil,2026-02-04,24.0,-0.2191,False,False,False
ocisceno,1941,UZ vratnih žil,2026-02-11,115.0,0.0479,False,False,False
ocisceno,1941,UZ vratnih žil,2026-02-18,549.0,1.3212,False,False,False
ocisceno,1941,UZ vratnih žil,2026-02-25,-107.0,-0.6034,False,False,False
ocisceno,1941,UZ vratnih žil,2026-03-04,75.0,-0.0695,False,False,False
ocisceno,1941,UZ vratnih žil,2026-03-11,273.0,0.5114,False,False,False
ocisceno,1941,UZ vratnih žil,2026-03-18,278.0,0.5261,False,False,False
ocisceno,1941,UZ vratnih žil,2026-03-25,-177.0,-0.8088,False,False,False
ocisceno,1941,UZ vratnih žil,2026-04-08,-449.0,-1.6068,False,False,False
ocisceno,1941,UZ vratnih žil,2026-04-15,-162.0,-0.7648,False,False,False
ocisceno,1941,UZ vratnih žil,2026-04-29,236.0,0.4029,False,False,False
ocisceno,1941,UZ vratnih žil,2026-05-06,388.0,0.8488,False,False,False
ocisceno,1941,UZ vratnih žil,2026-05-13,75.0,-0.0695,False,False,False
ocisceno,1941,UZ vratnih žil,2026-05-20,-952.0,-3.0825,True,True,True
ocisceno,1941,UZ vratnih žil,2026-05-27,215.0,0.3413,False,False,False
ocisceno,1941,UZ vratnih žil,2026-06-03,-185.0,-0.8323,False,False,False
ocisceno,1941,UZ vratnih žil,2026-06-17,-995.0,-3.2087,True,True,True
ocisceno,1941,UZ vratnih žil,2026-06-24,197.0,0.2885,False,False,False
ocisceno,1941,UZ vratnih žil,2026-07-01,894.0,2.3333,True,True,True
ocisceno,1941,UZ vratnih žil,2026-07-08,-150.0,-0.7296,False,True,False
ocisceno,1941,UZ vratnih žil,2026-07-15,91.0,-0.0225,False,False,False
ocisceno,1755,MR glave brez kontrasta,2024-04-11,-123.0,-1.189,False,False,False
ocisceno,1755,MR glave brez kontrasta,2024-04-18,57.0,0.2393,False,False,False
ocisceno,1755,MR glave brez kontrasta,2024-04-25,61.0,0.271,False,False,False
ocisceno,1755,MR glave brez kontrasta,2024-05-03,-164.0,-1.5143,False,False,False
ocisceno,1755,MR glave brez kontrasta,2024-05-09,-18.0,-0.3558,False,False,False
ocisceno,1755,MR glave brez kontrasta,2024-05-16,-9.0,-0.2844,False,False,False
ocisceno,1755,MR glave brez kontrasta,2024-05-23,70.0,0.3424,False,False,False
ocisceno,1755,MR glave brez kontrasta,2024-05-30,89.0,0.4932,False,False,False
ocisceno,1755,MR glave brez kontrasta,2024-06-06,-69.0,-0.7605,False,False,False
ocisceno,1755,MR glave brez kontrasta,2024-06-13,-34.0,-0.4828,False,False,False
ocisceno,1755,MR glave brez kontrasta,2024-06-20,-81.0,-0.8557,False,False,False
ocisceno,1755,MR glave brez kontrasta,2024-06-27,-36.0,-0.4986,False,False,False
ocisceno,1755,MR glave brez kontrasta,2024-07-04,-56.0,-0.6573,False,False,False
ocisceno,1755,MR glave brez kontrasta,2024-07-11,-156.0,-1.4508,False,False,False
ocisceno,1755,MR glave brez kontrasta,2024-07-18,-253.0,-2.2205,True,False,False
ocisceno,1755,MR glave brez kontrasta,2024-07-25,-225.0,-1.9983,False,True,False
ocisceno,1755,MR glave brez kontrasta,2024-08-01,-170.0,-1.5619,False,False,False
ocisceno,1755,MR glave brez kontrasta,2024-08-08,-61.0,-0.697,False,False,False
ocisceno,1755,MR glave brez kontrasta,2024-08-16,-170.0,-1.5619,False,False,False
ocisceno,1755,MR glave brez kontrasta,2024-08-22,-161.0,-1.4905,False,False,False
ocisceno,1755,MR glave brez kontrasta,2024-08-29,-85.0,-0.8874,False,False,False
ocisceno,1755,MR glave brez kontrasta,2024-09-05,-61.0,-0.697,False,False,False
ocisceno,1755,MR glave brez kontrasta,2024-09-12,-43.0,-0.5542,False,False,False
ocisceno,1755,MR glave brez kontrasta,2024-09-19,-100.0,-1.0065,False,False,False
ocisceno,1755,MR glave brez kontrasta,2024-09-26,279.0,2.0008,True,False,False
ocisceno,1755,MR glave brez kontrasta,2024-10-03,-4.0,-0.2447,False,False,False
ocisceno,1755,MR glave brez kontrasta,2024-10-10,130.0,0.8185,False,False,False
ocisceno,1755,MR glave brez kontrasta,2024-10-17,-4.0,-0.2447,False,False,False
ocisceno,1755,MR glave brez kontrasta,2024-10-24,46.0,0.152,False,False,False
ocisceno,1755,MR glave brez kontrasta,2024-10-31,-141.0,-1.3318,False,False,False
ocisceno,1755,MR glave brez kontrasta,2024-11-07,137.0,0.8741,False,False,False
ocisceno,1755,MR glave brez kontrasta,2024-11-14,56.0,0.2313,False,False,False
ocisceno,1755,MR glave brez kontrasta,2024-11-21,23.0,-0.0305,False,False,False
ocisceno,1755,MR glave brez kontrasta,2024-11-28,-47.0,-0.5859,False,False,False
ocisceno,1755,MR glave brez kontrasta,2024-12-05,39.0,0.0965,False,False,False
ocisceno,1755,MR glave brez kontrasta,2024-12-12,5.0,-0.1733,False,False,False
ocisceno,1755,MR glave brez kontrasta,2024-12-19,-89.0,-0.9192,False,False,False
ocisceno,1755,MR glave brez kontrasta,2025-01-08,-390.0,-3.3075,True,True,True
ocisceno,1755,MR glave brez kontrasta,2025-01-15,63.0,0.2869,False,True,False
ocisceno,1755,MR glave brez kontrasta,2025-01-22,123.0,0.763,False,False,False
ocisceno,1755,MR glave brez kontrasta,2025-01-29,137.0,0.8741,False,True,False
ocisceno,1755,MR glave brez kontrasta,2025-02-05,70.0,0.3424,False,False,False
ocisceno,1755,MR glave brez kontrasta,2025-02-12,133.0,0.8423,False,False,False
ocisceno,1755,MR glave brez kontrasta,2025-02-19,77.0,0.398,False,False,False
ocisceno,1755,MR glave brez kontrasta,2025-02-26,46.0,0.152,False,False,False
ocisceno,1755,MR glave brez kontrasta,2025-03-05,72.0,0.3583,False,False,False
ocisceno,1755,MR glave brez kontrasta,2025-03-12,106.0,0.6281,False,False,False
ocisceno,1755,MR glave brez kontrasta,2025-03-19,73.0,0.3662,False,False,False
ocisceno,1755,MR glave brez kontrasta,2025-03-26,78.0,0.4059,False,False,False
ocisceno,1755,MR glave brez kontrasta,2025-04-02,14.0,-0.1019,False,False,False
ocisceno,1755,MR glave brez kontrasta,2025-04-09,71.0,0.3504,False,False,False
ocisceno,1755,MR glave brez kontrasta,2025-04-16,178.0,1.1994,False,False,False
ocisceno,1755,MR glave brez kontrasta,2025-04-23,142.0,0.9137,False,False,False
ocisceno,1755,MR glave brez kontrasta,2025-04-30,11.0,-0.1257,False,False,False
ocisceno,1755,MR glave brez kontrasta,2025-05-07,-56.0,-0.6573,False,False,False
ocisceno,1755,MR glave brez kontrasta,2025-05-14,29.0,0.0171,False,False,False
ocisceno,1755,MR glave brez kontrasta,2025-05-21,195.0,1.3343,False,False,False
ocisceno,1755,MR glave brez kontrasta,2025-05-28,111.0,0.6677,False,False,False
ocisceno,1755,MR glave brez kontrasta,2025-06-04,175.0,1.1756,False,False,False
ocisceno,1755,MR glave brez kontrasta,2025-06-18,33.0,0.0488,False,False,False
ocisceno,1755,MR glave brez kontrasta,2025-07-02,-125.0,-1.2048,False,False,False
ocisceno,1755,MR glave brez kontrasta,2025-07-09,-91.0,-0.9351,False,False,False
ocisceno,1755,MR glave brez kontrasta,2025-07-16,-76.0,-0.816,False,False,False
ocisceno,1755,MR glave brez kontrasta,2025-07-23,58.0,0.2472,False,False,False
ocisceno,1755,MR glave brez kontrasta,2025-07-30,-111.0,-1.0937,False,False,False
ocisceno,1755,MR glave brez kontrasta,2025-08-06,24.0,-0.0226,False,False,False
ocisceno,1755,MR glave brez kontrasta,2025-08-13,-115.0,-1.1255,False,False,False
ocisceno,1755,MR glave brez kontrasta,2025-08-27,-273.0,-2.3792,True,True,True
ocisceno,1755,MR glave brez kontrasta,2025-09-03,93.0,0.5249,False,False,False
ocisceno,1755,MR glave brez kontrasta,2025-09-10,79.0,0.4138,False,False,False
ocisceno,1755,MR glave brez kontrasta,2025-09-17,222.0,1.5485,False,False,False
ocisceno,1755,MR glave brez kontrasta,2025-09-24,190.0,1.2946,False,False,False
ocisceno,1755,MR glave brez kontrasta,2025-10-01,231.0,1.6199,False,False,False
ocisceno,1755,MR glave brez kontrasta,2025-10-08,113.0,0.6836,False,False,False
ocisceno,1755,MR glave brez kontrasta,2025-10-15,304.0,2.1991,True,True,True
ocisceno,1755,MR glave brez kontrasta,2025-10-22,77.0,0.398,False,False,False
ocisceno,1755,MR glave brez kontrasta,2025-10-29,47.0,0.1599,False,False,False
ocisceno,1755,MR glave brez kontrasta,2025-11-05,14.0,-0.1019,False,False,False
ocisceno,1755,MR glave brez kontrasta,2025-11-12,154.0,1.0089,False,False,False
ocisceno,1755,MR glave brez kontrasta,2025-11-19,118.0,0.7233,False,False,False
ocisceno,1755,MR glave brez kontrasta,2025-11-26,143.0,0.9217,False,False,False
ocisceno,1755,MR glave brez kontrasta,2025-12-03,118.0,0.7233,False,False,False
ocisceno,1755,MR glave brez kontrasta,2025-12-10,198.0,1.3581,False,False,False
ocisceno,1755,MR glave brez kontrasta,2025-12-17,7.0,-0.1575,False,False,False
ocisceno,1755,MR glave brez kontrasta,2026-01-07,-81.0,-0.8557,False,False,False
ocisceno,1755,MR glave brez kontrasta,2026-01-14,174.0,1.1676,False,False,False
ocisceno,1755,MR glave brez kontrasta,2026-01-21,152.0,0.9931,False,False,False
ocisceno,1755,MR glave brez kontrasta,2026-01-28,200.0,1.3739,False,False,False
ocisceno,1755,MR glave brez kontrasta,2026-02-04,217.0,1.5088,False,False,False
ocisceno,1755,MR glave brez kontrasta,2026-02-11,107.0,0.636,False,False,False
ocisceno,1755,MR glave brez kontrasta,2026-02-18,233.0,1.6358,False,False,False
ocisceno,1755,MR glave brez kontrasta,2026-02-25,25.0,-0.0146,False,False,False
ocisceno,1755,MR glave brez kontrasta,2026-03-04,-60.0,-0.6891,False,False,False
ocisceno,1755,MR glave brez kontrasta,2026-03-11,77.0,0.398,False,False,False
ocisceno,1755,MR glave brez kontrasta,2026-03-18,99.0,0.5725,False,False,False
ocisceno,1755,MR glave brez kontrasta,2026-03-25,224.0,1.5644,False,False,False
ocisceno,1755,MR glave brez kontrasta,2026-04-08,179.0,1.2073,False,False,False
ocisceno,1755,MR glave brez kontrasta,2026-04-15,131.0,0.8264,False,False,False
ocisceno,1755,MR glave brez kontrasta,2026-04-29,81.0,0.4297,False,False,False
ocisceno,1755,MR glave brez kontrasta,2026-05-06,46.0,0.152,False,False,False
ocisceno,1755,MR glave brez kontrasta,2026-05-13,95.0,0.5408,False,False,False
ocisceno,1755,MR glave brez kontrasta,2026-05-20,22.0,-0.0384,False,False,False
ocisceno,1755,MR glave brez kontrasta,2026-05-27,3.0,-0.1892,False,False,False
ocisceno,1755,MR glave brez kontrasta,2026-06-03,-136.0,-1.2921,False,False,False
ocisceno,1755,MR glave brez kontrasta,2026-06-17,-17.0,-0.3479,False,False,False
ocisceno,1755,MR glave brez kontrasta,2026-06-24,-33.0,-0.4748,False,False,False
ocisceno,1755,MR glave brez kontrasta,2026-07-01,-65.0,-0.7288,False,False,False
ocisceno,1755,MR glave brez kontrasta,2026-07-08,-121.0,-1.1731,False,False,False
ocisceno,1755,MR glave brez kontrasta,2026-07-15,-148.0,-1.3873,False,False,False
ocisceno,1195,Operacija sive mrene (katarakte),2024-04-11,-9.0,-0.4239,False,False,False
ocisceno,1195,Operacija sive mrene (katarakte),2024-04-18,348.0,2.3616,True,True,True
ocisceno,1195,Operacija sive mrene (katarakte),2024-04-25,168.0,0.9571,False,False,False
ocisceno,1195,Operacija sive mrene (katarakte),2024-05-03,33.0,-0.0962,False,False,False
ocisceno,1195,Operacija sive mrene (katarakte),2024-05-09,-73.0,-0.9233,False,False,False
ocisceno,1195,Operacija sive mrene (katarakte),2024-05-16,-179.0,-1.7504,False,False,False
ocisceno,1195,Operacija sive mrene (katarakte),2024-05-23,-166.0,-1.6489,False,True,False
ocisceno,1195,Operacija sive mrene (katarakte),2024-05-30,-14.0,-0.4629,False,False,False
ocisceno,1195,Operacija sive mrene (katarakte),2024-06-06,3.0,-0.3303,False,False,False
ocisceno,1195,Operacija sive mrene (katarakte),2024-06-13,339.0,2.2914,True,False,False
ocisceno,1195,Operacija sive mrene (katarakte),2024-06-20,-105.0,-1.173,False,False,False
ocisceno,1195,Operacija sive mrene (katarakte),2024-06-27,84.0,0.3017,False,False,False
ocisceno,1195,Operacija sive mrene (katarakte),2024-07-04,-79.0,-0.9701,False,False,False
ocisceno,1195,Operacija sive mrene (katarakte),2024-07-11,76.0,0.2393,False,False,False
ocisceno,1195,Operacija sive mrene (katarakte),2024-07-18,18.0,-0.2132,False,False,False
ocisceno,1195,Operacija sive mrene (katarakte),2024-07-25,252.0,1.6126,False,False,False
ocisceno,1195,Operacija sive mrene (katarakte),2024-08-01,83.0,0.2939,False,False,False
ocisceno,1195,Operacija sive mrene (katarakte),2024-08-08,0.0,-0.3537,False,False,False
ocisceno,1195,Operacija sive mrene (katarakte),2024-08-16,105.0,0.4656,False,False,False
ocisceno,1195,Operacija sive mrene (katarakte),2024-08-22,89.0,0.3407,False,False,False
ocisceno,1195,Operacija sive mrene (katarakte),2024-08-29,34.0,-0.0884,False,False,False
ocisceno,1195,Operacija sive mrene (katarakte),2024-09-05,194.0,1.16,False,False,False
ocisceno,1195,Operacija sive mrene (katarakte),2024-09-12,128.0,0.645,False,False,False
ocisceno,1195,Operacija sive mrene (katarakte),2024-09-19,-1.0,-0.3615,False,False,False
ocisceno,1195,Operacija sive mrene (katarakte),2024-09-26,-23.0,-0.5332,False,False,False
ocisceno,1195,Operacija sive mrene (katarakte),2024-10-03,168.0,0.9571,False,False,False
ocisceno,1195,Operacija sive mrene (katarakte),2024-10-10,3.0,-0.3303,False,False,False
ocisceno,1195,Operacija sive mrene (katarakte),2024-10-17,10.0,-0.2757,False,False,False
ocisceno,1195,Operacija sive mrene (katarakte),2024-10-24,70.0,0.1925,False,False,False
ocisceno,1195,Operacija sive mrene (katarakte),2024-10-31,37.0,-0.065,False,False,False
ocisceno,1195,Operacija sive mrene (katarakte),2024-11-07,-66.0,-0.8687,False,False,False
ocisceno,1195,Operacija sive mrene (katarakte),2024-11-14,133.0,0.684,False,False,False
ocisceno,1195,Operacija sive mrene (katarakte),2024-11-21,131.0,0.6684,False,False,False
ocisceno,1195,Operacija sive mrene (katarakte),2024-11-28,29.0,-0.1274,False,False,False
ocisceno,1195,Operacija sive mrene (katarakte),2024-12-05,131.0,0.6684,False,False,False
ocisceno,1195,Operacija sive mrene (katarakte),2024-12-12,162.0,0.9103,False,False,False
ocisceno,1195,Operacija sive mrene (katarakte),2024-12-19,281.0,1.8388,False,True,False
ocisceno,1195,Operacija sive mrene (katarakte),2025-01-08,174.0,1.004,False,False,False
ocisceno,1195,Operacija sive mrene (katarakte),2025-01-15,-138.0,-1.4304,False,False,False
ocisceno,1195,Operacija sive mrene (katarakte),2025-01-22,-88.0,-1.0403,False,False,False
ocisceno,1195,Operacija sive mrene (katarakte),2025-01-29,143.0,0.7621,False,False,False
ocisceno,1195,Operacija sive mrene (katarakte),2025-02-05,-98.0,-1.1183,False,False,False
ocisceno,1195,Operacija sive mrene (katarakte),2025-02-12,147.0,0.7933,False,False,False
ocisceno,1195,Operacija sive mrene (katarakte),2025-02-19,2.0,-0.3381,False,False,False
ocisceno,1195,Operacija sive mrene (katarakte),2025-02-26,97.0,0.4032,False,False,False
ocisceno,1195,Operacija sive mrene (katarakte),2025-03-05,-102.0,-1.1496,False,False,False
ocisceno,1195,Operacija sive mrene (katarakte),2025-03-12,176.0,1.0196,False,False,False
ocisceno,1195,Operacija sive mrene (katarakte),2025-03-19,42.0,-0.026,False,False,False
ocisceno,1195,Operacija sive mrene (katarakte),2025-03-26,163.0,0.9181,False,False,False
ocisceno,1195,Operacija sive mrene (katarakte),2025-04-02,206.0,1.2536,False,False,False
ocisceno,1195,Operacija sive mrene (katarakte),2025-04-09,62.0,0.1301,False,False,False
ocisceno,1195,Operacija sive mrene (katarakte),2025-04-16,24.0,-0.1664,False,False,False
ocisceno,1195,Operacija sive mrene (katarakte),2025-04-23,-56.0,-0.7906,False,False,False
ocisceno,1195,Operacija sive mrene (katarakte),2025-04-30,340.0,2.2992,True,False,False
ocisceno,1195,Operacija sive mrene (katarakte),2025-05-07,-104.0,-1.1652,False,False,False
ocisceno,1195,Operacija sive mrene (katarakte),2025-05-14,-85.0,-1.0169,False,False,False
ocisceno,1195,Operacija sive mrene (katarakte),2025-05-21,6.0,-0.3069,False,False,False
ocisceno,1195,Operacija sive mrene (katarakte),2025-05-28,-61.0,-0.8297,False,False,False
ocisceno,1195,Operacija sive mrene (katarakte),2025-06-04,85.0,0.3095,False,False,False
ocisceno,1195,Operacija sive mrene (katarakte),2025-06-18,-201.0,-1.922,False,False,False
ocisceno,1195,Operacija sive mrene (katarakte),2025-07-02,-26.0,-0.5566,False,False,False
ocisceno,1195,Operacija sive mrene (katarakte),2025-07-09,282.0,1.8466,False,False,False
ocisceno,1195,Operacija sive mrene (katarakte),2025-07-16,94.0,0.3797,False,False,False
ocisceno,1195,Operacija sive mrene (katarakte),2025-07-23,-20.0,-0.5097,False,False,False
ocisceno,1195,Operacija sive mrene (katarakte),2025-07-30,26.0,-0.1508,False,False,False
ocisceno,1195,Operacija sive mrene (katarakte),2025-08-06,47.0,0.013,False,False,False
ocisceno,1195,Operacija sive mrene (katarakte),2025-08-13,87.0,0.3251,False,False,False
ocisceno,1195,Operacija sive mrene (katarakte),2025-08-27,-64.0,-0.8531,False,False,False
ocisceno,1195,Operacija sive mrene (katarakte),2025-09-03,36.0,-0.0728,False,False,False
ocisceno,1195,Operacija sive mrene (katarakte),2025-09-10,-29.0,-0.58,False,False,False
ocisceno,1195,Operacija sive mrene (katarakte),2025-09-17,71.0,0.2003,False,False,False
ocisceno,1195,Operacija sive mrene (katarakte),2025-09-24,132.0,0.6762,False,False,False
ocisceno,1195,Operacija sive mrene (katarakte),2025-10-01,7.0,-0.2991,False,False,False
ocisceno,1195,Operacija sive mrene (katarakte),2025-10-08,59.0,0.1067,False,False,False
ocisceno,1195,Operacija sive mrene (katarakte),2025-10-15,34.0,-0.0884,False,False,False
ocisceno,1195,Operacija sive mrene (katarakte),2025-10-22,198.0,1.1912,False,False,False
ocisceno,1195,Operacija sive mrene (katarakte),2025-10-29,89.0,0.3407,False,False,False
ocisceno,1195,Operacija sive mrene (katarakte),2025-11-05,-76.0,-0.9467,False,False,False
ocisceno,1195,Operacija sive mrene (katarakte),2025-11-12,7.0,-0.2991,False,False,False
ocisceno,1195,Operacija sive mrene (katarakte),2025-11-19,88.0,0.3329,False,False,False
ocisceno,1195,Operacija sive mrene (katarakte),2025-11-26,14.0,-0.2445,False,False,False
ocisceno,1195,Operacija sive mrene (katarakte),2025-12-03,75.0,0.2315,False,False,False
ocisceno,1195,Operacija sive mrene (katarakte),2025-12-10,106.0,0.4734,False,False,False
ocisceno,1195,Operacija sive mrene (katarakte),2025-12-17,158.0,0.8791,False,False,False
ocisceno,1195,Operacija sive mrene (katarakte),2026-01-07,-22.0,-0.5253,False,False,False
ocisceno,1195,Operacija sive mrene (katarakte),2026-01-14,-69.0,-0.8921,False,False,False
ocisceno,1195,Operacija sive mrene (katarakte),2026-01-21,-177.0,-1.7347,False,False,False
ocisceno,1195,Operacija sive mrene (katarakte),2026-01-28,-37.0,-0.6424,False,False,False
ocisceno,1195,Operacija sive mrene (katarakte),2026-02-04,73.0,0.2159,False,False,False
ocisceno,1195,Operacija sive mrene (katarakte),2026-02-11,-14.0,-0.4629,False,False,False
ocisceno,1195,Operacija sive mrene (katarakte),2026-02-18,402.0,2.7829,True,True,True
ocisceno,1195,Operacija sive mrene (katarakte),2026-02-25,12.0,-0.2601,False,False,False
ocisceno,1195,Operacija sive mrene (katarakte),2026-03-04,-47.0,-0.7204,False,False,False
ocisceno,1195,Operacija sive mrene (katarakte),2026-03-11,12.0,-0.2601,False,False,False
ocisceno,1195,Operacija sive mrene (katarakte),2026-03-18,-78.0,-0.9623,False,False,False
ocisceno,1195,Operacija sive mrene (katarakte),2026-03-25,-84.0,-1.0091,False,False,False
ocisceno,1195,Operacija sive mrene (katarakte),2026-04-08,294.0,1.9403,False,False,False
ocisceno,1195,Operacija sive mrene (katarakte),2026-04-15,-190.0,-1.8362,False,False,False
ocisceno,1195,Operacija sive mrene (katarakte),2026-04-29,138.0,0.7231,False,False,False
ocisceno,1195,Operacija sive mrene (katarakte),2026-05-06,-167.0,-1.6567,False,True,False
ocisceno,1195,Operacija sive mrene (katarakte),2026-05-13,1.0,-0.3459,False,False,False
ocisceno,1195,Operacija sive mrene (katarakte),2026-05-20,155.0,0.8557,False,False,False
ocisceno,1195,Operacija sive mrene (katarakte),2026-05-27,109.0,0.4968,False,False,False
ocisceno,1195,Operacija sive mrene (katarakte),2026-06-03,-103.0,-1.1574,False,False,False
ocisceno,1195,Operacija sive mrene (katarakte),2026-06-17,32.0,-0.104,False,False,False
ocisceno,1195,Operacija sive mrene (katarakte),2026-06-24,365.0,2.4942,True,False,False
ocisceno,1195,Operacija sive mrene (katarakte),2026-07-01,-244.0,-2.2575,True,True,True
ocisceno,1195,Operacija sive mrene (katarakte),2026-07-08,-16.0,-0.4785,False,False,False
ocisceno,1195,Operacija sive mrene (katarakte),2026-07-15,73.0,0.2159,False,False,False
ocisceno,1626,Endoproteza kolena,2024-04-11,19.0,0.0632,False,False,False
ocisceno,1626,Endoproteza kolena,2024-04-18,49.0,0.2307,False,False,False
ocisceno,1626,Endoproteza kolena,2024-04-25,41.0,0.1861,False,False,False
ocisceno,1626,Endoproteza kolena,2024-05-03,-14.0,-0.1211,False,False,False
ocisceno,1626,Endoproteza kolena,2024-05-09,-1.0,-0.0485,False,False,False
ocisceno,1626,Endoproteza kolena,2024-05-16,-100.0,-0.6015,False,False,False
ocisceno,1626,Endoproteza kolena,2024-05-23,30.0,0.1246,False,False,False
ocisceno,1626,Endoproteza kolena,2024-05-30,106.0,0.5491,False,False,False
ocisceno,1626,Endoproteza kolena,2024-06-06,-45.0,-0.2943,False,False,False
ocisceno,1626,Endoproteza kolena,2024-06-13,-19.0,-0.1491,False,False,False
ocisceno,1626,Endoproteza kolena,2024-06-20,-225.0,-1.2997,False,False,False
ocisceno,1626,Endoproteza kolena,2024-06-27,8.0,0.0017,False,False,False
ocisceno,1626,Endoproteza kolena,2024-07-04,213.0,1.1467,False,False,False
ocisceno,1626,Endoproteza kolena,2024-07-11,13.0,0.0297,False,False,False
ocisceno,1626,Endoproteza kolena,2024-07-18,-88.0,-0.5345,False,False,False
ocisceno,1626,Endoproteza kolena,2024-07-25,124.0,0.6496,False,False,False
ocisceno,1626,Endoproteza kolena,2024-08-01,-21.0,-0.1602,False,False,False
ocisceno,1626,Endoproteza kolena,2024-08-08,24.0,0.0911,False,False,False
ocisceno,1626,Endoproteza kolena,2024-08-16,80.0,0.4039,False,False,False
ocisceno,1626,Endoproteza kolena,2024-08-22,-8.0,-0.0876,False,False,False
ocisceno,1626,Endoproteza kolena,2024-08-29,19.0,0.0632,False,False,False
ocisceno,1626,Endoproteza kolena,2024-09-05,-85.0,-0.5177,False,False,False
ocisceno,1626,Endoproteza kolena,2024-09-12,18.0,0.0576,False,False,False
ocisceno,1626,Endoproteza kolena,2024-09-19,-271.0,-1.5566,False,False,False
ocisceno,1626,Endoproteza kolena,2024-09-26,-38.0,-0.2552,False,False,False
ocisceno,1626,Endoproteza kolena,2024-10-03,310.0,1.6885,False,False,False
ocisceno,1626,Endoproteza kolena,2024-10-10,27.0,0.1079,False,False,False
ocisceno,1626,Endoproteza kolena,2024-10-17,-298.0,-1.7074,False,False,False
ocisceno,1626,Endoproteza kolena,2024-10-24,19.0,0.0632,False,False,False
ocisceno,1626,Endoproteza kolena,2024-10-31,-31.0,-0.2161,False,False,False
ocisceno,1626,Endoproteza kolena,2024-11-07,256.0,1.3869,False,False,False
ocisceno,1626,Endoproteza kolena,2024-11-14,28.0,0.1134,False,False,False
ocisceno,1626,Endoproteza kolena,2024-11-21,-276.0,-1.5845,False,False,False
ocisceno,1626,Endoproteza kolena,2024-11-28,80.0,0.4039,False,False,False
ocisceno,1626,Endoproteza kolena,2024-12-05,234.0,1.264,False,False,False
ocisceno,1626,Endoproteza kolena,2024-12-12,22.0,0.0799,False,False,False
ocisceno,1626,Endoproteza kolena,2024-12-19,23.0,0.0855,False,False,False
ocisceno,1626,Endoproteza kolena,2025-01-08,18.0,0.0576,False,False,False
ocisceno,1626,Endoproteza kolena,2025-01-15,-263.0,-1.5119,False,False,False
ocisceno,1626,Endoproteza kolena,2025-01-22,28.0,0.1134,False,False,False
ocisceno,1626,Endoproteza kolena,2025-01-29,34.0,0.147,False,False,False
ocisceno,1626,Endoproteza kolena,2025-02-05,-49.0,-0.3166,False,False,False
ocisceno,1626,Endoproteza kolena,2025-02-12,249.0,1.3478,False,False,False
ocisceno,1626,Endoproteza kolena,2025-02-19,18.0,0.0576,False,False,False
ocisceno,1626,Endoproteza kolena,2025-02-26,48.0,0.2252,False,False,False
ocisceno,1626,Endoproteza kolena,2025-03-05,-32.0,-0.2217,False,False,False
ocisceno,1626,Endoproteza kolena,2025-03-12,18.0,0.0576,False,False,False
ocisceno,1626,Endoproteza kolena,2025-03-19,0.0,-0.0429,False,False,False
ocisceno,1626,Endoproteza kolena,2025-03-26,0.0,-0.0429,False,False,False
ocisceno,1626,Endoproteza kolena,2025-04-02,26.0,0.1023,False,False,False
ocisceno,1626,Endoproteza kolena,2025-04-09,425.0,2.3308,True,True,True
ocisceno,1626,Endoproteza kolena,2025-04-16,-745.0,-4.2041,True,True,True
ocisceno,1626,Endoproteza kolena,2025-04-23,15.0,0.0408,False,True,False
ocisceno,1626,Endoproteza kolena,2025-04-30,-30.0,-0.2105,False,False,False
ocisceno,1626,Endoproteza kolena,2025-05-07,384.0,2.1018,True,True,True
ocisceno,1626,Endoproteza kolena,2025-05-14,-19.0,-0.1491,False,False,False
ocisceno,1626,Endoproteza kolena,2025-05-21,-407.0,-2.3162,True,False,False
ocisceno,1626,Endoproteza kolena,2025-05-28,102.0,0.5268,False,False,False
ocisceno,1626,Endoproteza kolena,2025-06-04,333.0,1.817,False,False,False
ocisceno,1626,Endoproteza kolena,2025-06-18,35.0,0.1525,False,False,False
ocisceno,1626,Endoproteza kolena,2025-07-02,4.0,-0.0206,False,False,False
ocisceno,1626,Endoproteza kolena,2025-07-09,44.0,0.2028,False,False,False
ocisceno,1626,Endoproteza kolena,2025-07-16,-297.0,-1.7018,False,False,False
ocisceno,1626,Endoproteza kolena,2025-07-23,94.0,0.4821,False,False,False
ocisceno,1626,Endoproteza kolena,2025-07-30,-38.0,-0.2552,False,False,False
ocisceno,1626,Endoproteza kolena,2025-08-06,341.0,1.8617,False,False,False
ocisceno,1626,Endoproteza kolena,2025-08-13,43.0,0.1972,False,False,False
ocisceno,1626,Endoproteza kolena,2025-08-27,-63.0,-0.3948,False,False,False
ocisceno,1626,Endoproteza kolena,2025-09-03,20.0,0.0688,False,False,False
ocisceno,1626,Endoproteza kolena,2025-09-10,16.0,0.0464,False,False,False
ocisceno,1626,Endoproteza kolena,2025-09-17,-260.0,-1.4951,False,False,False
ocisceno,1626,Endoproteza kolena,2025-09-24,18.0,0.0576,False,False,False
ocisceno,1626,Endoproteza kolena,2025-10-01,-190.0,-1.1042,False,False,False
ocisceno,1626,Endoproteza kolena,2025-10-08,142.0,0.7502,False,False,False
ocisceno,1626,Endoproteza kolena,2025-10-15,248.0,1.3422,False,False,False
ocisceno,1626,Endoproteza kolena,2025-10-22,-3.0,-0.0597,False,False,False
ocisceno,1626,Endoproteza kolena,2025-10-29,89.0,0.4542,False,False,False
ocisceno,1626,Endoproteza kolena,2025-11-05,-88.0,-0.5345,False,False,False
ocisceno,1626,Endoproteza kolena,2025-11-12,98.0,0.5044,False,False,False
ocisceno,1626,Endoproteza kolena,2025-11-19,-341.0,-1.9476,False,False,False
ocisceno,1626,Endoproteza kolena,2025-11-26,9.0,0.0073,False,False,False
ocisceno,1626,Endoproteza kolena,2025-12-03,-84.0,-0.5121,False,False,False
ocisceno,1626,Endoproteza kolena,2025-12-10,253.0,1.3702,False,False,False
ocisceno,1626,Endoproteza kolena,2025-12-17,-393.0,-2.238,True,False,False
ocisceno,1626,Endoproteza kolena,2026-01-07,141.0,0.7446,False,False,False
ocisceno,1626,Endoproteza kolena,2026-01-14,-9.0,-0.0932,False,False,False
ocisceno,1626,Endoproteza kolena,2026-01-21,10.0,0.0129,False,False,False
ocisceno,1626,Endoproteza kolena,2026-01-28,76.0,0.3815,False,False,False
ocisceno,1626,Endoproteza kolena,2026-02-04,-10.0,-0.0988,False,False,False
ocisceno,1626,Endoproteza kolena,2026-02-11,-38.0,-0.2552,False,False,False
ocisceno,1626,Endoproteza kolena,2026-02-18,22.0,0.0799,False,False,False
ocisceno,1626,Endoproteza kolena,2026-02-25,-48.0,-0.311,False,False,False
ocisceno,1626,Endoproteza kolena,2026-03-04,-192.0,-1.1153,False,False,False
ocisceno,1626,Endoproteza kolena,2026-03-11,4.0,-0.0206,False,False,False
ocisceno,1626,Endoproteza kolena,2026-03-18,111.0,0.577,False,False,False
ocisceno,1626,Endoproteza kolena,2026-03-25,41.0,0.1861,False,False,False
ocisceno,1626,Endoproteza kolena,2026-04-08,60.0,0.2922,False,False,False
ocisceno,1626,Endoproteza kolena,2026-04-15,-301.0,-1.7241,False,False,False
ocisceno,1626,Endoproteza kolena,2026-04-29,733.0,4.0511,True,True,True
ocisceno,1626,Endoproteza kolena,2026-05-06,-61.0,-0.3836,False,True,False
ocisceno,1626,Endoproteza kolena,2026-05-13,35.0,0.1525,False,False,False
ocisceno,1626,Endoproteza kolena,2026-05-20,-26.0,-0.1882,False,False,False
ocisceno,1626,Endoproteza kolena,2026-05-27,42.0,0.1916,False,False,False
ocisceno,1626,Endoproteza kolena,2026-06-03,-40.0,-0.2664,False,False,False
ocisceno,1626,Endoproteza kolena,2026-06-17,-5.0,-0.0709,False,False,False
ocisceno,1626,Endoproteza kolena,2026-06-24,113.0,0.5882,False,False,False
ocisceno,1626,Endoproteza kolena,2026-07-01,-19.0,-0.1491,False,False,False
ocisceno,1626,Endoproteza kolena,2026-07-08,118.0,0.6161,False,False,False
ocisceno,1626,Endoproteza kolena,2026-07-15,8.0,0.0017,False,False,False
ocisceno,AGREGAT,Agregat,2024-04-11,154.0,-0.131,False,False,False
ocisceno,AGREGAT,Agregat,2024-04-18,2330.0,0.8567,False,False,False
ocisceno,AGREGAT,Agregat,2024-04-25,733.0,0.1318,False,False,False
ocisceno,AGREGAT,Agregat,2024-05-03,1707.0,0.5739,False,False,False
ocisceno,AGREGAT,Agregat,2024-05-09,-360.0,-0.3643,False,False,False
ocisceno,AGREGAT,Agregat,2024-05-16,-2010.0,-1.1133,False,False,False
ocisceno,AGREGAT,Agregat,2024-05-23,-9.0,-0.205,False,False,False
ocisceno,AGREGAT,Agregat,2024-05-30,1148.0,0.3202,False,False,False
ocisceno,AGREGAT,Agregat,2024-06-06,-3204.0,-1.6553,False,False,False
ocisceno,AGREGAT,Agregat,2024-06-13,4474.0,1.83,False,False,False
ocisceno,AGREGAT,Agregat,2024-06-20,-2484.0,-1.3285,False,False,False
ocisceno,AGREGAT,Agregat,2024-06-27,1003.0,0.2544,False,False,False
ocisceno,AGREGAT,Agregat,2024-07-04,-154.0,-0.2708,False,False,False
ocisceno,AGREGAT,Agregat,2024-07-11,-759.0,-0.5455,False,False,False
ocisceno,AGREGAT,Agregat,2024-07-18,-7095.0,-3.4216,True,True,True
ocisceno,AGREGAT,Agregat,2024-07-25,-2018.0,-1.117,False,True,False
ocisceno,AGREGAT,Agregat,2024-08-01,-2517.0,-1.3435,False,False,False
ocisceno,AGREGAT,Agregat,2024-08-08,1156.0,0.3238,False,False,False
ocisceno,AGREGAT,Agregat,2024-08-16,-515.0,-0.4347,False,False,False
ocisceno,AGREGAT,Agregat,2024-08-22,-329.0,-0.3503,False,False,False
ocisceno,AGREGAT,Agregat,2024-08-29,12731.0,5.5781,True,True,True
ocisceno,AGREGAT,Agregat,2024-09-05,-2820.0,-1.481,False,True,False
ocisceno,AGREGAT,Agregat,2024-09-12,-573.0,-0.461,False,True,False
ocisceno,AGREGAT,Agregat,2024-09-19,226.0,-0.0983,False,True,False
ocisceno,AGREGAT,Agregat,2024-09-26,-339.0,-0.3548,False,False,False
ocisceno,AGREGAT,Agregat,2024-10-03,2346.0,0.864,False,False,False
ocisceno,AGREGAT,Agregat,2024-10-10,1026.0,0.2648,False,False,False
ocisceno,AGREGAT,Agregat,2024-10-17,-2800.0,-1.4719,False,False,False
ocisceno,AGREGAT,Agregat,2024-10-24,1733.0,0.5857,False,False,False
ocisceno,AGREGAT,Agregat,2024-10-31,1255.0,0.3688,False,False,False
ocisceno,AGREGAT,Agregat,2024-11-07,120.0,-0.1465,False,False,False
ocisceno,AGREGAT,Agregat,2024-11-14,383.0,-0.0271,False,False,False
ocisceno,AGREGAT,Agregat,2024-11-21,-1091.0,-0.6962,False,False,False
ocisceno,AGREGAT,Agregat,2024-11-28,94.0,-0.1583,False,False,False
ocisceno,AGREGAT,Agregat,2024-12-05,-1245.0,-0.7661,False,False,False
ocisceno,AGREGAT,Agregat,2024-12-12,-102.0,-0.2472,False,False,False
ocisceno,AGREGAT,Agregat,2024-12-19,-50.0,-0.2236,False,False,False
ocisceno,AGREGAT,Agregat,2025-01-08,286.0,-0.0711,False,False,False
ocisceno,AGREGAT,Agregat,2025-01-15,-49.0,-0.2232,False,False,False
ocisceno,AGREGAT,Agregat,2025-01-22,1665.0,0.5549,False,False,False
ocisceno,AGREGAT,Agregat,2025-01-29,3062.0,1.189,False,False,False
ocisceno,AGREGAT,Agregat,2025-02-05,695.0,0.1146,False,False,False
ocisceno,AGREGAT,Agregat,2025-02-12,4481.0,1.8332,False,False,False
ocisceno,AGREGAT,Agregat,2025-02-19,-304.0,-0.3389,False,False,False
ocisceno,AGREGAT,Agregat,2025-02-26,4273.0,1.7387,False,False,False
ocisceno,AGREGAT,Agregat,2025-03-05,238.0,-0.0929,False,False,False
ocisceno,AGREGAT,Agregat,2025-03-12,1868.0,0.647,False,False,False
ocisceno,AGREGAT,Agregat,2025-03-19,315.0,-0.0579,False,False,False
ocisceno,AGREGAT,Agregat,2025-03-26,1474.0,0.4682,False,False,False
ocisceno,AGREGAT,Agregat,2025-04-02,361.0,-0.0371,False,False,False
ocisceno,AGREGAT,Agregat,2025-04-09,1263.0,0.3724,False,False,False
ocisceno,AGREGAT,Agregat,2025-04-16,529.0,0.0392,False,False,False
ocisceno,AGREGAT,Agregat,2025-04-23,1002.0,0.2539,False,False,False
ocisceno,AGREGAT,Agregat,2025-04-30,3220.0,1.2607,False,False,False
ocisceno,AGREGAT,Agregat,2025-05-07,-1741.0,-0.9912,False,False,False
ocisceno,AGREGAT,Agregat,2025-05-14,1351.0,0.4123,False,False,False
ocisceno,AGREGAT,Agregat,2025-05-21,-425.0,-0.3938,False,False,False
ocisceno,AGREGAT,Agregat,2025-05-28,2279.0,0.8336,False,False,False
ocisceno,AGREGAT,Agregat,2025-06-04,2652.0,1.0029,False,False,False
ocisceno,AGREGAT,Agregat,2025-06-18,-1522.0,-0.8918,False,False,False
ocisceno,AGREGAT,Agregat,2025-07-02,750.0,0.1395,False,False,False
ocisceno,AGREGAT,Agregat,2025-07-09,1212.0,0.3492,False,False,False
ocisceno,AGREGAT,Agregat,2025-07-16,-666.0,-0.5032,False,False,False
ocisceno,AGREGAT,Agregat,2025-07-23,3251.0,1.2748,False,False,False
ocisceno,AGREGAT,Agregat,2025-07-30,-1271.0,-0.7779,False,False,False
ocisceno,AGREGAT,Agregat,2025-08-06,1254.0,0.3683,False,False,False
ocisceno,AGREGAT,Agregat,2025-08-13,1068.0,0.2839,False,False,False
ocisceno,AGREGAT,Agregat,2025-08-27,-1516.0,-0.8891,False,False,False
ocisceno,AGREGAT,Agregat,2025-09-03,-548.0,-0.4497,False,False,False
ocisceno,AGREGAT,Agregat,2025-09-10,971.0,0.2398,False,False,False
ocisceno,AGREGAT,Agregat,2025-09-17,274.0,-0.0765,False,False,False
ocisceno,AGREGAT,Agregat,2025-09-24,834.0,0.1777,False,False,False
ocisceno,AGREGAT,Agregat,2025-10-01,-526.0,-0.4397,False,False,False
ocisceno,AGREGAT,Agregat,2025-10-08,1534.0,0.4954,False,False,False
ocisceno,AGREGAT,Agregat,2025-10-15,2094.0,0.7496,False,False,False
ocisceno,AGREGAT,Agregat,2025-10-22,1206.0,0.3465,False,False,False
ocisceno,AGREGAT,Agregat,2025-10-29,3228.0,1.2644,False,False,False
ocisceno,AGREGAT,Agregat,2025-11-05,-1760.0,-0.9999,False,False,False
ocisceno,AGREGAT,Agregat,2025-11-12,1229.0,0.357,False,False,False
ocisceno,AGREGAT,Agregat,2025-11-19,91.0,-0.1596,False,False,False
ocisceno,AGREGAT,Agregat,2025-11-26,1233.0,0.3588,False,False,False
ocisceno,AGREGAT,Agregat,2025-12-03,-320.0,-0.3462,False,False,False
ocisceno,AGREGAT,Agregat,2025-12-10,-963.0,-0.6381,False,False,False
ocisceno,AGREGAT,Agregat,2025-12-17,-1749.0,-0.9949,False,False,False
ocisceno,AGREGAT,Agregat,2026-01-07,-268.0,-0.3226,False,False,False
ocisceno,AGREGAT,Agregat,2026-01-14,970.0,0.2394,False,False,False
ocisceno,AGREGAT,Agregat,2026-01-21,1942.0,0.6806,False,False,False
ocisceno,AGREGAT,Agregat,2026-01-28,3340.0,1.3152,False,False,False
ocisceno,AGREGAT,Agregat,2026-02-04,1976.0,0.696,False,False,False
ocisceno,AGREGAT,Agregat,2026-02-11,1507.0,0.4832,False,False,False
ocisceno,AGREGAT,Agregat,2026-02-18,4465.0,1.8259,False,False,False
ocisceno,AGREGAT,Agregat,2026-02-25,-1296.0,-0.7892,False,False,False
ocisceno,AGREGAT,Agregat,2026-03-04,-1322.0,-0.801,False,False,False
ocisceno,AGREGAT,Agregat,2026-03-11,1107.0,0.3016,False,False,False
ocisceno,AGREGAT,Agregat,2026-03-18,-41.0,-0.2195,False,False,False
ocisceno,AGREGAT,Agregat,2026-03-25,2251.0,0.8209,False,False,False
ocisceno,AGREGAT,Agregat,2026-04-08,-2088.0,-1.1487,False,False,False
ocisceno,AGREGAT,Agregat,2026-04-15,-1823.0,-1.0284,False,False,False
ocisceno,AGREGAT,Agregat,2026-04-29,3385.0,1.3356,False,False,False
ocisceno,AGREGAT,Agregat,2026-05-06,-2201.0,-1.2,False,False,False
ocisceno,AGREGAT,Agregat,2026-05-13,760.0,0.1441,False,False,False
ocisceno,AGREGAT,Agregat,2026-05-20,-1272.0,-0.7783,False,False,False
ocisceno,AGREGAT,Agregat,2026-05-27,1877.0,0.6511,False,False,False
ocisceno,AGREGAT,Agregat,2026-06-03,-2306.0,-1.2477,False,False,False
ocisceno,AGREGAT,Agregat,2026-06-17,-2676.0,-1.4157,False,False,False
ocisceno,AGREGAT,Agregat,2026-06-24,401.0,-0.0189,False,False,False
ocisceno,AGREGAT,Agregat,2026-07-01,-1399.0,-0.836,False,False,False
ocisceno,AGREGAT,Agregat,2026-07-08,-216.0,-0.299,False,False,False
ocisceno,AGREGAT,Agregat,2026-07-15,1146.0,0.3193,False,False,False
