vzs,naziv,horizont,model,izvor,cilj,y_true,y_pred,opazovan,mase_scale
1010P,Dermatološki pregled - prvi,1,naivni,2025-03-26,2025-04-02,28451.0,28541.0,True,194.35294117647058
1010P,Dermatološki pregled - prvi,1,lin,2025-03-26,2025-04-02,28451.0,29387.86877828055,True,194.35294117647058
1010P,Dermatološki pregled - prvi,1,ar1,2025-03-26,2025-04-02,28451.0,28551.99678177334,True,194.35294117647058
1010P,Dermatološki pregled - prvi,1,naivni,2025-04-02,2025-04-09,28616.0,28451.0,True,192.34615384615384
1010P,Dermatološki pregled - prvi,1,lin,2025-04-02,2025-04-09,28616.0,29387.809869375924,True,192.34615384615384
1010P,Dermatološki pregled - prvi,1,ar1,2025-04-02,2025-04-09,28616.0,28465.118428131966,True,192.34615384615384
1010P,Dermatološki pregled - prvi,1,naivni,2025-04-09,2025-04-16,29052.0,28616.0,True,191.83018867924528
1010P,Dermatološki pregled - prvi,1,lin,2025-04-09,2025-04-16,29052.0,29399.322851153032,True,191.83018867924528
1010P,Dermatološki pregled - prvi,1,ar1,2025-04-09,2025-04-16,29052.0,28623.17033273299,True,191.83018867924528
1010P,Dermatološki pregled - prvi,1,naivni,2025-04-16,2025-04-23,29251.0,29052.0,True,196.35185185185185
1010P,Dermatološki pregled - prvi,1,lin,2025-04-16,2025-04-23,29251.0,29441.187878787885,True,196.35185185185185
1010P,Dermatološki pregled - prvi,1,ar1,2025-04-16,2025-04-23,29251.0,29044.943647665048,True,196.35185185185185
1010P,Dermatološki pregled - prvi,1,naivni,2025-04-23,2025-04-30,29477.0,29251.0,True,196.4
1010P,Dermatološki pregled - prvi,1,lin,2025-04-23,2025-04-30,29477.0,29494.051298701306,True,196.4
1010P,Dermatološki pregled - prvi,1,ar1,2025-04-23,2025-04-30,29477.0,29240.535880478506,True,196.4
1010P,Dermatološki pregled - prvi,1,naivni,2025-04-30,2025-05-07,29399.0,29477.0,True,196.92857142857142
1010P,Dermatološki pregled - prvi,1,lin,2025-04-30,2025-05-07,29399.0,29558.9454887218,True,196.92857142857142
1010P,Dermatološki pregled - prvi,1,ar1,2025-04-30,2025-05-07,29399.0,29464.71829327214,True,196.92857142857142
1010P,Dermatološki pregled - prvi,1,naivni,2025-05-07,2025-05-14,29670.0,29399.0,True,194.8421052631579
1010P,Dermatološki pregled - prvi,1,lin,2025-05-07,2025-05-14,29670.0,29613.97459165156,True,194.8421052631579
1010P,Dermatološki pregled - prvi,1,ar1,2025-05-07,2025-05-14,29670.0,29387.80670802024,True,194.8421052631579
1010P,Dermatološki pregled - prvi,1,naivni,2025-05-14,2025-05-21,29970.0,29670.0,True,196.1551724137931
1010P,Dermatološki pregled - prvi,1,lin,2025-05-14,2025-05-21,29970.0,29683.552308591476,True,196.1551724137931
1010P,Dermatološki pregled - prvi,1,ar1,2025-05-14,2025-05-21,29970.0,29657.632215631627,True,196.1551724137931
1010P,Dermatološki pregled - prvi,1,naivni,2025-05-21,2025-05-28,30268.0,29970.0,True,197.91525423728814
1010P,Dermatološki pregled - prvi,1,lin,2025-05-21,2025-05-28,30268.0,29768.5231638418,True,197.91525423728814
1010P,Dermatološki pregled - prvi,1,ar1,2025-05-21,2025-05-28,30268.0,29960.16040368205,True,197.91525423728814
1010P,Dermatološki pregled - prvi,1,naivni,2025-05-28,2025-06-04,30363.0,30268.0,True,199.58333333333334
1010P,Dermatološki pregled - prvi,1,lin,2025-05-28,2025-06-04,30363.0,29867.61967213115,True,199.58333333333334
1010P,Dermatološki pregled - prvi,1,ar1,2025-05-28,2025-06-04,30363.0,30264.77606698704,True,199.58333333333334
1010P,Dermatološki pregled - prvi,1,naivni,2025-06-04,2025-06-11,27205.0,30363.0,True,197.86885245901638
1010P,Dermatološki pregled - prvi,1,lin,2025-06-04,2025-06-11,27205.0,29966.71602326812,True,197.86885245901638
1010P,Dermatološki pregled - prvi,1,ar1,2025-06-04,2025-06-11,27205.0,30362.828621830453,True,197.86885245901638
1010P,Dermatološki pregled - prvi,1,naivni,2025-06-11,2025-06-18,30935.0,27205.0,True,245.61290322580646
1010P,Dermatološki pregled - prvi,1,lin,2025-06-11,2025-06-18,30935.0,29859.266257040454,True,245.61290322580646
1010P,Dermatološki pregled - prvi,1,ar1,2025-06-11,2025-06-18,30935.0,27314.770298485706,True,245.61290322580646
1010P,Dermatološki pregled - prvi,1,naivni,2025-06-18,2025-06-25,31302.5,30935.0,False,300.92063492063494
1010P,Dermatološki pregled - prvi,1,lin,2025-06-18,2025-06-25,31302.5,29990.287202380947,False,300.92063492063494
1010P,Dermatološki pregled - prvi,1,ar1,2025-06-18,2025-06-25,31302.5,30666.2035463102,False,300.92063492063494
1010P,Dermatološki pregled - prvi,1,naivni,2025-06-25,2025-07-02,31670.0,31302.5,True,301.9609375
1010P,Dermatološki pregled - prvi,1,lin,2025-06-25,2025-07-02,31670.0,30136.377884615395,True,301.9609375
1010P,Dermatološki pregled - prvi,1,ar1,2025-06-25,2025-07-02,31670.0,31049.156165207285,True,301.9609375
1010P,Dermatološki pregled - prvi,1,naivni,2025-07-02,2025-07-09,31780.0,31670.0,True,302.96923076923076
1010P,Dermatološki pregled - prvi,1,lin,2025-07-02,2025-07-09,31780.0,30296.499067599074,True,302.96923076923076
1010P,Dermatološki pregled - prvi,1,ar1,2025-07-02,2025-07-09,31780.0,31441.052102670506,True,302.96923076923076
1010P,Dermatološki pregled - prvi,1,naivni,2025-07-09,2025-07-16,31700.0,31780.0,True,300.04545454545456
1010P,Dermatološki pregled - prvi,1,lin,2025-07-09,2025-07-16,31700.0,30454.321573948426,True,300.04545454545456
1010P,Dermatološki pregled - prvi,1,ar1,2025-07-09,2025-07-16,31700.0,31575.76467269325,True,300.04545454545456
1010P,Dermatološki pregled - prvi,1,naivni,2025-07-16,2025-07-23,31383.0,31700.0,True,296.76119402985074
1010P,Dermatološki pregled - prvi,1,lin,2025-07-16,2025-07-23,31383.0,30598.805750658456,True,296.76119402985074
1010P,Dermatološki pregled - prvi,1,ar1,2025-07-16,2025-07-23,31383.0,31514.029767344746,True,296.76119402985074
1010P,Dermatološki pregled - prvi,1,naivni,2025-07-23,2025-07-30,31320.0,31383.0,True,297.05882352941177
1010P,Dermatološki pregled - prvi,1,lin,2025-07-23,2025-07-30,31320.0,30717.06820119352,True,297.05882352941177
1010P,Dermatološki pregled - prvi,1,ar1,2025-07-23,2025-07-30,31320.0,31212.388394946804,True,297.05882352941177
1010P,Dermatološki pregled - prvi,1,naivni,2025-07-30,2025-08-06,31705.0,31320.0,True,293.6666666666667
1010P,Dermatološki pregled - prvi,1,lin,2025-07-30,2025-08-06,31705.0,30825.29751552795,True,293.6666666666667
1010P,Dermatološki pregled - prvi,1,ar1,2025-07-30,2025-08-06,31705.0,31161.7795708502,True,293.6666666666667
1010P,Dermatološki pregled - prvi,1,naivni,2025-08-06,2025-08-13,31763.0,31705.0,True,294.9714285714286
1010P,Dermatološki pregled - prvi,1,lin,2025-08-06,2025-08-13,31763.0,30949.362173038237,True,294.9714285714286
1010P,Dermatološki pregled - prvi,1,ar1,2025-08-06,2025-08-13,31763.0,31551.945405157112,True,294.9714285714286
1010P,Dermatološki pregled - prvi,1,naivni,2025-08-13,2025-08-20,31629.0,31763.0,True,291.63380281690144
1010P,Dermatološki pregled - prvi,1,lin,2025-08-13,2025-08-20,31629.0,31070.100743348943,True,291.63380281690144
1010P,Dermatološki pregled - prvi,1,ar1,2025-08-13,2025-08-20,31629.0,31620.375734135618,True,291.63380281690144
1010P,Dermatološki pregled - prvi,1,naivni,2025-08-20,2025-08-27,31624.0,31629.0,True,289.44444444444446
1010P,Dermatološki pregled - prvi,1,lin,2025-08-20,2025-08-27,31624.0,31177.190639269385,True,289.44444444444446
1010P,Dermatološki pregled - prvi,1,ar1,2025-08-20,2025-08-27,31624.0,31496.298585512715,True,289.44444444444446
1010P,Dermatološki pregled - prvi,1,naivni,2025-08-27,2025-09-03,31639.0,31624.0,True,285.54794520547944
1010P,Dermatološki pregled - prvi,1,lin,2025-08-27,2025-09-03,31639.0,31278.428544983348,True,285.54794520547944
1010P,Dermatološki pregled - prvi,1,ar1,2025-08-27,2025-09-03,31639.0,31499.08500924584,True,285.54794520547944
1010P,Dermatološki pregled - prvi,1,naivni,2025-09-03,2025-09-10,31563.0,31639.0,True,281.8918918918919
1010P,Dermatološki pregled - prvi,1,lin,2025-09-03,2025-09-10,31563.0,31375.228108108113,True,281.8918918918919
1010P,Dermatološki pregled - prvi,1,ar1,2025-09-03,2025-09-10,31563.0,31520.78219372823,True,281.8918918918919
1010P,Dermatološki pregled - prvi,1,naivni,2025-09-10,2025-09-17,31723.0,31563.0,True,279.14666666666665
1010P,Dermatološki pregled - prvi,1,lin,2025-09-10,2025-09-17,31723.0,31463.059473684192,True,279.14666666666665
1010P,Dermatološki pregled - prvi,1,ar1,2025-09-10,2025-09-17,31723.0,31451.997121560664,True,279.14666666666665
1010P,Dermatološki pregled - prvi,1,naivni,2025-09-17,2025-09-24,31872.0,31723.0,True,277.57894736842104
1010P,Dermatološki pregled - prvi,1,lin,2025-09-17,2025-09-24,31872.0,31554.70403280929,True,277.57894736842104
1010P,Dermatološki pregled - prvi,1,ar1,2025-09-17,2025-09-24,31872.0,31615.018876396523,True,277.57894736842104
1010P,Dermatološki pregled - prvi,1,naivni,2025-09-24,2025-10-01,31771.0,31872.0,True,275.90909090909093
1010P,Dermatološki pregled - prvi,1,lin,2025-09-24,2025-10-01,31771.0,31649.376456876464,True,275.90909090909093
1010P,Dermatološki pregled - prvi,1,ar1,2025-09-24,2025-10-01,31771.0,31767.77929310294,True,275.90909090909093
1010P,Dermatološki pregled - prvi,1,naivni,2025-10-01,2025-10-08,31646.0,31771.0,True,273.6666666666667
1010P,Dermatološki pregled - prvi,1,lin,2025-10-01,2025-10-08,31646.0,31734.244401168457,True,273.6666666666667
1010P,Dermatološki pregled - prvi,1,ar1,2025-10-01,2025-10-08,31646.0,31672.981465269662,True,273.6666666666667
1010P,Dermatološki pregled - prvi,1,naivni,2025-10-08,2025-10-15,31631.0,31646.0,True,271.7848101265823
1010P,Dermatološki pregled - prvi,1,lin,2025-10-08,2025-10-15,31631.0,31808.65743670886,True,271.7848101265823
1010P,Dermatološki pregled - prvi,1,ar1,2025-10-08,2025-10-15,31631.0,31554.2593681832,True,271.7848101265823
1010P,Dermatološki pregled - prvi,1,naivni,2025-10-15,2025-10-22,31599.0,31631.0,True,268.575
1010P,Dermatološki pregled - prvi,1,lin,2025-10-15,2025-10-22,31599.0,31878.627777777783,True,268.575
1010P,Dermatološki pregled - prvi,1,ar1,2025-10-15,2025-10-22,31599.0,31543.325253890755,True,268.575
1010P,Dermatološki pregled - prvi,1,naivni,2025-10-22,2025-10-29,31664.0,31599.0,True,265.65432098765433
1010P,Dermatološki pregled - prvi,1,lin,2025-10-22,2025-10-29,31664.0,31943.57046070459,True,265.65432098765433
1010P,Dermatološki pregled - prvi,1,ar1,2025-10-22,2025-10-29,31664.0,31515.406034474545,True,265.65432098765433
1010P,Dermatološki pregled - prvi,1,naivni,2025-10-29,2025-11-05,31420.0,31664.0,True,263.2073170731707
1010P,Dermatološki pregled - prvi,1,lin,2025-10-29,2025-11-05,31420.0,32008.43373493976,True,263.2073170731707
1010P,Dermatološki pregled - prvi,1,ar1,2025-10-29,2025-11-05,31420.0,31582.227496860596,True,263.2073170731707
1010P,Dermatološki pregled - prvi,1,naivni,2025-11-05,2025-11-12,31411.0,31420.0,True,262.9759036144578
1010P,Dermatološki pregled - prvi,1,lin,2025-11-05,2025-11-12,31411.0,32058.509036144573,True,262.9759036144578
1010P,Dermatološki pregled - prvi,1,ar1,2025-11-05,2025-11-12,31411.0,31346.584251870037,True,262.9759036144578
1010P,Dermatološki pregled - prvi,1,naivni,2025-11-12,2025-11-19,31276.0,31411.0,True,259.95238095238096
1010P,Dermatološki pregled - prvi,1,lin,2025-11-12,2025-11-19,31276.0,32105.639495798325,True,259.95238095238096
1010P,Dermatološki pregled - prvi,1,ar1,2025-11-12,2025-11-19,31276.0,31340.176988675772,True,259.95238095238096
1010P,Dermatološki pregled - prvi,1,naivni,2025-11-19,2025-11-26,31343.0,31276.0,True,258.4823529411765
1010P,Dermatološki pregled - prvi,1,lin,2025-11-19,2025-11-26,31343.0,32144.121614227093,True,258.4823529411765
1010P,Dermatološki pregled - prvi,1,ar1,2025-11-19,2025-11-26,31343.0,31211.14534740272,True,258.4823529411765
1010P,Dermatološki pregled - prvi,1,naivni,2025-11-26,2025-12-03,31108.0,31343.0,True,256.25581395348837
1010P,Dermatološki pregled - prvi,1,lin,2025-11-26,2025-12-03,31108.0,32183.693130179083,True,256.25581395348837
1010P,Dermatološki pregled - prvi,1,ar1,2025-11-26,2025-12-03,31108.0,31277.976673431294,True,256.25581395348837
1010P,Dermatološki pregled - prvi,1,naivni,2025-12-03,2025-12-10,30893.0,31108.0,True,256.01149425287355
1010P,Dermatološki pregled - prvi,1,lin,2025-12-03,2025-12-10,30893.0,32210.574843260187,True,256.01149425287355
1010P,Dermatološki pregled - prvi,1,ar1,2025-12-03,2025-12-10,30893.0,31052.07347233025,True,256.01149425287355
1010P,Dermatološki pregled - prvi,1,naivni,2025-12-10,2025-12-17,30842.0,30893.0,True,255.54545454545453
1010P,Dermatološki pregled - prvi,1,lin,2025-12-10,2025-12-17,30842.0,32226.31077630235,True,255.54545454545453
1010P,Dermatološki pregled - prvi,1,ar1,2025-12-10,2025-12-17,30842.0,30846.07837245293,True,255.54545454545453
1010P,Dermatološki pregled - prvi,1,naivni,2025-12-17,2025-12-24,30877.333333333332,30842.0,False,253.24719101123594
1010P,Dermatološki pregled - prvi,1,lin,2025-12-17,2025-12-24,30877.333333333332,32238.751685393254,False,253.24719101123594
1010P,Dermatološki pregled - prvi,1,ar1,2025-12-17,2025-12-24,30877.333333333332,30798.057405795655,False,253.24719101123594
1010P,Dermatološki pregled - prvi,1,naivni,2025-12-24,2025-12-31,30912.666666666668,30877.333333333332,False,250.8259259259259
1010P,Dermatološki pregled - prvi,1,lin,2025-12-24,2025-12-31,30912.666666666668,32251.860805860822,False,250.8259259259259
1010P,Dermatološki pregled - prvi,1,ar1,2025-12-24,2025-12-31,30912.666666666668,30832.926019869476,False,250.8259259259259
1010P,Dermatološki pregled - prvi,1,naivni,2025-12-31,2026-01-07,30948.0,30912.666666666668,True,248.45787545787547
1010P,Dermatološki pregled - prvi,1,lin,2025-12-31,2026-01-07,30948.0,32265.610965121818,True,248.45787545787547
1010P,Dermatološki pregled - prvi,1,ar1,2025-12-31,2026-01-07,30948.0,30867.812113169144,True,248.45787545787547
1010P,Dermatološki pregled - prvi,1,naivni,2026-01-07,2026-01-14,30875.0,30948.0,True,246.1413043478261
1010P,Dermatološki pregled - prvi,1,lin,2026-01-07,2026-01-14,30875.0,32279.97639083684,True,246.1413043478261
1010P,Dermatološki pregled - prvi,1,ar1,2026-01-07,2026-01-14,30875.0,30902.71547490037,True,246.1413043478261
1010P,Dermatološki pregled - prvi,1,naivni,2026-01-14,2026-01-21,30830.0,30875.0,True,244.27956989247312
1010P,Dermatološki pregled - prvi,1,lin,2026-01-14,2026-01-21,30830.0,32290.322695035473,True,244.27956989247312
1010P,Dermatološki pregled - prvi,1,ar1,2026-01-14,2026-01-21,30830.0,30833.459816251117,True,244.27956989247312
1010P,Dermatološki pregled - prvi,1,naivni,2026-01-21,2026-01-28,30715.0,30830.0,True,242.1595744680851
1010P,Dermatološki pregled - prvi,1,lin,2026-01-21,2026-01-28,30715.0,32298.02396416573,True,242.1595744680851
1010P,Dermatološki pregled - prvi,1,ar1,2026-01-21,2026-01-28,30715.0,30791.05236472971,True,242.1595744680851
1010P,Dermatološki pregled - prvi,1,naivni,2026-01-28,2026-02-04,30714.0,30715.0,True,240.82105263157894
1010P,Dermatološki pregled - prvi,1,lin,2026-01-28,2026-02-04,30714.0,32300.292434210518,True,240.82105263157894
1010P,Dermatološki pregled - prvi,1,ar1,2026-01-28,2026-02-04,30714.0,30681.46938100076,True,240.82105263157894
1010P,Dermatološki pregled - prvi,1,naivni,2026-02-04,2026-02-11,30555.0,30714.0,True,238.32291666666666
1010P,Dermatološki pregled - prvi,1,lin,2026-02-04,2026-02-11,30555.0,32302.086125429567,True,238.32291666666666
1010P,Dermatološki pregled - prvi,1,ar1,2026-02-04,2026-02-11,30555.0,30681.093337706592,True,238.32291666666666
1010P,Dermatološki pregled - prvi,1,naivni,2026-02-11,2026-02-18,30201.0,30555.0,True,237.50515463917526
1010P,Dermatološki pregled - prvi,1,lin,2026-02-11,2026-02-18,30201.0,32296.98306332843,True,237.50515463917526
1010P,Dermatološki pregled - prvi,1,ar1,2026-02-11,2026-02-18,30201.0,30529.45572932743,True,237.50515463917526
1010P,Dermatološki pregled - prvi,1,naivni,2026-02-18,2026-02-25,30066.0,30201.0,True,238.69387755102042
1010P,Dermatološki pregled - prvi,1,lin,2026-02-18,2026-02-25,30066.0,32277.42300556586,True,238.69387755102042
1010P,Dermatološki pregled - prvi,1,ar1,2026-02-18,2026-02-25,30066.0,30191.940921597226,True,238.69387755102042
1010P,Dermatološki pregled - prvi,1,naivni,2026-02-25,2026-03-04,30035.0,30066.0,True,237.64646464646464
1010P,Dermatološki pregled - prvi,1,lin,2026-02-25,2026-03-04,30035.0,32252.821919191923,True,237.64646464646464
1010P,Dermatološki pregled - prvi,1,ar1,2026-02-25,2026-03-04,30035.0,30063.56986650174,True,237.64646464646464
1010P,Dermatološki pregled - prvi,1,naivni,2026-03-04,2026-03-11,29977.0,30035.0,True,235.58
1010P,Dermatološki pregled - prvi,1,lin,2026-03-04,2026-03-11,29977.0,32227.529504950486,True,235.58
1010P,Dermatološki pregled - prvi,1,ar1,2026-03-04,2026-03-11,29977.0,30034.122859833195,True,235.58
1010P,Dermatološki pregled - prvi,1,naivni,2026-03-11,2026-03-18,29945.0,29977.0,True,233.82178217821783
1010P,Dermatološki pregled - prvi,1,lin,2026-03-11,2026-03-18,29945.0,32200.523878858483,True,233.82178217821783
1010P,Dermatološki pregled - prvi,1,ar1,2026-03-11,2026-03-18,29945.0,29979.007398685815,True,233.82178217821783
1010P,Dermatološki pregled - prvi,1,naivni,2026-03-18,2026-03-25,30229.0,29945.0,True,231.84313725490196
1010P,Dermatološki pregled - prvi,1,lin,2026-03-18,2026-03-25,30229.0,32172.895869027237,True,231.84313725490196
1010P,Dermatološki pregled - prvi,1,ar1,2026-03-18,2026-03-25,30229.0,29948.584518954103,True,231.84313725490196
1010P,Dermatološki pregled - prvi,1,naivni,2026-03-25,2026-04-01,30044.0,30229.0,False,232.3495145631068
1010P,Dermatološki pregled - prvi,1,lin,2026-03-25,2026-04-01,30044.0,32156.832430918595,False,232.3495145631068
1010P,Dermatološki pregled - prvi,1,ar1,2026-03-25,2026-04-01,30044.0,30218.42438623422,False,232.3495145631068
1010P,Dermatološki pregled - prvi,1,naivni,2026-04-01,2026-04-08,29859.0,30044.0,True,231.89423076923077
1010P,Dermatološki pregled - prvi,1,lin,2026-04-01,2026-04-08,29859.0,32133.977289377297,True,231.89423076923077
1010P,Dermatološki pregled - prvi,1,ar1,2026-04-01,2026-04-08,29859.0,30042.623480094957,True,231.89423076923077
1010P,Dermatološki pregled - prvi,1,naivni,2026-04-08,2026-04-15,29864.0,29859.0,True,231.44761904761904
1010P,Dermatološki pregled - prvi,1,lin,2026-04-08,2026-04-15,29864.0,32104.623809523822,True,231.44761904761904
1010P,Dermatološki pregled - prvi,1,ar1,2026-04-08,2026-04-15,29864.0,29866.97059621038,True,231.44761904761904
1010P,Dermatološki pregled - prvi,1,naivni,2026-04-15,2026-04-22,30014.0,29864.0,False,229.31132075471697
1010P,Dermatološki pregled - prvi,1,lin,2026-04-15,2026-04-22,30014.0,32076.15341209662,False,229.31132075471697
1010P,Dermatološki pregled - prvi,1,ar1,2026-04-15,2026-04-22,30014.0,29871.629264495477,False,229.31132075471697
1010P,Dermatološki pregled - prvi,1,naivni,2026-04-22,2026-04-29,30164.0,30014.0,True,228.57009345794393
1010P,Dermatološki pregled - prvi,1,lin,2026-04-22,2026-04-29,30164.0,32053.905244029076,True,228.57009345794393
1010P,Dermatološki pregled - prvi,1,ar1,2026-04-22,2026-04-29,30164.0,30013.878500504245,True,228.57009345794393
1010P,Dermatološki pregled - prvi,1,naivni,2026-04-29,2026-05-06,30026.0,30164.0,True,227.84259259259258
1010P,Dermatološki pregled - prvi,1,lin,2026-04-29,2026-05-06,30026.0,32037.62776078831,True,227.84259259259258
1010P,Dermatološki pregled - prvi,1,ar1,2026-04-29,2026-05-06,30026.0,30156.322197046997,True,227.84259259259258
1010P,Dermatološki pregled - prvi,1,naivni,2026-05-06,2026-05-13,30346.0,30026.0,True,227.0183486238532
1010P,Dermatološki pregled - prvi,1,lin,2026-05-06,2026-05-13,30346.0,32016.60875729776,True,227.0183486238532
1010P,Dermatološki pregled - prvi,1,ar1,2026-05-06,2026-05-13,30346.0,30025.3330276507,True,227.0183486238532
1010P,Dermatološki pregled - prvi,1,naivni,2026-05-13,2026-05-20,30447.0,30346.0,True,227.86363636363637
1010P,Dermatološki pregled - prvi,1,lin,2026-05-13,2026-05-20,30447.0,32007.549221949215,True,227.86363636363637
1010P,Dermatološki pregled - prvi,1,ar1,2026-05-13,2026-05-20,30447.0,30329.263221982488,True,227.86363636363637
1010P,Dermatološki pregled - prvi,1,naivni,2026-05-20,2026-05-27,30870.0,30447.0,True,226.72072072072072
1010P,Dermatološki pregled - prvi,1,lin,2026-05-20,2026-05-27,30870.0,32002.15162483912,True,226.72072072072072
1010P,Dermatološki pregled - prvi,1,ar1,2026-05-20,2026-05-27,30870.0,30425.56606943882,True,226.72072072072072
1010P,Dermatološki pregled - prvi,1,naivni,2026-05-27,2026-06-03,30293.0,30870.0,True,228.47321428571428
1010P,Dermatološki pregled - prvi,1,lin,2026-05-27,2026-06-03,30293.0,32011.671934260434,True,228.47321428571428
1010P,Dermatološki pregled - prvi,1,ar1,2026-05-27,2026-06-03,30293.0,30829.042475959694,True,228.47321428571428
1010P,Dermatološki pregled - prvi,1,naivni,2026-06-03,2026-06-10,30180.5,30293.0,False,231.55752212389382
1010P,Dermatološki pregled - prvi,1,lin,2026-06-03,2026-06-10,30180.5,32000.436811054176,False,231.55752212389382
1010P,Dermatološki pregled - prvi,1,ar1,2026-06-03,2026-06-10,30180.5,30279.32470573028,False,231.55752212389382
1010P,Dermatološki pregled - prvi,1,naivni,2026-06-10,2026-06-17,30068.0,30180.5,True,230.51315789473685
1010P,Dermatološki pregled - prvi,1,lin,2026-06-10,2026-06-17,30068.0,31985.417238749036,True,230.51315789473685
1010P,Dermatološki pregled - prvi,1,ar1,2026-06-10,2026-06-17,30068.0,30172.639211007812,True,230.51315789473685
1010P,Dermatološki pregled - prvi,1,naivni,2026-06-17,2026-06-24,29952.0,30068.0,True,229.48695652173913
1010P,Dermatološki pregled - prvi,1,lin,2026-06-17,2026-06-24,29952.0,31966.763418290855,True,229.48695652173913
1010P,Dermatološki pregled - prvi,1,ar1,2026-06-17,2026-06-24,29952.0,30065.98160105423,True,229.48695652173913
1010P,Dermatološki pregled - prvi,1,naivni,2026-06-24,2026-07-01,29643.0,29952.0,True,228.50862068965517
1010P,Dermatološki pregled - prvi,1,lin,2026-06-24,2026-07-01,29643.0,31944.49896846449,True,228.50862068965517
1010P,Dermatološki pregled - prvi,1,ar1,2026-06-24,2026-07-01,29643.0,29956.03127126022,True,228.50862068965517
1010P,Dermatološki pregled - prvi,1,naivni,2026-07-01,2026-07-08,29577.0,29643.0,True,229.1965811965812
1010P,Dermatološki pregled - prvi,1,lin,2026-07-01,2026-07-08,29577.0,31912.222801680422,True,229.1965811965812
1010P,Dermatološki pregled - prvi,1,ar1,2026-07-01,2026-07-08,29577.0,29663.370501404388,True,229.1965811965812
1010P,Dermatološki pregled - prvi,1,naivni,2026-07-08,2026-07-15,29233.0,29577.0,True,227.8135593220339
1010P,Dermatološki pregled - prvi,1,lin,2026-07-08,2026-07-15,29233.0,31878.485258510183,True,227.8135593220339
1010P,Dermatološki pregled - prvi,1,ar1,2026-07-08,2026-07-15,29233.0,29600.751821958234,True,227.8135593220339
1010P,Dermatološki pregled - prvi,4,naivni,2025-03-26,2025-04-23,29251.0,28541.0,True,194.35294117647058
1010P,Dermatološki pregled - prvi,4,lin,2025-03-26,2025-04-23,29251.0,29599.813284384876,True,194.35294117647058
1010P,Dermatološki pregled - prvi,4,ar1,2025-03-26,2025-04-23,29251.0,28580.689463653154,True,194.35294117647058
1010P,Dermatološki pregled - prvi,4,naivni,2025-04-02,2025-04-30,29477.0,28451.0,True,192.34615384615384
1010P,Dermatološki pregled - prvi,4,lin,2025-04-02,2025-04-30,29477.0,29593.86211901308,True,192.34615384615384
1010P,Dermatološki pregled - prvi,4,ar1,2025-04-02,2025-04-30,29477.0,28501.86761924461,True,192.34615384615384
1010P,Dermatološki pregled - prvi,4,naivni,2025-04-09,2025-05-07,29399.0,28616.0,True,191.83018867924528
1010P,Dermatološki pregled - prvi,4,lin,2025-04-09,2025-05-07,29399.0,29600.69746521821,True,191.83018867924528
1010P,Dermatološki pregled - prvi,4,ar1,2025-04-09,2025-05-07,29399.0,28641.8936787335,True,191.83018867924528
1010P,Dermatološki pregled - prvi,4,naivni,2025-04-16,2025-05-14,29670.0,29052.0,True,196.35185185185185
1010P,Dermatološki pregled - prvi,4,lin,2025-04-16,2025-05-14,29670.0,29640.53268398269,True,196.35185185185185
1010P,Dermatološki pregled - prvi,4,ar1,2025-04-16,2025-05-14,29670.0,29026.326715087675,True,196.35185185185185
1010P,Dermatološki pregled - prvi,4,naivni,2025-04-23,2025-05-21,29970.0,29251.0,True,196.4
1010P,Dermatološki pregled - prvi,4,lin,2025-04-23,2025-05-21,29970.0,29692.323615857833,True,196.4
1010P,Dermatološki pregled - prvi,4,ar1,2025-04-23,2025-05-21,29970.0,29212.74285420649,True,196.4
1010P,Dermatološki pregled - prvi,4,naivni,2025-04-30,2025-05-28,30268.0,29477.0,True,196.92857142857142
1010P,Dermatološki pregled - prvi,4,lin,2025-04-30,2025-05-28,30268.0,29757.124967591393,True,196.92857142857142
1010P,Dermatološki pregled - prvi,4,ar1,2025-04-30,2025-05-28,30268.0,29431.82590798082,True,196.92857142857142
1010P,Dermatološki pregled - prvi,4,naivni,2025-05-07,2025-06-04,30363.0,29399.0,True,194.8421052631579
1010P,Dermatološki pregled - prvi,4,lin,2025-05-07,2025-06-04,30363.0,29811.312744163173,True,194.8421052631579
1010P,Dermatološki pregled - prvi,4,ar1,2025-05-07,2025-06-04,30363.0,29357.90375147401,True,194.8421052631579
1010P,Dermatološki pregled - prvi,4,naivni,2025-05-14,2025-06-11,27205.0,29670.0,True,196.1551724137931
1010P,Dermatološki pregled - prvi,4,lin,2025-05-14,2025-06-11,27205.0,29881.17533606079,True,196.1551724137931
1010P,Dermatološki pregled - prvi,4,ar1,2025-05-14,2025-06-11,27205.0,29624.26802306474,True,196.1551724137931
1010P,Dermatološki pregled - prvi,4,naivni,2025-05-21,2025-06-18,30935.0,29970.0,True,197.91525423728814
1010P,Dermatološki pregled - prvi,4,lin,2025-05-21,2025-06-18,30935.0,29967.554950449194,True,197.91525423728814
1010P,Dermatološki pregled - prvi,4,ar1,2025-05-21,2025-06-18,30935.0,29933.301867976123,True,197.91525423728814
1010P,Dermatološki pregled - prvi,4,naivni,2025-05-28,2025-06-25,31302.5,30268.0,False,199.58333333333334
1010P,Dermatološki pregled - prvi,4,lin,2025-05-28,2025-06-25,31302.5,30069.028662083558,False,199.58333333333334
1010P,Dermatološki pregled - prvi,4,ar1,2025-05-28,2025-06-25,31302.5,30255.86500653779,False,199.58333333333334
1010P,Dermatološki pregled - prvi,4,naivni,2025-06-04,2025-07-02,31670.0,30363.0,True,197.86885245901638
1010P,Dermatološki pregled - prvi,4,lin,2025-06-04,2025-07-02,31670.0,30170.4078718743,True,197.86885245901638
1010P,Dermatološki pregled - prvi,4,ar1,2025-06-04,2025-07-02,31670.0,30362.352928307726,True,197.86885245901638
1010P,Dermatološki pregled - prvi,4,naivni,2025-06-11,2025-07-09,31780.0,27205.0,True,245.61290322580646
1010P,Dermatološki pregled - prvi,4,lin,2025-06-11,2025-07-09,31780.0,30050.629016257044,True,245.61290322580646
1010P,Dermatološki pregled - prvi,4,ar1,2025-06-11,2025-07-09,31780.0,27581.26141076958,True,245.61290322580646
1010P,Dermatološki pregled - prvi,4,naivni,2025-06-18,2025-07-16,31700.0,30935.0,True,300.92063492063494
1010P,Dermatološki pregled - prvi,4,lin,2025-06-18,2025-07-16,31700.0,30186.30457875457,True,300.92063492063494
1010P,Dermatološki pregled - prvi,4,ar1,2025-06-18,2025-07-16,31700.0,30038.052021470612,True,300.92063492063494
1010P,Dermatološki pregled - prvi,4,naivni,2025-06-25,2025-07-23,31383.0,31302.5,True,301.9609375
1010P,Dermatološki pregled - prvi,4,lin,2025-06-25,2025-07-23,31383.0,30337.901048951062,True,301.9609375
1010P,Dermatološki pregled - prvi,4,ar1,2025-06-25,2025-07-23,31383.0,30438.35078067281,True,301.9609375
1010P,Dermatološki pregled - prvi,4,naivni,2025-07-02,2025-07-30,31320.0,31670.0,True,302.96923076923076
1010P,Dermatološki pregled - prvi,4,lin,2025-07-02,2025-07-30,31320.0,30504.264927112694,True,302.96923076923076
1010P,Dermatološki pregled - prvi,4,ar1,2025-07-02,2025-07-30,31320.0,30871.917896757015,True,302.96923076923076
1010P,Dermatološki pregled - prvi,4,naivni,2025-07-09,2025-08-06,31705.0,31780.0,True,300.04545454545456
1010P,Dermatološki pregled - prvi,4,lin,2025-07-09,2025-08-06,31705.0,30667.94849948119,True,300.04545454545456
1010P,Dermatološki pregled - prvi,4,ar1,2025-07-09,2025-08-06,31705.0,31059.599518410894,True,300.04545454545456
1010P,Dermatološki pregled - prvi,4,naivni,2025-07-16,2025-08-13,31763.0,31700.0,True,296.76119402985074
1010P,Dermatološki pregled - prvi,4,lin,2025-07-16,2025-08-13,31763.0,30817.211493682466,True,296.76119402985074
1010P,Dermatološki pregled - prvi,4,ar1,2025-07-16,2025-08-13,31763.0,31041.37462691458,True,296.76119402985074
1010P,Dermatološki pregled - prvi,4,naivni,2025-07-23,2025-08-20,31629.0,31383.0,True,297.05882352941177
1010P,Dermatološki pregled - prvi,4,lin,2025-07-23,2025-08-20,31629.0,30938.39640725856,True,297.05882352941177
1010P,Dermatološki pregled - prvi,4,ar1,2025-07-23,2025-08-20,31629.0,30781.06827271568,True,297.05882352941177
1010P,Dermatološki pregled - prvi,4,naivni,2025-07-30,2025-08-27,31624.0,31320.0,True,293.6666666666667
1010P,Dermatološki pregled - prvi,4,lin,2025-07-30,2025-08-27,31624.0,31048.809378007172,True,293.6666666666667
1010P,Dermatološki pregled - prvi,4,ar1,2025-07-30,2025-08-27,31624.0,30760.29588763464,True,293.6666666666667
1010P,Dermatološki pregled - prvi,4,naivni,2025-08-06,2025-09-03,31639.0,31705.0,True,294.9714285714286
1010P,Dermatološki pregled - prvi,4,lin,2025-08-06,2025-09-03,31639.0,31175.97157947687,True,294.9714285714286
1010P,Dermatološki pregled - prvi,4,ar1,2025-08-06,2025-09-03,31639.0,31156.829331476347,True,294.9714285714286
1010P,Dermatološki pregled - prvi,4,naivni,2025-08-13,2025-09-10,31563.0,31763.0,True,291.63380281690144
1010P,Dermatološki pregled - prvi,4,lin,2025-08-13,2025-09-10,31563.0,31299.496580701823,True,291.63380281690144
1010P,Dermatološki pregled - prvi,4,ar1,2025-08-13,2025-09-10,31563.0,31249.613819032158,True,291.63380281690144
1010P,Dermatološki pregled - prvi,4,naivni,2025-08-20,2025-09-17,31723.0,31629.0,True,289.44444444444446
1010P,Dermatološki pregled - prvi,4,lin,2025-08-20,2025-09-17,31723.0,31408.448784400818,True,289.44444444444446
1010P,Dermatološki pregled - prvi,4,ar1,2025-08-20,2025-09-17,31723.0,31151.23872747198,True,289.44444444444446
1010P,Dermatološki pregled - prvi,4,naivni,2025-08-27,2025-09-24,31872.0,31624.0,True,285.54794520547944
1010P,Dermatološki pregled - prvi,4,lin,2025-08-27,2025-09-24,31872.0,31511.135801554985,True,285.54794520547944
1010P,Dermatološki pregled - prvi,4,ar1,2025-08-27,2025-09-24,31872.0,31173.09546039251,True,285.54794520547944
1010P,Dermatološki pregled - prvi,4,naivni,2025-09-03,2025-10-01,31771.0,31639.0,True,281.8918918918919
1010P,Dermatološki pregled - prvi,4,lin,2025-09-03,2025-10-01,31771.0,31609.074011379806,True,281.8918918918919
1010P,Dermatološki pregled - prvi,4,ar1,2025-09-03,2025-10-01,31771.0,31211.116304281346,True,281.8918918918919
1010P,Dermatološki pregled - prvi,4,naivni,2025-09-10,2025-10-08,31646.0,31563.0,True,279.14666666666665
1010P,Dermatološki pregled - prvi,4,lin,2025-09-10,2025-10-08,31646.0,31697.48293916608,True,279.14666666666665
1010P,Dermatološki pregled - prvi,4,ar1,2025-09-10,2025-10-08,31646.0,31160.918682312546,True,279.14666666666665
1010P,Dermatološki pregled - prvi,4,naivni,2025-09-17,2025-10-15,31631.0,31723.0,True,277.57894736842104
1010P,Dermatološki pregled - prvi,4,lin,2025-09-17,2025-10-15,31631.0,31789.906540827586,True,277.57894736842104
1010P,Dermatološki pregled - prvi,4,ar1,2025-09-17,2025-10-15,31631.0,31330.050804282153,True,277.57894736842104
1010P,Dermatološki pregled - prvi,4,naivni,2025-09-24,2025-10-22,31599.0,31872.0,True,275.90909090909093
1010P,Dermatološki pregled - prvi,4,lin,2025-09-24,2025-10-22,31599.0,31885.505827505833,True,275.90909090909093
1010P,Dermatološki pregled - prvi,4,ar1,2025-09-24,2025-10-22,31599.0,31491.0692363068,True,275.90909090909093
1010P,Dermatološki pregled - prvi,4,naivni,2025-10-01,2025-10-29,31664.0,31771.0,True,273.6666666666667
1010P,Dermatološki pregled - prvi,4,lin,2025-10-01,2025-10-29,31664.0,31970.72016796495,True,273.6666666666667
1010P,Dermatološki pregled - prvi,4,ar1,2025-10-01,2025-10-29,31664.0,31412.718865178926,True,273.6666666666667
1010P,Dermatološki pregled - prvi,4,naivni,2025-10-08,2025-11-05,31420.0,31646.0,True,271.7848101265823
1010P,Dermatološki pregled - prvi,4,lin,2025-10-08,2025-11-05,31420.0,32044.888080168777,True,271.7848101265823
1010P,Dermatološki pregled - prvi,4,ar1,2025-10-08,2025-11-05,31420.0,31310.807947182788,True,271.7848101265823
1010P,Dermatološki pregled - prvi,4,naivni,2025-10-15,2025-11-12,31411.0,31631.0,True,268.575
1010P,Dermatološki pregled - prvi,4,lin,2025-10-15,2025-11-12,31411.0,32114.376964769654,True,268.575
1010P,Dermatološki pregled - prvi,4,ar1,2025-10-15,2025-11-12,31411.0,31310.30820550873,True,268.575
1010P,Dermatološki pregled - prvi,4,naivni,2025-10-22,2025-11-19,31276.0,31599.0,True,265.65432098765433
1010P,Dermatološki pregled - prvi,4,lin,2025-10-22,2025-11-19,31276.0,32178.580109054084,True,265.65432098765433
1010P,Dermatološki pregled - prvi,4,ar1,2025-10-22,2025-11-19,31276.0,31292.999598541188,True,265.65432098765433
1010P,Dermatološki pregled - prvi,4,naivni,2025-10-29,2025-11-26,31343.0,31664.0,True,263.2073170731707
1010P,Dermatološki pregled - prvi,4,lin,2025-10-29,2025-11-26,31343.0,32242.72160068847,True,263.2073170731707
1010P,Dermatološki pregled - prvi,4,ar1,2025-10-29,2025-11-26,31343.0,31364.08207467273,True,263.2073170731707
1010P,Dermatološki pregled - prvi,4,naivni,2025-11-05,2025-12-03,31108.0,31420.0,True,262.9759036144578
1010P,Dermatološki pregled - prvi,4,lin,2025-11-05,2025-12-03,31108.0,32291.313455502677,True,262.9759036144578
1010P,Dermatološki pregled - prvi,4,ar1,2025-11-05,2025-12-03,31108.0,31151.29674021625,True,262.9759036144578
1010P,Dermatološki pregled - prvi,4,naivni,2025-11-12,2025-12-10,30893.0,31411.0,True,259.95238095238096
1010P,Dermatološki pregled - prvi,4,lin,2025-11-12,2025-12-10,30893.0,32336.849501661134,True,259.95238095238096
1010P,Dermatološki pregled - prvi,4,ar1,2025-11-12,2025-12-10,30893.0,31151.59443538789,True,259.95238095238096
1010P,Dermatološki pregled - prvi,4,naivni,2025-11-19,2025-12-17,30842.0,31276.0,True,258.4823529411765
1010P,Dermatološki pregled - prvi,4,lin,2025-11-19,2025-12-17,30842.0,32373.335695079964,True,258.4823529411765
1010P,Dermatološki pregled - prvi,4,ar1,2025-11-19,2025-12-17,30842.0,31038.623899931277,True,258.4823529411765
1010P,Dermatološki pregled - prvi,4,naivni,2025-11-26,2025-12-24,30877.333333333332,31343.0,False,256.25581395348837
1010P,Dermatološki pregled - prvi,4,lin,2025-11-26,2025-12-24,30877.333333333332,32411.02369626496,False,256.25581395348837
1010P,Dermatološki pregled - prvi,4,ar1,2025-11-26,2025-12-24,30877.333333333332,31104.685615407994,False,256.25581395348837
1010P,Dermatološki pregled - prvi,4,naivni,2025-12-03,2025-12-31,30912.666666666668,31108.0,False,256.01149425287355
1010P,Dermatološki pregled - prvi,4,lin,2025-12-03,2025-12-31,30912.666666666668,32435.433183050965,False,256.01149425287355
1010P,Dermatološki pregled - prvi,4,ar1,2025-12-03,2025-12-31,30912.666666666668,30903.381052137232,False,256.01149425287355
1010P,Dermatološki pregled - prvi,4,naivni,2025-12-10,2026-01-07,30948.0,30893.0,True,255.54545454545453
1010P,Dermatološki pregled - prvi,4,lin,2025-12-10,2026-01-07,30948.0,32448.208273748725,True,255.54545454545453
1010P,Dermatološki pregled - prvi,4,ar1,2025-12-10,2026-01-07,30948.0,30721.57334066717,True,255.54545454545453
1010P,Dermatološki pregled - prvi,4,naivni,2025-12-17,2026-01-14,30875.0,30842.0,True,253.24719101123594
1010P,Dermatološki pregled - prvi,4,lin,2025-12-17,2026-01-14,30875.0,32457.60674157303,True,253.24719101123594
1010P,Dermatološki pregled - prvi,4,ar1,2025-12-17,2026-01-14,30875.0,30681.46236097869,True,253.24719101123594
1010P,Dermatološki pregled - prvi,4,naivni,2025-12-24,2026-01-21,30830.0,30877.333333333332,True,250.8259259259259
1010P,Dermatološki pregled - prvi,4,lin,2025-12-24,2026-01-21,30830.0,32467.788780060535,True,250.8259259259259
1010P,Dermatološki pregled - prvi,4,ar1,2025-12-24,2026-01-21,30830.0,30715.000087191467,True,250.8259259259259
1010P,Dermatološki pregled - prvi,4,naivni,2025-12-31,2026-01-28,30715.0,30912.666666666668,True,248.45787545787547
1010P,Dermatološki pregled - prvi,4,lin,2025-12-31,2026-01-28,30715.0,32478.72156034707,True,248.45787545787547
1010P,Dermatološki pregled - prvi,4,ar1,2025-12-31,2026-01-28,30715.0,30748.599334435392,True,248.45787545787547
1010P,Dermatološki pregled - prvi,4,naivni,2026-01-07,2026-02-04,30714.0,30948.0,True,246.1413043478261
1010P,Dermatološki pregled - prvi,4,lin,2026-01-07,2026-02-04,30714.0,32490.37399162464,True,246.1413043478261
1010P,Dermatološki pregled - prvi,4,ar1,2026-01-07,2026-02-04,30714.0,30782.259465068837,True,246.1413043478261
1010P,Dermatološki pregled - prvi,4,naivni,2026-01-14,2026-02-11,30555.0,30875.0,True,244.27956989247312
1010P,Dermatološki pregled - prvi,4,lin,2026-01-14,2026-02-11,30555.0,32497.88831653603,True,244.27956989247312
1010P,Dermatološki pregled - prvi,4,ar1,2026-01-14,2026-02-11,30555.0,30722.995456605924,True,244.27956989247312
1010P,Dermatološki pregled - prvi,4,naivni,2026-01-21,2026-02-18,30201.0,30830.0,True,242.1595744680851
1010P,Dermatološki pregled - prvi,4,lin,2026-01-21,2026-02-18,30201.0,32502.707369820826,True,242.1595744680851
1010P,Dermatološki pregled - prvi,4,ar1,2026-01-21,2026-02-18,30201.0,30687.485664207215,True,242.1595744680851
1010P,Dermatološki pregled - prvi,4,naivni,2026-01-28,2026-02-25,30066.0,30715.0,True,240.82105263157894
1010P,Dermatološki pregled - prvi,4,lin,2026-01-28,2026-02-25,30066.0,32501.915870862715,True,240.82105263157894
1010P,Dermatološki pregled - prvi,4,ar1,2026-01-28,2026-02-25,30066.0,30592.370820590782,True,240.82105263157894
1010P,Dermatološki pregled - prvi,4,naivni,2026-02-04,2026-03-04,30035.0,30714.0,True,238.32291666666666
1010P,Dermatološki pregled - prvi,4,lin,2026-02-04,2026-03-04,30035.0,32500.70585244408,True,238.32291666666666
1010P,Dermatološki pregled - prvi,4,ar1,2026-02-04,2026-03-04,30035.0,30593.628209555198,True,238.32291666666666
1010P,Dermatološki pregled - prvi,4,naivni,2026-02-11,2026-03-11,29977.0,30555.0,True,237.50515463917526
1010P,Dermatološki pregled - prvi,4,lin,2026-02-11,2026-03-11,29977.0,32492.36144317146,True,237.50515463917526
1010P,Dermatološki pregled - prvi,4,ar1,2026-02-11,2026-03-11,29977.0,30461.63225197299,True,237.50515463917526
1010P,Dermatološki pregled - prvi,4,naivni,2026-02-18,2026-03-18,29945.0,30201.0,True,238.69387755102042
1010P,Dermatološki pregled - prvi,4,lin,2026-02-18,2026-03-18,29945.0,32468.990507111932,True,238.69387755102042
1010P,Dermatološki pregled - prvi,4,ar1,2026-02-18,2026-03-18,29945.0,30167.947453166056,True,238.69387755102042
1010P,Dermatološki pregled - prvi,4,naivni,2026-02-25,2026-03-25,30229.0,30066.0,True,237.64646464646464
1010P,Dermatološki pregled - prvi,4,lin,2026-02-25,2026-03-25,30229.0,32440.448270827088,True,237.64646464646464
1010P,Dermatološki pregled - prvi,4,ar1,2026-02-25,2026-03-25,30229.0,30057.138123890352,True,237.64646464646464
1010P,Dermatološki pregled - prvi,4,naivni,2026-03-04,2026-04-01,30044.0,30035.0,False,235.58
1010P,Dermatološki pregled - prvi,4,lin,2026-03-04,2026-04-01,30044.0,32411.280803727423,False,235.58
1010P,Dermatološki pregled - prvi,4,ar1,2026-03-04,2026-04-01,30044.0,30031.801692989837,False,235.58
1010P,Dermatološki pregled - prvi,4,naivni,2026-03-11,2026-04-08,29859.0,29977.0,True,233.82178217821783
1010P,Dermatološki pregled - prvi,4,lin,2026-03-11,2026-04-08,29859.0,32380.419330396784,True,233.82178217821783
1010P,Dermatološki pregled - prvi,4,ar1,2026-03-11,2026-04-08,29859.0,29984.318126165246,True,233.82178217821783
1010P,Dermatološki pregled - prvi,4,naivni,2026-03-18,2026-04-15,29864.0,29945.0,True,231.84313725490196
1010P,Dermatološki pregled - prvi,4,lin,2026-03-18,2026-04-15,29864.0,32349.001231896807,True,231.84313725490196
1010P,Dermatološki pregled - prvi,4,ar1,2026-03-18,2026-04-15,29864.0,29958.066229899086,True,231.84313725490196
1010P,Dermatološki pregled - prvi,4,naivni,2026-03-25,2026-04-22,30014.0,30229.0,False,232.3495145631068
1010P,Dermatološki pregled - prvi,4,lin,2026-03-25,2026-04-22,30014.0,32329.73356982823,False,232.3495145631068
1010P,Dermatološki pregled - prvi,4,ar1,2026-03-25,2026-04-22,30014.0,30190.417290797646,False,232.3495145631068
1010P,Dermatološki pregled - prvi,4,naivni,2026-04-01,2026-04-29,30164.0,30044.0,True,231.89423076923077
1010P,Dermatološki pregled - prvi,4,lin,2026-04-01,2026-04-29,30164.0,32303.461448614285,True,231.89423076923077
1010P,Dermatološki pregled - prvi,4,ar1,2026-04-01,2026-04-29,30164.0,30038.9815918842,True,231.89423076923077
1010P,Dermatološki pregled - prvi,4,naivni,2026-04-08,2026-05-06,30026.0,29859.0,True,231.44761904761904
1010P,Dermatološki pregled - prvi,4,lin,2026-04-08,2026-05-06,30026.0,32270.497530459914,True,231.44761904761904
1010P,Dermatološki pregled - prvi,4,ar1,2026-04-08,2026-05-06,30026.0,29888.040996949832,True,231.44761904761904
1010P,Dermatološki pregled - prvi,4,naivni,2026-04-15,2026-05-13,30346.0,29864.0,True,229.31132075471697
1010P,Dermatološki pregled - prvi,4,lin,2026-04-15,2026-05-13,30346.0,32238.537064793578,True,229.31132075471697
1010P,Dermatološki pregled - prvi,4,ar1,2026-04-15,2026-05-13,30346.0,29891.797135174926,True,229.31132075471697
1010P,Dermatološki pregled - prvi,4,naivni,2026-04-22,2026-05-20,30447.0,30014.0,True,228.57009345794393
1010P,Dermatološki pregled - prvi,4,lin,2026-04-22,2026-05-20,30447.0,32213.135756952186,True,228.57009345794393
1010P,Dermatološki pregled - prvi,4,ar1,2026-04-22,2026-05-20,30447.0,30013.55715515742,True,228.57009345794393
1010P,Dermatološki pregled - prvi,4,naivni,2026-04-29,2026-05-27,30870.0,30164.0,True,227.84259259259258
1010P,Dermatološki pregled - prvi,4,lin,2026-04-29,2026-05-27,30870.0,32194.021051493528,True,227.84259259259258
1010P,Dermatološki pregled - prvi,4,ar1,2026-04-29,2026-05-27,30870.0,30136.002721321278,True,227.84259259259258
1010P,Dermatološki pregled - prvi,4,naivni,2026-05-06,2026-06-03,30293.0,30026.0,True,227.0183486238532
1010P,Dermatološki pregled - prvi,4,lin,2026-05-06,2026-06-03,30293.0,32170.036503392475,True,227.0183486238532
1010P,Dermatološki pregled - prvi,4,ar1,2026-05-06,2026-06-03,30293.0,30023.569010276093,True,227.0183486238532
1010P,Dermatološki pregled - prvi,4,naivni,2026-05-13,2026-06-10,30180.5,30346.0,False,227.86363636363637
1010P,Dermatološki pregled - prvi,4,lin,2026-05-13,2026-06-10,30180.5,32158.55813297063,False,227.86363636363637
1010P,Dermatološki pregled - prvi,4,ar1,2026-05-13,2026-06-10,30180.5,30284.937610393692,False,227.86363636363637
1010P,Dermatološki pregled - prvi,4,naivni,2026-05-20,2026-06-17,30068.0,30447.0,True,226.72072072072072
1010P,Dermatološki pregled - prvi,4,lin,2026-05-20,2026-06-17,30068.0,32150.94104423639,True,226.72072072072072
1010P,Dermatološki pregled - prvi,4,ar1,2026-05-20,2026-06-17,30068.0,30368.762153344243,True,226.72072072072072
1010P,Dermatološki pregled - prvi,4,naivni,2026-05-27,2026-06-24,29952.0,30870.0,True,228.47321428571428
1010P,Dermatološki pregled - prvi,4,lin,2026-05-27,2026-06-24,29952.0,32158.879399827005,True,228.47321428571428
1010P,Dermatološki pregled - prvi,4,ar1,2026-05-27,2026-06-24,29952.0,30720.19980692536,True,228.47321428571428
1010P,Dermatološki pregled - prvi,4,naivni,2026-06-03,2026-07-01,29643.0,30293.0,True,231.55752212389382
1010P,Dermatološki pregled - prvi,4,lin,2026-06-03,2026-07-01,29643.0,32145.284543987895,True,231.55752212389382
1010P,Dermatološki pregled - prvi,4,ar1,2026-06-03,2026-07-01,29643.0,30243.141214367533,True,231.55752212389382
1010P,Dermatološki pregled - prvi,4,naivni,2026-06-10,2026-07-08,29577.0,30180.5,True,230.51315789473685
1010P,Dermatološki pregled - prvi,4,lin,2026-06-10,2026-07-08,29577.0,32127.809284831255,True,230.51315789473685
1010P,Dermatološki pregled - prvi,4,ar1,2026-06-10,2026-07-08,29577.0,30151.85109353933,True,230.51315789473685
1010P,Dermatološki pregled - prvi,4,naivni,2026-06-17,2026-07-15,29233.0,30068.0,True,229.48695652173913
1010P,Dermatološki pregled - prvi,4,lin,2026-06-17,2026-07-15,29233.0,32106.612470687734,True,229.48695652173913
1010P,Dermatološki pregled - prvi,4,ar1,2026-06-17,2026-07-15,29233.0,30060.646466723883,True,229.48695652173913
1018P,Kardiološki pregled - prvi,1,naivni,2025-03-26,2025-04-02,16969.0,16908.0,True,179.3921568627451
1018P,Kardiološki pregled - prvi,1,lin,2025-03-26,2025-04-02,16969.0,15740.8371040724,True,179.3921568627451
1018P,Kardiološki pregled - prvi,1,ar1,2025-03-26,2025-04-02,16969.0,16888.36172106021,True,179.3921568627451
1018P,Kardiološki pregled - prvi,1,naivni,2025-04-02,2025-04-09,17276.0,16969.0,True,177.1153846153846
1018P,Kardiološki pregled - prvi,1,lin,2025-04-02,2025-04-09,17276.0,15764.883164005809,True,177.1153846153846
1018P,Kardiološki pregled - prvi,1,ar1,2025-04-02,2025-04-09,17276.0,16949.1630249669,True,177.1153846153846
1018P,Kardiološki pregled - prvi,1,naivni,2025-04-09,2025-04-16,17261.0,17276.0,True,179.56603773584905
1018P,Kardiološki pregled - prvi,1,lin,2025-04-09,2025-04-16,17261.0,15810.747030048919,True,179.56603773584905
1018P,Kardiološki pregled - prvi,1,ar1,2025-04-09,2025-04-16,17261.0,17251.79213256436,True,179.56603773584905
1018P,Kardiološki pregled - prvi,1,naivni,2025-04-16,2025-04-23,17309.0,17261.0,True,176.5185185185185
1018P,Kardiološki pregled - prvi,1,lin,2025-04-16,2025-04-23,17309.0,15853.202020202025,True,176.5185185185185
1018P,Kardiološki pregled - prvi,1,ar1,2025-04-16,2025-04-23,17309.0,17237.563919860324,True,176.5185185185185
1018P,Kardiološki pregled - prvi,1,naivni,2025-04-23,2025-04-30,17760.0,17309.0,True,174.1818181818182
1018P,Kardiološki pregled - prvi,1,lin,2025-04-23,2025-04-30,17760.0,15896.994805194807,True,174.1818181818182
1018P,Kardiološki pregled - prvi,1,ar1,2025-04-23,2025-04-30,17760.0,17285.033482007002,True,174.1818181818182
1018P,Kardiološki pregled - prvi,1,naivni,2025-04-30,2025-05-07,17774.0,17760.0,True,179.125
1018P,Kardiološki pregled - prvi,1,lin,2025-04-30,2025-05-07,17774.0,15970.275689223059,True,179.125
1018P,Kardiološki pregled - prvi,1,ar1,2025-04-30,2025-05-07,17774.0,17726.2490054668,True,179.125
1018P,Kardiološki pregled - prvi,1,naivni,2025-05-07,2025-05-14,17956.0,17774.0,True,176.2280701754386
1018P,Kardiološki pregled - prvi,1,lin,2025-05-07,2025-05-14,17956.0,16040.595281306725,True,176.2280701754386
1018P,Kardiološki pregled - prvi,1,ar1,2025-05-07,2025-05-14,17956.0,17740.544449102377,True,176.2280701754386
1018P,Kardiološki pregled - prvi,1,naivni,2025-05-14,2025-05-21,17935.0,17956.0,True,176.32758620689654
1018P,Kardiološki pregled - prvi,1,lin,2025-05-14,2025-05-21,17935.0,16119.540619520747,True,176.32758620689654
1018P,Kardiološki pregled - prvi,1,ar1,2025-05-14,2025-05-21,17935.0,17919.06938884295,True,176.32758620689654
1018P,Kardiološki pregled - prvi,1,naivni,2025-05-21,2025-05-28,18127.0,17935.0,True,173.6949152542373
1018P,Kardiološki pregled - prvi,1,lin,2025-05-21,2025-05-28,18127.0,16192.905084745762,True,173.6949152542373
1018P,Kardiološki pregled - prvi,1,ar1,2025-05-21,2025-05-28,18127.0,17899.2232123688,True,173.6949152542373
1018P,Kardiološki pregled - prvi,1,naivni,2025-05-28,2025-06-04,18035.0,18127.0,True,174.0
1018P,Kardiološki pregled - prvi,1,lin,2025-05-28,2025-06-04,18035.0,16275.04098360656,True,174.0
1018P,Kardiološki pregled - prvi,1,ar1,2025-05-28,2025-06-04,18035.0,18087.97574222373,True,174.0
1018P,Kardiološki pregled - prvi,1,naivni,2025-06-04,2025-06-11,17748.0,18035.0,True,172.65573770491804
1018P,Kardiološki pregled - prvi,1,lin,2025-06-04,2025-06-11,17748.0,16346.965097831839,True,172.65573770491804
1018P,Kardiološki pregled - prvi,1,ar1,2025-06-04,2025-06-11,17748.0,17998.507393937678,True,172.65573770491804
1018P,Kardiološki pregled - prvi,1,naivni,2025-06-11,2025-06-18,18228.0,17748.0,True,174.5
1018P,Kardiološki pregled - prvi,1,lin,2025-06-11,2025-06-18,18228.0,16397.00153609831,True,174.5
1018P,Kardiološki pregled - prvi,1,ar1,2025-06-11,2025-06-18,18228.0,17718.52268157572,True,174.5
1018P,Kardiološki pregled - prvi,1,naivni,2025-06-18,2025-06-25,18261.5,18228.0,False,179.34920634920636
1018P,Kardiološki pregled - prvi,1,lin,2025-06-18,2025-06-25,18261.5,16474.605654761905,False,179.34920634920636
1018P,Kardiološki pregled - prvi,1,ar1,2025-06-18,2025-06-25,18261.5,18187.66762928485,False,179.34920634920636
1018P,Kardiološki pregled - prvi,1,naivni,2025-06-25,2025-07-02,18295.0,18261.5,True,177.0703125
1018P,Kardiološki pregled - prvi,1,lin,2025-06-25,2025-07-02,18295.0,16550.37596153847,True,177.0703125
1018P,Kardiološki pregled - prvi,1,ar1,2025-06-25,2025-07-02,18295.0,18221.43062574533,True,177.0703125
1018P,Kardiološki pregled - prvi,1,naivni,2025-07-02,2025-07-09,18337.0,18295.0,True,174.86153846153846
1018P,Kardiološki pregled - prvi,1,lin,2025-07-02,2025-07-09,18337.0,16624.417482517485,True,174.86153846153846
1018P,Kardiološki pregled - prvi,1,ar1,2025-07-02,2025-07-09,18337.0,18255.22114344261,True,174.86153846153846
1018P,Kardiološki pregled - prvi,1,naivni,2025-07-09,2025-07-16,18320.0,18337.0,True,172.84848484848484
1018P,Kardiološki pregled - prvi,1,lin,2025-07-09,2025-07-16,18320.0,16697.335142469467,True,172.84848484848484
1018P,Kardiološki pregled - prvi,1,ar1,2025-07-09,2025-07-16,18320.0,18297.405429451977,True,172.84848484848484
1018P,Kardiološki pregled - prvi,1,naivni,2025-07-16,2025-07-23,18480.0,18320.0,True,170.52238805970148
1018P,Kardiološki pregled - prvi,1,lin,2025-07-16,2025-07-23,18480.0,16765.715320456533,True,170.52238805970148
1018P,Kardiološki pregled - prvi,1,ar1,2025-07-16,2025-07-23,18480.0,18281.540934201847,True,170.52238805970148
1018P,Kardiološki pregled - prvi,1,naivni,2025-07-23,2025-07-30,18604.0,18480.0,True,170.36764705882354
1018P,Kardiološki pregled - prvi,1,lin,2025-07-23,2025-07-30,18604.0,16840.09846547315,True,170.36764705882354
1018P,Kardiološki pregled - prvi,1,ar1,2025-07-23,2025-07-30,18604.0,18440.03465904981,True,170.36764705882354
1018P,Kardiološki pregled - prvi,1,naivni,2025-07-30,2025-08-06,18500.0,18604.0,True,169.69565217391303
1018P,Kardiološki pregled - prvi,1,lin,2025-07-30,2025-08-06,18500.0,16918.026708074533,True,169.69565217391303
1018P,Kardiološki pregled - prvi,1,ar1,2025-07-30,2025-08-06,18500.0,18563.764764305164,True,169.69565217391303
1018P,Kardiološki pregled - prvi,1,naivni,2025-08-06,2025-08-13,18485.0,18500.0,True,168.75714285714287
1018P,Kardiološki pregled - prvi,1,lin,2025-08-06,2025-08-13,18485.0,16986.41529175051,True,168.75714285714287
1018P,Kardiološki pregled - prvi,1,ar1,2025-08-06,2025-08-13,18485.0,18461.695539522458,True,168.75714285714287
1018P,Kardiološki pregled - prvi,1,naivni,2025-08-13,2025-08-20,18372.0,18485.0,True,166.59154929577466
1018P,Kardiološki pregled - prvi,1,lin,2025-08-13,2025-08-20,18372.0,17050.790101721417,True,166.59154929577466
1018P,Kardiološki pregled - prvi,1,ar1,2025-08-13,2025-08-20,18372.0,18447.752912879056,True,166.59154929577466
1018P,Kardiološki pregled - prvi,1,naivni,2025-08-20,2025-08-27,18470.0,18372.0,True,165.84722222222223
1018P,Kardiološki pregled - prvi,1,lin,2025-08-20,2025-08-27,18470.0,17106.015981735156,True,165.84722222222223
1018P,Kardiološki pregled - prvi,1,ar1,2025-08-20,2025-08-27,18470.0,18337.03517030044,True,165.84722222222223
1018P,Kardiološki pregled - prvi,1,naivni,2025-08-27,2025-09-03,18408.0,18470.0,True,164.91780821917808
1018P,Kardiološki pregled - prvi,1,lin,2025-08-27,2025-09-03,18408.0,17164.043132173272,True,164.91780821917808
1018P,Kardiološki pregled - prvi,1,ar1,2025-08-27,2025-09-03,18408.0,18434.33023724646,True,164.91780821917808
1018P,Kardiološki pregled - prvi,1,naivni,2025-09-03,2025-09-10,18295.0,18408.0,True,163.52702702702703
1018P,Kardiološki pregled - prvi,1,lin,2025-09-03,2025-09-10,18295.0,17216.160360360358,True,163.52702702702703
1018P,Kardiološki pregled - prvi,1,ar1,2025-09-03,2025-09-10,18295.0,18373.898296574636,True,163.52702702702703
1018P,Kardiološki pregled - prvi,1,naivni,2025-09-10,2025-09-17,18112.0,18295.0,True,162.85333333333332
1018P,Kardiološki pregled - prvi,1,lin,2025-09-10,2025-09-17,18112.0,17260.023684210515,True,162.85333333333332
1018P,Kardiološki pregled - prvi,1,ar1,2025-09-10,2025-09-17,18112.0,18263.305474363933,True,162.85333333333332
1018P,Kardiološki pregled - prvi,1,naivni,2025-09-17,2025-09-24,17777.0,18112.0,True,163.1184210526316
1018P,Kardiološki pregled - prvi,1,lin,2025-09-17,2025-09-24,17777.0,17292.470608339027,True,163.1184210526316
1018P,Kardiološki pregled - prvi,1,ar1,2025-09-17,2025-09-24,17777.0,18084.27490104992,True,163.1184210526316
1018P,Kardiološki pregled - prvi,1,naivni,2025-09-24,2025-10-01,17322.0,17777.0,True,165.35064935064935
1018P,Kardiološki pregled - prvi,1,lin,2025-09-24,2025-10-01,17322.0,17306.357808857807,True,165.35064935064935
1018P,Kardiološki pregled - prvi,1,ar1,2025-09-24,2025-10-01,17322.0,17757.29353466965,True,165.35064935064935
1018P,Kardiološki pregled - prvi,1,naivni,2025-10-01,2025-10-08,17132.0,17322.0,True,169.06410256410257
1018P,Kardiološki pregled - prvi,1,lin,2025-10-01,2025-10-08,17132.0,17296.66114897761,True,169.06410256410257
1018P,Kardiološki pregled - prvi,1,ar1,2025-10-01,2025-10-08,17132.0,17313.96194290981,True,169.06410256410257
1018P,Kardiološki pregled - prvi,1,naivni,2025-10-08,2025-10-15,16998.0,17132.0,True,169.32911392405063
1018P,Kardiološki pregled - prvi,1,lin,2025-10-08,2025-10-15,16998.0,17277.954272151896,True,169.32911392405063
1018P,Kardiološki pregled - prvi,1,ar1,2025-10-08,2025-10-15,16998.0,17128.33956132202,True,169.32911392405063
1018P,Kardiološki pregled - prvi,1,naivni,2025-10-15,2025-10-22,16671.0,16998.0,True,168.8875
1018P,Kardiološki pregled - prvi,1,lin,2025-10-15,2025-10-22,16671.0,17253.503086419758,True,168.8875
1018P,Kardiološki pregled - prvi,1,ar1,2025-10-15,2025-10-22,16671.0,16997.001118018023,True,168.8875
1018P,Kardiološki pregled - prvi,1,naivni,2025-10-22,2025-10-29,16787.0,16671.0,True,170.8395061728395
1018P,Kardiološki pregled - prvi,1,lin,2025-10-22,2025-10-29,16787.0,17214.20912375789,True,170.8395061728395
1018P,Kardiološki pregled - prvi,1,ar1,2025-10-22,2025-10-29,16787.0,16674.83174125507,True,170.8395061728395
1018P,Kardiološki pregled - prvi,1,naivni,2025-10-29,2025-11-05,16613.0,16787.0,True,170.17073170731706
1018P,Kardiološki pregled - prvi,1,lin,2025-10-29,2025-11-05,16613.0,17182.228034087573,True,170.17073170731706
1018P,Kardiološki pregled - prvi,1,ar1,2025-10-29,2025-11-05,16613.0,16789.613712033002,True,170.17073170731706
1018P,Kardiološki pregled - prvi,1,naivni,2025-11-05,2025-11-12,16567.0,16613.0,True,170.21686746987953
1018P,Kardiološki pregled - prvi,1,lin,2025-11-05,2025-11-12,16567.0,17143.361589213997,True,170.21686746987953
1018P,Kardiološki pregled - prvi,1,ar1,2025-11-05,2025-11-12,16567.0,16617.468146271505,True,170.21686746987953
1018P,Kardiološki pregled - prvi,1,naivni,2025-11-12,2025-11-19,16393.0,16567.0,True,168.73809523809524
1018P,Kardiološki pregled - prvi,1,lin,2025-11-12,2025-11-19,16393.0,17103.999999999996,True,168.73809523809524
1018P,Kardiološki pregled - prvi,1,ar1,2025-11-12,2025-11-19,16393.0,16571.66986177236,True,168.73809523809524
1018P,Kardiološki pregled - prvi,1,naivni,2025-11-19,2025-11-26,16340.0,16393.0,True,168.8
1018P,Kardiološki pregled - prvi,1,lin,2025-11-19,2025-11-26,16340.0,17058.218467852257,True,168.8
1018P,Kardiološki pregled - prvi,1,ar1,2025-11-19,2025-11-26,16340.0,16398.2487244854,True,168.8
1018P,Kardiološki pregled - prvi,1,naivni,2025-11-26,2025-12-03,16279.0,16340.0,True,167.45348837209303
1018P,Kardiološki pregled - prvi,1,lin,2025-11-26,2025-12-03,16279.0,17011.914995990373,True,167.45348837209303
1018P,Kardiološki pregled - prvi,1,ar1,2025-11-26,2025-12-03,16279.0,16345.051944191204,True,167.45348837209303
1018P,Kardiološki pregled - prvi,1,naivni,2025-12-03,2025-12-10,16212.0,16279.0,True,166.22988505747125
1018P,Kardiološki pregled - prvi,1,lin,2025-12-03,2025-12-10,16212.0,16964.755877742948,True,166.22988505747125
1018P,Kardiološki pregled - prvi,1,ar1,2025-12-03,2025-12-10,16212.0,16283.754307694588,True,166.22988505747125
1018P,Kardiološki pregled - prvi,1,naivni,2025-12-10,2025-12-17,15945.0,16212.0,True,165.10227272727272
1018P,Kardiološki pregled - prvi,1,lin,2025-12-10,2025-12-17,15945.0,16916.517875383044,True,165.10227272727272
1018P,Kardiološki pregled - prvi,1,ar1,2025-12-10,2025-12-17,15945.0,16216.319959691104,True,165.10227272727272
1018P,Kardiološki pregled - prvi,1,naivni,2025-12-17,2025-12-24,15929.0,15945.0,False,166.24719101123594
1018P,Kardiološki pregled - prvi,1,lin,2025-12-17,2025-12-24,15929.0,16858.369163545565,False,166.24719101123594
1018P,Kardiološki pregled - prvi,1,ar1,2025-12-17,2025-12-24,15929.0,15946.679693809472,False,166.24719101123594
1018P,Kardiološki pregled - prvi,1,naivni,2025-12-24,2025-12-31,15913.0,15929.0,False,164.57777777777778
1018P,Kardiološki pregled - prvi,1,lin,2025-12-24,2025-12-31,15913.0,16801.835897435914,False,164.57777777777778
1018P,Kardiološki pregled - prvi,1,ar1,2025-12-24,2025-12-31,15913.0,15930.342435661189,False,164.57777777777778
1018P,Kardiološki pregled - prvi,1,naivni,2025-12-31,2026-01-07,15897.0,15913.0,True,162.94505494505495
1018P,Kardiološki pregled - prvi,1,lin,2025-12-31,2026-01-07,15897.0,16746.84292881031,True,162.94505494505495
1018P,Kardiološki pregled - prvi,1,ar1,2025-12-31,2026-01-07,15897.0,15914.030712025515,True,162.94505494505495
1018P,Kardiološki pregled - prvi,1,naivni,2026-01-07,2026-01-14,15901.0,15897.0,True,161.34782608695653
1018P,Kardiološki pregled - prvi,1,lin,2026-01-07,2026-01-14,15901.0,16693.319308087895,True,161.34782608695653
1018P,Kardiološki pregled - prvi,1,ar1,2026-01-07,2026-01-14,15901.0,15897.742138031568,True,161.34782608695653
1018P,Kardiološki pregled - prvi,1,naivni,2026-01-14,2026-01-21,16004.0,15901.0,True,159.65591397849462
1018P,Kardiološki pregled - prvi,1,lin,2026-01-14,2026-01-21,16004.0,16642.049073438575,True,159.65591397849462
1018P,Kardiološki pregled - prvi,1,ar1,2026-01-14,2026-01-21,16004.0,15901.773753102147,True,159.65591397849462
1018P,Kardiološki pregled - prvi,1,naivni,2026-01-21,2026-01-28,16267.0,16004.0,True,159.0531914893617
1018P,Kardiološki pregled - prvi,1,lin,2026-01-21,2026-01-28,16267.0,16597.09697648376,True,159.0531914893617
1018P,Kardiološki pregled - prvi,1,ar1,2026-01-21,2026-01-28,16267.0,16005.953371465936,True,159.0531914893617
1018P,Kardiološki pregled - prvi,1,naivni,2026-01-28,2026-02-04,16388.0,16267.0,True,160.14736842105262
1018P,Kardiološki pregled - prvi,1,lin,2026-01-28,2026-02-04,16388.0,16564.83629385964,True,160.14736842105262
1018P,Kardiološki pregled - prvi,1,ar1,2026-01-28,2026-02-04,16388.0,16269.948525583099,True,160.14736842105262
1018P,Kardiološki pregled - prvi,1,naivni,2026-02-04,2026-02-11,16379.0,16388.0,True,159.73958333333334
1018P,Kardiološki pregled - prvi,1,lin,2026-02-04,2026-02-11,16379.0,16538.82474226805,True,159.73958333333334
1018P,Kardiološki pregled - prvi,1,ar1,2026-02-04,2026-02-11,16379.0,16390.325533824103,True,159.73958333333334
1018P,Kardiološki pregled - prvi,1,naivni,2026-02-11,2026-02-18,16714.0,16379.0,True,158.18556701030928
1018P,Kardiološki pregled - prvi,1,lin,2026-02-11,2026-02-18,16714.0,16513.470334525566,True,158.18556701030928
1018P,Kardiološki pregled - prvi,1,ar1,2026-02-11,2026-02-18,16714.0,16381.344202766068,True,158.18556701030928
1018P,Kardiološki pregled - prvi,1,naivni,2026-02-18,2026-02-25,16733.0,16714.0,True,159.98979591836735
1018P,Kardiološki pregled - prvi,1,lin,2026-02-18,2026-02-25,16733.0,16502.642754071327,True,159.98979591836735
1018P,Kardiološki pregled - prvi,1,ar1,2026-02-18,2026-02-25,16733.0,16712.623257850537,True,159.98979591836735
1018P,Kardiološki pregled - prvi,1,naivni,2026-02-25,2026-03-04,16860.0,16733.0,True,158.56565656565655
1018P,Kardiološki pregled - prvi,1,lin,2026-02-25,2026-03-04,16860.0,16493.048787878786,True,158.56565656565655
1018P,Kardiološki pregled - prvi,1,ar1,2026-02-25,2026-03-04,16860.0,16731.324168945466,True,158.56565656565655
1018P,Kardiološki pregled - prvi,1,naivni,2026-03-04,2026-03-11,16931.0,16860.0,True,158.25
1018P,Kardiološki pregled - prvi,1,lin,2026-03-04,2026-03-11,16931.0,16488.910099009903,True,158.25
1018P,Kardiološki pregled - prvi,1,ar1,2026-03-04,2026-03-11,16931.0,16856.050477043136,True,158.25
1018P,Kardiološki pregled - prvi,1,naivni,2026-03-11,2026-03-18,16741.0,16931.0,True,157.3861386138614
1018P,Kardiološki pregled - prvi,1,lin,2026-03-11,2026-03-18,16741.0,16487.789264220537,True,157.3861386138614
1018P,Kardiološki pregled - prvi,1,ar1,2026-03-11,2026-03-18,16741.0,16925.673699334613,True,157.3861386138614
1018P,Kardiološki pregled - prvi,1,naivni,2026-03-18,2026-03-25,16886.0,16741.0,True,157.7058823529412
1018P,Kardiološki pregled - prvi,1,lin,2026-03-18,2026-03-25,16886.0,16479.41747572817,True,157.7058823529412
1018P,Kardiološki pregled - prvi,1,ar1,2026-03-18,2026-03-25,16886.0,16739.559187737123,True,157.7058823529412
1018P,Kardiološki pregled - prvi,1,naivni,2026-03-25,2026-04-01,16744.5,16886.0,False,157.58252427184465
1018P,Kardiološki pregled - prvi,1,lin,2026-03-25,2026-04-01,16744.5,16476.991878267367,False,157.58252427184465
1018P,Kardiološki pregled - prvi,1,ar1,2026-03-25,2026-04-01,16744.5,16881.796902132694,False,157.58252427184465
1018P,Kardiološki pregled - prvi,1,naivni,2026-04-01,2026-04-08,16603.0,16744.5,True,157.4278846153846
1018P,Kardiološki pregled - prvi,1,lin,2026-04-01,2026-04-08,16603.0,16469.342673992673,True,157.4278846153846
1018P,Kardiološki pregled - prvi,1,ar1,2026-04-01,2026-04-08,16603.0,16743.21385922773,True,157.4278846153846
1018P,Kardiološki pregled - prvi,1,naivni,2026-04-08,2026-04-15,16708.0,16603.0,True,157.27619047619046
1018P,Kardiološki pregled - prvi,1,lin,2026-04-08,2026-04-15,16708.0,16456.69056603774,True,157.27619047619046
1018P,Kardiološki pregled - prvi,1,ar1,2026-04-08,2026-04-15,16708.0,16604.293667627357,True,157.27619047619046
1018P,Kardiološki pregled - prvi,1,naivni,2026-04-15,2026-04-22,16887.5,16708.0,False,156.78301886792454
1018P,Kardiološki pregled - prvi,1,lin,2026-04-15,2026-04-22,16887.5,16448.460236289888,False,156.78301886792454
1018P,Kardiološki pregled - prvi,1,ar1,2026-04-15,2026-04-22,16887.5,16707.46523473382,False,156.78301886792454
1018P,Kardiološki pregled - prvi,1,naivni,2026-04-22,2026-04-29,17067.0,16887.5,True,156.99532710280374
1018P,Kardiološki pregled - prvi,1,lin,2026-04-22,2026-04-29,17067.0,16447.226375908616,True,156.99532710280374
1018P,Kardiološki pregled - prvi,1,ar1,2026-04-22,2026-04-29,17067.0,16883.40586294142,True,156.99532710280374
1018P,Kardiološki pregled - prvi,1,naivni,2026-04-29,2026-05-06,16765.0,17067.0,True,157.2037037037037
1018P,Kardiološki pregled - prvi,1,lin,2026-04-29,2026-05-06,16765.0,16452.699541284408,True,157.2037037037037
1018P,Kardiološki pregled - prvi,1,ar1,2026-04-29,2026-05-06,16765.0,17058.881550330887,True,157.2037037037037
1018P,Kardiološki pregled - prvi,1,naivni,2026-05-06,2026-05-13,16896.0,16765.0,True,158.5321100917431
1018P,Kardiološki pregled - prvi,1,lin,2026-05-06,2026-05-13,16896.0,16447.095246038367,True,158.5321100917431
1018P,Kardiološki pregled - prvi,1,ar1,2026-05-06,2026-05-13,16896.0,16763.98666161904,True,158.5321100917431
1018P,Kardiološki pregled - prvi,1,naivni,2026-05-13,2026-05-20,16788.0,16896.0,True,158.28181818181818
1018P,Kardiološki pregled - prvi,1,lin,2026-05-13,2026-05-20,16788.0,16446.464782964784,True,158.28181818181818
1018P,Kardiološki pregled - prvi,1,ar1,2026-05-13,2026-05-20,16788.0,16892.16435177104,True,158.28181818181818
1018P,Kardiološki pregled - prvi,1,naivni,2026-05-20,2026-05-27,16843.0,16788.0,True,157.82882882882882
1018P,Kardiološki pregled - prvi,1,lin,2026-05-20,2026-05-27,16843.0,16442.071911196912,True,157.82882882882882
1018P,Kardiološki pregled - prvi,1,ar1,2026-05-20,2026-05-27,16843.0,16786.645462883924,True,157.82882882882882
1018P,Kardiološki pregled - prvi,1,naivni,2026-05-27,2026-06-03,16753.0,16843.0,True,156.91071428571428
1018P,Kardiološki pregled - prvi,1,lin,2026-05-27,2026-06-03,16753.0,16439.835414032874,True,156.91071428571428
1018P,Kardiološki pregled - prvi,1,ar1,2026-05-27,2026-06-03,16753.0,16840.45113089356,True,156.91071428571428
1018P,Kardiološki pregled - prvi,1,naivni,2026-06-03,2026-06-10,16736.0,16753.0,False,156.31858407079645
1018P,Kardiološki pregled - prvi,1,lin,2026-06-03,2026-06-10,16736.0,16434.581741965525,False,156.31858407079645
1018P,Kardiološki pregled - prvi,1,ar1,2026-06-03,2026-06-10,16736.0,16752.48385146631,False,156.31858407079645
1018P,Kardiološki pregled - prvi,1,naivni,2026-06-10,2026-06-17,16719.0,16736.0,True,155.09649122807016
1018P,Kardiološki pregled - prvi,1,lin,2026-06-10,2026-06-17,16719.0,16428.96727688786,True,155.09649122807016
1018P,Kardiološki pregled - prvi,1,ar1,2026-06-10,2026-06-17,16719.0,16735.854551610173,True,155.09649122807016
1018P,Kardiološki pregled - prvi,1,naivni,2026-06-17,2026-06-24,16949.0,16719.0,True,153.89565217391305
1018P,Kardiološki pregled - prvi,1,lin,2026-06-17,2026-06-24,16949.0,16423.00539730135,True,153.89565217391305
1018P,Kardiološki pregled - prvi,1,ar1,2026-06-17,2026-06-24,16949.0,16719.218707762455,True,153.89565217391305
1018P,Kardiološki pregled - prvi,1,naivni,2026-06-24,2026-07-01,16760.0,16949.0,True,154.55172413793105
1018P,Kardiološki pregled - prvi,1,lin,2026-06-24,2026-07-01,16760.0,16425.153330386092,True,154.55172413793105
1018P,Kardiološki pregled - prvi,1,ar1,2026-06-24,2026-07-01,16760.0,16944.036142550838,True,154.55172413793105
1018P,Kardiološki pregled - prvi,1,naivni,2026-07-01,2026-07-08,16806.0,16760.0,True,154.84615384615384
1018P,Kardiološki pregled - prvi,1,lin,2026-07-01,2026-07-08,16806.0,16420.8978704911,True,154.84615384615384
1018P,Kardiološki pregled - prvi,1,ar1,2026-07-01,2026-07-08,16806.0,16759.626030682753,True,154.84615384615384
1018P,Kardiološki pregled - prvi,1,naivni,2026-07-08,2026-07-15,16912.0,16806.0,True,153.92372881355934
1018P,Kardiološki pregled - prvi,1,lin,2026-07-08,2026-07-15,16912.0,16418.379361914267,True,153.92372881355934
1018P,Kardiološki pregled - prvi,1,ar1,2026-07-08,2026-07-15,16912.0,16804.58160634777,True,153.92372881355934
1018P,Kardiološki pregled - prvi,4,naivni,2025-03-26,2025-04-23,17309.0,16908.0,True,179.3921568627451
1018P,Kardiološki pregled - prvi,4,lin,2025-03-26,2025-04-23,17309.0,15534.90066592675,True,179.3921568627451
1018P,Kardiološki pregled - prvi,4,ar1,2025-03-26,2025-04-23,17309.0,16833.584591699986,True,179.3921568627451
1018P,Kardiološki pregled - prvi,4,naivni,2025-04-02,2025-04-30,17760.0,16969.0,True,177.1153846153846
1018P,Kardiološki pregled - prvi,4,lin,2025-04-02,2025-04-30,17760.0,15566.6710208031,True,177.1153846153846
1018P,Kardiološki pregled - prvi,4,ar1,2025-04-02,2025-04-30,17760.0,16893.916974617925,True,177.1153846153846
1018P,Kardiološki pregled - prvi,4,naivni,2025-04-09,2025-05-07,17774.0,17276.0,True,179.56603773584905
1018P,Kardiološki pregled - prvi,4,lin,2025-04-09,2025-05-07,17774.0,15621.693170700719,True,179.56603773584905
1018P,Kardiološki pregled - prvi,4,ar1,2025-04-09,2025-05-07,17774.0,17184.745651586018,True,179.56603773584905
1018P,Kardiološki pregled - prvi,4,naivni,2025-04-16,2025-05-14,17956.0,17261.0,True,176.5185185185185
1018P,Kardiološki pregled - prvi,4,lin,2025-04-16,2025-05-14,17956.0,15672.623665223671,True,176.5185185185185
1018P,Kardiološki pregled - prvi,4,ar1,2025-04-16,2025-05-14,17956.0,17172.659671107423,True,176.5185185185185
1018P,Kardiološki pregled - prvi,4,naivni,2025-04-23,2025-05-21,17935.0,17309.0,True,174.1818181818182
1018P,Kardiološki pregled - prvi,4,lin,2025-04-23,2025-05-21,17935.0,15724.625837320575,True,174.1818181818182
1018P,Kardiološki pregled - prvi,4,ar1,2025-04-23,2025-05-21,17935.0,17218.6986622401,True,174.1818181818182
1018P,Kardiološki pregled - prvi,4,naivni,2025-04-30,2025-05-28,18127.0,17760.0,True,179.125
1018P,Kardiološki pregled - prvi,4,lin,2025-04-30,2025-05-28,18127.0,15808.050125313284,True,179.125
1018P,Kardiološki pregled - prvi,4,ar1,2025-04-30,2025-05-28,18127.0,17633.124329964463,True,179.125
1018P,Kardiološki pregled - prvi,4,naivni,2025-05-07,2025-06-04,18035.0,17774.0,True,176.2280701754386
1018P,Kardiološki pregled - prvi,4,lin,2025-05-07,2025-06-04,18035.0,15887.857454858666,True,176.2280701754386
1018P,Kardiološki pregled - prvi,4,ar1,2025-05-07,2025-06-04,18035.0,17648.206436143417,True,176.2280701754386
1018P,Kardiološki pregled - prvi,4,naivni,2025-05-14,2025-06-11,17748.0,17956.0,True,176.32758620689654
1018P,Kardiološki pregled - prvi,4,lin,2025-05-14,2025-06-11,17748.0,15976.54213909994,True,176.32758620689654
1018P,Kardiološki pregled - prvi,4,ar1,2025-05-14,2025-06-11,17748.0,17816.991762128102,True,176.32758620689654
1018P,Kardiološki pregled - prvi,4,naivni,2025-05-21,2025-06-18,18228.0,17935.0,True,173.6949152542373
1018P,Kardiološki pregled - prvi,4,lin,2025-05-21,2025-06-18,18228.0,16058.83509308141,True,173.6949152542373
1018P,Kardiološki pregled - prvi,4,ar1,2025-05-21,2025-06-18,18228.0,17800.316170032584,True,173.6949152542373
1018P,Kardiološki pregled - prvi,4,naivni,2025-05-28,2025-06-25,18261.5,18127.0,False,174.0
1018P,Kardiološki pregled - prvi,4,lin,2025-05-28,2025-06-25,18261.5,16150.176097303016,False,174.0
1018P,Kardiološki pregled - prvi,4,ar1,2025-05-28,2025-06-25,18261.5,17979.82027281051,False,174.0
1018P,Kardiološki pregled - prvi,4,naivni,2025-06-04,2025-07-02,18295.0,18035.0,True,172.65573770491804
1018P,Kardiološki pregled - prvi,4,lin,2025-06-04,2025-07-02,18295.0,16230.210621742091,True,172.65573770491804
1018P,Kardiološki pregled - prvi,4,ar1,2025-06-04,2025-07-02,18295.0,17897.455245495723,True,172.65573770491804
1018P,Kardiološki pregled - prvi,4,naivni,2025-06-11,2025-07-09,18337.0,17748.0,True,174.5
1018P,Kardiološki pregled - prvi,4,lin,2025-06-11,2025-07-09,18337.0,16286.501680107523,True,174.5
1018P,Kardiološki pregled - prvi,4,ar1,2025-06-11,2025-07-09,18337.0,17637.16842414355,True,174.5
1018P,Kardiološki pregled - prvi,4,naivni,2025-06-18,2025-07-16,18320.0,18228.0,True,179.34920634920636
1018P,Kardiološki pregled - prvi,4,lin,2025-06-18,2025-07-16,18320.0,16372.028388278386,True,179.34920634920636
1018P,Kardiološki pregled - prvi,4,ar1,2025-06-18,2025-07-16,18320.0,18076.072753788732,True,179.34920634920636
1018P,Kardiološki pregled - prvi,4,naivni,2025-06-25,2025-07-23,18480.0,18261.5,True,177.0703125
1018P,Kardiološki pregled - prvi,4,lin,2025-06-25,2025-07-23,18480.0,16455.296153846164,True,177.0703125
1018P,Kardiološki pregled - prvi,4,ar1,2025-06-25,2025-07-23,18480.0,18110.412925920584,True,177.0703125
1018P,Kardiološki pregled - prvi,4,naivni,2025-07-02,2025-07-30,18604.0,18295.0,True,174.86153846153846
1018P,Kardiološki pregled - prvi,4,lin,2025-07-02,2025-07-30,18604.0,16536.439265212404,True,174.86153846153846
1018P,Kardiološki pregled - prvi,4,ar1,2025-07-02,2025-07-30,18604.0,18144.854944490806,True,174.86153846153846
1018P,Kardiološki pregled - prvi,4,naivni,2025-07-09,2025-08-06,18500.0,18337.0,True,172.84848484848484
1018P,Kardiološki pregled - prvi,4,lin,2025-07-09,2025-08-06,18500.0,16616.123054513522,True,172.84848484848484
1018P,Kardiološki pregled - prvi,4,ar1,2025-07-09,2025-08-06,18500.0,18187.375924691536,True,172.84848484848484
1018P,Kardiološki pregled - prvi,4,naivni,2025-07-16,2025-08-13,18485.0,18320.0,True,170.52238805970148
1018P,Kardiološki pregled - prvi,4,lin,2025-07-16,2025-08-13,18485.0,16690.72828949879,True,170.52238805970148
1018P,Kardiološki pregled - prvi,4,ar1,2025-07-16,2025-08-13,18485.0,18174.6182300407,True,170.52238805970148
1018P,Kardiološki pregled - prvi,4,naivni,2025-07-23,2025-08-20,18372.0,18480.0,True,170.36764705882354
1018P,Kardiološki pregled - prvi,4,lin,2025-07-23,2025-08-20,18372.0,16771.50007307271,True,170.36764705882354
1018P,Kardiološki pregled - prvi,4,ar1,2025-07-23,2025-08-20,18372.0,18328.4992164924,True,170.36764705882354
1018P,Kardiološki pregled - prvi,4,naivni,2025-07-30,2025-08-27,18470.0,18604.0,True,169.69565217391303
1018P,Kardiološki pregled - prvi,4,lin,2025-07-30,2025-08-27,18470.0,16855.816691453063,True,169.69565217391303
1018P,Kardiološki pregled - prvi,4,ar1,2025-07-30,2025-08-27,18470.0,18451.050167821206,True,169.69565217391303
1018P,Kardiološki pregled - prvi,4,naivni,2025-08-06,2025-09-03,18408.0,18500.0,True,168.75714285714287
1018P,Kardiološki pregled - prvi,4,lin,2025-08-06,2025-09-03,18408.0,16929.775603621736,True,168.75714285714287
1018P,Kardiološki pregled - prvi,4,ar1,2025-08-06,2025-09-03,18408.0,18354.566153500513,True,168.75714285714287
1018P,Kardiološki pregled - prvi,4,naivni,2025-08-13,2025-09-10,18295.0,18485.0,True,166.59154929577466
1018P,Kardiološki pregled - prvi,4,lin,2025-08-13,2025-09-10,18295.0,16999.282553004457,True,166.59154929577466
1018P,Kardiološki pregled - prvi,4,ar1,2025-08-13,2025-09-10,18295.0,18343.52627868631,True,166.59154929577466
1018P,Kardiološki pregled - prvi,4,naivni,2025-08-20,2025-09-17,18112.0,18372.0,True,165.84722222222223
1018P,Kardiološki pregled - prvi,4,lin,2025-08-20,2025-09-17,18112.0,17058.910835493025,True,165.84722222222223
1018P,Kardiološki pregled - prvi,4,ar1,2025-08-20,2025-09-17,18112.0,18239.354442881522,True,165.84722222222223
1018P,Kardiološki pregled - prvi,4,naivni,2025-08-27,2025-09-24,17777.0,18470.0,True,164.91780821917808
1018P,Kardiološki pregled - prvi,4,lin,2025-08-27,2025-09-24,17777.0,17121.36171788227,True,164.91780821917808
1018P,Kardiološki pregled - prvi,4,ar1,2025-08-27,2025-09-24,17777.0,18334.439180334408,True,164.91780821917808
1018P,Kardiološki pregled - prvi,4,naivni,2025-09-03,2025-10-01,17322.0,18408.0,True,163.52702702702703
1018P,Kardiološki pregled - prvi,4,lin,2025-09-03,2025-10-01,17322.0,17177.407230915123,True,163.52702702702703
1018P,Kardiološki pregled - prvi,4,ar1,2025-09-03,2025-10-01,17322.0,18278.44957058069,True,163.52702702702703
1018P,Kardiološki pregled - prvi,4,naivni,2025-09-10,2025-10-08,17132.0,18295.0,True,162.85333333333332
1018P,Kardiološki pregled - prvi,4,lin,2025-09-10,2025-10-08,17132.0,17224.5889268626,True,162.85333333333332
1018P,Kardiološki pregled - prvi,4,ar1,2025-09-10,2025-10-08,17132.0,18174.72247447811,True,162.85333333333332
1018P,Kardiološki pregled - prvi,4,naivni,2025-09-17,2025-10-15,16998.0,18112.0,True,163.1184210526316
1018P,Kardiološki pregled - prvi,4,lin,2025-09-17,2025-10-15,16998.0,17259.589226562908,True,163.1184210526316
1018P,Kardiološki pregled - prvi,4,ar1,2025-09-17,2025-10-15,16998.0,18006.963037585574,True,163.1184210526316
1018P,Kardiološki pregled - prvi,4,naivni,2025-09-24,2025-10-22,16671.0,17777.0,True,165.35064935064935
1018P,Kardiološki pregled - prvi,4,lin,2025-09-24,2025-10-22,16671.0,17274.891800182937,True,165.35064935064935
1018P,Kardiološki pregled - prvi,4,ar1,2025-09-24,2025-10-22,16671.0,17702.513734467007,True,165.35064935064935
1018P,Kardiološki pregled - prvi,4,naivni,2025-10-01,2025-10-29,16787.0,17322.0,True,169.06410256410257
1018P,Kardiološki pregled - prvi,4,lin,2025-10-01,2025-10-29,16787.0,17265.239690847135,True,169.06410256410257
1018P,Kardiološki pregled - prvi,4,ar1,2025-10-01,2025-10-29,16787.0,17291.63210795357,True,169.06410256410257
1018P,Kardiološki pregled - prvi,4,naivni,2025-10-08,2025-11-05,16613.0,17132.0,True,169.32911392405063
1018P,Kardiološki pregled - prvi,4,lin,2025-10-08,2025-11-05,16613.0,17246.075421940925,True,169.32911392405063
1018P,Kardiološki pregled - prvi,4,ar1,2025-10-08,2025-11-05,16613.0,17118.15187444487,True,169.32911392405063
1018P,Kardiološki pregled - prvi,4,naivni,2025-10-15,2025-11-12,16567.0,16998.0,True,168.8875
1018P,Kardiološki pregled - prvi,4,lin,2025-10-15,2025-11-12,16567.0,17220.86555254442,True,168.8875
1018P,Kardiološki pregled - prvi,4,ar1,2025-10-15,2025-11-12,16567.0,16994.215638636473,True,168.8875
1018P,Kardiološki pregled - prvi,4,naivni,2025-10-22,2025-11-19,16393.0,16671.0,True,170.8395061728395
1018P,Kardiološki pregled - prvi,4,lin,2025-10-22,2025-11-19,16393.0,17180.0310292661,True,170.8395061728395
1018P,Kardiološki pregled - prvi,4,ar1,2025-10-22,2025-11-19,16393.0,16685.57980365491,True,170.8395061728395
1018P,Kardiološki pregled - prvi,4,naivni,2025-10-29,2025-11-26,16340.0,16787.0,True,170.17073170731706
1018P,Kardiološki pregled - prvi,4,lin,2025-10-29,2025-11-26,16340.0,17146.946990050797,True,170.17073170731706
1018P,Kardiološki pregled - prvi,4,ar1,2025-10-29,2025-11-26,16340.0,16796.924076001957,True,170.17073170731706
1018P,Kardiološki pregled - prvi,4,naivni,2025-11-05,2025-12-03,16279.0,16613.0,True,170.21686746987953
1018P,Kardiološki pregled - prvi,4,lin,2025-11-05,2025-12-03,16279.0,17106.64551651986,True,170.21686746987953
1018P,Kardiološki pregled - prvi,4,ar1,2025-11-05,2025-12-03,16279.0,16630.014503920233,True,170.21686746987953
1018P,Kardiološki pregled - prvi,4,naivni,2025-11-12,2025-12-10,16212.0,16567.0,True,168.73809523809524
1018P,Kardiološki pregled - prvi,4,lin,2025-11-12,2025-12-10,16212.0,17065.864705882348,True,168.73809523809524
1018P,Kardiološki pregled - prvi,4,ar1,2025-11-12,2025-12-10,16212.0,16584.799809478995,True,168.73809523809524
1018P,Kardiološki pregled - prvi,4,naivni,2025-11-19,2025-12-17,15945.0,16393.0,True,168.8
1018P,Kardiološki pregled - prvi,4,lin,2025-11-19,2025-12-17,15945.0,17018.3726685221,True,168.8
1018P,Kardiološki pregled - prvi,4,ar1,2025-11-19,2025-12-17,15945.0,16413.075886413662,True,168.8
1018P,Kardiološki pregled - prvi,4,naivni,2025-11-26,2025-12-24,15929.0,16340.0,False,167.45348837209303
1018P,Kardiološki pregled - prvi,4,lin,2025-11-26,2025-12-24,15929.0,16970.38059524677,False,167.45348837209303
1018P,Kardiološki pregled - prvi,4,ar1,2025-11-26,2025-12-24,15929.0,16359.3478892005,False,167.45348837209303
1018P,Kardiološki pregled - prvi,4,naivni,2025-12-03,2025-12-31,15913.0,16279.0,False,166.22988505747125
1018P,Kardiološki pregled - prvi,4,lin,2025-12-03,2025-12-31,15913.0,16921.53704519038,False,166.22988505747125
1018P,Kardiološki pregled - prvi,4,ar1,2025-12-03,2025-12-31,15913.0,16297.234652737137,False,166.22988505747125
1018P,Kardiološki pregled - prvi,4,naivni,2025-12-10,2026-01-07,15897.0,16212.0,True,165.10227272727272
1018P,Kardiološki pregled - prvi,4,lin,2025-12-10,2026-01-07,15897.0,16871.607456588357,True,165.10227272727272
1018P,Kardiološki pregled - prvi,4,ar1,2025-12-10,2026-01-07,15897.0,16228.595492002343,True,165.10227272727272
1018P,Kardiološki pregled - prvi,4,naivni,2025-12-17,2026-01-14,15901.0,15945.0,True,166.24719101123594
1018P,Kardiološki pregled - prvi,4,lin,2025-12-17,2026-01-14,15901.0,16811.323540629153,True,166.24719101123594
1018P,Kardiološki pregled - prvi,4,ar1,2025-12-17,2026-01-14,15901.0,15951.492792657891,True,166.24719101123594
1018P,Kardiološki pregled - prvi,4,naivni,2025-12-24,2026-01-21,16004.0,15929.0,True,164.57777777777778
1018P,Kardiološki pregled - prvi,4,lin,2025-12-24,2026-01-21,16004.0,16752.79210861604,True,164.57777777777778
1018P,Kardiološki pregled - prvi,4,ar1,2025-12-24,2026-01-21,16004.0,15934.191536326167,True,164.57777777777778
1018P,Kardiološki pregled - prvi,4,naivni,2025-12-31,2026-01-28,16267.0,15913.0,True,162.94505494505495
1018P,Kardiološki pregled - prvi,4,lin,2025-12-31,2026-01-28,16267.0,16695.92921874758,True,162.94505494505495
1018P,Kardiološki pregled - prvi,4,ar1,2025-12-31,2026-01-28,16267.0,15916.987780166137,True,162.94505494505495
1018P,Kardiološki pregled - prvi,4,naivni,2026-01-07,2026-02-04,16388.0,15897.0,True,161.34782608695653
1018P,Kardiološki pregled - prvi,4,lin,2026-01-07,2026-02-04,16388.0,16640.655749853286,True,161.34782608695653
1018P,Kardiološki pregled - prvi,4,ar1,2026-01-07,2026-02-04,16388.0,15899.872508246732,True,161.34782608695653
1018P,Kardiološki pregled - prvi,4,naivni,2026-01-14,2026-02-11,16379.0,15901.0,True,159.65591397849462
1018P,Kardiološki pregled - prvi,4,lin,2026-01-14,2026-02-11,16379.0,16587.788455008493,True,159.65591397849462
1018P,Kardiološki pregled - prvi,4,ar1,2026-01-14,2026-02-11,16379.0,15903.994642568434,True,159.65591397849462
1018P,Kardiološki pregled - prvi,4,naivni,2026-01-21,2026-02-18,16714.0,16004.0,True,159.0531914893617
1018P,Kardiološki pregled - prvi,4,lin,2026-01-21,2026-02-18,16714.0,16541.57705067189,True,159.0531914893617
1018P,Kardiološki pregled - prvi,4,ar1,2026-01-21,2026-02-18,16714.0,16011.542240702027,True,159.0531914893617
1018P,Kardiološki pregled - prvi,4,naivni,2026-01-28,2026-02-25,16733.0,16267.0,True,160.14736842105262
1018P,Kardiološki pregled - prvi,4,lin,2026-01-28,2026-02-25,16733.0,16508.678293995286,True,160.14736842105262
1018P,Kardiološki pregled - prvi,4,ar1,2026-01-28,2026-02-25,16733.0,16278.3224942648,True,160.14736842105262
1018P,Kardiološki pregled - prvi,4,naivni,2026-02-04,2026-03-04,16860.0,16388.0,True,159.73958333333334
1018P,Kardiološki pregled - prvi,4,lin,2026-02-04,2026-03-04,16860.0,16482.331895644864,True,159.73958333333334
1018P,Kardiološki pregled - prvi,4,ar1,2026-02-04,2026-03-04,16860.0,16396.912429094216,True,159.73958333333334
1018P,Kardiološki pregled - prvi,4,naivni,2026-02-11,2026-03-11,16931.0,16379.0,True,158.18556701030928
1018P,Kardiološki pregled - prvi,4,lin,2026-02-11,2026-03-11,16931.0,16456.68096704474,True,158.18556701030928
1018P,Kardiološki pregled - prvi,4,ar1,2026-02-11,2026-03-11,16931.0,16387.98548665496,True,158.18556701030928
1018P,Kardiološki pregled - prvi,4,naivni,2026-02-18,2026-03-18,16741.0,16714.0,True,159.98979591836735
1018P,Kardiološki pregled - prvi,4,lin,2026-02-18,2026-03-18,16741.0,16446.21798598227,True,159.98979591836735
1018P,Kardiološki pregled - prvi,4,ar1,2026-02-18,2026-03-18,16741.0,16708.748529543947,True,159.98979591836735
1018P,Kardiološki pregled - prvi,4,naivni,2026-02-25,2026-03-25,16886.0,16733.0,True,158.56565656565655
1018P,Kardiološki pregled - prvi,4,lin,2026-02-25,2026-03-25,16886.0,16437.034557455747,True,158.56565656565655
1018P,Kardiološki pregled - prvi,4,ar1,2026-02-25,2026-03-25,16886.0,16726.608972613132,True,158.56565656565655
1018P,Kardiološki pregled - prvi,4,naivni,2026-03-04,2026-04-01,16744.5,16860.0,False,158.25
1018P,Kardiološki pregled - prvi,4,lin,2026-03-04,2026-04-01,16744.5,16433.53701805475,False,158.25
1018P,Kardiološki pregled - prvi,4,ar1,2026-03-04,2026-04-01,16744.5,16844.95637801478,False,158.25
1018P,Kardiološki pregled - prvi,4,naivni,2026-03-11,2026-04-08,16603.0,16931.0,True,157.3861386138614
1018P,Kardiološki pregled - prvi,4,lin,2026-03-11,2026-04-08,16603.0,16433.173618846748,True,157.3861386138614
1018P,Kardiološki pregled - prvi,4,ar1,2026-03-11,2026-04-08,16603.0,16910.72399114879,True,157.3861386138614
1018P,Kardiološki pregled - prvi,4,naivni,2026-03-18,2026-04-15,16708.0,16741.0,True,157.7058823529412
1018P,Kardiološki pregled - prvi,4,lin,2026-03-18,2026-04-15,16708.0,16425.22731516058,True,157.7058823529412
1018P,Kardiološki pregled - prvi,4,ar1,2026-03-18,2026-04-15,16708.0,16735.50839762572,True,157.7058823529412
1018P,Kardiološki pregled - prvi,4,naivni,2026-03-25,2026-04-22,16887.5,16886.0,False,157.58252427184465
1018P,Kardiološki pregled - prvi,4,lin,2026-03-25,2026-04-22,16887.5,16423.471908673855,False,157.58252427184465
1018P,Kardiološki pregled - prvi,4,ar1,2026-03-25,2026-04-22,16887.5,16870.001394945462,False,157.58252427184465
1018P,Kardiološki pregled - prvi,4,naivni,2026-04-01,2026-04-29,17067.0,16744.5,True,157.4278846153846
1018P,Kardiološki pregled - prvi,4,lin,2026-04-01,2026-04-29,17067.0,16416.25533208929,True,157.4278846153846
1018P,Kardiološki pregled - prvi,4,ar1,2026-04-01,2026-04-29,17067.0,16739.59969936193,True,157.4278846153846
1018P,Kardiološki pregled - prvi,4,naivni,2026-04-08,2026-05-06,16765.0,16603.0,True,157.27619047619046
1018P,Kardiološki pregled - prvi,4,lin,2026-04-08,2026-05-06,16765.0,16403.81534120967,True,157.27619047619046
1018P,Kardiološki pregled - prvi,4,ar1,2026-04-08,2026-05-06,16765.0,16607.935095772085,True,157.27619047619046
1018P,Kardiološki pregled - prvi,4,naivni,2026-04-15,2026-05-13,16896.0,16708.0,True,156.78301886792454
1018P,Kardiološki pregled - prvi,4,lin,2026-04-15,2026-05-13,16896.0,16395.976459178266,True,156.78301886792454
1018P,Kardiološki pregled - prvi,4,ar1,2026-04-15,2026-05-13,16896.0,16705.962207963472,True,156.78301886792454
1018P,Kardiološki pregled - prvi,4,naivni,2026-04-22,2026-05-20,16788.0,16887.5,True,156.99532710280374
1018P,Kardiološki pregled - prvi,4,lin,2026-04-22,2026-05-20,16788.0,16395.413913420405,True,156.99532710280374
1018P,Kardiološki pregled - prvi,4,ar1,2026-04-22,2026-05-20,16788.0,16871.92418140044,True,156.99532710280374
1018P,Kardiološki pregled - prvi,4,naivni,2026-04-29,2026-05-27,16843.0,17067.0,True,157.2037037037037
1018P,Kardiološki pregled - prvi,4,lin,2026-04-29,2026-05-27,16843.0,16401.8175145955,True,157.2037037037037
1018P,Kardiološki pregled - prvi,4,ar1,2026-04-29,2026-05-27,16843.0,17036.15145653441,True,157.2037037037037
1018P,Kardiološki pregled - prvi,4,naivni,2026-05-06,2026-06-03,16753.0,16765.0,True,158.5321100917431
1018P,Kardiološki pregled - prvi,4,lin,2026-05-06,2026-06-03,16753.0,16396.673613146093,True,158.5321100917431
1018P,Kardiološki pregled - prvi,4,ar1,2026-05-06,2026-06-03,16753.0,16761.144755947942,True,158.5321100917431
1018P,Kardiološki pregled - prvi,4,naivni,2026-05-13,2026-06-10,16736.0,16896.0,False,158.28181818181818
1018P,Kardiološki pregled - prvi,4,lin,2026-05-13,2026-06-10,16736.0,16396.69310869311,False,158.28181818181818
1018P,Kardiološki pregled - prvi,4,ar1,2026-05-13,2026-06-10,16736.0,16881.42283494959,False,158.28181818181818
1018P,Kardiološki pregled - prvi,4,naivni,2026-05-20,2026-06-17,16719.0,16788.0,True,157.82882882882882
1018P,Kardiološki pregled - prvi,4,lin,2026-05-20,2026-06-17,16719.0,16392.78598549561,True,157.82882882882882
1018P,Kardiološki pregled - prvi,4,ar1,2026-05-20,2026-06-17,16719.0,16782.848785925384,True,157.82882882882882
1018P,Kardiološki pregled - prvi,4,naivni,2026-05-27,2026-06-24,16949.0,16843.0,True,156.91071428571428
1018P,Kardiološki pregled - prvi,4,lin,2026-05-27,2026-06-24,16949.0,16391.109704571165,True,156.91071428571428
1018P,Kardiološki pregled - prvi,4,ar1,2026-05-27,2026-06-24,16949.0,16833.31097779393,True,156.91071428571428
1018P,Kardiološki pregled - prvi,4,naivni,2026-06-03,2026-07-01,16760.0,16753.0,True,156.31858407079645
1018P,Kardiološki pregled - prvi,4,lin,2026-06-03,2026-07-01,16760.0,16386.286006763727,True,156.31858407079645
1018P,Kardiološki pregled - prvi,4,ar1,2026-06-03,2026-07-01,16760.0,16751.03679373015,True,156.31858407079645
1018P,Kardiološki pregled - prvi,4,naivni,2026-06-10,2026-07-08,16806.0,16736.0,True,155.09649122807016
1018P,Kardiološki pregled - prvi,4,lin,2026-06-10,2026-07-08,16806.0,16381.078252978761,True,155.09649122807016
1018P,Kardiološki pregled - prvi,4,ar1,2026-06-10,2026-07-08,16806.0,16735.446705118076,True,155.09649122807016
1018P,Kardiološki pregled - prvi,4,naivni,2026-06-17,2026-07-15,16912.0,16719.0,True,153.89565217391305
1018P,Kardiološki pregled - prvi,4,lin,2026-06-17,2026-07-15,16912.0,16375.50103217622,True,153.89565217391305
1018P,Kardiološki pregled - prvi,4,ar1,2026-06-17,2026-07-15,16912.0,16719.83209058612,True,153.89565217391305
1941,UZ vratnih žil,1,naivni,2025-03-26,2025-04-02,24669.0,24488.0,True,245.2941176470588
1941,UZ vratnih žil,1,lin,2025-03-26,2025-04-02,24669.0,22799.09502262444,True,245.2941176470588
1941,UZ vratnih žil,1,ar1,2025-03-26,2025-04-02,24669.0,24746.502671122573,True,245.2941176470588
1941,UZ vratnih žil,1,naivni,2025-04-02,2025-04-09,25404.0,24669.0,True,244.05769230769232
1941,UZ vratnih žil,1,lin,2025-04-02,2025-04-09,25404.0,23030.60595065312,True,244.05769230769232
1941,UZ vratnih žil,1,ar1,2025-04-02,2025-04-09,25404.0,24920.95934670444,True,244.05769230769232
1941,UZ vratnih žil,1,naivni,2025-04-09,2025-04-16,25659.0,25404.0,True,253.32075471698113
1941,UZ vratnih žil,1,lin,2025-04-09,2025-04-16,25659.0,23300.719077568127,True,253.32075471698113
1941,UZ vratnih žil,1,ar1,2025-04-09,2025-04-16,25659.0,25755.22276466972,True,253.32075471698113
1941,UZ vratnih žil,1,naivni,2025-04-16,2025-04-23,25944.0,25659.0,True,253.35185185185185
1941,UZ vratnih žil,1,lin,2025-04-16,2025-04-23,25944.0,23571.331313131315,True,253.35185185185185
1941,UZ vratnih žil,1,ar1,2025-04-16,2025-04-23,25944.0,26005.259146703094,True,253.35185185185185
1941,UZ vratnih žil,1,naivni,2025-04-23,2025-04-30,26313.0,25944.0,True,253.92727272727274
1941,UZ vratnih žil,1,lin,2025-04-23,2025-04-30,26313.0,23844.502597402607,True,253.92727272727274
1941,UZ vratnih žil,1,ar1,2025-04-23,2025-04-30,26313.0,26292.182722510977,True,253.92727272727274
1941,UZ vratnih žil,1,naivni,2025-04-30,2025-05-07,26339.0,26313.0,True,255.98214285714286
1941,UZ vratnih žil,1,lin,2025-04-30,2025-05-07,26339.0,24125.885338345863,True,255.98214285714286
1941,UZ vratnih žil,1,ar1,2025-04-30,2025-05-07,26339.0,26678.433498223036,True,255.98214285714286
1941,UZ vratnih žil,1,naivni,2025-05-07,2025-05-14,26820.0,26339.0,True,251.94736842105263
1941,UZ vratnih žil,1,lin,2025-05-07,2025-05-14,26820.0,24391.148820326685,True,251.94736842105263
1941,UZ vratnih žil,1,ar1,2025-05-07,2025-05-14,26820.0,26659.036828485336,True,251.94736842105263
1941,UZ vratnih žil,1,naivni,2025-05-14,2025-05-21,27120.0,26820.0,True,255.89655172413794
1941,UZ vratnih žil,1,lin,2025-05-14,2025-05-21,27120.0,24672.331969608418,True,255.89655172413794
1941,UZ vratnih žil,1,ar1,2025-05-14,2025-05-21,27120.0,27176.101523605885,True,255.89655172413794
1941,UZ vratnih žil,1,naivni,2025-05-21,2025-05-28,27516.0,27120.0,True,256.64406779661016
1941,UZ vratnih žil,1,lin,2025-05-21,2025-05-28,27516.0,24956.141807909593,True,256.64406779661016
1941,UZ vratnih žil,1,ar1,2025-05-21,2025-05-28,27516.0,27479.276354260954,True,256.64406779661016
1941,UZ vratnih žil,1,naivni,2025-05-28,2025-06-04,28048.0,27516.0,True,258.96666666666664
1941,UZ vratnih žil,1,lin,2025-05-28,2025-06-04,28048.0,25248.64590163935,True,258.96666666666664
1941,UZ vratnih žil,1,ar1,2025-05-28,2025-06-04,28048.0,27893.153808186256,True,258.96666666666664
1941,UZ vratnih žil,1,naivni,2025-06-04,2025-06-11,27454.0,28048.0,True,263.44262295081967
1941,UZ vratnih žil,1,lin,2025-06-04,2025-06-11,27454.0,25557.955050237986,True,263.44262295081967
1941,UZ vratnih žil,1,ar1,2025-06-04,2025-06-11,27454.0,28462.73844658977,True,263.44262295081967
1941,UZ vratnih žil,1,naivni,2025-06-11,2025-06-18,28281.0,27454.0,True,268.7741935483871
1941,UZ vratnih žil,1,lin,2025-06-11,2025-06-18,28281.0,25811.34459805428,True,268.7741935483871
1941,UZ vratnih žil,1,ar1,2025-06-11,2025-06-18,28281.0,27736.516606523015,True,268.7741935483871
1941,UZ vratnih žil,1,naivni,2025-06-18,2025-06-25,28320.0,28281.0,False,277.63492063492066
1941,UZ vratnih žil,1,lin,2025-06-18,2025-06-25,28320.0,26101.52529761904,False,277.63492063492066
1941,UZ vratnih žil,1,ar1,2025-06-18,2025-06-25,28320.0,28636.78478087411,False,277.63492063492066
1941,UZ vratnih žil,1,naivni,2025-06-25,2025-07-02,28359.0,28320.0,True,273.90625
1941,UZ vratnih žil,1,lin,2025-06-25,2025-07-02,28359.0,26377.43605769232,True,273.90625
1941,UZ vratnih žil,1,ar1,2025-06-25,2025-07-02,28359.0,28644.218205676723,True,273.90625
1941,UZ vratnih žil,1,naivni,2025-07-02,2025-07-09,28353.0,28359.0,True,270.2923076923077
1941,UZ vratnih žil,1,lin,2025-07-02,2025-07-09,28353.0,26640.022843822837,True,270.2923076923077
1941,UZ vratnih žil,1,ar1,2025-07-02,2025-07-09,28353.0,28657.24433304509,True,270.2923076923077
1941,UZ vratnih žil,1,naivni,2025-07-09,2025-07-16,27558.0,28353.0,True,266.2878787878788
1941,UZ vratnih žil,1,lin,2025-07-09,2025-07-16,27558.0,26887.470827679776,True,266.2878787878788
1941,UZ vratnih žil,1,ar1,2025-07-09,2025-07-16,27558.0,28624.79286474522,True,266.2878787878788
1941,UZ vratnih žil,1,naivni,2025-07-16,2025-07-23,28572.0,27558.0,True,274.17910447761193
1941,UZ vratnih žil,1,lin,2025-07-16,2025-07-23,28572.0,27074.350307287077,True,274.17910447761193
1941,UZ vratnih žil,1,ar1,2025-07-16,2025-07-23,28572.0,27739.585641542802,True,274.17910447761193
1941,UZ vratnih žil,1,naivni,2025-07-23,2025-07-30,28431.0,28572.0,True,285.05882352941177
1941,UZ vratnih žil,1,lin,2025-07-23,2025-07-30,28431.0,27309.464620630864,True,285.05882352941177
1941,UZ vratnih žil,1,ar1,2025-07-23,2025-07-30,28431.0,28817.870070407505,True,285.05882352941177
1941,UZ vratnih žil,1,naivni,2025-07-30,2025-08-06,28707.0,28431.0,True,282.9710144927536
1941,UZ vratnih žil,1,lin,2025-07-30,2025-08-06,28707.0,27523.70683229813,True,282.9710144927536
1941,UZ vratnih žil,1,ar1,2025-07-30,2025-08-06,28707.0,28647.146870309298,True,282.9710144927536
1941,UZ vratnih žil,1,naivni,2025-08-06,2025-08-13,28723.0,28707.0,True,282.87142857142857
1941,UZ vratnih žil,1,lin,2025-08-06,2025-08-13,28723.0,27741.879678068413,True,282.87142857142857
1941,UZ vratnih žil,1,ar1,2025-08-06,2025-08-13,28723.0,28930.00239417043,True,282.87142857142857
1941,UZ vratnih žil,1,naivni,2025-08-13,2025-08-20,27115.0,28723.0,True,279.11267605633805
1941,UZ vratnih žil,1,lin,2025-08-13,2025-08-20,27115.0,27949.283646322358,True,279.11267605633805
1941,UZ vratnih žil,1,ar1,2025-08-13,2025-08-20,27115.0,28932.486601132015,True,279.11267605633805
1941,UZ vratnih žil,1,naivni,2025-08-20,2025-08-27,28635.0,27115.0,True,297.56944444444446
1941,UZ vratnih žil,1,lin,2025-08-20,2025-08-27,28635.0,28057.58675799086,True,297.56944444444446
1941,UZ vratnih žil,1,ar1,2025-08-20,2025-08-27,28635.0,27219.367131494077,True,297.56944444444446
1941,UZ vratnih žil,1,naivni,2025-08-27,2025-09-03,28217.0,28635.0,True,314.3150684931507
1941,UZ vratnih žil,1,lin,2025-08-27,2025-09-03,28217.0,28241.888930025914,True,314.3150684931507
1941,UZ vratnih žil,1,ar1,2025-08-27,2025-09-03,28217.0,28799.324195959474,True,314.3150684931507
1941,UZ vratnih žil,1,naivni,2025-09-03,2025-09-10,27994.0,28217.0,True,315.7162162162162
1941,UZ vratnih žil,1,lin,2025-09-03,2025-09-10,27994.0,28394.27639639639,True,315.7162162162162
1941,UZ vratnih žil,1,ar1,2025-09-03,2025-09-10,27994.0,28349.63046159807,True,315.7162162162162
1941,UZ vratnih žil,1,naivni,2025-09-10,2025-09-17,27862.0,27994.0,True,314.48
1941,UZ vratnih žil,1,lin,2025-09-10,2025-09-17,27862.0,28526.89789473683,True,314.48
1941,UZ vratnih žil,1,ar1,2025-09-10,2025-09-17,27862.0,28110.50005265583,True,314.48
1941,UZ vratnih žil,1,naivni,2025-09-17,2025-09-24,27586.0,27862.0,True,312.07894736842104
1941,UZ vratnih žil,1,lin,2025-09-17,2025-09-24,27586.0,28645.636021872862,True,312.07894736842104
1941,UZ vratnih žil,1,ar1,2025-09-17,2025-09-24,27586.0,27968.462907454108,True,312.07894736842104
1941,UZ vratnih žil,1,naivni,2025-09-24,2025-10-01,27884.0,27586.0,True,311.61038961038963
1941,UZ vratnih žil,1,lin,2025-09-24,2025-10-01,27884.0,28743.909756909758,True,311.61038961038963
1941,UZ vratnih žil,1,ar1,2025-09-24,2025-10-01,27884.0,27679.079292336803,True,311.61038961038963
1941,UZ vratnih žil,1,naivni,2025-10-01,2025-10-08,28060.0,27884.0,True,311.43589743589746
1941,UZ vratnih žil,1,lin,2025-10-01,2025-10-08,28060.0,28851.952288218123,True,311.43589743589746
1941,UZ vratnih žil,1,ar1,2025-10-01,2025-10-08,28060.0,27982.707398622464,True,311.43589743589746
1941,UZ vratnih žil,1,naivni,2025-10-08,2025-10-15,27955.0,28060.0,True,309.72151898734177
1941,UZ vratnih žil,1,lin,2025-10-08,2025-10-15,27955.0,28963.12056962025,True,309.72151898734177
1941,UZ vratnih žil,1,ar1,2025-10-08,2025-10-15,27955.0,28160.651609973324,True,309.72151898734177
1941,UZ vratnih žil,1,naivni,2025-10-15,2025-10-22,28289.0,27955.0,True,307.1625
1941,UZ vratnih žil,1,lin,2025-10-15,2025-10-22,28289.0,29063.369444444448,True,307.1625
1941,UZ vratnih žil,1,ar1,2025-10-15,2025-10-22,28289.0,28048.615043713504,True,307.1625
1941,UZ vratnih žil,1,naivni,2025-10-22,2025-10-29,28694.0,28289.0,True,307.4938271604938
1941,UZ vratnih žil,1,lin,2025-10-22,2025-10-29,28694.0,29174.71725383919,True,307.4938271604938
1941,UZ vratnih žil,1,ar1,2025-10-22,2025-10-29,28694.0,28389.33720688836,True,307.4938271604938
1941,UZ vratnih žil,1,naivni,2025-10-29,2025-11-05,28325.0,28694.0,True,308.6829268292683
1941,UZ vratnih žil,1,lin,2025-10-29,2025-11-05,28325.0,29299.98942109903,True,308.6829268292683
1941,UZ vratnih žil,1,ar1,2025-10-29,2025-11-05,28325.0,28804.055584403603,True,308.6829268292683
1941,UZ vratnih žil,1,naivni,2025-11-05,2025-11-12,28115.0,28325.0,True,309.4096385542169
1941,UZ vratnih žil,1,lin,2025-11-05,2025-11-12,28115.0,29401.586919104993,True,309.4096385542169
1941,UZ vratnih žil,1,ar1,2025-11-05,2025-11-12,28115.0,28418.512060131947,True,309.4096385542169
1941,UZ vratnih žil,1,naivni,2025-11-12,2025-11-19,28342.0,28115.0,True,308.2261904761905
1941,UZ vratnih žil,1,lin,2025-11-12,2025-11-19,28342.0,29488.247899159665,True,308.2261904761905
1941,UZ vratnih žil,1,ar1,2025-11-12,2025-11-19,28342.0,28199.587207577577,True,308.2261904761905
1941,UZ vratnih žil,1,naivni,2025-11-19,2025-11-26,28127.0,28342.0,True,307.2705882352941
1941,UZ vratnih žil,1,lin,2025-11-19,2025-11-26,28127.0,29581.08426812586,True,307.2705882352941
1941,UZ vratnih žil,1,ar1,2025-11-19,2025-11-26,28127.0,28429.555584181067,True,307.2705882352941
1941,UZ vratnih žil,1,naivni,2025-11-26,2025-12-03,28348.0,28127.0,True,306.19767441860466
1941,UZ vratnih žil,1,lin,2025-11-26,2025-12-03,28348.0,29659.46083934776,True,306.19767441860466
1941,UZ vratnih žil,1,ar1,2025-11-26,2025-12-03,28348.0,28206.460060956008,True,306.19767441860466
1941,UZ vratnih žil,1,naivni,2025-12-03,2025-12-10,27794.0,28348.0,True,305.2183908045977
1941,UZ vratnih žil,1,lin,2025-12-03,2025-12-10,27794.0,29743.94043887147,True,305.2183908045977
1941,UZ vratnih žil,1,ar1,2025-12-03,2025-12-10,27794.0,28430.02450697306,True,305.2183908045977
1941,UZ vratnih žil,1,naivni,2025-12-10,2025-12-17,27793.0,27794.0,True,308.04545454545456
1941,UZ vratnih žil,1,lin,2025-12-10,2025-12-17,27793.0,29799.389427987742,True,308.04545454545456
1941,UZ vratnih žil,1,ar1,2025-12-10,2025-12-17,27793.0,27862.08843234848,True,308.04545454545456
1941,UZ vratnih žil,1,naivni,2025-12-17,2025-12-24,27792.666666666668,27793.0,False,304.59550561797755
1941,UZ vratnih žil,1,lin,2025-12-17,2025-12-24,27792.666666666668,29851.84269662921,False,304.59550561797755
1941,UZ vratnih žil,1,ar1,2025-12-17,2025-12-24,27792.666666666668,27859.312525766432,False,304.59550561797755
1941,UZ vratnih žil,1,naivni,2025-12-24,2025-12-31,27792.333333333332,27792.666666666668,False,301.2148148148148
1941,UZ vratnih žil,1,lin,2025-12-24,2025-12-31,27792.333333333332,29901.48571428573,False,301.2148148148148
1941,UZ vratnih žil,1,ar1,2025-12-24,2025-12-31,27792.333333333332,27857.303556385672,False,301.2148148148148
1941,UZ vratnih žil,1,naivni,2025-12-31,2026-01-07,27792.0,27792.333333333332,True,297.90842490842493
1941,UZ vratnih žil,1,lin,2025-12-31,2026-01-07,27792.0,29948.463927376957,True,297.90842490842493
1941,UZ vratnih žil,1,ar1,2025-12-31,2026-01-07,27792.0,27855.377233929412,True,297.90842490842493
1941,UZ vratnih žil,1,naivni,2026-01-07,2026-01-14,27922.0,27792.0,True,294.67391304347825
1941,UZ vratnih žil,1,lin,2026-01-07,2026-01-14,27922.0,29992.91421224871,True,294.67391304347825
1941,UZ vratnih žil,1,ar1,2026-01-07,2026-01-14,27922.0,27853.52760190323,True,294.67391304347825
1941,UZ vratnih žil,1,naivni,2026-01-14,2026-01-21,28082.0,27922.0,True,292.9032258064516
1941,UZ vratnih žil,1,lin,2026-01-14,2026-01-21,28082.0,30040.511553420278,True,292.9032258064516
1941,UZ vratnih žil,1,ar1,2026-01-14,2026-01-21,28082.0,27983.753052556218,True,292.9032258064516
1941,UZ vratnih žil,1,naivni,2026-01-21,2026-01-28,28455.0,28082.0,True,291.48936170212767
1941,UZ vratnih žil,1,lin,2026-01-21,2026-01-28,28455.0,30092.377827547592,True,291.48936170212767
1941,UZ vratnih žil,1,ar1,2026-01-21,2026-01-28,28455.0,28144.428110394663,True,291.48936170212767
1941,UZ vratnih žil,1,naivni,2026-01-28,2026-02-04,28479.0,28455.0,True,292.34736842105264
1941,UZ vratnih žil,1,lin,2026-01-28,2026-02-04,28479.0,30157.19517543859,True,292.34736842105264
1941,UZ vratnih žil,1,ar1,2026-01-28,2026-02-04,28479.0,28521.412736996346,True,292.34736842105264
1941,UZ vratnih žil,1,naivni,2026-02-04,2026-02-11,28594.0,28479.0,True,289.5520833333333
1941,UZ vratnih žil,1,lin,2026-02-04,2026-02-11,28594.0,30219.977663230253,True,289.5520833333333
1941,UZ vratnih žil,1,ar1,2026-02-04,2026-02-11,28594.0,28544.092244245752,True,289.5520833333333
1941,UZ vratnih žil,1,naivni,2026-02-11,2026-02-18,29143.0,28594.0,True,287.7525773195876
1941,UZ vratnih žil,1,lin,2026-02-11,2026-02-18,29143.0,30284.538396802018,True,287.7525773195876
1941,UZ vratnih žil,1,ar1,2026-02-11,2026-02-18,29143.0,28659.281773572846,True,287.7525773195876
1941,UZ vratnih žil,1,naivni,2026-02-18,2026-02-25,29036.0,29143.0,True,290.4183673469388
1941,UZ vratnih žil,1,lin,2026-02-18,2026-02-25,29036.0,30368.337250051536,True,290.4183673469388
1941,UZ vratnih žil,1,ar1,2026-02-18,2026-02-25,29036.0,29216.28024672482,True,290.4183673469388
1941,UZ vratnih žil,1,naivni,2026-02-25,2026-03-04,29111.0,29036.0,True,288.5656565656566
1941,UZ vratnih žil,1,lin,2026-02-25,2026-03-04,29111.0,30444.273535353543,True,288.5656565656566
1941,UZ vratnih žil,1,ar1,2026-02-25,2026-03-04,29111.0,29105.085996278853,True,288.5656565656566
1941,UZ vratnih žil,1,naivni,2026-03-04,2026-03-11,29384.0,29111.0,True,286.43
1941,UZ vratnih žil,1,lin,2026-03-04,2026-03-11,29384.0,30519.908910891092,True,286.43
1941,UZ vratnih žil,1,ar1,2026-03-04,2026-03-11,29384.0,29179.6159664549,True,286.43
1941,UZ vratnih žil,1,naivni,2026-03-11,2026-03-18,29662.0,29384.0,True,286.2970297029703
1941,UZ vratnih žil,1,lin,2026-03-11,2026-03-18,29662.0,30603.0252378179,True,286.2970297029703
1941,UZ vratnih žil,1,ar1,2026-03-11,2026-03-18,29662.0,29455.937861772127,True,286.2970297029703
1941,UZ vratnih žil,1,naivni,2026-03-18,2026-03-25,29485.0,29662.0,True,286.2156862745098
1941,UZ vratnih žil,1,lin,2026-03-18,2026-03-25,29485.0,30693.493622691807,True,286.2156862745098
1941,UZ vratnih žil,1,ar1,2026-03-18,2026-03-25,29485.0,29737.67294671217,True,286.2156862745098
1941,UZ vratnih žil,1,naivni,2026-03-25,2026-04-01,29260.5,29485.0,False,285.15533980582524
1941,UZ vratnih žil,1,lin,2026-03-25,2026-04-01,29260.5,30773.499066467513,False,285.15533980582524
1941,UZ vratnih žil,1,ar1,2026-03-25,2026-04-01,29260.5,29554.826644188233,False,285.15533980582524
1941,UZ vratnih žil,1,naivni,2026-04-01,2026-04-08,29036.0,29260.5,True,284.57211538461536
1941,UZ vratnih žil,1,lin,2026-04-01,2026-04-08,29036.0,30841.68296703296,True,284.57211538461536
1941,UZ vratnih žil,1,ar1,2026-04-01,2026-04-08,29036.0,29324.44040805787,True,284.57211538461536
1941,UZ vratnih žil,1,naivni,2026-04-08,2026-04-15,28874.0,29036.0,True,284.0
1941,UZ vratnih žil,1,lin,2026-04-08,2026-04-15,28874.0,30898.55031446542,True,284.0
1941,UZ vratnih žil,1,ar1,2026-04-08,2026-04-15,28874.0,29094.99493783937,True,284.0
1941,UZ vratnih žil,1,naivni,2026-04-15,2026-04-22,28992.0,28874.0,False,282.8490566037736
1941,UZ vratnih žil,1,lin,2026-04-15,2026-04-22,28992.0,30946.917298536413,False,282.8490566037736
1941,UZ vratnih žil,1,ar1,2026-04-15,2026-04-22,28992.0,28929.61916200311,False,282.8490566037736
1941,UZ vratnih žil,1,naivni,2026-04-22,2026-04-29,29110.0,28992.0,True,281.30841121495325
1941,UZ vratnih žil,1,lin,2026-04-22,2026-04-29,29110.0,30997.51289373485,True,281.30841121495325
1941,UZ vratnih žil,1,ar1,2026-04-22,2026-04-29,29110.0,29047.760397232425,True,281.30841121495325
1941,UZ vratnih žil,1,naivni,2026-04-29,2026-05-06,29498.0,29110.0,True,279.7962962962963
1941,UZ vratnih žil,1,lin,2026-04-29,2026-05-06,29498.0,31050.249915052664,True,279.7962962962963
1941,UZ vratnih žil,1,ar1,2026-04-29,2026-05-06,29498.0,29165.927898154594,True,279.7962962962963
1941,UZ vratnih žil,1,naivni,2026-05-06,2026-05-13,29573.0,29498.0,True,280.7889908256881
1941,UZ vratnih žil,1,lin,2026-05-06,2026-05-13,29573.0,31114.863469557975,True,280.7889908256881
1941,UZ vratnih žil,1,ar1,2026-05-06,2026-05-13,29573.0,29557.629800363688,True,280.7889908256881
1941,UZ vratnih žil,1,naivni,2026-05-13,2026-05-20,28621.0,29573.0,True,278.91818181818184
1941,UZ vratnih žil,1,lin,2026-05-13,2026-05-20,28621.0,31179.597051597048,True,278.91818181818184
1941,UZ vratnih žil,1,ar1,2026-05-13,2026-05-20,28621.0,29632.309735292216,True,278.91818181818184
1941,UZ vratnih žil,1,naivni,2026-05-20,2026-05-27,28836.0,28621.0,True,284.98198198198196
1941,UZ vratnih žil,1,lin,2026-05-20,2026-05-27,28836.0,31207.770672458173,True,284.98198198198196
1941,UZ vratnih žil,1,ar1,2026-05-20,2026-05-27,28836.0,28668.11066498413,True,284.98198198198196
1941,UZ vratnih žil,1,naivni,2026-05-27,2026-06-03,28651.0,28836.0,True,284.35714285714283
1941,UZ vratnih žil,1,lin,2026-05-27,2026-06-03,28651.0,31242.15328697851,True,284.35714285714283
1941,UZ vratnih žil,1,ar1,2026-05-27,2026-06-03,28651.0,28883.671933933245,True,284.35714285714283
1941,UZ vratnih žil,1,naivni,2026-06-03,2026-06-10,28153.5,28651.0,False,283.4778761061947
1941,UZ vratnih žil,1,lin,2026-06-03,2026-06-10,28153.5,31268.47003570874,False,283.4778761061947
1941,UZ vratnih žil,1,ar1,2026-06-03,2026-06-10,28153.5,28696.54618614269,False,283.4778761061947
1941,UZ vratnih žil,1,naivni,2026-06-10,2026-06-17,27656.0,28153.5,True,285.35526315789474
1941,UZ vratnih žil,1,lin,2026-06-10,2026-06-17,27656.0,31276.17177726925,True,285.35526315789474
1941,UZ vratnih žil,1,ar1,2026-06-10,2026-06-17,27656.0,28196.087419667896,True,285.35526315789474
1941,UZ vratnih žil,1,naivni,2026-06-17,2026-06-24,27853.0,27656.0,True,287.2
1941,UZ vratnih žil,1,lin,2026-06-17,2026-06-24,27853.0,31265.98575712145,True,287.2
1941,UZ vratnih žil,1,ar1,2026-06-17,2026-06-24,27853.0,27697.40709855724,True,287.2
1941,UZ vratnih žil,1,naivni,2026-06-24,2026-07-01,28747.0,27853.0,True,286.42241379310343
1941,UZ vratnih žil,1,lin,2026-06-24,2026-07-01,28747.0,31262.349543177123,True,286.42241379310343
1941,UZ vratnih žil,1,ar1,2026-06-24,2026-07-01,28747.0,27893.733302522134,True,286.42241379310343
1941,UZ vratnih žil,1,naivni,2026-07-01,2026-07-08,28597.0,28747.0,True,291.61538461538464
1941,UZ vratnih žil,1,lin,2026-07-01,2026-07-08,28597.0,31288.64725481675,True,291.61538461538464
1941,UZ vratnih žil,1,ar1,2026-07-01,2026-07-08,28597.0,28788.305243117564,True,291.61538461538464
1941,UZ vratnih žil,1,naivni,2026-07-08,2026-07-15,28688.0,28597.0,True,290.41525423728814
1941,UZ vratnih žil,1,lin,2026-07-08,2026-07-15,28688.0,31308.66073208945,True,290.41525423728814
1941,UZ vratnih žil,1,ar1,2026-07-08,2026-07-15,28688.0,28637.007843218842,True,290.41525423728814
1941,UZ vratnih žil,4,naivni,2025-03-26,2025-04-23,25944.0,24488.0,True,245.2941176470588
1941,UZ vratnih žil,4,lin,2025-03-26,2025-04-23,25944.0,23070.25309485188,True,245.2941176470588
1941,UZ vratnih žil,4,ar1,2025-03-26,2025-04-23,25944.0,25571.42847456339,True,245.2941176470588
1941,UZ vratnih žil,4,naivni,2025-04-02,2025-04-30,26313.0,24669.0,True,244.05769230769232
1941,UZ vratnih žil,4,lin,2025-04-02,2025-04-30,26313.0,23313.524431543297,True,244.05769230769232
1941,UZ vratnih žil,4,ar1,2025-04-02,2025-04-30,26313.0,25721.058050068285,True,244.05769230769232
1941,UZ vratnih žil,4,naivni,2025-04-09,2025-05-07,26339.0,25404.0,True,253.32075471698113
1941,UZ vratnih žil,4,lin,2025-04-09,2025-05-07,26339.0,23598.021764817982,True,253.32075471698113
1941,UZ vratnih žil,4,ar1,2025-04-09,2025-05-07,26339.0,26901.541199785133,True,253.32075471698113
1941,UZ vratnih žil,4,naivni,2025-04-16,2025-05-14,26820.0,25659.0,True,253.35185185185185
1941,UZ vratnih žil,4,lin,2025-04-16,2025-05-14,26820.0,23882.416161616165,True,253.35185185185185
1941,UZ vratnih žil,4,ar1,2025-04-16,2025-05-14,26820.0,27129.301324192973,True,253.35185185185185
1941,UZ vratnih žil,4,naivni,2025-04-23,2025-05-21,27120.0,25944.0,True,253.92727272727274
1941,UZ vratnih žil,4,lin,2025-04-23,2025-05-21,27120.0,24168.96715652769,True,253.92727272727274
1941,UZ vratnih žil,4,ar1,2025-04-23,2025-05-21,27120.0,27418.986712459293,True,253.92727272727274
1941,UZ vratnih žil,4,naivni,2025-04-30,2025-05-28,27516.0,26313.0,True,255.98214285714286
1941,UZ vratnih žil,4,lin,2025-04-30,2025-05-28,27516.0,24463.789992221933,True,255.98214285714286
1941,UZ vratnih žil,4,ar1,2025-04-30,2025-05-28,27516.0,27862.19404845735,True,255.98214285714286
1941,UZ vratnih žil,4,naivni,2025-05-07,2025-06-04,28048.0,26339.0,True,251.94736842105263
1941,UZ vratnih žil,4,lin,2025-05-07,2025-06-04,28048.0,24740.694638407833,True,251.94736842105263
1941,UZ vratnih žil,4,ar1,2025-05-07,2025-06-04,28048.0,27680.892774725547,True,251.94736842105263
1941,UZ vratnih žil,4,naivni,2025-05-14,2025-06-11,27454.0,26820.0,True,255.89655172413794
1941,UZ vratnih žil,4,lin,2025-05-14,2025-06-11,27454.0,25034.227878433667,True,255.89655172413794
1941,UZ vratnih žil,4,ar1,2025-05-14,2025-06-11,27454.0,28320.012638300323,True,255.89655172413794
1941,UZ vratnih žil,4,naivni,2025-05-21,2025-06-18,28281.0,27120.0,True,256.64406779661016
1941,UZ vratnih žil,4,lin,2025-05-21,2025-06-18,28281.0,25330.07542835972,True,256.64406779661016
1941,UZ vratnih žil,4,ar1,2025-05-21,2025-06-18,28281.0,28631.063456028824,True,256.64406779661016
1941,UZ vratnih žil,4,naivni,2025-05-28,2025-06-25,28320.0,27516.0,False,258.96666666666664
1941,UZ vratnih žil,4,lin,2025-05-28,2025-06-25,28320.0,25634.76287678477,False,258.96666666666664
1941,UZ vratnih žil,4,ar1,2025-05-28,2025-06-25,28320.0,29103.73345404207,False,258.96666666666664
1941,UZ vratnih žil,4,naivni,2025-06-04,2025-07-02,28359.0,28048.0,True,263.44262295081967
1941,UZ vratnih žil,4,lin,2025-06-04,2025-07-02,28359.0,25956.972274684613,True,263.44262295081967
1941,UZ vratnih žil,4,ar1,2025-06-04,2025-07-02,28359.0,29800.433198838593,True,263.44262295081967
1941,UZ vratnih žil,4,naivni,2025-06-11,2025-07-09,28353.0,27454.0,True,268.7741935483871
1941,UZ vratnih žil,4,lin,2025-06-11,2025-07-09,28353.0,26218.82630888377,True,268.7741935483871
1941,UZ vratnih žil,4,ar1,2025-06-11,2025-07-09,28353.0,28620.489801291675,True,268.7741935483871
1941,UZ vratnih žil,4,naivni,2025-06-18,2025-07-16,27558.0,28281.0,True,277.63492063492066
1941,UZ vratnih žil,4,lin,2025-06-18,2025-07-16,27558.0,26519.69301739926,True,277.63492063492066
1941,UZ vratnih žil,4,ar1,2025-06-18,2025-07-16,27558.0,29765.250131524426,True,277.63492063492066
1941,UZ vratnih žil,4,naivni,2025-06-25,2025-07-23,28572.0,28320.0,True,273.90625
1941,UZ vratnih žil,4,lin,2025-06-25,2025-07-23,28572.0,26804.912062937077,True,273.90625
1941,UZ vratnih žil,4,ar1,2025-06-25,2025-07-23,28572.0,29664.29348644619,True,273.90625
1941,UZ vratnih žil,4,naivni,2025-07-02,2025-07-30,28431.0,28359.0,True,270.2923076923077
1941,UZ vratnih žil,4,lin,2025-07-02,2025-07-30,28431.0,27075.564916675357,True,270.2923076923077
1941,UZ vratnih žil,4,ar1,2025-07-02,2025-07-30,28431.0,29589.38844547965,True,270.2923076923077
1941,UZ vratnih žil,4,naivni,2025-07-09,2025-08-06,28707.0,28353.0,True,266.2878787878788
1941,UZ vratnih žil,4,lin,2025-07-09,2025-08-06,28707.0,27329.780589033435,True,266.2878787878788
1941,UZ vratnih žil,4,ar1,2025-07-09,2025-08-06,28707.0,29468.742048528453,True,266.2878787878788
1941,UZ vratnih žil,4,naivni,2025-07-16,2025-08-13,28723.0,27558.0,True,274.17910447761193
1941,UZ vratnih žil,4,lin,2025-07-16,2025-08-13,28723.0,27519.232431194396,True,274.17910447761193
1941,UZ vratnih žil,4,ar1,2025-07-16,2025-08-13,28723.0,28291.64313292069,True,274.17910447761193
1941,UZ vratnih žil,4,naivni,2025-07-23,2025-08-20,27115.0,28572.0,True,285.05882352941177
1941,UZ vratnih žil,4,lin,2025-07-23,2025-08-20,27115.0,27759.92804774084,True,285.05882352941177
1941,UZ vratnih žil,4,ar1,2025-07-23,2025-08-20,27115.0,29575.601322108494,True,285.05882352941177
1941,UZ vratnih žil,4,naivni,2025-07-30,2025-08-27,28635.0,28431.0,True,282.9710144927536
1941,UZ vratnih žil,4,lin,2025-07-30,2025-08-27,28635.0,27978.232158166385,True,282.9710144927536
1941,UZ vratnih žil,4,ar1,2025-07-30,2025-08-27,28635.0,29308.687903588936,True,282.9710144927536
1941,UZ vratnih žil,4,naivni,2025-08-06,2025-09-03,28217.0,28707.0,True,282.87142857142857
1941,UZ vratnih žil,4,lin,2025-08-06,2025-09-03,28217.0,28200.571529175053,True,282.87142857142857
1941,UZ vratnih žil,4,ar1,2025-08-06,2025-09-03,28217.0,29613.193406834398,True,282.87142857142857
1941,UZ vratnih žil,4,naivni,2025-08-13,2025-09-10,27994.0,28723.0,True,279.11267605633805
1941,UZ vratnih žil,4,lin,2025-08-13,2025-09-10,27994.0,28411.3354985315,True,279.11267605633805
1941,UZ vratnih žil,4,ar1,2025-08-13,2025-09-10,27994.0,29572.15644960432,True,279.11267605633805
1941,UZ vratnih žil,4,naivni,2025-08-20,2025-09-17,27862.0,27115.0,True,297.56944444444446
1941,UZ vratnih žil,4,lin,2025-08-20,2025-09-17,27862.0,28516.858694310737,True,297.56944444444446
1941,UZ vratnih žil,4,ar1,2025-08-20,2025-09-17,27862.0,27529.446981542067,True,297.56944444444446
1941,UZ vratnih žil,4,naivni,2025-08-27,2025-09-24,27586.0,28635.0,True,314.3150684931507
1941,UZ vratnih žil,4,lin,2025-08-27,2025-09-24,27586.0,28703.0335579415,True,314.3150684931507
1941,UZ vratnih žil,4,ar1,2025-08-27,2025-09-24,27586.0,29295.099182831895,True,314.3150684931507
1941,UZ vratnih žil,4,naivni,2025-09-03,2025-10-01,27884.0,28217.0,True,315.7162162162162
1941,UZ vratnih žil,4,lin,2025-09-03,2025-10-01,27884.0,28855.342427690844,True,315.7162162162162
1941,UZ vratnih žil,4,ar1,2025-09-03,2025-10-01,27884.0,28746.6412203363,True,315.7162162162162
1941,UZ vratnih žil,4,naivni,2025-09-10,2025-10-08,28060.0,27994.0,True,314.48
1941,UZ vratnih žil,4,lin,2025-09-10,2025-10-08,28060.0,28986.732727272716,True,314.48
1941,UZ vratnih žil,4,ar1,2025-09-10,2025-10-08,28060.0,28457.735898896964,True,314.48
1941,UZ vratnih žil,4,naivni,2025-09-17,2025-10-15,27955.0,27862.0,True,312.07894736842104
1941,UZ vratnih žil,4,lin,2025-09-17,2025-10-15,27955.0,29103.478153425523,True,312.07894736842104
1941,UZ vratnih žil,4,ar1,2025-09-17,2025-10-15,27955.0,28284.909168093436,True,312.07894736842104
1941,UZ vratnih žil,4,naivni,2025-09-24,2025-10-22,28289.0,27586.0,True,311.61038961038963
1941,UZ vratnih žil,4,lin,2025-09-24,2025-10-22,28289.0,29198.656554416048,True,311.61038961038963
1941,UZ vratnih žil,4,ar1,2025-09-24,2025-10-22,28289.0,27954.64650717257,True,311.61038961038963
1941,UZ vratnih žil,4,naivni,2025-10-01,2025-10-29,28694.0,27884.0,True,311.43589743589746
1941,UZ vratnih žil,4,lin,2025-10-01,2025-10-29,28694.0,29304.249975657265,True,311.43589743589746
1941,UZ vratnih žil,4,ar1,2025-10-01,2025-10-29,28694.0,28275.50614923199,True,311.43589743589746
1941,UZ vratnih žil,4,naivni,2025-10-08,2025-11-05,28325.0,28060.0,True,309.72151898734177
1941,UZ vratnih žil,4,lin,2025-10-08,2025-11-05,28325.0,29413.21838959212,True,309.72151898734177
1941,UZ vratnih žil,4,ar1,2025-10-08,2025-11-05,28325.0,28459.441520868044,True,309.72151898734177
1941,UZ vratnih žil,4,naivni,2025-10-15,2025-11-12,28115.0,27955.0,True,307.1625
1941,UZ vratnih žil,4,lin,2025-10-15,2025-11-12,28115.0,29510.735230352308,True,307.1625
1941,UZ vratnih žil,4,ar1,2025-10-15,2025-11-12,28115.0,28325.964632158364,True,307.1625
1941,UZ vratnih žil,4,naivni,2025-10-22,2025-11-19,28342.0,28289.0,True,307.4938271604938
1941,UZ vratnih žil,4,lin,2025-10-22,2025-11-19,28342.0,29620.035045330358,True,307.4938271604938
1941,UZ vratnih žil,4,ar1,2025-10-22,2025-11-19,28342.0,28687.255915096695,True,307.4938271604938
1941,UZ vratnih žil,4,naivni,2025-10-29,2025-11-26,28127.0,28694.0,True,308.6829268292683
1941,UZ vratnih žil,4,lin,2025-10-29,2025-11-26,28127.0,29744.066118131064,True,308.6829268292683
1941,UZ vratnih žil,4,ar1,2025-10-29,2025-11-26,28127.0,29131.764980302516,True,308.6829268292683
1941,UZ vratnih žil,4,naivni,2025-11-05,2025-12-03,28348.0,28325.0,True,309.4096385542169
1941,UZ vratnih žil,4,lin,2025-11-05,2025-12-03,28348.0,29843.205659613246,True,309.4096385542169
1941,UZ vratnih žil,4,ar1,2025-11-05,2025-12-03,28348.0,28695.66846392196,True,309.4096385542169
1941,UZ vratnih žil,4,naivni,2025-11-12,2025-12-10,27794.0,28115.0,True,308.2261904761905
1941,UZ vratnih žil,4,lin,2025-11-12,2025-12-10,27794.0,29926.69857338284,True,308.2261904761905
1941,UZ vratnih žil,4,ar1,2025-11-12,2025-12-10,27794.0,28449.62546902282,True,308.2261904761905
1941,UZ vratnih žil,4,naivni,2025-11-19,2025-12-17,27793.0,28342.0,True,307.2705882352941
1941,UZ vratnih žil,4,lin,2025-11-19,2025-12-17,27793.0,30016.7773291193,True,307.2705882352941
1941,UZ vratnih žil,4,ar1,2025-11-19,2025-12-17,27793.0,28688.668751924964,True,307.2705882352941
1941,UZ vratnih žil,4,naivni,2025-11-26,2025-12-24,27792.666666666668,28127.0,False,306.19767441860466
1941,UZ vratnih žil,4,lin,2025-11-26,2025-12-24,27792.666666666668,30091.735206920843,False,306.19767441860466
1941,UZ vratnih žil,4,ar1,2025-11-26,2025-12-24,27792.666666666668,28441.02912805511,False,306.19767441860466
1941,UZ vratnih žil,4,naivni,2025-12-03,2025-12-31,27792.333333333332,28348.0,False,305.2183908045977
1941,UZ vratnih žil,4,lin,2025-12-03,2025-12-31,27792.333333333332,30173.200723820926,False,305.2183908045977
1941,UZ vratnih žil,4,ar1,2025-12-03,2025-12-31,27792.333333333332,28672.42675998801,False,305.2183908045977
1941,UZ vratnih žil,4,naivni,2025-12-10,2026-01-07,27792.0,27794.0,True,308.04545454545456
1941,UZ vratnih žil,4,lin,2025-12-10,2026-01-07,27792.0,30224.26782431052,True,308.04545454545456
1941,UZ vratnih žil,4,ar1,2025-12-10,2026-01-07,27792.0,28062.31333591778,True,308.04545454545456
1941,UZ vratnih žil,4,naivni,2025-12-17,2026-01-14,27922.0,27793.0,True,304.59550561797755
1941,UZ vratnih žil,4,lin,2025-12-17,2026-01-14,27922.0,30272.31144585751,True,304.59550561797755
1941,UZ vratnih žil,4,ar1,2025-12-17,2026-01-14,27922.0,28054.224335624705,True,304.59550561797755
1941,UZ vratnih žil,4,naivni,2025-12-24,2026-01-21,28082.0,27792.666666666668,True,301.2148148148148
1941,UZ vratnih žil,4,lin,2025-12-24,2026-01-21,28082.0,30317.527185857634,True,301.2148148148148
1941,UZ vratnih žil,4,ar1,2025-12-24,2026-01-21,28082.0,28047.207042299946,True,301.2148148148148
1941,UZ vratnih žil,4,naivni,2025-12-31,2026-01-28,28455.0,27792.333333333332,True,297.90842490842493
1941,UZ vratnih žil,4,lin,2025-12-31,2026-01-28,28455.0,30360.06819197631,True,297.90842490842493
1941,UZ vratnih žil,4,ar1,2025-12-31,2026-01-28,28455.0,28040.523426723445,True,297.90842490842493
1941,UZ vratnih žil,4,naivni,2026-01-07,2026-02-04,28479.0,27792.0,True,294.67391304347825
1941,UZ vratnih žil,4,lin,2026-01-07,2026-02-04,28479.0,30400.07826285896,True,294.67391304347825
1941,UZ vratnih žil,4,ar1,2026-01-07,2026-02-04,28479.0,28034.14915578266,True,294.67391304347825
1941,UZ vratnih žil,4,naivni,2026-01-14,2026-02-11,28594.0,27922.0,True,292.9032258064516
1941,UZ vratnih žil,4,lin,2026-01-14,2026-02-11,28594.0,30443.50130886586,True,292.9032258064516
1941,UZ vratnih žil,4,ar1,2026-01-14,2026-02-11,28594.0,28165.112259772097,True,292.9032258064516
1941,UZ vratnih žil,4,naivni,2026-01-21,2026-02-18,29143.0,28082.0,True,291.48936170212767
1941,UZ vratnih žil,4,lin,2026-01-21,2026-02-18,29143.0,30491.502099664052,True,291.48936170212767
1941,UZ vratnih žil,4,ar1,2026-01-21,2026-02-18,29143.0,28327.88061018409,True,291.48936170212767
1941,UZ vratnih žil,4,naivni,2026-01-28,2026-02-25,29036.0,28455.0,True,292.34736842105264
1941,UZ vratnih žil,4,lin,2026-01-28,2026-02-25,29036.0,30553.154413094584,True,292.34736842105264
1941,UZ vratnih žil,4,ar1,2026-01-28,2026-02-25,29036.0,28716.951994853007,True,292.34736842105264
1941,UZ vratnih žil,4,naivni,2026-02-04,2026-03-04,29111.0,28479.0,True,289.5520833333333
1941,UZ vratnih žil,4,lin,2026-02-04,2026-03-04,29111.0,30612.759169647252,True,289.5520833333333
1941,UZ vratnih žil,4,ar1,2026-02-04,2026-03-04,29111.0,28735.69012589161,True,289.5520833333333
1941,UZ vratnih žil,4,naivni,2026-02-11,2026-03-11,29384.0,28594.0,True,287.7525773195876
1941,UZ vratnih žil,4,lin,2026-02-11,2026-03-11,29384.0,30674.303247072025,True,287.7525773195876
1941,UZ vratnih žil,4,ar1,2026-02-11,2026-03-11,29384.0,28851.499324728353,True,287.7525773195876
1941,UZ vratnih žil,4,naivni,2026-02-18,2026-03-18,29662.0,29143.0,True,290.4183673469388
1941,UZ vratnih žil,4,lin,2026-02-18,2026-03-18,29662.0,30756.02657596372,True,290.4183673469388
1941,UZ vratnih žil,4,ar1,2026-02-18,2026-03-18,29662.0,29432.720870953708,True,290.4183673469388
1941,UZ vratnih žil,4,naivni,2026-02-25,2026-03-25,29485.0,29036.0,True,288.5656565656566
1941,UZ vratnih žil,4,lin,2026-02-25,2026-03-25,29485.0,30829.588398839893,True,288.5656565656566
1941,UZ vratnih žil,4,ar1,2026-02-25,2026-03-25,29485.0,29308.88224821432,True,288.5656565656566
1941,UZ vratnih žil,4,naivni,2026-03-04,2026-04-01,29260.5,29111.0,False,286.43
1941,UZ vratnih žil,4,lin,2026-03-04,2026-04-01,29260.5,30902.894234129297,False,286.43
1941,UZ vratnih žil,4,ar1,2026-03-04,2026-04-01,29260.5,29382.033636481177,False,286.43
1941,UZ vratnih žil,4,naivni,2026-03-11,2026-04-08,29036.0,29384.0,True,286.2970297029703
1941,UZ vratnih žil,4,lin,2026-03-11,2026-04-08,29036.0,30984.064400729054,True,286.2970297029703
1941,UZ vratnih žil,4,ar1,2026-03-11,2026-04-08,29036.0,29668.440018174057,True,286.2970297029703
1941,UZ vratnih žil,4,naivni,2026-03-18,2026-04-15,28874.0,29662.0,True,286.2156862745098
1941,UZ vratnih žil,4,lin,2026-03-18,2026-04-15,28874.0,31072.95152586801,True,286.2156862745098
1941,UZ vratnih žil,4,ar1,2026-03-18,2026-04-15,28874.0,29961.518206778812,True,286.2156862745098
1941,UZ vratnih žil,4,naivni,2026-03-25,2026-04-22,28992.0,29485.0,False,285.15533980582524
1941,UZ vratnih žil,4,lin,2026-03-25,2026-04-22,28992.0,31150.96494718873,False,285.15533980582524
1941,UZ vratnih žil,4,ar1,2026-03-25,2026-04-22,28992.0,29761.019976946438,False,285.15533980582524
1941,UZ vratnih žil,4,naivni,2026-04-01,2026-04-29,29110.0,29260.5,True,284.57211538461536
1941,UZ vratnih žil,4,lin,2026-04-01,2026-04-29,29110.0,31216.701948994396,True,284.57211538461536
1941,UZ vratnih žil,4,ar1,2026-04-01,2026-04-29,29110.0,29512.892526783322,True,284.57211538461536
1941,UZ vratnih žil,4,naivni,2026-04-08,2026-05-06,29498.0,29036.0,True,284.0
1941,UZ vratnih žil,4,lin,2026-04-08,2026-05-06,29498.0,31270.70363839418,True,284.0
1941,UZ vratnih žil,4,ar1,2026-04-08,2026-05-06,29498.0,29268.56790140199,True,284.0
1941,UZ vratnih žil,4,naivni,2026-04-15,2026-05-13,29573.0,28874.0,True,282.8490566037736
1941,UZ vratnih žil,4,lin,2026-04-15,2026-05-13,29573.0,31315.917117302455,True,282.8490566037736
1941,UZ vratnih žil,4,ar1,2026-04-15,2026-05-13,29573.0,29093.055663674193,True,282.8490566037736
1941,UZ vratnih žil,4,naivni,2026-04-22,2026-05-20,28621.0,28992.0,True,281.30841121495325
1941,UZ vratnih žil,4,lin,2026-04-22,2026-05-20,28621.0,31363.523542319643,True,281.30841121495325
1941,UZ vratnih žil,4,ar1,2026-04-22,2026-05-20,28621.0,29211.666571852733,True,281.30841121495325
1941,UZ vratnih žil,4,naivni,2026-04-29,2026-05-27,28836.0,29110.0,True,279.7962962962963
1941,UZ vratnih žil,4,lin,2026-04-29,2026-05-27,28836.0,31413.42693293794,True,279.7962962962963
1941,UZ vratnih žil,4,ar1,2026-04-29,2026-05-27,28836.0,29330.381342513334,True,279.7962962962963
1941,UZ vratnih žil,4,naivni,2026-05-06,2026-06-03,28651.0,29498.0,True,280.7889908256881
1941,UZ vratnih žil,4,lin,2026-05-06,2026-06-03,28651.0,31475.75215833015,True,280.7889908256881
1941,UZ vratnih žil,4,ar1,2026-05-06,2026-06-03,28651.0,29733.282032102223,True,280.7889908256881
1941,UZ vratnih žil,4,naivni,2026-05-13,2026-06-10,28153.5,29573.0,False,278.91818181818184
1941,UZ vratnih žil,4,lin,2026-05-13,2026-06-10,28153.5,31538.25331256581,False,278.91818181818184
1941,UZ vratnih žil,4,ar1,2026-05-13,2026-06-10,28153.5,29807.03441191568,False,278.91818181818184
1941,UZ vratnih žil,4,naivni,2026-05-20,2026-06-17,27656.0,28621.0,True,284.98198198198196
1941,UZ vratnih žil,4,lin,2026-05-20,2026-06-17,27656.0,31562.78796796164,True,284.98198198198196
1941,UZ vratnih žil,4,ar1,2026-05-20,2026-06-17,27656.0,28806.107957038763,True,284.98198198198196
1941,UZ vratnih žil,4,naivni,2026-05-27,2026-06-24,27853.0,28836.0,True,284.35714285714283
1941,UZ vratnih žil,4,lin,2026-05-27,2026-06-24,27853.0,31593.856510745893,True,284.35714285714283
1941,UZ vratnih žil,4,ar1,2026-05-27,2026-06-24,27853.0,29023.41896516038,True,284.35714285714283
1941,UZ vratnih žil,4,naivni,2026-06-03,2026-07-01,28747.0,28651.0,True,283.4778761061947
1941,UZ vratnih žil,4,lin,2026-06-03,2026-07-01,28747.0,31616.615611942514,True,283.4778761061947
1941,UZ vratnih žil,4,ar1,2026-06-03,2026-07-01,28747.0,28829.91726399842,True,283.4778761061947
1941,UZ vratnih žil,4,naivni,2026-06-10,2026-07-08,28597.0,28153.5,True,285.35526315789474
1941,UZ vratnih žil,4,lin,2026-06-10,2026-07-08,28597.0,31620.114245508816,True,285.35526315789474
1941,UZ vratnih žil,4,ar1,2026-06-10,2026-07-08,28597.0,28320.498461726427,True,285.35526315789474
1941,UZ vratnih žil,4,naivni,2026-06-17,2026-07-15,28688.0,27656.0,True,287.2
1941,UZ vratnih žil,4,lin,2026-06-17,2026-07-15,28688.0,31605.126936531742,True,287.2
1941,UZ vratnih žil,4,ar1,2026-06-17,2026-07-15,28688.0,27818.12315161608,True,287.2
1755,MR glave brez kontrasta,1,naivni,2025-03-26,2025-04-02,4192.0,4178.0,True,92.54901960784314
1755,MR glave brez kontrasta,1,lin,2025-03-26,2025-04-02,4192.0,3256.8574660633494,True,92.54901960784314
1755,MR glave brez kontrasta,1,ar1,2025-03-26,2025-04-02,4192.0,4152.700044587669,True,92.54901960784314
1755,MR glave brez kontrasta,1,naivni,2025-04-02,2025-04-09,4263.0,4192.0,True,91.03846153846153
1755,MR glave brez kontrasta,1,lin,2025-04-02,2025-04-09,4263.0,3300.89840348331,True,91.03846153846153
1755,MR glave brez kontrasta,1,ar1,2025-04-02,2025-04-09,4263.0,4166.938252732812,True,91.03846153846153
1755,MR glave brez kontrasta,1,naivni,2025-04-09,2025-04-16,4441.0,4263.0,True,90.66037735849056
1755,MR glave brez kontrasta,1,lin,2025-04-09,2025-04-16,4441.0,3347.589797344515,True,90.66037735849056
1755,MR glave brez kontrasta,1,ar1,2025-04-09,2025-04-16,4441.0,4236.957884616286,True,90.66037735849056
1755,MR glave brez kontrasta,1,naivni,2025-04-16,2025-04-23,4583.0,4441.0,True,92.27777777777777
1755,MR glave brez kontrasta,1,lin,2025-04-16,2025-04-23,4583.0,3404.4787878787893,True,92.27777777777777
1755,MR glave brez kontrasta,1,ar1,2025-04-16,2025-04-23,4583.0,4412.615338585474,True,92.27777777777777
1755,MR glave brez kontrasta,1,naivni,2025-04-23,2025-04-30,4594.0,4583.0,True,93.18181818181819
1755,MR glave brez kontrasta,1,lin,2025-04-23,2025-04-30,4594.0,3468.1571428571433,True,93.18181818181819
1755,MR glave brez kontrasta,1,ar1,2025-04-23,2025-04-30,4594.0,4554.693770501093,True,93.18181818181819
1755,MR glave brez kontrasta,1,naivni,2025-04-30,2025-05-07,4538.0,4594.0,True,91.71428571428571
1755,MR glave brez kontrasta,1,lin,2025-04-30,2025-05-07,4538.0,3528.877192982456,True,91.71428571428571
1755,MR glave brez kontrasta,1,ar1,2025-04-30,2025-05-07,4538.0,4566.774650715161,True,91.71428571428571
1755,MR glave brez kontrasta,1,naivni,2025-05-07,2025-05-14,4567.0,4538.0,True,91.08771929824562
1755,MR glave brez kontrasta,1,lin,2025-05-07,2025-05-14,4567.0,3582.2286751361185,True,91.08771929824562
1755,MR glave brez kontrasta,1,ar1,2025-05-07,2025-05-14,4567.0,4511.696944999466,True,91.08771929824562
1755,MR glave brez kontrasta,1,naivni,2025-05-14,2025-05-21,4762.0,4567.0,True,90.01724137931035
1755,MR glave brez kontrasta,1,lin,2025-05-14,2025-05-21,4762.0,3634.518994739917,True,90.01724137931035
1755,MR glave brez kontrasta,1,ar1,2025-05-14,2025-05-21,4762.0,4541.489893362532,True,90.01724137931035
1755,MR glave brez kontrasta,1,naivni,2025-05-21,2025-05-28,4873.0,4762.0,True,91.79661016949153
1755,MR glave brez kontrasta,1,lin,2025-05-21,2025-05-28,4873.0,3696.879661016948,True,91.79661016949153
1755,MR glave brez kontrasta,1,ar1,2025-05-21,2025-05-28,4873.0,4738.329165761548,True,91.79661016949153
1755,MR glave brez kontrasta,1,naivni,2025-05-28,2025-06-04,5048.0,4873.0,True,92.11666666666666
1755,MR glave brez kontrasta,1,lin,2025-05-28,2025-06-04,5048.0,3763.045901639345,True,92.11666666666666
1755,MR glave brez kontrasta,1,ar1,2025-05-28,2025-06-04,5048.0,4852.717171662072,True,92.11666666666666
1755,MR glave brez kontrasta,1,naivni,2025-06-04,2025-06-11,4610.0,5048.0,True,93.47540983606558
1755,MR glave brez kontrasta,1,lin,2025-06-04,2025-06-11,4610.0,3836.8556319407735,True,93.47540983606558
1755,MR glave brez kontrasta,1,ar1,2025-06-04,2025-06-11,4610.0,5034.9051741650455,True,93.47540983606558
1755,MR glave brez kontrasta,1,naivni,2025-06-11,2025-06-18,5081.0,4610.0,True,99.03225806451613
1755,MR glave brez kontrasta,1,lin,2025-06-11,2025-06-18,5081.0,3878.8274449564783,True,99.03225806451613
1755,MR glave brez kontrasta,1,ar1,2025-06-11,2025-06-18,5081.0,4585.70822758746,True,99.03225806451613
1755,MR glave brez kontrasta,1,naivni,2025-06-18,2025-06-25,5018.5,5081.0,False,104.93650793650794
1755,MR glave brez kontrasta,1,lin,2025-06-18,2025-06-25,5018.5,3947.997023809523,False,104.93650793650794
1755,MR glave brez kontrasta,1,ar1,2025-06-18,2025-06-25,5018.5,5060.955709103629,False,104.93650793650794
1755,MR glave brez kontrasta,1,naivni,2025-06-25,2025-07-02,4956.0,5018.5,True,104.2734375
1755,MR glave brez kontrasta,1,lin,2025-06-25,2025-07-02,4956.0,4009.6418269230785,True,104.2734375
1755,MR glave brez kontrasta,1,ar1,2025-06-25,2025-07-02,4956.0,4997.423111090508,True,104.2734375
1755,MR glave brez kontrasta,1,naivni,2025-07-02,2025-07-09,4865.0,4956.0,True,103.63076923076923
1755,MR glave brez kontrasta,1,lin,2025-07-02,2025-07-09,4865.0,4064.2617715617725,True,103.63076923076923
1755,MR glave brez kontrasta,1,ar1,2025-07-02,2025-07-09,4865.0,4934.3846154230505,True,103.63076923076923
1755,MR glave brez kontrasta,1,naivni,2025-07-09,2025-07-16,4789.0,4865.0,True,103.43939393939394
1755,MR glave brez kontrasta,1,lin,2025-07-09,2025-07-16,4789.0,4110.616010854815,True,103.43939393939394
1755,MR glave brez kontrasta,1,ar1,2025-07-09,2025-07-16,4789.0,4842.823470766777,True,103.43939393939394
1755,MR glave brez kontrasta,1,naivni,2025-07-16,2025-07-23,4847.0,4789.0,True,103.02985074626865
1755,MR glave brez kontrasta,1,lin,2025-07-16,2025-07-23,4847.0,4150.1244512730445,True,103.02985074626865
1755,MR glave brez kontrasta,1,ar1,2025-07-16,2025-07-23,4847.0,4767.0556463920175,True,103.02985074626865
1755,MR glave brez kontrasta,1,naivni,2025-07-23,2025-07-30,4736.0,4847.0,True,102.36764705882354
1755,MR glave brez kontrasta,1,lin,2025-07-23,2025-07-30,4736.0,4190.994032395568,True,102.36764705882354
1755,MR glave brez kontrasta,1,ar1,2025-07-23,2025-07-30,4736.0,4826.008697485764,True,102.36764705882354
1755,MR glave brez kontrasta,1,naivni,2025-07-30,2025-08-06,4760.0,4736.0,True,102.4927536231884
1755,MR glave brez kontrasta,1,lin,2025-07-30,2025-08-06,4760.0,4223.473913043476,True,102.4927536231884
1755,MR glave brez kontrasta,1,ar1,2025-07-30,2025-08-06,4760.0,4715.271079701045,True,102.4927536231884
1755,MR glave brez kontrasta,1,naivni,2025-08-06,2025-08-13,4645.0,4760.0,True,101.37142857142857
1755,MR glave brez kontrasta,1,lin,2025-08-06,2025-08-13,4645.0,4255.695372233402,True,101.37142857142857
1755,MR glave brez kontrasta,1,ar1,2025-08-06,2025-08-13,4645.0,4739.804110235437,True,101.37142857142857
1755,MR glave brez kontrasta,1,naivni,2025-08-13,2025-08-20,4242.0,4645.0,True,101.56338028169014
1755,MR glave brez kontrasta,1,lin,2025-08-13,2025-08-20,4242.0,4279.947769953046,True,101.56338028169014
1755,MR glave brez kontrasta,1,ar1,2025-08-13,2025-08-20,4242.0,4625.7245447041905,True,101.56338028169014
1755,MR glave brez kontrasta,1,naivni,2025-08-20,2025-08-27,4372.0,4242.0,True,105.75
1755,MR glave brez kontrasta,1,lin,2025-08-20,2025-08-27,4372.0,4280.93721461187,True,105.75
1755,MR glave brez kontrasta,1,ar1,2025-08-20,2025-08-27,4372.0,4229.274053671914,True,105.75
1755,MR glave brez kontrasta,1,naivni,2025-08-27,2025-09-03,4465.0,4372.0,True,106.08219178082192
1755,MR glave brez kontrasta,1,lin,2025-08-27,2025-09-03,4465.0,4288.886153276566,True,106.08219178082192
1755,MR glave brez kontrasta,1,ar1,2025-08-27,2025-09-03,4465.0,4356.4258183610145,True,106.08219178082192
1755,MR glave brez kontrasta,1,naivni,2025-09-03,2025-09-10,4544.0,4465.0,True,105.9054054054054
1755,MR glave brez kontrasta,1,lin,2025-09-03,2025-09-10,4544.0,4301.403963963965,True,105.9054054054054
1755,MR glave brez kontrasta,1,ar1,2025-09-03,2025-09-10,4544.0,4447.673879794777,True,105.9054054054054
1755,MR glave brez kontrasta,1,naivni,2025-09-10,2025-09-17,4766.0,4544.0,True,105.54666666666667
1755,MR glave brez kontrasta,1,lin,2025-09-10,2025-09-17,4766.0,4317.482631578945,True,105.54666666666667
1755,MR glave brez kontrasta,1,ar1,2025-09-10,2025-09-17,4766.0,4525.466972335763,True,105.54666666666667
1755,MR glave brez kontrasta,1,naivni,2025-09-17,2025-09-24,4956.0,4766.0,True,107.07894736842105
1755,MR glave brez kontrasta,1,lin,2025-09-17,2025-09-24,4956.0,4344.341421736159,True,107.07894736842105
1755,MR glave brez kontrasta,1,ar1,2025-09-17,2025-09-24,4956.0,4744.680421339379,True,107.07894736842105
1755,MR glave brez kontrasta,1,naivni,2025-09-24,2025-10-01,5187.0,4956.0,True,108.15584415584415
1755,MR glave brez kontrasta,1,lin,2025-09-24,2025-10-01,5187.0,4379.715784215784,True,108.15584415584415
1755,MR glave brez kontrasta,1,ar1,2025-09-24,2025-10-01,5187.0,4934.746680593067,True,108.15584415584415
1755,MR glave brez kontrasta,1,naivni,2025-10-01,2025-10-08,5300.0,5187.0,True,109.73076923076923
1755,MR glave brez kontrasta,1,lin,2025-10-01,2025-10-08,5300.0,4425.1937682570615,True,109.73076923076923
1755,MR glave brez kontrasta,1,ar1,2025-10-01,2025-10-08,5300.0,5169.349172844116,True,109.73076923076923
1755,MR glave brez kontrasta,1,naivni,2025-10-08,2025-10-15,5604.0,5300.0,True,109.77215189873418
1755,MR glave brez kontrasta,1,lin,2025-10-08,2025-10-15,5604.0,4474.303322784808,True,109.77215189873418
1755,MR glave brez kontrasta,1,ar1,2025-10-08,2025-10-15,5604.0,5286.4494165138485,True,109.77215189873418
1755,MR glave brez kontrasta,1,naivni,2025-10-15,2025-10-22,5681.0,5604.0,True,112.2
1755,MR glave brez kontrasta,1,lin,2025-10-15,2025-10-22,5681.0,4536.270061728397,True,112.2
1755,MR glave brez kontrasta,1,ar1,2025-10-15,2025-10-22,5681.0,5605.071234070158,True,112.2
1755,MR glave brez kontrasta,1,naivni,2025-10-22,2025-10-29,5728.0,5681.0,True,111.76543209876543
1755,MR glave brez kontrasta,1,lin,2025-10-22,2025-10-29,5728.0,4599.310298102979,True,111.76543209876543
1755,MR glave brez kontrasta,1,ar1,2025-10-22,2025-10-29,5728.0,5687.270706455199,True,111.76543209876543
1755,MR glave brez kontrasta,1,naivni,2025-10-29,2025-11-05,5742.0,5728.0,True,110.97560975609755
1755,MR glave brez kontrasta,1,lin,2025-10-29,2025-11-05,5742.0,4661.913899500442,True,110.97560975609755
1755,MR glave brez kontrasta,1,ar1,2025-10-29,2025-11-05,5742.0,5737.178950438674,True,110.97560975609755
1755,MR glave brez kontrasta,1,naivni,2025-11-05,2025-11-12,5896.0,5742.0,True,109.80722891566265
1755,MR glave brez kontrasta,1,lin,2025-11-05,2025-11-12,5896.0,4722.526821572003,True,109.80722891566265
1755,MR glave brez kontrasta,1,ar1,2025-11-05,2025-11-12,5896.0,5751.518326263496,True,109.80722891566265
1755,MR glave brez kontrasta,1,naivni,2025-11-12,2025-11-19,6014.0,5896.0,True,110.33333333333333
1755,MR glave brez kontrasta,1,lin,2025-11-12,2025-11-19,6014.0,4787.836974789917,True,110.33333333333333
1755,MR glave brez kontrasta,1,ar1,2025-11-12,2025-11-19,6014.0,5915.992502683128,True,110.33333333333333
1755,MR glave brez kontrasta,1,naivni,2025-11-19,2025-11-26,6157.0,6014.0,True,110.4235294117647
1755,MR glave brez kontrasta,1,lin,2025-11-19,2025-11-26,6157.0,4855.918878248975,True,110.4235294117647
1755,MR glave brez kontrasta,1,ar1,2025-11-19,2025-11-26,6157.0,6042.256164221531,True,110.4235294117647
1755,MR glave brez kontrasta,1,naivni,2025-11-26,2025-12-03,6275.0,6157.0,True,110.80232558139535
1755,MR glave brez kontrasta,1,lin,2025-11-26,2025-12-03,6275.0,4927.7730553327965,True,110.80232558139535
1755,MR glave brez kontrasta,1,ar1,2025-11-26,2025-12-03,6275.0,6195.972327283705,True,110.80232558139535
1755,MR glave brez kontrasta,1,naivni,2025-12-03,2025-12-10,6473.0,6275.0,True,110.88505747126437
1755,MR glave brez kontrasta,1,lin,2025-12-03,2025-12-10,6473.0,5002.064655172414,True,110.88505747126437
1755,MR glave brez kontrasta,1,ar1,2025-12-03,2025-12-10,6473.0,6322.324848732846,True,110.88505747126437
1755,MR glave brez kontrasta,1,naivni,2025-12-10,2025-12-17,6480.0,6473.0,True,111.875
1755,MR glave brez kontrasta,1,lin,2025-12-10,2025-12-17,6480.0,5082.260214504598,True,111.875
1755,MR glave brez kontrasta,1,ar1,2025-12-10,2025-12-17,6480.0,6537.204815964115,True,111.875
1755,MR glave brez kontrasta,1,naivni,2025-12-17,2025-12-24,6453.0,6480.0,False,110.69662921348315
1755,MR glave brez kontrasta,1,lin,2025-12-17,2025-12-24,6453.0,5159.569912609239,False,110.69662921348315
1755,MR glave brez kontrasta,1,ar1,2025-12-17,2025-12-24,6453.0,6539.230580354603,False,110.69662921348315
1755,MR glave brez kontrasta,1,naivni,2025-12-24,2025-12-31,6426.0,6453.0,False,109.76666666666667
1755,MR glave brez kontrasta,1,lin,2025-12-24,2025-12-31,6426.0,5232.6358974359,False,109.76666666666667
1755,MR glave brez kontrasta,1,ar1,2025-12-24,2025-12-31,6426.0,6504.647726265964,False,109.76666666666667
1755,MR glave brez kontrasta,1,naivni,2025-12-31,2026-01-07,6399.0,6426.0,True,108.85714285714286
1755,MR glave brez kontrasta,1,lin,2025-12-31,2026-01-07,6399.0,5301.66017677974,True,108.85714285714286
1755,MR glave brez kontrasta,1,ar1,2025-12-31,2026-01-07,6399.0,6471.378099206115,True,108.85714285714286
1755,MR glave brez kontrasta,1,naivni,2026-01-07,2026-01-14,6573.0,6399.0,True,107.96739130434783
1755,MR glave brez kontrasta,1,lin,2026-01-07,2026-01-14,6573.0,5366.833333333332,True,107.96739130434783
1755,MR glave brez kontrasta,1,ar1,2026-01-07,2026-01-14,6573.0,6439.115492597889,True,107.96739130434783
1755,MR glave brez kontrasta,1,naivni,2026-01-14,2026-01-21,6725.0,6573.0,True,108.6774193548387
1755,MR glave brez kontrasta,1,lin,2026-01-14,2026-01-21,6725.0,5436.888469457792,True,108.6774193548387
1755,MR glave brez kontrasta,1,ar1,2026-01-14,2026-01-21,6725.0,6624.283930788998,True,108.6774193548387
1755,MR glave brez kontrasta,1,naivni,2026-01-21,2026-01-28,6925.0,6725.0,True,109.13829787234043
1755,MR glave brez kontrasta,1,lin,2026-01-21,2026-01-28,6925.0,5510.6640537513995,True,109.13829787234043
1755,MR glave brez kontrasta,1,ar1,2026-01-21,2026-01-28,6925.0,6785.947676901547,True,109.13829787234043
1755,MR glave brez kontrasta,1,naivni,2026-01-28,2026-02-04,7142.0,6925.0,True,110.09473684210526
1755,MR glave brez kontrasta,1,lin,2026-01-28,2026-02-04,7142.0,5589.981469298245,True,110.09473684210526
1755,MR glave brez kontrasta,1,ar1,2026-01-28,2026-02-04,7142.0,7000.320972764412,True,110.09473684210526
1755,MR glave brez kontrasta,1,naivni,2026-02-04,2026-02-11,7249.0,7142.0,True,111.20833333333333
1755,MR glave brez kontrasta,1,lin,2026-02-04,2026-02-11,7249.0,5675.280283505159,True,111.20833333333333
1755,MR glave brez kontrasta,1,ar1,2026-02-04,2026-02-11,7249.0,7233.857594269666,True,111.20833333333333
1755,MR glave brez kontrasta,1,naivni,2026-02-11,2026-02-18,7482.0,7249.0,True,111.16494845360825
1755,MR glave brez kontrasta,1,lin,2026-02-11,2026-02-18,7482.0,5761.791394908479,True,111.16494845360825
1755,MR glave brez kontrasta,1,ar1,2026-02-11,2026-02-18,7482.0,7344.991599362136,True,111.16494845360825
1755,MR glave brez kontrasta,1,naivni,2026-02-18,2026-02-25,7507.0,7482.0,True,112.40816326530613
1755,MR glave brez kontrasta,1,lin,2026-02-18,2026-02-25,7507.0,5854.545660688518,True,112.40816326530613
1755,MR glave brez kontrasta,1,ar1,2026-02-18,2026-02-25,7507.0,7596.152205297012,True,112.40816326530613
1755,MR glave brez kontrasta,1,naivni,2026-02-25,2026-03-04,7447.0,7507.0,True,111.52525252525253
1755,MR glave brez kontrasta,1,lin,2026-02-25,2026-03-04,7447.0,5944.937272727274,True,111.52525252525253
1755,MR glave brez kontrasta,1,ar1,2026-02-25,2026-03-04,7447.0,7614.26987464314,True,111.52525252525253
1755,MR glave brez kontrasta,1,naivni,2026-03-04,2026-03-11,7524.0,7447.0,True,111.01
1755,MR glave brez kontrasta,1,lin,2026-03-04,2026-03-11,7524.0,6029.7,True,111.01
1755,MR glave brez kontrasta,1,ar1,2026-03-04,2026-03-11,7524.0,7539.493447874179,True,111.01
1755,MR glave brez kontrasta,1,naivni,2026-03-11,2026-03-18,7623.0,7524.0,True,110.67326732673267
1755,MR glave brez kontrasta,1,lin,2026-03-11,2026-03-18,7623.0,6114.449912638323,True,110.67326732673267
1755,MR glave brez kontrasta,1,ar1,2026-03-11,2026-03-18,7623.0,7617.236674518838,True,110.67326732673267
1755,MR glave brez kontrasta,1,naivni,2026-03-18,2026-03-25,7847.0,7623.0,True,110.55882352941177
1755,MR glave brez kontrasta,1,lin,2026-03-18,2026-03-25,7847.0,6200.037692747004,True,110.55882352941177
1755,MR glave brez kontrasta,1,ar1,2026-03-18,2026-03-25,7847.0,7719.024125731903,True,110.55882352941177
1755,MR glave brez kontrasta,1,naivni,2026-03-25,2026-04-01,7936.5,7847.0,False,111.66019417475728
1755,MR glave brez kontrasta,1,lin,2026-03-25,2026-04-01,7936.5,6291.230675877519,False,111.66019417475728
1755,MR glave brez kontrasta,1,ar1,2026-03-25,2026-04-01,7936.5,7957.811676999504,False,111.66019417475728
1755,MR glave brez kontrasta,1,naivni,2026-04-01,2026-04-08,8026.0,7936.5,True,111.44711538461539
1755,MR glave brez kontrasta,1,lin,2026-04-01,2026-04-08,8026.0,6382.660805860805,True,111.44711538461539
1755,MR glave brez kontrasta,1,ar1,2026-04-01,2026-04-08,8026.0,8048.117886499672,True,111.44711538461539
1755,MR glave brez kontrasta,1,naivni,2026-04-08,2026-04-15,8157.0,8026.0,True,111.23809523809524
1755,MR glave brez kontrasta,1,lin,2026-04-08,2026-04-15,8157.0,6474.31374663073,True,111.23809523809524
1755,MR glave brez kontrasta,1,ar1,2026-04-08,2026-04-15,8157.0,8138.3638798893,True,111.23809523809524
1755,MR glave brez kontrasta,1,naivni,2026-04-15,2026-04-22,8197.5,8157.0,False,111.4245283018868
1755,MR glave brez kontrasta,1,lin,2026-04-15,2026-04-22,8197.5,6567.727384940925,False,111.4245283018868
1755,MR glave brez kontrasta,1,ar1,2026-04-15,2026-04-22,8197.5,8274.090794509702,False,111.4245283018868
1755,MR glave brez kontrasta,1,naivni,2026-04-22,2026-04-29,8238.0,8197.5,True,110.76168224299066
1755,MR glave brez kontrasta,1,lin,2026-04-22,2026-04-29,8238.0,6659.47248182762,True,110.76168224299066
1755,MR glave brez kontrasta,1,ar1,2026-04-22,2026-04-29,8238.0,8310.293797516115,True,110.76168224299066
1755,MR glave brez kontrasta,1,naivni,2026-04-29,2026-05-06,8284.0,8238.0,True,110.11111111111111
1755,MR glave brez kontrasta,1,lin,2026-04-29,2026-05-06,8284.0,6749.613914373088,True,110.11111111111111
1755,MR glave brez kontrasta,1,ar1,2026-04-29,2026-05-06,8284.0,8346.97399209974,True,110.11111111111111
1755,MR glave brez kontrasta,1,naivni,2026-05-06,2026-05-13,8379.0,8284.0,True,109.5229357798165
1755,MR glave brez kontrasta,1,lin,2026-05-06,2026-05-13,8379.0,6838.413511259384,True,109.5229357798165
1755,MR glave brez kontrasta,1,ar1,2026-05-06,2026-05-13,8379.0,8390.031917223501,True,109.5229357798165
1755,MR glave brez kontrasta,1,naivni,2026-05-13,2026-05-20,8401.0,8379.0,True,109.39090909090909
1755,MR glave brez kontrasta,1,lin,2026-05-13,2026-05-20,8401.0,6927.6878787878795,True,109.39090909090909
1755,MR glave brez kontrasta,1,ar1,2026-05-13,2026-05-20,8401.0,8486.487008532808,True,109.39090909090909
1755,MR glave brez kontrasta,1,naivni,2026-05-20,2026-05-27,8404.0,8401.0,True,108.6036036036036
1755,MR glave brez kontrasta,1,lin,2026-05-20,2026-05-27,8404.0,7014.807432432433,True,108.6036036036036
1755,MR glave brez kontrasta,1,ar1,2026-05-20,2026-05-27,8404.0,8503.826149336943,True,108.6036036036036
1755,MR glave brez kontrasta,1,naivni,2026-05-27,2026-06-03,8268.0,8404.0,True,107.66071428571429
1755,MR glave brez kontrasta,1,lin,2026-05-27,2026-06-03,8268.0,7099.182127054362,True,107.66071428571429
1755,MR glave brez kontrasta,1,ar1,2026-05-27,2026-06-03,8268.0,8501.180208715572,True,107.66071428571429
1755,MR glave brez kontrasta,1,naivni,2026-06-03,2026-06-10,8259.5,8268.0,False,107.91150442477876
1755,MR glave brez kontrasta,1,lin,2026-06-03,2026-06-10,8259.5,7176.040055891943,False,107.91150442477876
1755,MR glave brez kontrasta,1,ar1,2026-06-03,2026-06-10,8259.5,8350.311919963904,False,107.91150442477876
1755,MR glave brez kontrasta,1,naivni,2026-06-10,2026-06-17,8251.0,8259.5,True,107.03947368421052
1755,MR glave brez kontrasta,1,lin,2026-06-10,2026-06-17,8251.0,7250.107322654461,True,107.03947368421052
1755,MR glave brez kontrasta,1,ar1,2026-06-10,2026-06-17,8251.0,8337.313013160025,True,107.03947368421052
1755,MR glave brez kontrasta,1,naivni,2026-06-17,2026-06-24,8218.0,8251.0,True,106.18260869565218
1755,MR glave brez kontrasta,1,lin,2026-06-17,2026-06-24,8218.0,7321.489880059971,True,106.18260869565218
1755,MR glave brez kontrasta,1,ar1,2026-06-17,2026-06-24,8218.0,8324.746151273359,True,106.18260869565218
1755,MR glave brez kontrasta,1,naivni,2026-06-24,2026-07-01,8153.0,8218.0,True,105.55172413793103
1755,MR glave brez kontrasta,1,lin,2026-06-24,2026-07-01,8153.0,7389.451296787503,True,105.55172413793103
1755,MR glave brez kontrasta,1,ar1,2026-06-24,2026-07-01,8153.0,8286.665591305242,True,105.55172413793103
1755,MR glave brez kontrasta,1,naivni,2026-07-01,2026-07-08,8032.0,8153.0,True,105.2051282051282
1755,MR glave brez kontrasta,1,lin,2026-07-01,2026-07-08,8032.0,7453.035419382877,True,105.2051282051282
1755,MR glave brez kontrasta,1,ar1,2026-07-01,2026-07-08,8032.0,8215.417410435026,True,105.2051282051282
1755,MR glave brez kontrasta,1,naivni,2026-07-08,2026-07-15,7884.0,8032.0,True,105.33898305084746
1755,MR glave brez kontrasta,1,lin,2026-07-08,2026-07-15,7884.0,7510.523785785501,True,105.33898305084746
1755,MR glave brez kontrasta,1,ar1,2026-07-08,2026-07-15,7884.0,8086.220676657971,True,105.33898305084746
1755,MR glave brez kontrasta,4,naivni,2025-03-26,2025-04-23,4583.0,4178.0,True,92.54901960784314
1755,MR glave brez kontrasta,4,lin,2025-03-26,2025-04-23,4583.0,3177.249893280971,True,92.54901960784314
1755,MR glave brez kontrasta,4,ar1,2025-03-26,2025-04-23,4583.0,4083.432483775052,True,92.54901960784314
1755,MR glave brez kontrasta,4,naivni,2025-04-02,2025-04-30,4594.0,4192.0,True,91.03846153846153
1755,MR glave brez kontrasta,4,lin,2025-04-02,2025-04-30,4594.0,3227.1722302854387,True,91.03846153846153
1755,MR glave brez kontrasta,4,ar1,2025-04-02,2025-04-30,4594.0,4098.2540189497295,True,91.03846153846153
1755,MR glave brez kontrasta,4,naivni,2025-04-09,2025-05-07,4538.0,4263.0,True,90.66037735849056
1755,MR glave brez kontrasta,4,lin,2025-04-09,2025-05-07,4538.0,3279.694542913411,True,90.66037735849056
1755,MR glave brez kontrasta,4,ar1,2025-04-09,2025-05-07,4538.0,4165.4045826355905,True,90.66037735849056
1755,MR glave brez kontrasta,4,naivni,2025-04-16,2025-05-14,4567.0,4441.0,True,92.27777777777777
1755,MR glave brez kontrasta,4,lin,2025-04-16,2025-05-14,4567.0,3342.973593073594,True,92.27777777777777
1755,MR glave brez kontrasta,4,ar1,2025-04-16,2025-05-14,4567.0,4334.083244120442,True,92.27777777777777
1755,MR glave brez kontrasta,4,naivni,2025-04-23,2025-05-21,4762.0,4583.0,True,93.18181818181819
1755,MR glave brez kontrasta,4,lin,2025-04-23,2025-05-21,4762.0,3413.297744360903,True,93.18181818181819
1755,MR glave brez kontrasta,4,ar1,2025-04-23,2025-05-21,4762.0,4475.670722050983,True,93.18181818181819
1755,MR glave brez kontrasta,4,naivni,2025-04-30,2025-05-28,4873.0,4594.0,True,91.71428571428571
1755,MR glave brez kontrasta,4,lin,2025-04-30,2025-05-28,4873.0,3480.1476104053236,True,91.71428571428571
1755,MR glave brez kontrasta,4,ar1,2025-04-30,2025-05-28,4873.0,4490.570655217329,True,91.71428571428571
1755,MR glave brez kontrasta,4,naivni,2025-05-07,2025-06-04,5048.0,4538.0,True,91.08771929824562
1755,MR glave brez kontrasta,4,lin,2025-05-07,2025-06-04,5048.0,3538.807161093853,True,91.08771929824562
1755,MR glave brez kontrasta,4,ar1,2025-05-07,2025-06-04,5048.0,4438.21224961806,True,91.08771929824562
1755,MR glave brez kontrasta,4,naivni,2025-05-14,2025-06-11,4610.0,4567.0,True,90.01724137931035
1755,MR glave brez kontrasta,4,lin,2025-05-14,2025-06-11,4610.0,3596.104792518994,True,90.01724137931035
1755,MR glave brez kontrasta,4,ar1,2025-05-14,2025-06-11,4610.0,4469.995228283147,True,90.01724137931035
1755,MR glave brez kontrasta,4,naivni,2025-05-21,2025-06-18,5081.0,4762.0,True,91.79661016949153
1755,MR glave brez kontrasta,4,lin,2025-05-21,2025-06-18,5081.0,3664.010447346484,True,91.79661016949153
1755,MR glave brez kontrasta,4,ar1,2025-05-21,2025-06-18,5081.0,4671.134109149878,True,91.79661016949153
1755,MR glave brez kontrasta,4,naivni,2025-05-28,2025-06-25,5018.5,4873.0,False,92.11666666666666
1755,MR glave brez kontrasta,4,lin,2025-05-28,2025-06-25,5018.5,3735.774299312534,False,92.11666666666666
1755,MR glave brez kontrasta,4,ar1,2025-05-28,2025-06-25,5018.5,4794.555127417927,False,92.11666666666666
1755,MR glave brez kontrasta,4,naivni,2025-06-04,2025-07-02,4956.0,5048.0,True,93.47540983606558
1755,MR glave brez kontrasta,4,lin,2025-06-04,2025-07-02,4956.0,3815.5054770718457,True,93.47540983606558
1755,MR glave brez kontrasta,4,ar1,2025-06-04,2025-07-02,4956.0,4996.750863051422,True,93.47540983606558
1755,MR glave brez kontrasta,4,naivni,2025-06-11,2025-07-09,4865.0,4610.0,True,99.03225806451613
1755,MR glave brez kontrasta,4,lin,2025-06-11,2025-07-09,4865.0,3860.9288274449577,True,99.03225806451613
1755,MR glave brez kontrasta,4,ar1,2025-06-11,2025-07-09,4865.0,4517.680603473109,True,99.03225806451613
1755,MR glave brez kontrasta,4,naivni,2025-06-18,2025-07-16,4789.0,5081.0,True,104.93650793650794
1755,MR glave brez kontrasta,4,lin,2025-06-18,2025-07-16,4789.0,3935.3001144688633,True,104.93650793650794
1755,MR glave brez kontrasta,4,ar1,2025-06-18,2025-07-16,4789.0,5003.4011130406825,True,104.93650793650794
1755,MR glave brez kontrasta,4,naivni,2025-06-25,2025-07-23,4847.0,5018.5,True,104.2734375
1755,MR glave brez kontrasta,4,lin,2025-06-25,2025-07-23,4847.0,4001.4365384615403,True,104.2734375
1755,MR glave brez kontrasta,4,ar1,2025-06-25,2025-07-23,4847.0,4937.130844888204,True,104.2734375
1755,MR glave brez kontrasta,4,naivni,2025-07-02,2025-07-30,4736.0,4956.0,True,103.63076923076923
1755,MR glave brez kontrasta,4,lin,2025-07-02,2025-07-30,4736.0,4059.908687332569,True,103.63076923076923
1755,MR glave brez kontrasta,4,ar1,2025-07-02,2025-07-30,4736.0,4872.753742825586,True,103.63076923076923
1755,MR glave brez kontrasta,4,naivni,2025-07-09,2025-08-06,4760.0,4865.0,True,103.43939393939394
1755,MR glave brez kontrasta,4,lin,2025-07-09,2025-08-06,4760.0,4109.426510495648,True,103.43939393939394
1755,MR glave brez kontrasta,4,ar1,2025-07-09,2025-08-06,4760.0,4779.900690076347,True,103.43939393939394
1755,MR glave brez kontrasta,4,naivni,2025-07-16,2025-08-13,4645.0,4789.0,True,103.02985074626865
1755,MR glave brez kontrasta,4,lin,2025-07-16,2025-08-13,4645.0,4151.5374470359175,True,103.02985074626865
1755,MR glave brez kontrasta,4,ar1,2025-07-16,2025-08-13,4645.0,4704.994234524317,True,103.02985074626865
1755,MR glave brez kontrasta,4,naivni,2025-07-23,2025-08-20,4242.0,4847.0,True,102.36764705882354
1755,MR glave brez kontrasta,4,lin,2025-07-23,2025-08-20,4242.0,4195.004079892828,True,102.36764705882354
1755,MR glave brez kontrasta,4,ar1,2025-07-23,2025-08-20,4242.0,4766.392392878606,True,102.36764705882354
1755,MR glave brez kontrasta,4,naivni,2025-07-30,2025-08-27,4372.0,4736.0,True,102.4927536231884
1755,MR glave brez kontrasta,4,lin,2025-07-30,2025-08-27,4372.0,4229.457825212141,True,102.4927536231884
1755,MR glave brez kontrasta,4,ar1,2025-07-30,2025-08-27,4372.0,4656.692564389435,True,102.4927536231884
1755,MR glave brez kontrasta,4,naivni,2025-08-06,2025-09-03,4465.0,4760.0,True,101.37142857142857
1755,MR glave brez kontrasta,4,lin,2025-08-06,2025-09-03,4465.0,4263.568460764589,True,101.37142857142857
1755,MR glave brez kontrasta,4,ar1,2025-08-06,2025-09-03,4465.0,4682.615973623891,True,101.37142857142857
1755,MR glave brez kontrasta,4,naivni,2025-08-13,2025-09-10,4544.0,4645.0,True,101.56338028169014
1755,MR glave brez kontrasta,4,lin,2025-08-13,2025-09-10,4544.0,4289.154093510831,True,101.56338028169014
1755,MR glave brez kontrasta,4,ar1,2025-08-13,2025-09-10,4544.0,4571.380027042483,True,101.56338028169014
1755,MR glave brez kontrasta,4,naivni,2025-08-20,2025-09-17,4766.0,4242.0,True,105.75
1755,MR glave brez kontrasta,4,lin,2025-08-20,2025-09-17,4766.0,4290.017092434899,True,105.75
1755,MR glave brez kontrasta,4,ar1,2025-08-20,2025-09-17,4766.0,4193.89271565329,True,105.75
1755,MR glave brez kontrasta,4,naivni,2025-08-27,2025-09-24,4956.0,4372.0,True,106.08219178082192
1755,MR glave brez kontrasta,4,lin,2025-08-27,2025-09-24,4956.0,4298.261369863015,True,106.08219178082192
1755,MR glave brez kontrasta,4,ar1,2025-08-27,2025-09-24,4956.0,4313.0911352729045,True,106.08219178082192
1755,MR glave brez kontrasta,4,naivni,2025-09-03,2025-10-01,5187.0,4465.0,True,105.9054054054054
1755,MR glave brez kontrasta,4,lin,2025-09-03,2025-10-01,5187.0,4311.3353295400675,True,105.9054054054054
1755,MR glave brez kontrasta,4,ar1,2025-09-03,2025-10-01,5187.0,4399.38439961255,True,105.9054054054054
1755,MR glave brez kontrasta,4,naivni,2025-09-10,2025-10-08,5300.0,4544.0,True,105.54666666666667
1755,MR glave brez kontrasta,4,lin,2025-09-10,2025-10-08,5300.0,4328.1601913875575,True,105.54666666666667
1755,MR glave brez kontrasta,4,ar1,2025-09-10,2025-10-08,5300.0,4473.704140966637,True,105.54666666666667
1755,MR glave brez kontrasta,4,naivni,2025-09-17,2025-10-15,5604.0,4766.0,True,107.07894736842105
1755,MR glave brez kontrasta,4,lin,2025-09-17,2025-10-15,5604.0,4356.363189442137,True,107.07894736842105
1755,MR glave brez kontrasta,4,ar1,2025-09-17,2025-10-15,5604.0,4684.74009116384,True,107.07894736842105
1755,MR glave brez kontrasta,4,naivni,2025-09-24,2025-10-22,5681.0,4956.0,True,108.15584415584415
1755,MR glave brez kontrasta,4,lin,2025-09-24,2025-10-22,5681.0,4393.524285840741,True,108.15584415584415
1755,MR glave brez kontrasta,4,ar1,2025-09-24,2025-10-22,5681.0,4874.4471046003355,True,108.15584415584415
1755,MR glave brez kontrasta,4,naivni,2025-10-01,2025-10-29,5728.0,5187.0,True,109.73076923076923
1755,MR glave brez kontrasta,4,lin,2025-10-01,2025-10-29,5728.0,4441.301497078873,True,109.73076923076923
1755,MR glave brez kontrasta,4,ar1,2025-10-01,2025-10-29,5728.0,5118.570535878995,True,109.73076923076923
1755,MR glave brez kontrasta,4,naivni,2025-10-08,2025-11-05,5742.0,5300.0,True,109.77215189873418
1755,MR glave brez kontrasta,4,lin,2025-10-08,2025-11-05,5742.0,4492.841068917017,True,109.77215189873418
1755,MR glave brez kontrasta,4,ar1,2025-10-08,2025-11-05,5742.0,5247.117302536888,True,109.77215189873418
1755,MR glave brez kontrasta,4,naivni,2025-10-15,2025-11-12,5896.0,5604.0,True,112.2
1755,MR glave brez kontrasta,4,lin,2025-10-15,2025-11-12,5896.0,4557.869316470945,True,112.2
1755,MR glave brez kontrasta,4,ar1,2025-10-15,2025-11-12,5896.0,5608.252425166968,True,112.2
1755,MR glave brez kontrasta,4,naivni,2025-10-22,2025-11-19,6014.0,5681.0,True,111.76543209876543
1755,MR glave brez kontrasta,4,lin,2025-10-22,2025-11-19,6014.0,4623.937049009042,True,111.76543209876543
1755,MR glave brez kontrasta,4,ar1,2025-10-22,2025-11-19,6014.0,5706.013531781209,True,111.76543209876543
1755,MR glave brez kontrasta,4,naivni,2025-10-29,2025-11-26,6157.0,5728.0,True,110.97560975609755
1755,MR glave brez kontrasta,4,lin,2025-10-29,2025-11-26,6157.0,4689.454651358047,True,110.97560975609755
1755,MR glave brez kontrasta,4,ar1,2025-10-29,2025-11-26,6157.0,5764.707882933039,True,110.97560975609755
1755,MR glave brez kontrasta,4,naivni,2025-11-05,2025-12-03,6275.0,5742.0,True,109.80722891566265
1755,MR glave brez kontrasta,4,lin,2025-11-05,2025-12-03,6275.0,4752.790479565321,True,109.80722891566265
1755,MR glave brez kontrasta,4,ar1,2025-11-05,2025-12-03,6275.0,5780.076131822387,True,109.80722891566265
1755,MR glave brez kontrasta,4,naivni,2025-11-12,2025-12-10,6473.0,5896.0,True,110.33333333333333
1755,MR glave brez kontrasta,4,lin,2025-11-12,2025-12-10,6473.0,4820.990170021499,True,110.33333333333333
1755,MR glave brez kontrasta,4,ar1,2025-11-12,2025-12-10,6473.0,5976.633218242073,True,110.33333333333333
1755,MR glave brez kontrasta,4,naivni,2025-11-19,2025-12-17,6480.0,6014.0,True,110.4235294117647
1755,MR glave brez kontrasta,4,lin,2025-11-19,2025-12-17,6480.0,4892.021944431342,True,110.4235294117647
1755,MR glave brez kontrasta,4,ar1,2025-11-19,2025-12-17,6480.0,6128.612157736665,True,110.4235294117647
1755,MR glave brez kontrasta,4,naivni,2025-11-26,2025-12-24,6453.0,6157.0,False,110.80232558139535
1755,MR glave brez kontrasta,4,lin,2025-11-26,2025-12-24,6453.0,4966.935089669751,False,110.80232558139535
1755,MR glave brez kontrasta,4,ar1,2025-11-26,2025-12-24,6453.0,6316.126602407485,False,110.80232558139535
1755,MR glave brez kontrasta,4,naivni,2025-12-03,2025-12-31,6426.0,6275.0,False,110.88505747126437
1755,MR glave brez kontrasta,4,lin,2025-12-03,2025-12-31,6426.0,5044.322972068613,False,110.88505747126437
1755,MR glave brez kontrasta,4,ar1,2025-12-03,2025-12-31,6426.0,6469.108883996101,False,110.88505747126437
1755,MR glave brez kontrasta,4,naivni,2025-12-10,2026-01-07,6399.0,6473.0,True,111.875
1755,MR glave brez kontrasta,4,lin,2025-12-10,2026-01-07,6399.0,5127.824004085804,True,111.875
1755,MR glave brez kontrasta,4,ar1,2025-12-10,2026-01-07,6399.0,6738.577771035565,True,111.875
1755,MR glave brez kontrasta,4,naivni,2025-12-17,2026-01-14,6573.0,6480.0,True,110.69662921348315
1755,MR glave brez kontrasta,4,lin,2025-12-17,2026-01-14,6573.0,5208.205657762962,True,110.69662921348315
1755,MR glave brez kontrasta,4,ar1,2025-12-17,2026-01-14,6573.0,6724.213890138318,True,110.69662921348315
1755,MR glave brez kontrasta,4,naivni,2025-12-24,2026-01-21,6725.0,6453.0,True,109.76666666666667
1755,MR glave brez kontrasta,4,lin,2025-12-24,2026-01-21,6725.0,5284.0525481764635,True,109.76666666666667
1755,MR glave brez kontrasta,4,ar1,2025-12-24,2026-01-21,6725.0,6664.998280222925,True,109.76666666666667
1755,MR glave brez kontrasta,4,naivni,2025-12-31,2026-01-28,6925.0,6426.0,True,108.85714285714286
1755,MR glave brez kontrasta,4,lin,2025-12-31,2026-01-28,6925.0,5355.587411186288,True,108.85714285714286
1755,MR glave brez kontrasta,4,ar1,2025-12-31,2026-01-28,6925.0,6611.57014906358,True,108.85714285714286
1755,MR glave brez kontrasta,4,naivni,2026-01-07,2026-02-04,7142.0,6399.0,True,107.96739130434783
1755,MR glave brez kontrasta,4,lin,2026-01-07,2026-02-04,7142.0,5423.020018302447,True,107.96739130434783
1755,MR glave brez kontrasta,4,ar1,2026-01-07,2026-02-04,7142.0,6562.532155415343,True,107.96739130434783
1755,MR glave brez kontrasta,4,naivni,2026-01-14,2026-02-11,7249.0,6573.0,True,108.6774193548387
1755,MR glave brez kontrasta,4,lin,2026-01-14,2026-02-11,7249.0,5495.506397428026,True,108.6774193548387
1755,MR glave brez kontrasta,4,ar1,2026-01-14,2026-02-11,7249.0,6783.192395424493,True,108.6774193548387
1755,MR glave brez kontrasta,4,naivni,2026-01-21,2026-02-18,7482.0,6725.0,True,109.13829787234043
1755,MR glave brez kontrasta,4,lin,2026-01-21,2026-02-18,7482.0,5571.824307110863,True,109.13829787234043
1755,MR glave brez kontrasta,4,ar1,2026-01-21,2026-02-18,7482.0,6975.834184742023,True,109.13829787234043
1755,MR glave brez kontrasta,4,naivni,2026-01-28,2026-02-25,7507.0,6925.0,True,110.09473684210526
1755,MR glave brez kontrasta,4,lin,2026-01-28,2026-02-25,7507.0,5653.875619461023,True,110.09473684210526
1755,MR glave brez kontrasta,4,ar1,2026-01-28,2026-02-25,7507.0,7236.756522367765,True,110.09473684210526
1755,MR glave brez kontrasta,4,naivni,2026-02-04,2026-03-04,7447.0,7142.0,True,111.20833333333333
1755,MR glave brez kontrasta,4,lin,2026-02-04,2026-03-04,7447.0,5742.113244266782,True,111.20833333333333
1755,MR glave brez kontrasta,4,ar1,2026-02-04,2026-03-04,7447.0,7524.429261625116,True,111.20833333333333
1755,MR glave brez kontrasta,4,naivni,2026-02-11,2026-03-11,7524.0,7249.0,True,111.16494845360825
1755,MR glave brez kontrasta,4,lin,2026-02-11,2026-03-11,7524.0,5831.544058298108,True,111.16494845360825
1755,MR glave brez kontrasta,4,ar1,2026-02-11,2026-03-11,7524.0,7648.8905028554345,True,111.16494845360825
1755,MR glave brez kontrasta,4,naivni,2026-02-18,2026-03-18,7623.0,7482.0,True,112.40816326530613
1755,MR glave brez kontrasta,4,lin,2026-02-18,2026-03-18,7623.0,5927.425976087405,True,112.40816326530613
1755,MR glave brez kontrasta,4,ar1,2026-02-18,2026-03-18,7623.0,7960.132286892417,True,112.40816326530613
1755,MR glave brez kontrasta,4,naivni,2026-02-25,2026-03-25,7847.0,7507.0,True,111.52525252525253
1755,MR glave brez kontrasta,4,lin,2026-02-25,2026-03-25,7847.0,6020.762556255627,True,111.52525252525253
1755,MR glave brez kontrasta,4,ar1,2026-02-25,2026-03-25,7847.0,7954.729199526466,True,111.52525252525253
1755,MR glave brez kontrasta,4,naivni,2026-03-04,2026-04-01,7936.5,7447.0,False,111.01
1755,MR glave brez kontrasta,4,lin,2026-03-04,2026-04-01,7936.5,6108.149737914968,False,111.01
1755,MR glave brez kontrasta,4,ar1,2026-03-04,2026-04-01,7936.5,7830.697073072626,False,111.01
1755,MR glave brez kontrasta,4,naivni,2026-03-11,2026-04-08,8026.0,7524.0,True,110.67326732673267
1755,MR glave brez kontrasta,4,lin,2026-03-11,2026-04-08,8026.0,6195.459844728049,True,110.67326732673267
1755,MR glave brez kontrasta,4,ar1,2026-03-11,2026-04-08,8026.0,7910.580725598641,True,110.67326732673267
1755,MR glave brez kontrasta,4,naivni,2026-03-18,2026-04-15,8157.0,7623.0,True,110.55882352941177
1755,MR glave brez kontrasta,4,lin,2026-03-18,2026-04-15,8157.0,6283.582529763215,True,110.55882352941177
1755,MR glave brez kontrasta,4,ar1,2026-03-18,2026-04-15,8157.0,8021.211245997573,True,110.55882352941177
1755,MR glave brez kontrasta,4,naivni,2026-03-25,2026-04-22,8197.5,7847.0,False,111.66019417475728
1755,MR glave brez kontrasta,4,lin,2026-03-25,2026-04-22,8197.5,6377.4902859276635,False,111.66019417475728
1755,MR glave brez kontrasta,4,ar1,2026-03-25,2026-04-22,8197.5,8308.344583017068,False,111.66019417475728
1755,MR glave brez kontrasta,4,naivni,2026-04-01,2026-04-29,8238.0,7936.5,True,111.44711538461539
1755,MR glave brez kontrasta,4,lin,2026-04-01,2026-04-29,8238.0,6471.5812288340585,True,111.44711538461539
1755,MR glave brez kontrasta,4,ar1,2026-04-01,2026-04-29,8238.0,8400.897214324374,True,111.44711538461539
1755,MR glave brez kontrasta,4,naivni,2026-04-08,2026-05-06,8284.0,8026.0,True,111.23809523809524
1755,MR glave brez kontrasta,4,lin,2026-04-08,2026-05-06,8284.0,6565.842184547953,True,111.23809523809524
1755,MR glave brez kontrasta,4,ar1,2026-04-08,2026-05-06,8284.0,8493.197597737522,True,111.23809523809524
1755,MR glave brez kontrasta,4,naivni,2026-04-15,2026-05-13,8379.0,8157.0,True,111.4245283018868
1755,MR glave brez kontrasta,4,lin,2026-04-15,2026-05-13,8379.0,6661.8768294833335,True,111.4245283018868
1755,MR glave brez kontrasta,4,ar1,2026-04-15,2026-05-13,8379.0,8644.106631768083,True,111.4245283018868
1755,MR glave brez kontrasta,4,naivni,2026-04-22,2026-05-20,8401.0,8197.5,True,110.76168224299066
1755,MR glave brez kontrasta,4,lin,2026-04-22,2026-05-20,8401.0,6756.113933426694,True,110.76168224299066
1755,MR glave brez kontrasta,4,ar1,2026-04-22,2026-05-20,8401.0,8665.753143592356,True,110.76168224299066
1755,MR glave brez kontrasta,4,naivni,2026-04-29,2026-05-27,8404.0,8238.0,True,110.11111111111111
1755,MR glave brez kontrasta,4,lin,2026-04-29,2026-05-27,8404.0,6848.625132054489,True,110.11111111111111
1755,MR glave brez kontrasta,4,ar1,2026-04-29,2026-05-27,8404.0,8689.554093708206,True,110.11111111111111
1755,MR glave brez kontrasta,4,naivni,2026-05-06,2026-06-03,8268.0,8284.0,True,109.5229357798165
1755,MR glave brez kontrasta,4,lin,2026-05-06,2026-06-03,8268.0,6939.686723170211,True,109.5229357798165
1755,MR glave brez kontrasta,4,ar1,2026-05-06,2026-06-03,8268.0,8722.687710758157,True,109.5229357798165
1755,MR glave brez kontrasta,4,naivni,2026-05-13,2026-06-10,8259.5,8379.0,False,109.39090909090909
1755,MR glave brez kontrasta,4,lin,2026-05-13,2026-06-10,8259.5,7031.19166959167,False,109.39090909090909
1755,MR glave brez kontrasta,4,ar1,2026-05-13,2026-06-10,8259.5,8823.593763486999,False,109.39090909090909
1755,MR glave brez kontrasta,4,naivni,2026-05-20,2026-06-17,8251.0,8401.0,True,108.6036036036036
1755,MR glave brez kontrasta,4,lin,2026-05-20,2026-06-17,8251.0,7120.406641866268,True,108.6036036036036
1755,MR glave brez kontrasta,4,ar1,2026-05-20,2026-06-17,8251.0,8825.498003538909,True,108.6036036036036
1755,MR glave brez kontrasta,4,naivni,2026-05-27,2026-06-24,8218.0,8404.0,True,107.66071428571429
1755,MR glave brez kontrasta,4,lin,2026-05-27,2026-06-24,8218.0,7206.722453257038,True,107.66071428571429
1755,MR glave brez kontrasta,4,ar1,2026-05-27,2026-06-24,8218.0,8804.335429578043,True,107.66071428571429
1755,MR glave brez kontrasta,4,naivni,2026-06-03,2026-07-01,8153.0,8268.0,True,107.91150442477876
1755,MR glave brez kontrasta,4,lin,2026-06-03,2026-07-01,8153.0,7285.185166359532,True,107.91150442477876
1755,MR glave brez kontrasta,4,ar1,2026-06-03,2026-07-01,8153.0,8605.489788706873,True,107.91150442477876
1755,MR glave brez kontrasta,4,naivni,2026-06-10,2026-07-08,8032.0,8259.5,True,107.03947368421052
1755,MR glave brez kontrasta,4,lin,2026-06-10,2026-07-08,8032.0,7360.714373076618,True,107.03947368421052
1755,MR glave brez kontrasta,4,ar1,2026-06-10,2026-07-08,8032.0,8578.008753441867,True,107.03947368421052
1755,MR glave brez kontrasta,4,naivni,2026-06-17,2026-07-15,7884.0,8251.0,True,106.18260869565218
1755,MR glave brez kontrasta,4,lin,2026-06-17,2026-07-15,7884.0,7433.424374351287,True,106.18260869565218
1755,MR glave brez kontrasta,4,ar1,2026-06-17,2026-07-15,7884.0,8552.404085979158,True,106.18260869565218
1195,Operacija sive mrene (katarakte),1,naivni,2025-03-26,2025-04-02,14316.0,14110.0,True,101.84313725490196
1195,Operacija sive mrene (katarakte),1,lin,2025-03-26,2025-04-02,14316.0,14146.947963800903,True,101.84313725490196
1195,Operacija sive mrene (katarakte),1,ar1,2025-03-26,2025-04-02,14316.0,14162.089809002731,True,101.84313725490196
1195,Operacija sive mrene (katarakte),1,naivni,2025-04-02,2025-04-09,14378.0,14316.0,True,103.84615384615384
1195,Operacija sive mrene (katarakte),1,lin,2025-04-02,2025-04-09,14378.0,14218.87300435414,True,103.84615384615384
1195,Operacija sive mrene (katarakte),1,ar1,2025-04-02,2025-04-09,14378.0,14379.951651141717,True,103.84615384615384
1195,Operacija sive mrene (katarakte),1,naivni,2025-04-09,2025-04-16,14402.0,14378.0,True,103.05660377358491
1195,Operacija sive mrene (katarakte),1,lin,2025-04-09,2025-04-16,14402.0,14290.180992313062,True,103.05660377358491
1195,Operacija sive mrene (katarakte),1,ar1,2025-04-09,2025-04-16,14402.0,14441.928876870812,True,103.05660377358491
1195,Operacija sive mrene (katarakte),1,naivni,2025-04-16,2025-04-23,14346.0,14402.0,True,101.5925925925926
1195,Operacija sive mrene (katarakte),1,lin,2025-04-16,2025-04-23,14346.0,14358.155555555557,True,101.5925925925926
1195,Operacija sive mrene (katarakte),1,ar1,2025-04-16,2025-04-23,14346.0,14462.751139587013,True,101.5925925925926
1195,Operacija sive mrene (katarakte),1,naivni,2025-04-23,2025-04-30,14686.0,14346.0,True,100.76363636363637
1195,Operacija sive mrene (katarakte),1,lin,2025-04-23,2025-04-30,14686.0,14417.347402597406,True,100.76363636363637
1195,Operacija sive mrene (katarakte),1,ar1,2025-04-23,2025-04-30,14686.0,14398.096825678138,True,100.76363636363637
1195,Operacija sive mrene (katarakte),1,naivni,2025-04-30,2025-05-07,14582.0,14686.0,True,105.03571428571429
1195,Operacija sive mrene (katarakte),1,lin,2025-04-30,2025-05-07,14582.0,14496.23746867168,True,105.03571428571429
1195,Operacija sive mrene (katarakte),1,ar1,2025-04-30,2025-05-07,14582.0,14759.31114018425,True,105.03571428571429
1195,Operacija sive mrene (katarakte),1,naivni,2025-05-07,2025-05-14,14497.0,14582.0,True,105.01754385964912
1195,Operacija sive mrene (katarakte),1,lin,2025-05-07,2025-05-14,14497.0,14562.676950998191,True,105.01754385964912
1195,Operacija sive mrene (katarakte),1,ar1,2025-05-07,2025-05-14,14497.0,14640.757373830771,True,105.01754385964912
1195,Operacija sive mrene (katarakte),1,naivni,2025-05-14,2025-05-21,14503.0,14497.0,True,104.67241379310344
1195,Operacija sive mrene (katarakte),1,lin,2025-05-14,2025-05-21,14503.0,14618.899473991816,True,104.67241379310344
1195,Operacija sive mrene (katarakte),1,ar1,2025-05-14,2025-05-21,14503.0,14546.047046045533,True,104.67241379310344
1195,Operacija sive mrene (katarakte),1,naivni,2025-05-21,2025-05-28,14442.0,14503.0,True,103.0
1195,Operacija sive mrene (katarakte),1,lin,2025-05-21,2025-05-28,14442.0,14671.736723163836,True,103.0
1195,Operacija sive mrene (katarakte),1,ar1,2025-05-21,2025-05-28,14442.0,14549.37169148922,True,103.0
1195,Operacija sive mrene (katarakte),1,naivni,2025-05-28,2025-06-04,14527.0,14442.0,True,102.3
1195,Operacija sive mrene (katarakte),1,lin,2025-05-28,2025-06-04,14527.0,14717.04590163935,True,102.3
1195,Operacija sive mrene (katarakte),1,ar1,2025-05-28,2025-06-04,14527.0,14482.642411083985,True,102.3
1195,Operacija sive mrene (katarakte),1,naivni,2025-06-04,2025-06-11,13229.0,14527.0,True,102.01639344262296
1195,Operacija sive mrene (katarakte),1,lin,2025-06-04,2025-06-11,13229.0,14764.794288736122,True,102.01639344262296
1195,Operacija sive mrene (katarakte),1,ar1,2025-06-04,2025-06-11,13229.0,14569.337146989297,True,102.01639344262296
1195,Operacija sive mrene (katarakte),1,naivni,2025-06-11,2025-06-18,14326.0,13229.0,True,121.30645161290323
1195,Operacija sive mrene (katarakte),1,lin,2025-06-11,2025-06-18,14326.0,14727.00102406554,True,121.30645161290323
1195,Operacija sive mrene (katarakte),1,ar1,2025-06-11,2025-06-18,14326.0,13248.786551924275,True,121.30645161290323
1195,Operacija sive mrene (katarakte),1,naivni,2025-06-18,2025-06-25,14313.0,14326.0,False,136.79365079365078
1195,Operacija sive mrene (katarakte),1,lin,2025-06-18,2025-06-25,14313.0,14759.370535714286,False,136.79365079365078
1195,Operacija sive mrene (katarakte),1,ar1,2025-06-18,2025-06-25,14313.0,14328.885497483505,False,136.79365079365078
1195,Operacija sive mrene (katarakte),1,naivni,2025-06-25,2025-07-02,14300.0,14313.0,True,134.859375
1195,Operacija sive mrene (katarakte),1,lin,2025-06-25,2025-07-02,14300.0,14788.755288461543,True,134.859375
1195,Operacija sive mrene (katarakte),1,ar1,2025-06-25,2025-07-02,14300.0,14315.640527914864,True,134.859375
1195,Operacija sive mrene (katarakte),1,naivni,2025-07-02,2025-07-09,14582.0,14300.0,True,132.98461538461538
1195,Operacija sive mrene (katarakte),1,lin,2025-07-02,2025-07-09,14582.0,14815.363170163173,True,132.98461538461538
1195,Operacija sive mrene (katarakte),1,ar1,2025-07-02,2025-07-09,14582.0,14302.443450934275,True,132.98461538461538
1195,Operacija sive mrene (katarakte),1,naivni,2025-07-09,2025-07-16,14676.0,14582.0,True,135.24242424242425
1195,Operacija sive mrene (katarakte),1,lin,2025-07-09,2025-07-16,14676.0,14856.997286295784,True,135.24242424242425
1195,Operacija sive mrene (katarakte),1,ar1,2025-07-09,2025-07-16,14676.0,14587.115917529418,True,135.24242424242425
1195,Operacija sive mrene (katarakte),1,naivni,2025-07-16,2025-07-23,14656.0,14676.0,True,134.62686567164178
1195,Operacija sive mrene (katarakte),1,lin,2025-07-16,2025-07-23,14656.0,14901.609306409122,True,134.62686567164178
1195,Operacija sive mrene (katarakte),1,ar1,2025-07-16,2025-07-23,14656.0,14682.751919082166,True,134.62686567164178
1195,Operacija sive mrene (katarakte),1,naivni,2025-07-23,2025-07-30,14682.0,14656.0,True,132.94117647058823
1195,Operacija sive mrene (katarakte),1,lin,2025-07-23,2025-07-30,14682.0,14942.398550724636,True,132.94117647058823
1195,Operacija sive mrene (katarakte),1,ar1,2025-07-23,2025-07-30,14682.0,14662.012143799693,True,132.94117647058823
1195,Operacija sive mrene (katarakte),1,naivni,2025-07-30,2025-08-06,14729.0,14682.0,True,131.3913043478261
1195,Operacija sive mrene (katarakte),1,lin,2025-07-30,2025-08-06,14729.0,14982.240993788819,True,131.3913043478261
1195,Operacija sive mrene (katarakte),1,ar1,2025-07-30,2025-08-06,14729.0,14688.216429487227,True,131.3913043478261
1195,Operacija sive mrene (katarakte),1,naivni,2025-08-06,2025-08-13,14816.0,14729.0,True,130.18571428571428
1195,Operacija sive mrene (katarakte),1,lin,2025-08-06,2025-08-13,14816.0,15022.381891348094,True,130.18571428571428
1195,Operacija sive mrene (katarakte),1,ar1,2025-08-06,2025-08-13,14816.0,14735.787587583382,True,130.18571428571428
1195,Operacija sive mrene (katarakte),1,naivni,2025-08-13,2025-08-20,14781.0,14816.0,True,129.57746478873239
1195,Operacija sive mrene (katarakte),1,lin,2025-08-13,2025-08-20,14781.0,15065.026995305154,True,129.57746478873239
1195,Operacija sive mrene (katarakte),1,ar1,2025-08-13,2025-08-20,14781.0,14824.15631076026,True,129.57746478873239
1195,Operacija sive mrene (katarakte),1,naivni,2025-08-20,2025-08-27,14752.0,14781.0,True,128.26388888888889
1195,Operacija sive mrene (katarakte),1,lin,2025-08-20,2025-08-27,14752.0,15103.339041095885,True,128.26388888888889
1195,Operacija sive mrene (katarakte),1,ar1,2025-08-20,2025-08-27,14752.0,14788.109617824293,True,128.26388888888889
1195,Operacija sive mrene (katarakte),1,naivni,2025-08-27,2025-09-03,14788.0,14752.0,True,126.9041095890411
1195,Operacija sive mrene (katarakte),1,lin,2025-08-27,2025-09-03,14788.0,15137.907441688267,True,126.9041095890411
1195,Operacija sive mrene (katarakte),1,ar1,2025-08-27,2025-09-03,14788.0,14758.355036716071,True,126.9041095890411
1195,Operacija sive mrene (katarakte),1,naivni,2025-09-03,2025-09-10,14759.0,14788.0,True,125.67567567567568
1195,Operacija sive mrene (katarakte),1,lin,2025-09-03,2025-09-10,14759.0,15172.425585585588,True,125.67567567567568
1195,Operacija sive mrene (katarakte),1,ar1,2025-09-03,2025-09-10,14759.0,14794.598844702166,True,125.67567567567568
1195,Operacija sive mrene (katarakte),1,naivni,2025-09-10,2025-09-17,14830.0,14759.0,True,124.38666666666667
1195,Operacija sive mrene (katarakte),1,lin,2025-09-10,2025-09-17,14830.0,15203.477894736836,True,124.38666666666667
1195,Operacija sive mrene (katarakte),1,ar1,2025-09-10,2025-09-17,14830.0,14764.973854620413,True,124.38666666666667
1195,Operacija sive mrene (katarakte),1,naivni,2025-09-17,2025-09-24,14962.0,14830.0,True,123.6842105263158
1195,Operacija sive mrene (katarakte),1,lin,2025-09-17,2025-09-24,14962.0,15236.464114832535,True,123.6842105263158
1195,Operacija sive mrene (katarakte),1,ar1,2025-09-17,2025-09-24,14962.0,14836.565911551814,True,123.6842105263158
1195,Operacija sive mrene (katarakte),1,naivni,2025-09-24,2025-10-01,14969.0,14962.0,True,123.79220779220779
1195,Operacija sive mrene (katarakte),1,lin,2025-09-24,2025-10-01,14969.0,15274.403596403597,True,123.79220779220779
1195,Operacija sive mrene (katarakte),1,ar1,2025-09-24,2025-10-01,14969.0,14970.169485502734,True,123.79220779220779
1195,Operacija sive mrene (katarakte),1,naivni,2025-10-01,2025-10-08,15028.0,14969.0,True,122.2948717948718
1195,Operacija sive mrene (katarakte),1,lin,2025-10-01,2025-10-08,15028.0,15310.68743914314,True,122.2948717948718
1195,Operacija sive mrene (katarakte),1,ar1,2025-10-01,2025-10-08,15028.0,14976.960487642844,True,122.2948717948718
1195,Operacija sive mrene (katarakte),1,naivni,2025-10-08,2025-10-15,15062.0,15028.0,True,121.49367088607595
1195,Operacija sive mrene (katarakte),1,lin,2025-10-08,2025-10-15,15062.0,15348.010443037976,True,121.49367088607595
1195,Operacija sive mrene (katarakte),1,ar1,2025-10-08,2025-10-15,15062.0,15036.592994680595,True,121.49367088607595
1195,Operacija sive mrene (katarakte),1,naivni,2025-10-15,2025-10-22,15260.0,15062.0,True,120.4
1195,Operacija sive mrene (katarakte),1,lin,2025-10-15,2025-10-22,15260.0,15385.082098765437,True,120.4
1195,Operacija sive mrene (katarakte),1,ar1,2025-10-15,2025-10-22,15260.0,15070.822964693089,True,120.4
1195,Operacija sive mrene (katarakte),1,naivni,2025-10-22,2025-10-29,15349.0,15260.0,True,121.35802469135803
1195,Operacija sive mrene (katarakte),1,lin,2025-10-22,2025-10-29,15349.0,15429.917795844616,True,121.35802469135803
1195,Operacija sive mrene (katarakte),1,ar1,2025-10-22,2025-10-29,15349.0,15272.208019909565,True,121.35802469135803
1195,Operacija sive mrene (katarakte),1,naivni,2025-10-29,2025-11-05,15273.0,15349.0,True,120.96341463414635
1195,Operacija sive mrene (katarakte),1,lin,2025-10-29,2025-11-05,15273.0,15476.845136644137,True,120.96341463414635
1195,Operacija sive mrene (katarakte),1,ar1,2025-10-29,2025-11-05,15273.0,15362.846710599493,True,120.96341463414635
1195,Operacija sive mrene (katarakte),1,naivni,2025-11-05,2025-11-12,15280.0,15273.0,True,120.42168674698796
1195,Operacija sive mrene (katarakte),1,lin,2025-11-05,2025-11-12,15280.0,15517.895582329318,True,120.42168674698796
1195,Operacija sive mrene (katarakte),1,ar1,2025-11-05,2025-11-12,15280.0,15284.446796009372,True,120.42168674698796
1195,Operacija sive mrene (katarakte),1,naivni,2025-11-12,2025-11-19,15368.0,15280.0,True,119.07142857142857
1195,Operacija sive mrene (katarakte),1,lin,2025-11-12,2025-11-19,15368.0,15557.286554621853,True,119.07142857142857
1195,Operacija sive mrene (katarakte),1,ar1,2025-11-12,2025-11-19,15368.0,15291.134884511353,True,119.07142857142857
1195,Operacija sive mrene (katarakte),1,naivni,2025-11-19,2025-11-26,15382.0,15368.0,True,118.70588235294117
1195,Operacija sive mrene (katarakte),1,lin,2025-11-19,2025-11-26,15382.0,15598.8733242134,True,118.70588235294117
1195,Operacija sive mrene (katarakte),1,ar1,2025-11-19,2025-11-26,15382.0,15380.42574814946,True,118.70588235294117
1195,Operacija sive mrene (katarakte),1,naivni,2025-11-26,2025-12-03,15457.0,15382.0,True,117.48837209302326
1195,Operacija sive mrene (katarakte),1,lin,2025-11-26,2025-12-03,15457.0,15639.14113873295,True,117.48837209302326
1195,Operacija sive mrene (katarakte),1,ar1,2025-11-26,2025-12-03,15457.0,15394.227989014435,True,117.48837209302326
1195,Operacija sive mrene (katarakte),1,naivni,2025-12-03,2025-12-10,15563.0,15457.0,True,117.0
1195,Operacija sive mrene (katarakte),1,lin,2025-12-03,2025-12-10,15563.0,15680.931034482757,True,117.0
1195,Operacija sive mrene (katarakte),1,ar1,2025-12-03,2025-12-10,15563.0,15470.278750954305,True,117.0
1195,Operacija sive mrene (katarakte),1,naivni,2025-12-10,2025-12-17,15721.0,15563.0,True,116.875
1195,Operacija sive mrene (katarakte),1,lin,2025-12-10,2025-12-17,15721.0,15725.560265577118,True,116.875
1195,Operacija sive mrene (katarakte),1,ar1,2025-12-10,2025-12-17,15721.0,15578.098052630583,True,116.875
1195,Operacija sive mrene (katarakte),1,naivni,2025-12-17,2025-12-24,15713.666666666666,15721.0,False,117.33707865168539
1195,Operacija sive mrene (katarakte),1,lin,2025-12-17,2025-12-24,15713.666666666666,15775.198751560549,False,117.33707865168539
1195,Operacija sive mrene (katarakte),1,ar1,2025-12-17,2025-12-24,15713.666666666666,15739.484775167279,False,117.33707865168539
1195,Operacija sive mrene (katarakte),1,naivni,2025-12-24,2025-12-31,15706.333333333334,15713.666666666666,False,116.11481481481482
1195,Operacija sive mrene (katarakte),1,lin,2025-12-24,2025-12-31,15706.333333333334,15822.331868131874,False,116.11481481481482
1195,Operacija sive mrene (katarakte),1,ar1,2025-12-24,2025-12-31,15706.333333333334,15731.168235067686,False,116.11481481481482
1195,Operacija sive mrene (katarakte),1,naivni,2025-12-31,2026-01-07,15699.0,15706.333333333334,True,114.91941391941391
1195,Operacija sive mrene (katarakte),1,lin,2025-12-31,2026-01-07,15699.0,15867.082178690867,True,114.91941391941391
1195,Operacija sive mrene (katarakte),1,ar1,2025-12-31,2026-01-07,15699.0,15722.943054115822,True,114.91941391941391
1195,Operacija sive mrene (katarakte),1,naivni,2026-01-07,2026-01-14,15630.0,15699.0,True,113.75
1195,Operacija sive mrene (katarakte),1,lin,2026-01-07,2026-01-14,15630.0,15909.5652173913,True,113.75
1195,Operacija sive mrene (katarakte),1,ar1,2026-01-07,2026-01-14,15630.0,15714.798049892426,True,113.75
1195,Operacija sive mrene (katarakte),1,naivni,2026-01-14,2026-01-21,15453.0,15630.0,True,113.26881720430107
1195,Operacija sive mrene (katarakte),1,lin,2026-01-14,2026-01-21,15453.0,15947.26584305651,True,113.26881720430107
1195,Operacija sive mrene (katarakte),1,ar1,2026-01-14,2026-01-21,15453.0,15643.79753167298,True,113.26881720430107
1195,Operacija sive mrene (katarakte),1,naivni,2026-01-21,2026-01-28,15416.0,15453.0,True,113.94680851063829
1195,Operacija sive mrene (katarakte),1,lin,2026-01-21,2026-01-28,15416.0,15975.863829787231,True,113.94680851063829
1195,Operacija sive mrene (katarakte),1,ar1,2026-01-21,2026-01-28,15416.0,15463.597199298063,True,113.94680851063829
1195,Operacija sive mrene (katarakte),1,naivni,2026-01-28,2026-02-04,15489.0,15416.0,True,113.13684210526316
1195,Operacija sive mrene (katarakte),1,lin,2026-01-28,2026-02-04,15489.0,16001.620175438591,True,113.13684210526316
1195,Operacija sive mrene (katarakte),1,ar1,2026-01-28,2026-02-04,15489.0,15425.91171325102,True,113.13684210526316
1195,Operacija sive mrene (katarakte),1,naivni,2026-02-04,2026-02-11,15475.0,15489.0,True,112.71875
1195,Operacija sive mrene (katarakte),1,lin,2026-02-04,2026-02-11,15475.0,16029.204467353951,True,112.71875
1195,Operacija sive mrene (katarakte),1,ar1,2026-02-04,2026-02-11,15475.0,15499.307791848038,True,112.71875
1195,Operacija sive mrene (katarakte),1,naivni,2026-02-11,2026-02-18,15877.0,15475.0,True,111.70103092783505
1195,Operacija sive mrene (katarakte),1,lin,2026-02-11,2026-02-18,15877.0,16054.983589312013,True,111.70103092783505
1195,Operacija sive mrene (katarakte),1,ar1,2026-02-11,2026-02-18,15877.0,15484.880810225544,True,111.70103092783505
1195,Operacija sive mrene (katarakte),1,naivni,2026-02-18,2026-02-25,15889.0,15877.0,True,114.66326530612245
1195,Operacija sive mrene (katarakte),1,lin,2026-02-18,2026-02-25,15889.0,16095.849309420737,True,114.66326530612245
1195,Operacija sive mrene (katarakte),1,ar1,2026-02-18,2026-02-25,15889.0,15891.546089865758,True,114.66326530612245
1195,Operacija sive mrene (katarakte),1,naivni,2026-02-25,2026-03-04,15842.0,15889.0,True,113.62626262626263
1195,Operacija sive mrene (katarakte),1,lin,2026-02-25,2026-03-04,15842.0,16135.524444444447,True,113.62626262626263
1195,Operacija sive mrene (katarakte),1,ar1,2026-02-25,2026-03-04,15842.0,15903.276521055268,True,113.62626262626263
1195,Operacija sive mrene (katarakte),1,naivni,2026-03-04,2026-03-11,15854.0,15842.0,True,112.96
1195,Operacija sive mrene (katarakte),1,lin,2026-03-04,2026-03-11,15854.0,16171.725940594057,True,112.96
1195,Operacija sive mrene (katarakte),1,ar1,2026-03-04,2026-03-11,15854.0,15854.951021252564,True,112.96
1195,Operacija sive mrene (katarakte),1,naivni,2026-03-11,2026-03-18,15776.0,15854.0,True,111.96039603960396
1195,Operacija sive mrene (katarakte),1,lin,2026-03-11,2026-03-18,15776.0,16206.921374490394,True,111.96039603960396
1195,Operacija sive mrene (katarakte),1,ar1,2026-03-11,2026-03-18,15776.0,15866.731362779472,True,111.96039603960396
1195,Operacija sive mrene (katarakte),1,naivni,2026-03-18,2026-03-25,15692.0,15776.0,True,111.62745098039215
1195,Operacija sive mrene (katarakte),1,lin,2026-03-18,2026-03-25,15692.0,16237.660384542172,True,111.62745098039215
1195,Operacija sive mrene (katarakte),1,ar1,2026-03-18,2026-03-25,15692.0,15787.227124487334,True,111.62745098039215
1195,Operacija sive mrene (katarakte),1,naivni,2026-03-25,2026-04-01,15839.0,15692.0,False,111.35922330097087
1195,Operacija sive mrene (katarakte),1,lin,2026-03-25,2026-04-01,15839.0,16263.905899925317,False,111.35922330097087
1195,Operacija sive mrene (katarakte),1,ar1,2026-03-25,2026-04-01,15839.0,15701.986905147804,False,111.35922330097087
1195,Operacija sive mrene (katarakte),1,naivni,2026-04-01,2026-04-08,15986.0,15839.0,True,111.70192307692308
1195,Operacija sive mrene (katarakte),1,lin,2026-04-01,2026-04-08,15986.0,16294.651648351646,True,111.70192307692308
1195,Operacija sive mrene (katarakte),1,ar1,2026-04-01,2026-04-08,15986.0,15850.178272310237,True,111.70192307692308
1195,Operacija sive mrene (katarakte),1,naivni,2026-04-08,2026-04-15,15796.0,15986.0,True,112.03809523809524
1195,Operacija sive mrene (katarakte),1,lin,2026-04-08,2026-04-15,15796.0,16329.707996406116,True,112.03809523809524
1195,Operacija sive mrene (katarakte),1,ar1,2026-04-08,2026-04-15,15796.0,15998.77741288839,True,112.03809523809524
1195,Operacija sive mrene (katarakte),1,naivni,2026-04-15,2026-04-22,15865.0,15796.0,False,112.77358490566037
1195,Operacija sive mrene (katarakte),1,lin,2026-04-15,2026-04-22,15865.0,16356.296596720149,False,112.77358490566037
1195,Operacija sive mrene (katarakte),1,ar1,2026-04-15,2026-04-22,15865.0,15805.932058318733,False,112.77358490566037
1195,Operacija sive mrene (katarakte),1,naivni,2026-04-22,2026-04-29,15934.0,15865.0,True,112.3644859813084
1195,Operacija sive mrene (katarakte),1,lin,2026-04-22,2026-04-29,15934.0,16384.363620629967,True,112.3644859813084
1195,Operacija sive mrene (katarakte),1,ar1,2026-04-22,2026-04-29,15934.0,15875.315531224696,True,112.3644859813084
1195,Operacija sive mrene (katarakte),1,naivni,2026-04-29,2026-05-06,15767.0,15934.0,True,111.96296296296296
1195,Operacija sive mrene (katarakte),1,lin,2026-04-29,2026-05-06,15767.0,16413.849303431874,True,111.96296296296296
1195,Operacija sive mrene (katarakte),1,ar1,2026-04-29,2026-05-06,15767.0,15944.752332801098,True,111.96296296296296
1195,Operacija sive mrene (katarakte),1,naivni,2026-05-06,2026-05-13,15768.0,15767.0,True,112.46788990825688
1195,Operacija sive mrene (katarakte),1,lin,2026-05-06,2026-05-13,15768.0,16436.1149291076,True,112.46788990825688
1195,Operacija sive mrene (katarakte),1,ar1,2026-05-06,2026-05-13,15768.0,15775.927508148072,True,112.46788990825688
1195,Operacija sive mrene (katarakte),1,naivni,2026-05-13,2026-05-20,15923.0,15768.0,True,111.45454545454545
1195,Operacija sive mrene (katarakte),1,lin,2026-05-13,2026-05-20,15923.0,16457.50827190827,True,111.45454545454545
1195,Operacija sive mrene (katarakte),1,ar1,2026-05-13,2026-05-20,15923.0,15776.723611799192,True,111.45454545454545
1195,Operacija sive mrene (katarakte),1,naivni,2026-05-20,2026-05-27,16032.0,15923.0,True,111.84684684684684
1195,Operacija sive mrene (katarakte),1,lin,2026-05-20,2026-05-27,16032.0,16483.565797940802,True,111.84684684684684
1195,Operacija sive mrene (katarakte),1,ar1,2026-05-20,2026-05-27,16032.0,15932.512985090592,True,111.84684684684684
1195,Operacija sive mrene (katarakte),1,naivni,2026-05-27,2026-06-03,15929.0,16032.0,True,111.82142857142857
1195,Operacija sive mrene (katarakte),1,lin,2026-05-27,2026-06-03,15929.0,16512.47487357775,True,111.82142857142857
1195,Operacija sive mrene (katarakte),1,ar1,2026-05-27,2026-06-03,15929.0,16042.258806552787,True,111.82142857142857
1195,Operacija sive mrene (katarakte),1,naivni,2026-06-03,2026-06-10,15945.0,15929.0,False,111.7433628318584
1195,Operacija sive mrene (katarakte),1,lin,2026-06-03,2026-06-10,15945.0,16536.68545256948,False,111.7433628318584
1195,Operacija sive mrene (katarakte),1,ar1,2026-06-03,2026-06-10,15945.0,15938.047526147608,False,111.7433628318584
1195,Operacija sive mrene (katarakte),1,naivni,2026-06-10,2026-06-17,15961.0,15945.0,True,110.90350877192982
1195,Operacija sive mrene (katarakte),1,lin,2026-06-10,2026-06-17,15961.0,16560.521434019833,True,110.90350877192982
1195,Operacija sive mrene (katarakte),1,ar1,2026-06-10,2026-06-17,15961.0,15953.945468247517,True,110.90350877192982
1195,Operacija sive mrene (katarakte),1,naivni,2026-06-17,2026-06-24,16326.0,15961.0,True,110.07826086956521
1195,Operacija sive mrene (katarakte),1,lin,2026-06-17,2026-06-24,16326.0,16583.99850074963,True,110.07826086956521
1195,Operacija sive mrene (katarakte),1,ar1,2026-06-17,2026-06-24,16326.0,15969.844471454304,True,110.07826086956521
1195,Operacija sive mrene (katarakte),1,naivni,2026-06-24,2026-07-01,16082.0,16326.0,True,112.27586206896552
1195,Operacija sive mrene (katarakte),1,lin,2026-06-24,2026-07-01,16082.0,16619.063218390802,True,112.27586206896552
1195,Operacija sive mrene (katarakte),1,ar1,2026-06-24,2026-07-01,16082.0,16337.956858178872,True,112.27586206896552
1195,Operacija sive mrene (katarakte),1,naivni,2026-07-01,2026-07-08,16066.0,16082.0,True,113.4017094017094
1195,Operacija sive mrene (katarakte),1,lin,2026-07-01,2026-07-08,16066.0,16644.63074025786,True,113.4017094017094
1195,Operacija sive mrene (katarakte),1,ar1,2026-07-01,2026-07-08,16066.0,16090.691310073214,True,113.4017094017094
1195,Operacija sive mrene (katarakte),1,naivni,2026-07-08,2026-07-15,16139.0,16066.0,True,112.57627118644068
1195,Operacija sive mrene (katarakte),1,lin,2026-07-08,2026-07-15,16139.0,16668.724540663723,True,112.57627118644068
1195,Operacija sive mrene (katarakte),1,ar1,2026-07-08,2026-07-15,16139.0,16074.369296647968,True,112.57627118644068
1195,Operacija sive mrene (katarakte),4,naivni,2025-03-26,2025-04-23,14346.0,14110.0,True,101.84313725490196
1195,Operacija sive mrene (katarakte),4,lin,2025-03-26,2025-04-23,14346.0,14324.447152736275,True,101.84313725490196
1195,Operacija sive mrene (katarakte),4,ar1,2025-03-26,2025-04-23,14346.0,14317.358633289205,True,101.84313725490196
1195,Operacija sive mrene (katarakte),4,naivni,2025-04-02,2025-04-30,14686.0,14316.0,True,103.84615384615384
1195,Operacija sive mrene (katarakte),4,lin,2025-04-02,2025-04-30,14686.0,14397.435413642963,True,103.84615384615384
1195,Operacija sive mrene (katarakte),4,ar1,2025-04-02,2025-04-30,14686.0,14572.689405827703,True,103.84615384615384
1195,Operacija sive mrene (katarakte),4,naivni,2025-04-09,2025-05-07,14582.0,14378.0,True,103.05660377358491
1195,Operacija sive mrene (katarakte),4,lin,2025-04-09,2025-05-07,14582.0,14469.707807636103,True,103.05660377358491
1195,Operacija sive mrene (katarakte),4,ar1,2025-04-09,2025-05-07,14582.0,14634.570030144543,True,103.05660377358491
1195,Operacija sive mrene (katarakte),4,naivni,2025-04-16,2025-05-14,14497.0,14402.0,True,101.5925925925926
1195,Operacija sive mrene (katarakte),4,lin,2025-04-16,2025-05-14,14497.0,14538.335858585859,True,101.5925925925926
1195,Operacija sive mrene (katarakte),4,ar1,2025-04-16,2025-05-14,14497.0,14645.298773723482,True,101.5925925925926
1195,Operacija sive mrene (katarakte),4,naivni,2025-04-23,2025-05-21,14503.0,14346.0,True,100.76363636363637
1195,Operacija sive mrene (katarakte),4,lin,2025-04-23,2025-05-21,14503.0,14597.459159261794,True,100.76363636363637
1195,Operacija sive mrene (katarakte),4,ar1,2025-04-23,2025-05-21,14503.0,14553.427014618208,True,100.76363636363637
1195,Operacija sive mrene (katarakte),4,naivni,2025-04-30,2025-05-28,14442.0,14686.0,True,105.03571428571429
1195,Operacija sive mrene (katarakte),4,lin,2025-04-30,2025-05-28,14442.0,14677.811943652234,True,105.03571428571429
1195,Operacija sive mrene (katarakte),4,ar1,2025-04-30,2025-05-28,14442.0,14981.703375327696,True,105.03571428571429
1195,Operacija sive mrene (katarakte),4,naivni,2025-05-07,2025-06-04,14527.0,14582.0,True,105.01754385964912
1195,Operacija sive mrene (katarakte),4,lin,2025-05-07,2025-06-04,14527.0,14744.702543910924,True,105.01754385964912
1195,Operacija sive mrene (katarakte),4,ar1,2025-05-07,2025-06-04,14527.0,14816.912506963963,True,105.01754385964912
1195,Operacija sive mrene (katarakte),4,naivni,2025-05-14,2025-06-11,13229.0,14497.0,True,104.67241379310344
1195,Operacija sive mrene (katarakte),4,lin,2025-05-14,2025-06-11,13229.0,14800.591116306254,True,104.67241379310344
1195,Operacija sive mrene (katarakte),4,ar1,2025-05-14,2025-06-11,13229.0,14691.855467883623,True,104.67241379310344
1195,Operacija sive mrene (katarakte),4,naivni,2025-05-21,2025-06-18,14326.0,14503.0,True,103.0
1195,Operacija sive mrene (katarakte),4,lin,2025-05-21,2025-06-18,14326.0,14852.858368065197,True,103.0
1195,Operacija sive mrene (katarakte),4,ar1,2025-05-21,2025-06-18,14326.0,14686.915075958408,True,103.0
1195,Operacija sive mrene (katarakte),4,naivni,2025-05-28,2025-06-25,14313.0,14442.0,False,102.3
1195,Operacija sive mrene (katarakte),4,lin,2025-05-28,2025-06-25,14313.0,14897.074140666322,False,102.3
1195,Operacija sive mrene (katarakte),4,ar1,2025-05-28,2025-06-25,14313.0,14602.549732486916,False,102.3
1195,Operacija sive mrene (katarakte),4,naivni,2025-06-04,2025-07-02,14300.0,14527.0,True,102.01639344262296
1195,Operacija sive mrene (katarakte),4,lin,2025-06-04,2025-07-02,14300.0,14943.946740197935,True,102.01639344262296
1195,Operacija sive mrene (katarakte),4,ar1,2025-06-04,2025-07-02,14300.0,14694.496628115585,True,102.01639344262296
1195,Operacija sive mrene (katarakte),4,naivni,2025-06-11,2025-07-09,14582.0,13229.0,True,121.30645161290323
1195,Operacija sive mrene (katarakte),4,lin,2025-06-11,2025-07-09,14582.0,14899.297251024065,True,121.30645161290323
1195,Operacija sive mrene (katarakte),4,ar1,2025-06-11,2025-07-09,14582.0,13303.79712866572,True,121.30645161290323
1195,Operacija sive mrene (katarakte),4,naivni,2025-06-18,2025-07-16,14676.0,14326.0,True,136.79365079365078
1195,Operacija sive mrene (katarakte),4,lin,2025-06-18,2025-07-16,14676.0,14929.931662087913,True,136.79365079365078
1195,Operacija sive mrene (katarakte),4,ar1,2025-06-18,2025-07-16,14676.0,14336.990620402805,True,136.79365079365078
1195,Operacija sive mrene (katarakte),4,naivni,2025-06-25,2025-07-23,14656.0,14313.0,True,134.859375
1195,Operacija sive mrene (katarakte),4,lin,2025-06-25,2025-07-23,14656.0,14957.443531468536,True,134.859375
1195,Operacija sive mrene (katarakte),4,ar1,2025-06-25,2025-07-23,14656.0,14323.053009151841,True,134.859375
1195,Operacija sive mrene (katarakte),4,naivni,2025-07-02,2025-07-30,14682.0,14300.0,True,132.98461538461538
1195,Operacija sive mrene (katarakte),4,lin,2025-07-02,2025-07-30,14682.0,14982.061907246984,True,132.98461538461538
1195,Operacija sive mrene (katarakte),4,ar1,2025-07-02,2025-07-30,14682.0,14309.298763848425,True,132.98461538461538
1195,Operacija sive mrene (katarakte),4,naivni,2025-07-09,2025-08-06,14729.0,14582.0,True,135.24242424242425
1195,Operacija sive mrene (katarakte),4,lin,2025-07-09,2025-08-06,14729.0,15022.774044217405,True,135.24242424242425
1195,Operacija sive mrene (katarakte),4,ar1,2025-07-09,2025-08-06,14729.0,14601.609783036032,True,135.24242424242425
1195,Operacija sive mrene (katarakte),4,naivni,2025-07-16,2025-08-13,14816.0,14676.0,True,134.62686567164178
1195,Operacija sive mrene (katarakte),4,lin,2025-07-16,2025-08-13,14816.0,15066.691701339838,True,134.62686567164178
1195,Operacija sive mrene (katarakte),4,ar1,2025-07-16,2025-08-13,14816.0,14701.949124121466,True,134.62686567164178
1195,Operacija sive mrene (katarakte),4,naivni,2025-07-23,2025-08-20,14781.0,14656.0,True,132.94117647058823
1195,Operacija sive mrene (katarakte),4,lin,2025-07-23,2025-08-20,14781.0,15106.565631469979,True,132.94117647058823
1195,Operacija sive mrene (katarakte),4,ar1,2025-07-23,2025-08-20,14781.0,14679.087513828621,True,132.94117647058823
1195,Operacija sive mrene (katarakte),4,naivni,2025-07-30,2025-08-27,14752.0,14682.0,True,131.3913043478261
1195,Operacija sive mrene (katarakte),4,lin,2025-07-30,2025-08-27,14752.0,15145.464981191495,True,131.3913043478261
1195,Operacija sive mrene (katarakte),4,ar1,2025-07-30,2025-08-27,14752.0,14705.885477242491,True,131.3913043478261
1195,Operacija sive mrene (katarakte),4,naivni,2025-08-06,2025-09-03,14788.0,14729.0,True,130.18571428571428
1195,Operacija sive mrene (katarakte),4,lin,2025-08-06,2025-09-03,14788.0,15184.71418511067,True,130.18571428571428
1195,Operacija sive mrene (katarakte),4,ar1,2025-08-06,2025-09-03,14788.0,14755.109229952845,True,130.18571428571428
1195,Operacija sive mrene (katarakte),4,naivni,2025-08-13,2025-09-10,14759.0,14816.0,True,129.57746478873239
1195,Operacija sive mrene (katarakte),4,lin,2025-08-13,2025-09-10,14759.0,15226.652501768593,True,129.57746478873239
1195,Operacija sive mrene (katarakte),4,ar1,2025-08-13,2025-09-10,14759.0,14847.442137187672,True,129.57746478873239
1195,Operacija sive mrene (katarakte),4,naivni,2025-08-20,2025-09-17,14830.0,14781.0,True,128.26388888888889
1195,Operacija sive mrene (katarakte),4,lin,2025-08-20,2025-09-17,14830.0,15264.018141429096,True,128.26388888888889
1195,Operacija sive mrene (katarakte),4,ar1,2025-08-20,2025-09-17,14830.0,14808.37513506806,True,128.26388888888889
1195,Operacija sive mrene (katarakte),4,naivni,2025-08-27,2025-09-24,14962.0,14752.0,True,126.9041095890411
1195,Operacija sive mrene (katarakte),4,lin,2025-08-27,2025-09-24,14962.0,15297.447064050355,True,126.9041095890411
1195,Operacija sive mrene (katarakte),4,ar1,2025-08-27,2025-09-24,14962.0,14776.447182283046,True,126.9041095890411
1195,Operacija sive mrene (katarakte),4,naivni,2025-09-03,2025-10-01,14969.0,14788.0,True,125.67567567567568
1195,Operacija sive mrene (katarakte),4,lin,2025-09-03,2025-10-01,14969.0,15330.860237079187,True,125.67567567567568
1195,Operacija sive mrene (katarakte),4,ar1,2025-09-03,2025-10-01,14969.0,14813.403180775033,True,125.67567567567568
1195,Operacija sive mrene (katarakte),4,naivni,2025-09-10,2025-10-08,15028.0,14759.0,True,124.38666666666667
1195,Operacija sive mrene (katarakte),4,lin,2025-09-10,2025-10-08,15028.0,15360.640902255633,True,124.38666666666667
1195,Operacija sive mrene (katarakte),4,ar1,2025-09-10,2025-10-08,15028.0,14781.977864240698,True,124.38666666666667
1195,Operacija sive mrene (katarakte),4,naivni,2025-09-17,2025-10-15,15062.0,14830.0,True,123.6842105263158
1195,Operacija sive mrene (katarakte),4,lin,2025-09-17,2025-10-15,15062.0,15392.507807981492,True,123.6842105263158
1195,Operacija sive mrene (katarakte),4,ar1,2025-09-17,2025-10-15,15062.0,14855.291887463627,True,123.6842105263158
1195,Operacija sive mrene (katarakte),4,naivni,2025-09-24,2025-10-22,15260.0,14962.0,True,123.79220779220779
1195,Operacija sive mrene (katarakte),4,lin,2025-09-24,2025-10-22,15260.0,15429.645544329089,True,123.79220779220779
1195,Operacija sive mrene (katarakte),4,ar1,2025-09-24,2025-10-22,15260.0,14993.557737220315,True,123.79220779220779
1195,Operacija sive mrene (katarakte),4,naivni,2025-10-01,2025-10-29,15349.0,14969.0,True,122.2948717948718
1195,Operacija sive mrene (katarakte),4,lin,2025-10-01,2025-10-29,15349.0,15465.059566699128,True,122.2948717948718
1195,Operacija sive mrene (katarakte),4,ar1,2025-10-01,2025-10-29,15349.0,14999.749564065192,True,122.2948717948718
1195,Operacija sive mrene (katarakte),4,naivni,2025-10-08,2025-11-05,15273.0,15028.0,True,121.49367088607595
1195,Operacija sive mrene (katarakte),4,lin,2025-10-08,2025-11-05,15273.0,15501.597327707455,True,121.49367088607595
1195,Operacija sive mrene (katarakte),4,ar1,2025-10-08,2025-11-05,15273.0,15061.231006627879,True,121.49367088607595
1195,Operacija sive mrene (katarakte),4,naivni,2025-10-15,2025-11-12,15280.0,15062.0,True,120.4
1195,Operacija sive mrene (katarakte),4,lin,2025-10-15,2025-11-12,15280.0,15537.893887383325,True,120.4
1195,Operacija sive mrene (katarakte),4,ar1,2025-10-15,2025-11-12,15280.0,15096.139787813245,True,120.4
1195,Operacija sive mrene (katarakte),4,naivni,2025-10-22,2025-11-19,15368.0,15260.0,True,121.35802469135803
1195,Operacija sive mrene (katarakte),4,lin,2025-10-22,2025-11-19,15368.0,15582.39877667852,True,121.35802469135803
1195,Operacija sive mrene (katarakte),4,ar1,2025-10-22,2025-11-19,15368.0,15307.434763751009,True,121.35802469135803
1195,Operacija sive mrene (katarakte),4,naivni,2025-10-29,2025-11-26,15382.0,15349.0,True,120.96341463414635
1195,Operacija sive mrene (katarakte),4,lin,2025-10-29,2025-11-26,15382.0,15629.11720750598,True,120.96341463414635
1195,Operacija sive mrene (katarakte),4,ar1,2025-10-29,2025-11-26,15382.0,15402.898708017565,True,120.96341463414635
1195,Operacija sive mrene (katarakte),4,naivni,2025-11-05,2025-12-03,15457.0,15273.0,True,120.42168674698796
1195,Operacija sive mrene (katarakte),4,lin,2025-11-05,2025-12-03,15457.0,15669.653757888698,True,120.42168674698796
1195,Operacija sive mrene (katarakte),4,ar1,2025-11-05,2025-12-03,15457.0,15317.463350407003,True,120.42168674698796
1195,Operacija sive mrene (katarakte),4,naivni,2025-11-12,2025-12-10,15563.0,15280.0,True,119.07142857142857
1195,Operacija sive mrene (katarakte),4,lin,2025-11-12,2025-12-10,15563.0,15708.458940785622,True,119.07142857142857
1195,Operacija sive mrene (katarakte),4,ar1,2025-11-12,2025-12-10,15563.0,15323.247615344124,True,119.07142857142857
1195,Operacija sive mrene (katarakte),4,naivni,2025-11-19,2025-12-17,15721.0,15368.0,True,118.70588235294117
1195,Operacija sive mrene (katarakte),4,lin,2025-11-19,2025-12-17,15721.0,15749.590329732528,True,118.70588235294117
1195,Operacija sive mrene (katarakte),4,ar1,2025-11-19,2025-12-17,15721.0,15416.338864697984,True,118.70588235294117
1195,Operacija sive mrene (katarakte),4,naivni,2025-11-26,2025-12-24,15713.666666666666,15382.0,False,117.48837209302326
1195,Operacija sive mrene (katarakte),4,lin,2025-11-26,2025-12-24,15713.666666666666,15789.34825399139,False,117.48837209302326
1195,Operacija sive mrene (katarakte),4,ar1,2025-11-26,2025-12-24,15713.666666666666,15429.57111223946,False,117.48837209302326
1195,Operacija sive mrene (katarakte),4,naivni,2025-12-03,2025-12-31,15706.333333333334,15457.0,False,117.0
1195,Operacija sive mrene (katarakte),4,lin,2025-12-03,2025-12-31,15706.333333333334,15830.719541403963,False,117.0
1195,Operacija sive mrene (katarakte),4,ar1,2025-12-03,2025-12-31,15706.333333333334,15508.725009337597,False,117.0
1195,Operacija sive mrene (katarakte),4,naivni,2025-12-10,2026-01-07,15699.0,15563.0,True,116.875
1195,Operacija sive mrene (katarakte),4,lin,2025-12-10,2026-01-07,15699.0,15875.083758937692,True,116.875
1195,Operacija sive mrene (katarakte),4,ar1,2025-12-10,2026-01-07,15699.0,15621.92274965972,True,116.875
1195,Operacija sive mrene (katarakte),4,naivni,2025-12-17,2026-01-14,15630.0,15721.0,True,117.33707865168539
1195,Operacija sive mrene (katarakte),4,lin,2025-12-17,2026-01-14,15630.0,15924.712222359412,True,117.33707865168539
1195,Operacija sive mrene (katarakte),4,ar1,2025-12-17,2026-01-14,15630.0,15793.352236137614,True,117.33707865168539
1195,Operacija sive mrene (katarakte),4,naivni,2025-12-24,2026-01-21,15453.0,15713.666666666666,True,116.11481481481482
1195,Operacija sive mrene (katarakte),4,lin,2025-12-24,2026-01-21,15453.0,15971.713043478267,True,116.11481481481482
1195,Operacija sive mrene (katarakte),4,ar1,2025-12-24,2026-01-21,15453.0,15782.133033590642,True,116.11481481481482
1195,Operacija sive mrene (katarakte),4,naivni,2025-12-31,2026-01-28,15416.0,15706.333333333334,True,114.91941391941391
1195,Operacija sive mrene (katarakte),4,lin,2025-12-31,2026-01-28,15416.0,16016.219317849043,True,114.91941391941391
1195,Operacija sive mrene (katarakte),4,ar1,2025-12-31,2026-01-28,15416.0,15771.278099218696,True,114.91941391941391
1195,Operacija sive mrene (katarakte),4,naivni,2026-01-07,2026-02-04,15489.0,15699.0,True,113.75
1195,Operacija sive mrene (katarakte),4,lin,2026-01-07,2026-02-04,15489.0,16058.356271075165,True,113.75
1195,Operacija sive mrene (katarakte),4,ar1,2026-01-07,2026-02-04,15489.0,15760.742394659052,True,113.75
1195,Operacija sive mrene (katarakte),4,naivni,2026-01-14,2026-02-11,15475.0,15630.0,True,113.26881720430107
1195,Operacija sive mrene (katarakte),4,lin,2026-01-14,2026-02-11,15475.0,16095.493383424244,True,113.26881720430107
1195,Operacija sive mrene (katarakte),4,ar1,2026-01-14,2026-02-11,15475.0,15683.838790359123,True,113.26881720430107
1195,Operacija sive mrene (katarakte),4,naivni,2026-01-21,2026-02-18,15877.0,15453.0,True,113.94680851063829
1195,Operacija sive mrene (katarakte),4,lin,2026-01-21,2026-02-18,15877.0,16123.115845464723,True,113.94680851063829
1195,Operacija sive mrene (katarakte),4,ar1,2026-01-21,2026-02-18,15877.0,15494.21374764945,True,113.94680851063829
1195,Operacija sive mrene (katarakte),4,naivni,2026-01-28,2026-02-25,15889.0,15416.0,True,113.13684210526316
1195,Operacija sive mrene (katarakte),4,lin,2026-01-28,2026-02-25,15889.0,16147.789980104895,True,113.13684210526316
1195,Operacija sive mrene (katarakte),4,ar1,2026-01-28,2026-02-25,15889.0,15454.519509104766,True,113.13684210526316
1195,Operacija sive mrene (katarakte),4,naivni,2026-02-04,2026-03-04,15842.0,15489.0,True,112.71875
1195,Operacija sive mrene (katarakte),4,lin,2026-02-04,2026-03-04,15842.0,16174.403604740864,True,112.71875
1195,Operacija sive mrene (katarakte),4,ar1,2026-02-04,2026-03-04,15842.0,15529.095941663087,True,112.71875
1195,Operacija sive mrene (katarakte),4,naivni,2026-02-11,2026-03-11,15854.0,15475.0,True,111.70103092783505
1195,Operacija sive mrene (katarakte),4,lin,2026-02-11,2026-03-11,15854.0,16199.154518039642,True,111.70103092783505
1195,Operacija sive mrene (katarakte),4,ar1,2026-02-11,2026-03-11,15854.0,15513.421151132883,True,111.70103092783505
1195,Operacija sive mrene (katarakte),4,naivni,2026-02-18,2026-03-18,15776.0,15877.0,True,114.66326530612245
1195,Operacija sive mrene (katarakte),4,lin,2026-02-18,2026-03-18,15776.0,16239.696631622344,True,114.66326530612245
1195,Operacija sive mrene (katarakte),4,ar1,2026-02-18,2026-03-18,15776.0,15933.881014844674,True,114.66326530612245
1195,Operacija sive mrene (katarakte),4,naivni,2026-02-25,2026-03-25,15692.0,15889.0,True,113.62626262626263
1195,Operacija sive mrene (katarakte),4,lin,2026-02-25,2026-03-25,15692.0,16279.003124312434,True,113.62626262626263
1195,Operacija sive mrene (katarakte),4,ar1,2026-02-25,2026-03-25,15692.0,15944.824485390887,True,113.62626262626263
1195,Operacija sive mrene (katarakte),4,naivni,2026-03-04,2026-04-01,15839.0,15842.0,False,112.96
1195,Operacija sive mrene (katarakte),4,lin,2026-03-04,2026-04-01,15839.0,16314.69176470588,False,112.96
1195,Operacija sive mrene (katarakte),4,ar1,2026-03-04,2026-04-01,15839.0,15892.590424393851,False,112.96
1195,Operacija sive mrene (katarakte),4,naivni,2026-03-11,2026-04-08,15986.0,15854.0,True,111.96039603960396
1195,Operacija sive mrene (katarakte),4,lin,2026-03-11,2026-04-08,15986.0,16349.342836625185,True,111.96039603960396
1195,Operacija sive mrene (katarakte),4,ar1,2026-03-11,2026-04-08,15986.0,15903.731637515544,True,111.96039603960396
1195,Operacija sive mrene (katarakte),4,naivni,2026-03-18,2026-04-15,15796.0,15776.0,True,111.62745098039215
1195,Operacija sive mrene (katarakte),4,lin,2026-03-18,2026-04-15,15796.0,16379.357744292643,True,111.62745098039215
1195,Operacija sive mrene (katarakte),4,ar1,2026-03-18,2026-04-15,15796.0,15819.795300741427,True,111.62745098039215
1195,Operacija sive mrene (katarakte),4,naivni,2026-03-25,2026-04-22,15865.0,15692.0,False,111.35922330097087
1195,Operacija sive mrene (katarakte),4,lin,2026-03-25,2026-04-22,15865.0,16404.70381948149,False,111.35922330097087
1195,Operacija sive mrene (katarakte),4,ar1,2026-03-25,2026-04-22,15865.0,15730.904690715546,False,111.35922330097087
1195,Operacija sive mrene (katarakte),4,naivni,2026-04-01,2026-04-29,15934.0,15839.0,True,111.70192307692308
1195,Operacija sive mrene (katarakte),4,lin,2026-04-01,2026-04-29,15934.0,16434.76238855484,True,111.70192307692308
1195,Operacija sive mrene (katarakte),4,ar1,2026-04-01,2026-04-29,15934.0,15882.624925064538,True,111.70192307692308
1195,Operacija sive mrene (katarakte),4,naivni,2026-04-08,2026-05-06,15767.0,15986.0,True,112.03809523809524
1195,Operacija sive mrene (katarakte),4,lin,2026-04-08,2026-05-06,15767.0,16469.328899748936,True,112.03809523809524
1195,Operacija sive mrene (katarakte),4,ar1,2026-04-08,2026-05-06,15767.0,16035.959939760949,True,112.03809523809524
1195,Operacija sive mrene (katarakte),4,naivni,2026-04-15,2026-05-13,15768.0,15796.0,True,112.77358490566037
1195,Operacija sive mrene (katarakte),4,lin,2026-04-15,2026-05-13,15768.0,16495.086179196296,True,112.77358490566037
1195,Operacija sive mrene (katarakte),4,ar1,2026-04-15,2026-05-13,15768.0,15834.720940699273,True,112.77358490566037
1195,Operacija sive mrene (katarakte),4,naivni,2026-04-22,2026-05-20,15923.0,15865.0,True,112.3644859813084
1195,Operacija sive mrene (katarakte),4,lin,2026-04-22,2026-05-20,15923.0,16522.401985068314,True,112.3644859813084
1195,Operacija sive mrene (katarakte),4,ar1,2026-04-22,2026-05-20,15923.0,15905.246428555238,True,112.3644859813084
1195,Operacija sive mrene (katarakte),4,naivni,2026-04-29,2026-05-27,16032.0,15934.0,True,111.96296296296296
1195,Operacija sive mrene (katarakte),4,lin,2026-04-29,2026-05-27,16032.0,16551.21155901523,True,111.96296296296296
1195,Operacija sive mrene (katarakte),4,ar1,2026-04-29,2026-05-27,16032.0,15975.982482089876,True,111.96296296296296
1195,Operacija sive mrene (katarakte),4,naivni,2026-05-06,2026-06-03,15929.0,15767.0,True,112.46788990825688
1195,Operacija sive mrene (katarakte),4,lin,2026-05-06,2026-06-03,15929.0,16572.52359849425,True,112.46788990825688
1195,Operacija sive mrene (katarakte),4,ar1,2026-05-06,2026-06-03,15929.0,15801.77683999699,True,112.46788990825688
1195,Operacija sive mrene (katarakte),4,naivni,2026-05-13,2026-06-10,15945.0,15768.0,False,111.45454545454545
1195,Operacija sive mrene (katarakte),4,lin,2026-05-13,2026-06-10,15945.0,16592.949593424593,False,111.45454545454545
1195,Operacija sive mrene (katarakte),4,ar1,2026-05-13,2026-06-10,15945.0,15801.97942168028,False,111.45454545454545
1195,Operacija sive mrene (katarakte),4,naivni,2026-05-20,2026-06-17,15961.0,15923.0,True,111.84684684684684
1195,Operacija sive mrene (katarakte),4,lin,2026-05-20,2026-06-17,15961.0,16618.246914898467,True,111.84684684684684
1195,Operacija sive mrene (katarakte),4,ar1,2026-05-20,2026-06-17,15961.0,15960.116046368905,True,111.84684684684684
1195,Operacija sive mrene (katarakte),4,naivni,2026-05-27,2026-06-24,16326.0,16032.0,True,111.82142857142857
1195,Operacija sive mrene (katarakte),4,lin,2026-05-27,2026-06-24,16326.0,16646.525018297958,True,111.82142857142857
1195,Operacija sive mrene (katarakte),4,ar1,2026-05-27,2026-06-24,16326.0,16072.074050065252,True,111.82142857142857
1195,Operacija sive mrene (katarakte),4,naivni,2026-06-03,2026-07-01,16082.0,15929.0,True,111.7433628318584
1195,Operacija sive mrene (katarakte),4,lin,2026-06-03,2026-07-01,16082.0,16669.934487623446,True,111.7433628318584
1195,Operacija sive mrene (katarakte),4,ar1,2026-06-03,2026-07-01,16082.0,15964.29279179128,True,111.7433628318584
1195,Operacija sive mrene (katarakte),4,naivni,2026-06-10,2026-07-08,16066.0,15945.0,True,110.90350877192982
1195,Operacija sive mrene (katarakte),4,lin,2026-06-10,2026-07-08,16066.0,16692.972092900916,True,110.90350877192982
1195,Operacija sive mrene (katarakte),4,ar1,2026-06-10,2026-07-08,16066.0,15979.897474451267,True,110.90350877192982
1195,Operacija sive mrene (katarakte),4,naivni,2026-06-17,2026-07-15,16139.0,15961.0,True,110.07826086956521
1195,Operacija sive mrene (katarakte),4,lin,2026-06-17,2026-07-15,16139.0,16715.654038365436,True,110.07826086956521
1195,Operacija sive mrene (katarakte),4,ar1,2026-06-17,2026-07-15,16139.0,15995.506231043972,True,110.07826086956521
1626,Endoproteza kolena,1,naivni,2025-03-26,2025-04-02,8921.0,8895.0,True,78.82352941176471
1626,Endoproteza kolena,1,lin,2025-03-26,2025-04-02,8921.0,8787.210407239822,True,78.82352941176471
1626,Endoproteza kolena,1,ar1,2025-03-26,2025-04-02,8921.0,8815.115884851512,True,78.82352941176471
1626,Endoproteza kolena,1,naivni,2025-04-02,2025-04-09,9346.0,8921.0,True,77.8076923076923
1626,Endoproteza kolena,1,lin,2025-04-02,2025-04-09,9346.0,8800.918722786648,True,77.8076923076923
1626,Endoproteza kolena,1,ar1,2025-04-02,2025-04-09,9346.0,8837.730052394048,True,77.8076923076923
1626,Endoproteza kolena,1,naivni,2025-04-09,2025-04-16,8601.0,9346.0,True,84.35849056603773
1626,Endoproteza kolena,1,lin,2025-04-09,2025-04-16,8601.0,8845.186582809223,True,84.35849056603773
1626,Endoproteza kolena,1,ar1,2025-04-09,2025-04-16,8601.0,9182.434339268046,True,84.35849056603773
1626,Endoproteza kolena,1,naivni,2025-04-16,2025-04-23,8616.0,8601.0,True,96.5925925925926
1626,Endoproteza kolena,1,lin,2025-04-16,2025-04-23,8616.0,8832.420202020203,True,96.5925925925926
1626,Endoproteza kolena,1,ar1,2025-04-16,2025-04-23,8616.0,8658.520850358189,True,96.5925925925926
1626,Endoproteza kolena,1,naivni,2025-04-23,2025-04-30,8586.0,8616.0,True,95.10909090909091
1626,Endoproteza kolena,1,lin,2025-04-23,2025-04-30,8586.0,8821.478571428574,True,95.10909090909091
1626,Endoproteza kolena,1,ar1,2025-04-23,2025-04-30,8586.0,8664.385732963812,True,95.10909090909091
1626,Endoproteza kolena,1,naivni,2025-04-30,2025-05-07,8970.0,8586.0,True,93.94642857142857
1626,Endoproteza kolena,1,lin,2025-04-30,2025-05-07,8970.0,8809.063909774435,True,93.94642857142857
1626,Endoproteza kolena,1,ar1,2025-04-30,2025-05-07,8970.0,8648.467396173659,True,93.94642857142857
1626,Endoproteza kolena,1,naivni,2025-05-07,2025-05-14,8951.0,8970.0,True,99.03508771929825
1626,Endoproteza kolena,1,lin,2025-05-07,2025-05-14,8951.0,8823.845735027227,True,99.03508771929825
1626,Endoproteza kolena,1,ar1,2025-05-07,2025-05-14,8951.0,8827.429185597195,True,99.03508771929825
1626,Endoproteza kolena,1,naivni,2025-05-14,2025-05-21,8544.0,8951.0,True,97.65517241379311
1626,Endoproteza kolena,1,lin,2025-05-14,2025-05-21,8544.0,8836.431326709528,True,97.65517241379311
1626,Endoproteza kolena,1,ar1,2025-05-14,2025-05-21,8544.0,8826.41995169935,True,97.65517241379311
1626,Endoproteza kolena,1,naivni,2025-05-21,2025-05-28,8646.0,8544.0,True,102.89830508474576
1626,Endoproteza kolena,1,lin,2025-05-21,2025-05-28,8646.0,8821.116384180787,True,102.89830508474576
1626,Endoproteza kolena,1,ar1,2025-05-21,2025-05-28,8646.0,8639.592443202604,True,102.89830508474576
1626,Endoproteza kolena,1,naivni,2025-05-28,2025-06-04,8979.0,8646.0,True,102.88333333333334
1626,Endoproteza kolena,1,lin,2025-05-28,2025-06-04,8979.0,8813.33442622951,True,102.88333333333334
1626,Endoproteza kolena,1,ar1,2025-05-28,2025-06-04,8979.0,8682.74989024759,True,102.88333333333334
1626,Endoproteza kolena,1,naivni,2025-06-04,2025-06-11,7833.0,8979.0,True,106.65573770491804
1626,Endoproteza kolena,1,lin,2025-06-04,2025-06-11,7833.0,8827.445795875201,True,106.65573770491804
1626,Endoproteza kolena,1,ar1,2025-06-04,2025-06-11,7833.0,8824.701854630539,True,106.65573770491804
1626,Endoproteza kolena,1,naivni,2025-06-11,2025-06-18,9014.0,7833.0,True,123.41935483870968
1626,Endoproteza kolena,1,lin,2025-06-11,2025-06-18,9014.0,8767.984126984127,True,123.41935483870968
1626,Endoproteza kolena,1,ar1,2025-06-11,2025-06-18,9014.0,8479.306640118695,True,123.41935483870968
1626,Endoproteza kolena,1,naivni,2025-06-18,2025-06-25,9016.0,9014.0,False,140.20634920634922
1626,Endoproteza kolena,1,lin,2025-06-18,2025-06-25,9016.0,8785.558035714283,False,140.20634920634922
1626,Endoproteza kolena,1,ar1,2025-06-18,2025-06-25,9016.0,8723.001027234146,False,140.20634920634922
1626,Endoproteza kolena,1,naivni,2025-06-25,2025-07-02,9018.0,9016.0,True,138.046875
1626,Endoproteza kolena,1,lin,2025-06-25,2025-07-02,9018.0,8802.291826923081,True,138.046875
1626,Endoproteza kolena,1,ar1,2025-06-25,2025-07-02,9018.0,8739.03512555724,True,138.046875
1626,Endoproteza kolena,1,naivni,2025-07-02,2025-07-09,9062.0,9018.0,True,135.95384615384614
1626,Endoproteza kolena,1,lin,2025-07-02,2025-07-09,9062.0,8818.240093240094,True,135.95384615384614
1626,Endoproteza kolena,1,ar1,2025-07-02,2025-07-09,9062.0,8753.726693365112,True,135.95384615384614
1626,Endoproteza kolena,1,naivni,2025-07-09,2025-07-16,8765.0,9062.0,True,134.56060606060606
1626,Endoproteza kolena,1,lin,2025-07-09,2025-07-16,8765.0,8835.960651289004,True,134.56060606060606
1626,Endoproteza kolena,1,ar1,2025-07-09,2025-07-16,8765.0,8776.209659145868,True,134.56060606060606
1626,Endoproteza kolena,1,naivni,2025-07-16,2025-07-23,8859.0,8765.0,True,136.98507462686567
1626,Endoproteza kolena,1,lin,2025-07-16,2025-07-23,8859.0,8835.275241439856,True,136.98507462686567
1626,Endoproteza kolena,1,ar1,2025-07-16,2025-07-23,8859.0,8727.478404335465,True,136.98507462686567
1626,Endoproteza kolena,1,naivni,2025-07-23,2025-07-30,8821.0,8859.0,True,136.35294117647058
1626,Endoproteza kolena,1,lin,2025-07-23,2025-07-30,8821.0,8840.048593350384,True,136.35294117647058
1626,Endoproteza kolena,1,ar1,2025-07-23,2025-07-30,8821.0,8744.941129461002,True,136.35294117647058
1626,Endoproteza kolena,1,naivni,2025-07-30,2025-08-06,9162.0,8821.0,True,134.92753623188406
1626,Endoproteza kolena,1,lin,2025-07-30,2025-08-06,9162.0,8842.387577639749,True,134.92753623188406
1626,Endoproteza kolena,1,ar1,2025-07-30,2025-08-06,9162.0,8740.18050227102,True,134.92753623188406
1626,Endoproteza kolena,1,naivni,2025-08-06,2025-08-13,9205.0,9162.0,True,137.87142857142857
1626,Endoproteza kolena,1,lin,2025-08-06,2025-08-13,9205.0,8863.798390342055,True,137.87142857142857
1626,Endoproteza kolena,1,ar1,2025-08-06,2025-08-13,9205.0,8809.876881585005,True,137.87142857142857
1626,Endoproteza kolena,1,naivni,2025-08-13,2025-08-20,9123.0,9205.0,True,136.53521126760563
1626,Endoproteza kolena,1,lin,2025-08-13,2025-08-20,9123.0,8886.53364632237,True,136.53521126760563
1626,Endoproteza kolena,1,ar1,2025-08-13,2025-08-20,9123.0,8850.069333172316,True,136.53521126760563
1626,Endoproteza kolena,1,naivni,2025-08-20,2025-08-27,9142.0,9123.0,True,135.77777777777777
1626,Endoproteza kolena,1,lin,2025-08-20,2025-08-27,9142.0,8903.659817351594,True,135.77777777777777
1626,Endoproteza kolena,1,ar1,2025-08-20,2025-08-27,9142.0,8849.506703791323,True,135.77777777777777
1626,Endoproteza kolena,1,naivni,2025-08-27,2025-09-03,9162.0,9142.0,True,134.17808219178082
1626,Endoproteza kolena,1,lin,2025-08-27,2025-09-03,9162.0,8920.974824139212,True,134.17808219178082
1626,Endoproteza kolena,1,ar1,2025-08-27,2025-09-03,9162.0,8871.934960313636,True,134.17808219178082
1626,Endoproteza kolena,1,naivni,2025-09-03,2025-09-10,9178.0,9162.0,True,132.63513513513513
1626,Endoproteza kolena,1,lin,2025-09-03,2025-09-10,9178.0,8938.518918918917,True,132.63513513513513
1626,Endoproteza kolena,1,ar1,2025-09-03,2025-09-10,9178.0,8895.426302060887,True,132.63513513513513
1626,Endoproteza kolena,1,naivni,2025-09-10,2025-09-17,8918.0,9178.0,True,131.08
1626,Endoproteza kolena,1,lin,2025-09-10,2025-09-17,8918.0,8956.066315789467,True,131.08
1626,Endoproteza kolena,1,ar1,2025-09-10,2025-09-17,8918.0,8917.873170244045,True,131.08
1626,Endoproteza kolena,1,naivni,2025-09-17,2025-09-24,8936.0,8918.0,True,132.77631578947367
1626,Endoproteza kolena,1,lin,2025-09-17,2025-09-24,8936.0,8959.277511961725,True,132.77631578947367
1626,Endoproteza kolena,1,ar1,2025-09-17,2025-09-24,8936.0,8820.814196865136,True,132.77631578947367
1626,Endoproteza kolena,1,naivni,2025-09-24,2025-10-01,8746.0,8936.0,True,131.28571428571428
1626,Endoproteza kolena,1,lin,2025-09-24,2025-10-01,8746.0,8963.23443223443,True,131.28571428571428
1626,Endoproteza kolena,1,ar1,2025-09-24,2025-10-01,8746.0,8829.85277835773,True,131.28571428571428
1626,Endoproteza kolena,1,naivni,2025-10-01,2025-10-08,8888.0,8746.0,True,132.03846153846155
1626,Endoproteza kolena,1,lin,2025-10-01,2025-10-08,8888.0,8957.363193768258,True,132.03846153846155
1626,Endoproteza kolena,1,ar1,2025-10-01,2025-10-08,8888.0,8757.018451925638,True,132.03846153846155
1626,Endoproteza kolena,1,naivni,2025-10-08,2025-10-15,9136.0,8888.0,True,132.16455696202533
1626,Endoproteza kolena,1,lin,2025-10-08,2025-10-15,9136.0,8958.816772151898,True,132.16455696202533
1626,Endoproteza kolena,1,ar1,2025-10-08,2025-10-15,9136.0,8811.764948403343,True,132.16455696202533
1626,Endoproteza kolena,1,naivni,2025-10-15,2025-10-22,9133.0,9136.0,True,133.6125
1626,Endoproteza kolena,1,lin,2025-10-15,2025-10-22,9133.0,8972.424074074079,True,133.6125
1626,Endoproteza kolena,1,ar1,2025-10-15,2025-10-22,9133.0,8912.324953008716,True,133.6125
1626,Endoproteza kolena,1,naivni,2025-10-22,2025-10-29,9222.0,9133.0,True,132.0
1626,Endoproteza kolena,1,lin,2025-10-22,2025-10-29,9222.0,8985.274616079489,True,132.0
1626,Endoproteza kolena,1,ar1,2025-10-22,2025-10-29,9222.0,8921.083493079286,True,132.0
1626,Endoproteza kolena,1,naivni,2025-10-29,2025-11-05,9134.0,9222.0,True,131.47560975609755
1626,Endoproteza kolena,1,lin,2025-10-29,2025-11-05,9134.0,9001.842198060534,True,131.47560975609755
1626,Endoproteza kolena,1,ar1,2025-10-29,2025-11-05,9134.0,8972.12474266346,True,131.47560975609755
1626,Endoproteza kolena,1,naivni,2025-11-05,2025-11-12,9232.0,9134.0,True,130.95180722891567
1626,Endoproteza kolena,1,lin,2025-11-05,2025-11-12,9232.0,9013.498278829604,True,130.95180722891567
1626,Endoproteza kolena,1,ar1,2025-11-05,2025-11-12,9232.0,8942.065509483517,True,130.95180722891567
1626,Endoproteza kolena,1,naivni,2025-11-12,2025-11-19,8891.0,9232.0,True,130.5595238095238
1626,Endoproteza kolena,1,lin,2025-11-12,2025-11-19,8891.0,9029.254621848739,True,130.5595238095238
1626,Endoproteza kolena,1,ar1,2025-11-12,2025-11-19,8891.0,8999.145750644828,True,130.5595238095238
1626,Endoproteza kolena,1,naivni,2025-11-19,2025-11-26,8900.0,8891.0,True,133.03529411764706
1626,Endoproteza kolena,1,lin,2025-11-19,2025-11-26,8900.0,9028.477428180575,True,133.03529411764706
1626,Endoproteza kolena,1,ar1,2025-11-19,2025-11-26,8900.0,8837.4883256369,True,133.03529411764706
1626,Endoproteza kolena,1,naivni,2025-11-26,2025-12-03,8816.0,8900.0,True,131.59302325581396
1626,Endoproteza kolena,1,lin,2025-11-26,2025-12-03,8816.0,9028.112804063081,True,131.59302325581396
1626,Endoproteza kolena,1,ar1,2025-11-26,2025-12-03,8816.0,8842.481570127185,True,131.59302325581396
1626,Endoproteza kolena,1,naivni,2025-12-03,2025-12-10,9069.0,8816.0,True,131.04597701149424
1626,Endoproteza kolena,1,lin,2025-12-03,2025-12-10,9069.0,9023.913009404389,True,131.04597701149424
1626,Endoproteza kolena,1,ar1,2025-12-03,2025-12-10,9069.0,8803.63922890538,True,131.04597701149424
1626,Endoproteza kolena,1,naivni,2025-12-10,2025-12-17,8676.0,9069.0,True,132.4318181818182
1626,Endoproteza kolena,1,lin,2025-12-10,2025-12-17,8676.0,9031.218590398365,True,132.4318181818182
1626,Endoproteza kolena,1,ar1,2025-12-10,2025-12-17,8676.0,8922.937822594902,True,132.4318181818182
1626,Endoproteza kolena,1,naivni,2025-12-17,2025-12-24,8723.0,8676.0,False,135.35955056179776
1626,Endoproteza kolena,1,lin,2025-12-17,2025-12-24,8723.0,9020.74406991261,False,135.35955056179776
1626,Endoproteza kolena,1,ar1,2025-12-17,2025-12-24,8723.0,8741.210876037523,False,135.35955056179776
1626,Endoproteza kolena,1,naivni,2025-12-24,2025-12-31,8770.0,8723.0,False,134.37777777777777
1626,Endoproteza kolena,1,lin,2025-12-24,2025-12-31,8770.0,9012.709157509164,False,134.37777777777777
1626,Endoproteza kolena,1,ar1,2025-12-24,2025-12-31,8770.0,8761.92072386175,False,134.37777777777777
1626,Endoproteza kolena,1,naivni,2025-12-31,2026-01-07,8817.0,8770.0,True,133.41758241758242
1626,Endoproteza kolena,1,lin,2025-12-31,2026-01-07,8817.0,9006.995938843762,True,133.41758241758242
1626,Endoproteza kolena,1,ar1,2025-12-31,2026-01-07,8817.0,8782.972628859206,True,133.41758241758242
1626,Endoproteza kolena,1,naivni,2026-01-07,2026-01-14,8808.0,8817.0,True,132.47826086956522
1626,Endoproteza kolena,1,lin,2026-01-07,2026-01-14,8808.0,9003.49322113137,True,132.47826086956522
1626,Endoproteza kolena,1,ar1,2026-01-07,2026-01-14,8808.0,8804.294523623583,True,132.47826086956522
1626,Endoproteza kolena,1,naivni,2026-01-14,2026-01-21,8818.0,8808.0,True,131.1505376344086
1626,Endoproteza kolena,1,lin,2026-01-14,2026-01-21,8818.0,8999.713109128346,True,131.1505376344086
1626,Endoproteza kolena,1,ar1,2026-01-14,2026-01-21,8818.0,8800.323157190951,True,131.1505376344086
1626,Endoproteza kolena,1,naivni,2026-01-21,2026-01-28,8894.0,8818.0,True,129.86170212765958
1626,Endoproteza kolena,1,lin,2026-01-21,2026-01-28,8894.0,8996.469428891376,True,129.86170212765958
1626,Endoproteza kolena,1,ar1,2026-01-21,2026-01-28,8894.0,8804.970455349054,True,129.86170212765958
1626,Endoproteza kolena,1,naivni,2026-01-28,2026-02-04,8884.0,8894.0,True,129.29473684210527
1626,Endoproteza kolena,1,lin,2026-01-28,2026-02-04,8884.0,8996.487719298242,True,129.29473684210527
1626,Endoproteza kolena,1,ar1,2026-01-28,2026-02-04,8884.0,8839.840387229038,True,129.29473684210527
1626,Endoproteza kolena,1,naivni,2026-02-04,2026-02-11,8846.0,8884.0,True,128.05208333333334
1626,Endoproteza kolena,1,lin,2026-02-04,2026-02-11,8846.0,8996.070876288664,True,128.05208333333334
1626,Endoproteza kolena,1,ar1,2026-02-04,2026-02-11,8846.0,8835.921554771388,True,128.05208333333334
1626,Endoproteza kolena,1,naivni,2026-02-11,2026-02-18,8868.0,8846.0,True,127.12371134020619
1626,Endoproteza kolena,1,lin,2026-02-11,2026-02-18,8868.0,8994.096360193564,True,127.12371134020619
1626,Endoproteza kolena,1,ar1,2026-02-11,2026-02-18,8868.0,8819.041022765217,True,127.12371134020619
1626,Endoproteza kolena,1,naivni,2026-02-18,2026-02-25,8820.0,8868.0,True,126.05102040816327
1626,Endoproteza kolena,1,lin,2026-02-18,2026-02-25,8820.0,8993.05957534529,True,126.05102040816327
1626,Endoproteza kolena,1,ar1,2026-02-18,2026-02-25,8820.0,8829.422483363138,True,126.05102040816327
1626,Endoproteza kolena,1,naivni,2026-02-25,2026-03-04,8628.0,8820.0,True,125.26262626262626
1626,Endoproteza kolena,1,lin,2026-02-25,2026-03-04,8628.0,8990.118787878791,True,125.26262626262626
1626,Endoproteza kolena,1,ar1,2026-02-25,2026-03-04,8628.0,8807.823191952679,True,125.26262626262626
1626,Endoproteza kolena,1,naivni,2026-03-04,2026-03-11,8632.0,8628.0,True,125.93
1626,Endoproteza kolena,1,lin,2026-03-04,2026-03-11,8632.0,8979.656237623762,True,125.93
1626,Endoproteza kolena,1,ar1,2026-03-04,2026-03-11,8632.0,8720.205218154932,True,125.93
1626,Endoproteza kolena,1,naivni,2026-03-11,2026-03-18,8743.0,8632.0,True,124.72277227722772
1626,Endoproteza kolena,1,lin,2026-03-11,2026-03-18,8743.0,8969.690545525144,True,124.72277227722772
1626,Endoproteza kolena,1,ar1,2026-03-11,2026-03-18,8743.0,8720.652242935761,True,124.72277227722772
1626,Endoproteza kolena,1,naivni,2026-03-18,2026-03-25,8784.0,8743.0,True,124.58823529411765
1626,Endoproteza kolena,1,lin,2026-03-18,2026-03-25,8784.0,8964.356367789838,True,124.58823529411765
1626,Endoproteza kolena,1,ar1,2026-03-18,2026-03-25,8784.0,8770.82882157544,True,124.58823529411765
1626,Endoproteza kolena,1,naivni,2026-03-25,2026-04-01,8814.0,8784.0,False,123.77669902912622
1626,Endoproteza kolena,1,lin,2026-03-25,2026-04-01,8814.0,8960.761949215834,False,123.77669902912622
1626,Endoproteza kolena,1,ar1,2026-03-25,2026-04-01,8814.0,8789.368676130855,False,123.77669902912622
1626,Endoproteza kolena,1,naivni,2026-04-01,2026-04-08,8844.0,8814.0,True,122.875
1626,Endoproteza kolena,1,lin,2026-04-01,2026-04-08,8844.0,8958.414285714285,True,122.875
1626,Endoproteza kolena,1,ar1,2026-04-01,2026-04-08,8844.0,8803.072605206413,True,122.875
1626,Endoproteza kolena,1,naivni,2026-04-08,2026-04-15,8543.0,8844.0,True,121.99047619047619
1626,Endoproteza kolena,1,lin,2026-04-08,2026-04-15,8543.0,8957.260916442054,True,121.99047619047619
1626,Endoproteza kolena,1,ar1,2026-04-08,2026-04-15,8543.0,8816.939388214498,True,121.99047619047619
1626,Endoproteza kolena,1,naivni,2026-04-15,2026-04-22,8909.5,8543.0,False,123.67924528301887
1626,Endoproteza kolena,1,lin,2026-04-15,2026-04-22,8909.5,8944.878152001414,False,123.67924528301887
1626,Endoproteza kolena,1,ar1,2026-04-15,2026-04-22,8909.5,8679.89470834948,False,123.67924528301887
1626,Endoproteza kolena,1,naivni,2026-04-22,2026-04-29,9276.0,8909.5,True,125.94859813084112
1626,Endoproteza kolena,1,lin,2026-04-22,2026-04-29,9276.0,8946.456386292833,True,125.94859813084112
1626,Endoproteza kolena,1,ar1,2026-04-22,2026-04-29,9276.0,8844.236228482863,True,125.94859813084112
1626,Endoproteza kolena,1,naivni,2026-04-29,2026-05-06,9215.0,9276.0,True,128.17592592592592
1626,Endoproteza kolena,1,lin,2026-04-29,2026-05-06,9215.0,8961.42023445464,True,128.17592592592592
1626,Endoproteza kolena,1,ar1,2026-04-29,2026-05-06,9215.0,9012.616517788414,True,128.17592592592592
1626,Endoproteza kolena,1,naivni,2026-05-06,2026-05-13,9250.0,9215.0,True,127.55963302752293
1626,Endoproteza kolena,1,lin,2026-05-06,2026-05-13,9250.0,8973.676730608846,True,127.55963302752293
1626,Endoproteza kolena,1,ar1,2026-05-06,2026-05-13,9250.0,8995.000047668282,True,127.55963302752293
1626,Endoproteza kolena,1,naivni,2026-05-13,2026-05-20,9224.0,9250.0,True,126.71818181818182
1626,Endoproteza kolena,1,lin,2026-05-13,2026-05-20,9224.0,8986.79434889435,True,126.71818181818182
1626,Endoproteza kolena,1,ar1,2026-05-13,2026-05-20,9224.0,9022.255230332688,True,126.71818181818182
1626,Endoproteza kolena,1,naivni,2026-05-20,2026-05-27,9266.0,9224.0,True,125.8108108108108
1626,Endoproteza kolena,1,lin,2026-05-20,2026-05-27,9266.0,8998.559362934368,True,125.8108108108108
1626,Endoproteza kolena,1,ar1,2026-05-20,2026-05-27,9266.0,9018.18879228328,True,125.8108108108108
1626,Endoproteza kolena,1,naivni,2026-05-27,2026-06-03,9226.0,9266.0,True,125.0625
1626,Endoproteza kolena,1,lin,2026-05-27,2026-06-03,9226.0,9011.432127054362,True,125.0625
1626,Endoproteza kolena,1,ar1,2026-05-27,2026-06-03,9226.0,9049.433168710508,True,125.0625
1626,Endoproteza kolena,1,naivni,2026-06-03,2026-06-10,9223.5,9226.0,False,124.30973451327434
1626,Endoproteza kolena,1,lin,2026-06-03,2026-06-10,9223.5,9022.491228070174,False,124.30973451327434
1626,Endoproteza kolena,1,ar1,2026-06-03,2026-06-10,9223.5,9035.837436978018,False,124.30973451327434
1626,Endoproteza kolena,1,naivni,2026-06-10,2026-06-17,9221.0,9223.5,True,123.24122807017544
1626,Endoproteza kolena,1,lin,2026-06-10,2026-06-17,9221.0,9033.111441647594,True,123.24122807017544
1626,Endoproteza kolena,1,ar1,2026-06-10,2026-06-17,9221.0,9041.215852230207,True,123.24122807017544
1626,Endoproteza kolena,1,naivni,2026-06-17,2026-06-24,9334.0,9221.0,True,122.19130434782609
1626,Endoproteza kolena,1,lin,2026-06-17,2026-06-24,9334.0,9043.309370314844,True,122.19130434782609
1626,Endoproteza kolena,1,ar1,2026-06-17,2026-06-24,9334.0,9046.004903585963,True,122.19130434782609
1626,Endoproteza kolena,1,naivni,2026-06-24,2026-07-01,9315.0,9334.0,True,122.11206896551724
1626,Endoproteza kolena,1,lin,2026-06-24,2026-07-01,9315.0,9057.049587385796,True,122.11206896551724
1626,Endoproteza kolena,1,ar1,2026-06-24,2026-07-01,9315.0,9119.952137535254,True,122.11206896551724
1626,Endoproteza kolena,1,naivni,2026-07-01,2026-07-08,9433.0,9315.0,True,121.23076923076923
1626,Endoproteza kolena,1,lin,2026-07-01,2026-07-08,9433.0,9069.722077357672,True,121.23076923076923
1626,Endoproteza kolena,1,ar1,2026-07-01,2026-07-08,9433.0,9117.866291637833,True,121.23076923076923
1626,Endoproteza kolena,1,naivni,2026-07-08,2026-07-15,9441.0,9433.0,True,121.20338983050847
1626,Endoproteza kolena,1,lin,2026-07-08,2026-07-15,9441.0,9085.971727674123,True,121.20338983050847
1626,Endoproteza kolena,1,ar1,2026-07-08,2026-07-15,9441.0,9202.590954281452,True,121.20338983050847
1626,Endoproteza kolena,4,naivni,2025-03-26,2025-04-23,8616.0,8895.0,True,78.82352941176471
1626,Endoproteza kolena,4,lin,2025-03-26,2025-04-23,8616.0,8798.04337061385,True,78.82352941176471
1626,Endoproteza kolena,4,ar1,2025-03-26,2025-04-23,8616.0,8724.447213950636,True,78.82352941176471
1626,Endoproteza kolena,4,naivni,2025-04-02,2025-04-30,8586.0,8921.0,True,77.8076923076923
1626,Endoproteza kolena,4,lin,2025-04-02,2025-04-30,8586.0,8812.5931301403,True,77.8076923076923
1626,Endoproteza kolena,4,ar1,2025-04-02,2025-04-30,8586.0,8736.914092241397,True,77.8076923076923
1626,Endoproteza kolena,4,naivni,2025-04-09,2025-05-07,8970.0,9346.0,True,84.35849056603773
1626,Endoproteza kolena,4,lin,2025-04-09,2025-05-07,8970.0,8860.164513055077,True,84.35849056603773
1626,Endoproteza kolena,4,ar1,2025-04-09,2025-05-07,8970.0,8914.319173966574,True,84.35849056603773
1626,Endoproteza kolena,4,naivni,2025-04-16,2025-05-14,8951.0,8601.0,True,96.5925925925926
1626,Endoproteza kolena,4,lin,2025-04-16,2025-05-14,8951.0,8845.971067821069,True,96.5925925925926
1626,Endoproteza kolena,4,ar1,2025-04-16,2025-05-14,8951.0,8702.973895650557,True,96.5925925925926
1626,Endoproteza kolena,4,naivni,2025-04-23,2025-05-21,8544.0,8616.0,True,95.10909090909091
1626,Endoproteza kolena,4,lin,2025-04-23,2025-05-21,8544.0,8833.809022556394,True,95.10909090909091
1626,Endoproteza kolena,4,ar1,2025-04-23,2025-05-21,8544.0,8702.172635202229,True,95.10909090909091
1626,Endoproteza kolena,4,naivni,2025-04-30,2025-05-28,8646.0,8586.0,True,93.94642857142857
1626,Endoproteza kolena,4,lin,2025-04-30,2025-05-28,8646.0,8820.112263417162,True,93.94642857142857
1626,Endoproteza kolena,4,ar1,2025-04-30,2025-05-28,8646.0,8698.041432111488,True,93.94642857142857
1626,Endoproteza kolena,4,naivni,2025-05-07,2025-06-04,8979.0,8970.0,True,99.03508771929825
1626,Endoproteza kolena,4,lin,2025-05-07,2025-06-04,8979.0,8835.740625672895,True,99.03508771929825
1626,Endoproteza kolena,4,ar1,2025-05-07,2025-06-04,8979.0,8723.737852332264,True,99.03508771929825
1626,Endoproteza kolena,4,naivni,2025-05-14,2025-06-11,7833.0,8951.0,True,97.65517241379311
1626,Endoproteza kolena,4,lin,2025-05-14,2025-06-11,7833.0,8848.972764465225,True,97.65517241379311
1626,Endoproteza kolena,4,ar1,2025-05-14,2025-06-11,7833.0,8728.994782993705,True,97.65517241379311
1626,Endoproteza kolena,4,naivni,2025-05-21,2025-06-18,9014.0,8544.0,True,102.89830508474576
1626,Endoproteza kolena,4,lin,2025-05-21,2025-06-18,9014.0,8832.219635083815,True,102.89830508474576
1626,Endoproteza kolena,4,ar1,2025-05-21,2025-06-18,9014.0,8704.062767173602,True,102.89830508474576
1626,Endoproteza kolena,4,naivni,2025-05-28,2025-06-25,9016.0,8646.0,False,102.88333333333334
1626,Endoproteza kolena,4,lin,2025-05-28,2025-06-25,9016.0,8823.60423056584,False,102.88333333333334
1626,Endoproteza kolena,4,ar1,2025-05-28,2025-06-25,9016.0,8707.477228365144,False,102.88333333333334
1626,Endoproteza kolena,4,naivni,2025-06-04,2025-07-02,9018.0,8979.0,True,106.65573770491804
1626,Endoproteza kolena,4,lin,2025-06-04,2025-07-02,9018.0,8838.479036035358,True,106.65573770491804
1626,Endoproteza kolena,4,ar1,2025-06-04,2025-07-02,9018.0,8725.009930281332,True,106.65573770491804
1626,Endoproteza kolena,4,naivni,2025-06-11,2025-07-09,9062.0,7833.0,True,123.41935483870968
1626,Endoproteza kolena,4,lin,2025-06-11,2025-07-09,9062.0,8774.577876984127,True,123.41935483870968
1626,Endoproteza kolena,4,ar1,2025-06-11,2025-07-09,9062.0,8691.651142832538,True,123.41935483870968
1626,Endoproteza kolena,4,naivni,2025-06-18,2025-07-16,8765.0,9014.0,True,140.20634920634922
1626,Endoproteza kolena,4,lin,2025-06-18,2025-07-16,8765.0,8793.216277472526,True,140.20634920634922
1626,Endoproteza kolena,4,ar1,2025-06-18,2025-07-16,8765.0,8704.591292901852,True,140.20634920634922
1626,Endoproteza kolena,4,naivni,2025-06-25,2025-07-23,8859.0,9016.0,True,138.046875
1626,Endoproteza kolena,4,lin,2025-06-25,2025-07-23,8859.0,8810.916958041962,True,138.046875
1626,Endoproteza kolena,4,ar1,2025-06-25,2025-07-23,8859.0,8709.75534855175,True,138.046875
1626,Endoproteza kolena,4,naivni,2025-07-02,2025-07-30,8821.0,9018.0,True,135.95384615384614
1626,Endoproteza kolena,4,lin,2025-07-02,2025-07-30,8821.0,8827.743276623874,True,135.95384615384614
1626,Endoproteza kolena,4,ar1,2025-07-02,2025-07-30,8821.0,8714.824662532606,True,135.95384615384614
1626,Endoproteza kolena,4,naivni,2025-07-09,2025-08-06,9162.0,9062.0,True,134.56060606060606
1626,Endoproteza kolena,4,lin,2025-07-09,2025-08-06,9162.0,8846.426889616085,True,134.56060606060606
1626,Endoproteza kolena,4,ar1,2025-07-09,2025-08-06,9162.0,8720.675923595076,True,134.56060606060606
1626,Endoproteza kolena,4,naivni,2025-07-16,2025-08-13,9205.0,8765.0,True,136.98507462686567
1626,Endoproteza kolena,4,lin,2025-07-16,2025-08-13,9205.0,8845.469252204446,True,136.98507462686567
1626,Endoproteza kolena,4,ar1,2025-07-16,2025-08-13,9205.0,8720.259174274706,True,136.98507462686567
1626,Endoproteza kolena,4,naivni,2025-07-23,2025-08-20,9123.0,8859.0,True,136.35294117647058
1626,Endoproteza kolena,4,lin,2025-07-23,2025-08-20,9123.0,8850.331019364268,True,136.35294117647058
1626,Endoproteza kolena,4,ar1,2025-07-23,2025-08-20,9123.0,8722.646922755759,True,136.35294117647058
1626,Endoproteza kolena,4,naivni,2025-07-30,2025-08-27,9142.0,8821.0,True,134.92753623188406
1626,Endoproteza kolena,4,lin,2025-07-30,2025-08-27,9142.0,8852.601014784355,True,134.92753623188406
1626,Endoproteza kolena,4,ar1,2025-07-30,2025-08-27,9142.0,8723.960476915641,True,134.92753623188406
1626,Endoproteza kolena,4,naivni,2025-08-06,2025-09-03,9162.0,9162.0,True,137.87142857142857
1626,Endoproteza kolena,4,lin,2025-08-06,2025-09-03,9162.0,8875.137223340043,True,137.87142857142857
1626,Endoproteza kolena,4,ar1,2025-08-06,2025-09-03,9162.0,8731.773618626994,True,137.87142857142857
1626,Endoproteza kolena,4,naivni,2025-08-13,2025-09-10,9178.0,9205.0,True,136.53521126760563
1626,Endoproteza kolena,4,lin,2025-08-13,2025-09-10,9178.0,8899.04097798357,True,136.53521126760563
1626,Endoproteza kolena,4,ar1,2025-08-13,2025-09-10,9178.0,8740.377531864438,True,136.53521126760563
1626,Endoproteza kolena,4,naivni,2025-08-20,2025-09-17,8918.0,9123.0,True,135.77777777777777
1626,Endoproteza kolena,4,lin,2025-08-20,2025-09-17,8918.0,8916.955078366032,True,135.77777777777777
1626,Endoproteza kolena,4,ar1,2025-08-20,2025-09-17,8918.0,8746.611639109935,True,135.77777777777777
1626,Endoproteza kolena,4,naivni,2025-08-27,2025-09-24,8936.0,9142.0,True,134.17808219178082
1626,Endoproteza kolena,4,lin,2025-08-27,2025-09-24,8936.0,8935.043080340618,True,134.17808219178082
1626,Endoproteza kolena,4,ar1,2025-08-27,2025-09-24,8936.0,8754.025361382257,True,134.17808219178082
1626,Endoproteza kolena,4,naivni,2025-09-03,2025-10-01,8746.0,9162.0,True,132.63513513513513
1626,Endoproteza kolena,4,lin,2025-09-03,2025-10-01,8746.0,8953.348307254622,True,132.63513513513513
1626,Endoproteza kolena,4,ar1,2025-09-03,2025-10-01,8746.0,8762.183170801793,True,132.63513513513513
1626,Endoproteza kolena,4,naivni,2025-09-10,2025-10-08,8888.0,9178.0,True,131.08
1626,Endoproteza kolena,4,lin,2025-09-10,2025-10-08,8888.0,8971.63231715652,True,131.08
1626,Endoproteza kolena,4,ar1,2025-09-10,2025-10-08,8888.0,8770.976015837185,True,131.08
1626,Endoproteza kolena,4,naivni,2025-09-17,2025-10-15,9136.0,8918.0,True,132.77631578947367
1626,Endoproteza kolena,4,lin,2025-09-17,2025-10-15,9136.0,8974.729428466275,True,132.77631578947367
1626,Endoproteza kolena,4,ar1,2025-09-17,2025-10-15,9136.0,8765.929199721959,True,132.77631578947367
1626,Endoproteza kolena,4,naivni,2025-09-24,2025-10-22,9133.0,8936.0,True,131.28571428571428
1626,Endoproteza kolena,4,lin,2025-09-24,2025-10-22,9133.0,8978.618352112022,True,131.28571428571428
1626,Endoproteza kolena,4,ar1,2025-09-24,2025-10-22,9133.0,8768.837603603208,True,131.28571428571428
1626,Endoproteza kolena,4,naivni,2025-10-01,2025-10-29,9222.0,8746.0,True,132.03846153846155
1626,Endoproteza kolena,4,lin,2025-10-01,2025-10-29,9222.0,8972.128407984423,True,132.03846153846155
1626,Endoproteza kolena,4,ar1,2025-10-01,2025-10-29,9222.0,8763.263886240871,True,132.03846153846155
1626,Endoproteza kolena,4,naivni,2025-10-08,2025-11-05,9134.0,8888.0,True,132.16455696202533
1626,Endoproteza kolena,4,lin,2025-10-08,2025-11-05,9134.0,8973.389310829816,True,132.16455696202533
1626,Endoproteza kolena,4,ar1,2025-10-08,2025-11-05,9134.0,8768.632142936745,True,132.16455696202533
1626,Endoproteza kolena,4,naivni,2025-10-15,2025-11-12,9232.0,9136.0,True,133.6125
1626,Endoproteza kolena,4,lin,2025-10-15,2025-11-12,9232.0,8987.476784101178,True,133.6125
1626,Endoproteza kolena,4,ar1,2025-10-15,2025-11-12,9232.0,8780.796178347588,True,133.6125
1626,Endoproteza kolena,4,naivni,2025-10-22,2025-11-19,8891.0,9133.0,True,132.0
1626,Endoproteza kolena,4,lin,2025-10-22,2025-11-19,8891.0,9000.752005311213,True,132.0
1626,Endoproteza kolena,4,ar1,2025-10-22,2025-11-19,8891.0,8787.102934525285,True,132.0
1626,Endoproteza kolena,4,naivni,2025-10-29,2025-11-26,8900.0,9222.0,True,131.47560975609755
1626,Endoproteza kolena,4,lin,2025-10-29,2025-11-26,8900.0,9017.93075437639,True,131.47560975609755
1626,Endoproteza kolena,4,ar1,2025-10-29,2025-11-26,8900.0,8799.213118810761,True,131.47560975609755
1626,Endoproteza kolena,4,naivni,2025-11-05,2025-12-03,8816.0,9134.0,True,130.95180722891567
1626,Endoproteza kolena,4,lin,2025-11-05,2025-12-03,8816.0,9029.920006074719,True,130.95180722891567
1626,Endoproteza kolena,4,ar1,2025-11-05,2025-12-03,8816.0,8801.701889708082,True,130.95180722891567
1626,Endoproteza kolena,4,naivni,2025-11-12,2025-12-10,9069.0,9232.0,True,130.5595238095238
1626,Endoproteza kolena,4,lin,2025-11-12,2025-12-10,9069.0,9046.214383427789,True,130.5595238095238
1626,Endoproteza kolena,4,ar1,2025-11-12,2025-12-10,9069.0,8815.748157828406,True,130.5595238095238
1626,Endoproteza kolena,4,naivni,2025-11-19,2025-12-17,8676.0,8891.0,True,133.03529411764706
1626,Endoproteza kolena,4,lin,2025-11-19,2025-12-17,8676.0,9045.104580404735,True,133.03529411764706
1626,Endoproteza kolena,4,ar1,2025-11-19,2025-12-17,8676.0,8796.71698619803,True,133.03529411764706
1626,Endoproteza kolena,4,naivni,2025-11-26,2025-12-24,8723.0,8900.0,False,131.59302325581396
1626,Endoproteza kolena,4,lin,2025-11-26,2025-12-24,8723.0,9044.437893368322,False,131.59302325581396
1626,Endoproteza kolena,4,ar1,2025-11-26,2025-12-24,8723.0,8798.460944191758,False,131.59302325581396
1626,Endoproteza kolena,4,naivni,2025-12-03,2025-12-31,8770.0,8816.0,False,131.04597701149424
1626,Endoproteza kolena,4,lin,2025-12-03,2025-12-31,8770.0,9039.750607586911,False,131.04597701149424
1626,Endoproteza kolena,4,ar1,2025-12-03,2025-12-31,8770.0,8794.198330660349,False,131.04597701149424
1626,Endoproteza kolena,4,naivni,2025-12-10,2026-01-07,8817.0,9069.0,True,132.4318181818182
1626,Endoproteza kolena,4,lin,2025-12-10,2026-01-07,8817.0,9047.157507660877,True,132.4318181818182
1626,Endoproteza kolena,4,ar1,2025-12-10,2026-01-07,8817.0,8810.827146366393,True,132.4318181818182
1626,Endoproteza kolena,4,naivni,2025-12-17,2026-01-14,8808.0,8676.0,True,135.35955056179776
1626,Endoproteza kolena,4,lin,2025-12-17,2026-01-14,8808.0,9035.902286976445,True,135.35955056179776
1626,Endoproteza kolena,4,ar1,2025-12-17,2026-01-14,8808.0,8788.979122461216,True,135.35955056179776
1626,Endoproteza kolena,4,naivni,2025-12-24,2026-01-21,8818.0,8723.0,True,134.37777777777777
1626,Endoproteza kolena,4,lin,2025-12-24,2026-01-21,8818.0,9027.227217709833,True,134.37777777777777
1626,Endoproteza kolena,4,ar1,2025-12-24,2026-01-21,8818.0,8790.471994134683,True,134.37777777777777
1626,Endoproteza kolena,4,naivni,2025-12-31,2026-01-28,8894.0,8770.0,True,133.41758241758242
1626,Endoproteza kolena,4,lin,2025-12-31,2026-01-28,8894.0,9021.003390718675,True,133.41758241758242
1626,Endoproteza kolena,4,ar1,2025-12-31,2026-01-28,8894.0,8792.485478562689,True,133.41758241758242
1626,Endoproteza kolena,4,naivni,2026-01-07,2026-02-04,8884.0,8817.0,True,132.47826086956522
1626,Endoproteza kolena,4,lin,2026-01-07,2026-02-04,8884.0,9017.109466543325,True,132.47826086956522
1626,Endoproteza kolena,4,ar1,2026-01-07,2026-02-04,8884.0,8794.981910437393,True,132.47826086956522
1626,Endoproteza kolena,4,naivni,2026-01-14,2026-02-11,8846.0,8808.0,True,131.1505376344086
1626,Endoproteza kolena,4,lin,2026-01-14,2026-02-11,8846.0,9012.935303254706,True,131.1505376344086
1626,Endoproteza kolena,4,ar1,2026-01-14,2026-02-11,8846.0,8794.695949474772,True,131.1505376344086
1626,Endoproteza kolena,4,naivni,2026-01-21,2026-02-18,8868.0,8818.0,True,129.86170212765958
1626,Endoproteza kolena,4,lin,2026-01-21,2026-02-18,8868.0,9009.332978723403,True,129.86170212765958
1626,Endoproteza kolena,4,ar1,2026-01-21,2026-02-18,8868.0,8795.417612449168,True,129.86170212765958
1626,Endoproteza kolena,4,naivni,2026-01-28,2026-02-25,8820.0,8894.0,True,129.29473684210527
1626,Endoproteza kolena,4,lin,2026-01-28,2026-02-25,8820.0,9009.153196780608,True,129.29473684210527
1626,Endoproteza kolena,4,ar1,2026-01-28,2026-02-25,8820.0,8800.065814155218,True,129.29473684210527
1626,Endoproteza kolena,4,naivni,2026-02-04,2026-03-04,8628.0,8884.0,True,128.05208333333334
1626,Endoproteza kolena,4,lin,2026-02-04,2026-03-04,8628.0,9008.52335367137,True,128.05208333333334
1626,Endoproteza kolena,4,ar1,2026-02-04,2026-03-04,8628.0,8800.50357090447,True,128.05208333333334
1626,Endoproteza kolena,4,naivni,2026-02-11,2026-03-11,8632.0,8846.0,True,127.12371134020619
1626,Endoproteza kolena,4,lin,2026-02-11,2026-03-11,8632.0,9006.270412944936,True,127.12371134020619
1626,Endoproteza kolena,4,ar1,2026-02-11,2026-03-11,8632.0,8799.168641088621,True,127.12371134020619
1626,Endoproteza kolena,4,naivni,2026-02-18,2026-03-18,8743.0,8868.0,True,126.05102040816327
1626,Endoproteza kolena,4,lin,2026-02-18,2026-03-18,8743.0,9005.00436198722,True,126.05102040816327
1626,Endoproteza kolena,4,ar1,2026-02-18,2026-03-18,8743.0,8800.935490850015,True,126.05102040816327
1626,Endoproteza kolena,4,naivni,2026-02-25,2026-03-25,8784.0,8820.0,True,125.26262626262626
1626,Endoproteza kolena,4,lin,2026-02-25,2026-03-25,8784.0,9001.755151515155,True,125.26262626262626
1626,Endoproteza kolena,4,ar1,2026-02-25,2026-03-25,8784.0,8798.835682410294,True,125.26262626262626
1626,Endoproteza kolena,4,naivni,2026-03-04,2026-04-01,8814.0,8628.0,False,125.93
1626,Endoproteza kolena,4,lin,2026-03-04,2026-04-01,8814.0,8990.659895165987,False,125.93
1626,Endoproteza kolena,4,ar1,2026-03-04,2026-04-01,8814.0,8788.045781574956,False,125.93
1626,Endoproteza kolena,4,naivni,2026-03-11,2026-04-08,8844.0,8632.0,True,124.72277227722772
1626,Endoproteza kolena,4,lin,2026-03-11,2026-04-08,8844.0,8980.098561312443,True,124.72277227722772
1626,Endoproteza kolena,4,ar1,2026-03-11,2026-04-08,8844.0,8786.523150959194,True,124.72277227722772
1626,Endoproteza kolena,4,naivni,2026-03-18,2026-04-15,8543.0,8743.0,True,124.58823529411765
1626,Endoproteza kolena,4,lin,2026-03-18,2026-04-15,8543.0,8974.38346219743,True,124.58823529411765
1626,Endoproteza kolena,4,ar1,2026-03-18,2026-04-15,8543.0,8791.456985421215,True,124.58823529411765
1626,Endoproteza kolena,4,naivni,2026-03-25,2026-04-22,8909.5,8784.0,False,123.77669902912622
1626,Endoproteza kolena,4,lin,2026-03-25,2026-04-22,8909.5,8970.491752907286,False,123.77669902912622
1626,Endoproteza kolena,4,ar1,2026-03-25,2026-04-22,8909.5,8793.346540368892,False,123.77669902912622
1626,Endoproteza kolena,4,naivni,2026-04-01,2026-04-29,9276.0,8814.0,True,122.875
1626,Endoproteza kolena,4,lin,2026-04-01,2026-04-29,9276.0,8967.906738544474,True,122.875
1626,Endoproteza kolena,4,ar1,2026-04-01,2026-04-29,9276.0,8794.97693758096,True,122.875
1626,Endoproteza kolena,4,naivni,2026-04-08,2026-05-06,9215.0,8844.0,True,121.99047619047619
1626,Endoproteza kolena,4,lin,2026-04-08,2026-05-06,9215.0,8966.571791319247,True,121.99047619047619
1626,Endoproteza kolena,4,ar1,2026-04-08,2026-05-06,9215.0,8796.878411603017,True,121.99047619047619
1626,Endoproteza kolena,4,naivni,2026-04-15,2026-05-13,9250.0,8543.0,True,123.67924528301887
1626,Endoproteza kolena,4,lin,2026-04-15,2026-05-13,9250.0,8953.543760653622,True,123.67924528301887
1626,Endoproteza kolena,4,ar1,2026-04-15,2026-05-13,9250.0,8780.39576887717,True,123.67924528301887
1626,Endoproteza kolena,4,naivni,2026-04-22,2026-05-20,9224.0,8909.5,True,125.94859813084112
1626,Endoproteza kolena,4,lin,2026-04-22,2026-05-20,9224.0,8955.0678999114,True,125.94859813084112
1626,Endoproteza kolena,4,ar1,2026-04-22,2026-05-20,9224.0,8798.108639951959,True,125.94859813084112
1626,Endoproteza kolena,4,naivni,2026-04-29,2026-05-27,9266.0,9276.0,True,128.17592592592592
1626,Endoproteza kolena,4,lin,2026-04-29,2026-05-27,9266.0,8970.526475766845,True,128.17592592592592
1626,Endoproteza kolena,4,ar1,2026-04-29,2026-05-27,9266.0,8819.90018387844,True,128.17592592592592
1626,Endoproteza kolena,4,naivni,2026-05-06,2026-06-03,9226.0,9215.0,True,127.55963302752293
1626,Endoproteza kolena,4,lin,2026-05-06,2026-06-03,9226.0,8983.156799585246,True,127.55963302752293
1626,Endoproteza kolena,4,ar1,2026-05-06,2026-06-03,9226.0,8823.862718080405,True,127.55963302752293
1626,Endoproteza kolena,4,naivni,2026-05-13,2026-06-10,9223.5,9250.0,False,126.71818181818182
1626,Endoproteza kolena,4,lin,2026-05-13,2026-06-10,9223.5,8996.6744998245,False,126.71818181818182
1626,Endoproteza kolena,4,ar1,2026-05-13,2026-06-10,9223.5,8833.590317179149,False,126.71818181818182
1626,Endoproteza kolena,4,naivni,2026-05-20,2026-06-17,9221.0,9224.0,True,125.8108108108108
1626,Endoproteza kolena,4,lin,2026-05-20,2026-06-17,9221.0,9008.776879676772,True,125.8108108108108
1626,Endoproteza kolena,4,ar1,2026-05-20,2026-06-17,9221.0,8838.89259999292,True,125.8108108108108
1626,Endoproteza kolena,4,naivni,2026-05-27,2026-06-24,9334.0,9266.0,True,125.0625
1626,Endoproteza kolena,4,lin,2026-05-27,2026-06-24,9334.0,9022.02333821279,True,125.0625
1626,Endoproteza kolena,4,ar1,2026-05-27,2026-06-24,9334.0,8850.147607647616,True,125.0625
1626,Endoproteza kolena,4,naivni,2026-06-03,2026-07-01,9315.0,9226.0,True,124.30973451327434
1626,Endoproteza kolena,4,lin,2026-06-03,2026-07-01,9315.0,9033.377040427153,True,124.30973451327434
1626,Endoproteza kolena,4,ar1,2026-06-03,2026-07-01,9315.0,8853.654718009868,True,124.30973451327434
1626,Endoproteza kolena,4,naivni,2026-06-10,2026-07-08,9433.0,9223.5,True,123.24122807017544
1626,Endoproteza kolena,4,lin,2026-06-10,2026-07-08,9433.0,9044.268480233564,True,123.24122807017544
1626,Endoproteza kolena,4,ar1,2026-06-10,2026-07-08,9433.0,8859.985624368048,True,123.24122807017544
1626,Endoproteza kolena,4,naivni,2026-06-17,2026-07-15,9441.0,9221.0,True,122.19130434782609
1626,Endoproteza kolena,4,lin,2026-06-17,2026-07-15,9441.0,9054.715597970247,True,122.19130434782609
1626,Endoproteza kolena,4,ar1,2026-06-17,2026-07-15,9441.0,8866.076107441473,True,122.19130434782609
AGREGAT,Agregat,1,naivni,2025-03-26,2025-04-02,324171.0,323814.0,True,1598.0392156862745
AGREGAT,Agregat,1,lin,2025-03-26,2025-04-02,324171.0,313717.19909502263,True,1598.0392156862745
AGREGAT,Agregat,1,ar1,2025-03-26,2025-04-02,324171.0,323808.8793358593,True,1598.0392156862745
AGREGAT,Agregat,1,naivni,2025-04-02,2025-04-09,325445.0,324171.0,True,1574.173076923077
AGREGAT,Agregat,1,lin,2025-04-02,2025-04-09,325445.0,314753.485486212,True,1574.173076923077
AGREGAT,Agregat,1,ar1,2025-04-02,2025-04-09,325445.0,324213.56469855894,True,1574.173076923077
AGREGAT,Agregat,1,naivni,2025-04-09,2025-04-16,326003.0,325445.0,True,1568.5094339622642
AGREGAT,Agregat,1,lin,2025-04-09,2025-04-16,326003.0,315814.68553459115,True,1568.5094339622642
AGREGAT,Agregat,1,ar1,2025-04-09,2025-04-16,326003.0,325640.1062189377,True,1568.5094339622642
AGREGAT,Agregat,1,naivni,2025-04-16,2025-04-23,327005.0,326003.0,True,1549.7962962962963
AGREGAT,Agregat,1,lin,2025-04-16,2025-04-23,327005.0,316846.4888888889,True,1549.7962962962963
AGREGAT,Agregat,1,ar1,2025-04-16,2025-04-23,327005.0,326241.3953126706,True,1549.7962962962963
AGREGAT,Agregat,1,naivni,2025-04-23,2025-04-30,330206.0,327005.0,True,1539.8363636363636
AGREGAT,Agregat,1,lin,2025-04-23,2025-04-30,330206.0,317882.77922077925,True,1539.8363636363636
AGREGAT,Agregat,1,ar1,2025-04-23,2025-04-30,330206.0,327332.9534369314,True,1539.8363636363636
AGREGAT,Agregat,1,naivni,2025-04-30,2025-05-07,328455.0,330206.0,True,1569.5
AGREGAT,Agregat,1,lin,2025-04-30,2025-05-07,328455.0,319077.3439849623,True,1569.5
AGREGAT,Agregat,1,ar1,2025-04-30,2025-05-07,328455.0,330912.6796316731,True,1569.5
AGREGAT,Agregat,1,naivni,2025-05-07,2025-05-14,329807.0,328455.0,True,1572.6842105263158
AGREGAT,Agregat,1,lin,2025-05-07,2025-05-14,329807.0,320076.2214156081,True,1572.6842105263158
AGREGAT,Agregat,1,ar1,2025-05-07,2025-05-14,329807.0,328831.19569149334,True,1572.6842105263158
AGREGAT,Agregat,1,naivni,2025-05-14,2025-05-21,329389.0,329807.0,True,1568.8793103448277
AGREGAT,Agregat,1,lin,2025-05-14,2025-05-21,329389.0,321104.52016364696,True,1568.8793103448277
AGREGAT,Agregat,1,ar1,2025-05-14,2025-05-21,329389.0,330288.03664909047,True,1568.8793103448277
AGREGAT,Agregat,1,naivni,2025-05-21,2025-05-28,331652.0,329389.0,True,1549.3728813559321
AGREGAT,Agregat,1,lin,2025-05-21,2025-05-28,331652.0,322041.8966101693,True,1549.3728813559321
AGREGAT,Agregat,1,ar1,2025-05-21,2025-05-28,331652.0,329775.9905517921,True,1549.3728813559321
AGREGAT,Agregat,1,naivni,2025-05-28,2025-06-04,334280.0,331652.0,True,1561.2666666666667
AGREGAT,Agregat,1,lin,2025-05-28,2025-06-04,334280.0,323070.72622950823,True,1561.2666666666667
AGREGAT,Agregat,1,ar1,2025-05-28,2025-06-04,334280.0,332223.71276902827,True,1561.2666666666667
AGREGAT,Agregat,1,naivni,2025-06-04,2025-06-11,301611.0,334280.0,True,1578.7540983606557
AGREGAT,Agregat,1,lin,2025-06-04,2025-06-11,301611.0,324207.810153358,True,1578.7540983606557
AGREGAT,Agregat,1,ar1,2025-06-04,2025-06-11,301611.0,335091.4747657764,True,1578.7540983606557
AGREGAT,Agregat,1,naivni,2025-06-11,2025-06-18,332772.0,301611.0,True,2080.2096774193546
AGREGAT,Agregat,1,lin,2025-06-11,2025-06-18,332772.0,323204.2155657963,True,2080.2096774193546
AGREGAT,Agregat,1,ar1,2025-06-11,2025-06-18,332772.0,302645.0287646877,True,2080.2096774193546
AGREGAT,Agregat,1,naivni,2025-06-18,2025-06-25,333140.0,332772.0,False,2541.809523809524
AGREGAT,Agregat,1,lin,2025-06-18,2025-06-25,333140.0,324199.6994047619,False,2541.809523809524
AGREGAT,Agregat,1,ar1,2025-06-18,2025-06-25,333140.0,329625.55796290486,False,2541.809523809524
AGREGAT,Agregat,1,naivni,2025-06-25,2025-07-02,333508.0,333140.0,True,2507.84375
AGREGAT,Agregat,1,lin,2025-06-25,2025-07-02,333508.0,325161.1687500001,True,2507.84375
AGREGAT,Agregat,1,ar1,2025-06-25,2025-07-02,333508.0,330249.1214910929,True,2507.84375
AGREGAT,Agregat,1,naivni,2025-07-02,2025-07-09,334710.0,333508.0,True,2474.923076923077
AGREGAT,Agregat,1,lin,2025-07-02,2025-07-09,334710.0,326090.83822843834,True,2474.923076923077
AGREGAT,Agregat,1,ar1,2025-07-02,2025-07-09,334710.0,330837.1260407273,True,2474.923076923077
AGREGAT,Agregat,1,naivni,2025-07-09,2025-07-16,334073.0,334710.0,True,2455.6363636363635
AGREGAT,Agregat,1,lin,2025-07-09,2025-07-16,334073.0,327040.54138398904,True,2455.6363636363635
AGREGAT,Agregat,1,ar1,2025-07-09,2025-07-16,334073.0,332189.60078925104,True,2455.6363636363635
AGREGAT,Agregat,1,naivni,2025-07-16,2025-07-23,337328.0,334073.0,True,2428.492537313433
AGREGAT,Agregat,1,lin,2025-07-16,2025-07-23,337328.0,327900.69271290593,True,2428.492537313433
AGREGAT,Agregat,1,ar1,2025-07-16,2025-07-23,337328.0,331780.584539976,True,2428.492537313433
AGREGAT,Agregat,1,naivni,2025-07-23,2025-07-30,336061.0,337328.0,True,2440.6470588235293
AGREGAT,Agregat,1,lin,2025-07-23,2025-07-30,336061.0,328902.67348678614,True,2440.6470588235293
AGREGAT,Agregat,1,ar1,2025-07-23,2025-07-30,336061.0,335069.27676186885,True,2440.6470588235293
AGREGAT,Agregat,1,naivni,2025-07-30,2025-08-06,337298.0,336061.0,True,2423.6376811594205
AGREGAT,Agregat,1,lin,2025-07-30,2025-08-06,337298.0,329778.9018633539,True,2423.6376811594205
AGREGAT,Agregat,1,ar1,2025-07-30,2025-08-06,337298.0,334018.0568557931,True,2423.6376811594205
AGREGAT,Agregat,1,naivni,2025-08-06,2025-08-13,338360.0,337298.0,True,2406.6857142857143
AGREGAT,Agregat,1,lin,2025-08-06,2025-08-13,338360.0,330678.33601609676,True,2406.6857142857143
AGREGAT,Agregat,1,ar1,2025-08-06,2025-08-13,338360.0,335359.5051740339,True,2406.6857142857143
AGREGAT,Agregat,1,naivni,2025-08-13,2025-08-20,330223.0,338360.0,True,2387.7464788732395
AGREGAT,Agregat,1,lin,2025-08-13,2025-08-20,330223.0,331589.7433489823,True,2387.7464788732395
AGREGAT,Agregat,1,ar1,2025-08-13,2025-08-20,330223.0,336533.62355973554,True,2387.7464788732395
AGREGAT,Agregat,1,naivni,2025-08-20,2025-08-27,336866.0,330223.0,True,2467.597222222222
AGREGAT,Agregat,1,lin,2025-08-20,2025-08-27,336866.0,332008.2705479451,True,2467.597222222222
AGREGAT,Agregat,1,ar1,2025-08-20,2025-08-27,336866.0,328821.91465663485,True,2467.597222222222
AGREGAT,Agregat,1,naivni,2025-08-27,2025-09-03,336324.0,336866.0,True,2524.794520547945
AGREGAT,Agregat,1,lin,2025-08-27,2025-09-03,336324.0,332762.7497223251,True,2524.794520547945
AGREGAT,Agregat,1,ar1,2025-08-27,2025-09-03,336324.0,335138.7979882604,True,2524.794520547945
AGREGAT,Agregat,1,naivni,2025-09-03,2025-09-10,337284.0,336324.0,True,2498.0
AGREGAT,Agregat,1,lin,2025-09-03,2025-09-10,337284.0,333449.83387387387,True,2498.0
AGREGAT,Agregat,1,ar1,2025-09-03,2025-09-10,337284.0,334714.9281971855,True,2498.0
AGREGAT,Agregat,1,naivni,2025-09-10,2025-09-17,337606.0,337284.0,True,2477.4933333333333
AGREGAT,Agregat,1,lin,2025-09-10,2025-09-17,337606.0,334152.53157894715,True,2477.4933333333333
AGREGAT,Agregat,1,ar1,2025-09-10,2025-09-17,337606.0,335725.4150318523,True,2477.4933333333333
AGREGAT,Agregat,1,naivni,2025-09-17,2025-09-24,338438.0,337606.0,True,2449.1315789473683
AGREGAT,Agregat,1,lin,2025-09-17,2025-09-24,338438.0,334836.7631578947,True,2449.1315789473683
AGREGAT,Agregat,1,ar1,2025-09-17,2025-09-24,338438.0,336119.8760278025,True,2449.1315789473683
AGREGAT,Agregat,1,naivni,2025-09-24,2025-10-01,337912.0,338438.0,True,2428.12987012987
AGREGAT,Agregat,1,lin,2025-09-24,2025-10-01,337912.0,335529.72261072276,True,2428.12987012987
AGREGAT,Agregat,1,ar1,2025-09-24,2025-10-01,337912.0,337003.92976983415,True,2428.12987012987
AGREGAT,Agregat,1,naivni,2025-10-01,2025-10-08,339426.0,337912.0,True,2403.74358974359
AGREGAT,Agregat,1,lin,2025-10-01,2025-10-08,339426.0,336162.1314508278,True,2403.74358974359
AGREGAT,Agregat,1,ar1,2025-10-01,2025-10-08,339426.0,336566.20767881104,True,2403.74358974359
AGREGAT,Agregat,1,naivni,2025-10-08,2025-10-15,341525.0,339426.0,True,2392.481012658228
AGREGAT,Agregat,1,lin,2025-10-08,2025-10-15,341525.0,336839.3737341772,True,2392.481012658228
AGREGAT,Agregat,1,ar1,2025-10-08,2025-10-15,341525.0,338102.74000094103,True,2392.481012658228
AGREGAT,Agregat,1,naivni,2025-10-15,2025-10-22,342725.0,341525.0,True,2388.8125
AGREGAT,Agregat,1,lin,2025-10-15,2025-10-22,342725.0,337587.8336419754,True,2388.8125
AGREGAT,Agregat,1,ar1,2025-10-15,2025-10-22,342725.0,340226.4145952562,True,2388.8125
AGREGAT,Agregat,1,naivni,2025-10-22,2025-10-29,345945.0,342725.0,True,2374.135802469136
AGREGAT,Agregat,1,lin,2025-10-22,2025-10-29,345945.0,338359.73080397455,True,2374.135802469136
AGREGAT,Agregat,1,ar1,2025-10-22,2025-10-29,345945.0,341482.0323456224,True,2374.135802469136
AGREGAT,Agregat,1,naivni,2025-10-29,2025-11-05,344187.0,345945.0,True,2384.451219512195
AGREGAT,Agregat,1,lin,2025-10-29,2025-11-05,344187.0,339251.11842491926,True,2384.451219512195
AGREGAT,Agregat,1,ar1,2025-10-29,2025-11-05,344187.0,344758.32533893717,True,2384.451219512195
AGREGAT,Agregat,1,naivni,2025-11-05,2025-11-12,345410.0,344187.0,True,2376.9036144578313
AGREGAT,Agregat,1,lin,2025-11-05,2025-11-12,345410.0,340018.5206540447,True,2376.9036144578313
AGREGAT,Agregat,1,ar1,2025-11-05,2025-11-12,345410.0,343068.75846109603,True,2376.9036144578313
AGREGAT,Agregat,1,naivni,2025-11-12,2025-11-19,345542.0,345410.0,True,2363.1666666666665
AGREGAT,Agregat,1,lin,2025-11-12,2025-11-19,345542.0,340808.74537815136,True,2363.1666666666665
AGREGAT,Agregat,1,ar1,2025-11-12,2025-11-19,345542.0,344347.4000656749,True,2363.1666666666665
AGREGAT,Agregat,1,naivni,2025-11-19,2025-11-26,346771.0,345542.0,True,2336.9176470588236
AGREGAT,Agregat,1,lin,2025-11-19,2025-11-26,346771.0,341569.8300957593,True,2336.9176470588236
AGREGAT,Agregat,1,ar1,2025-11-19,2025-11-26,346771.0,344536.1683757262,True,2336.9176470588236
AGREGAT,Agregat,1,naivni,2025-11-26,2025-12-03,346438.0,346771.0,True,2324.0348837209303
AGREGAT,Agregat,1,lin,2025-11-26,2025-12-03,346438.0,342353.69339748716,True,2324.0348837209303
AGREGAT,Agregat,1,ar1,2025-11-26,2025-12-03,346438.0,345817.43282096996,True,2324.0348837209303
AGREGAT,Agregat,1,naivni,2025-12-03,2025-12-10,345448.0,346438.0,True,2301.1494252873563
AGREGAT,Agregat,1,lin,2025-12-03,2025-12-10,345448.0,343088.14890282124,True,2301.1494252873563
AGREGAT,Agregat,1,ar1,2025-12-03,2025-12-10,345448.0,345533.0789808302,True,2301.1494252873563
AGREGAT,Agregat,1,naivni,2025-12-10,2025-12-17,343720.0,345448.0,True,2286.25
AGREGAT,Agregat,1,lin,2025-12-10,2025-12-17,343720.0,343746.1437691523,True,2286.25
AGREGAT,Agregat,1,ar1,2025-12-10,2025-12-17,343720.0,344588.0647790949,True,2286.25
AGREGAT,Agregat,1,naivni,2025-12-17,2025-12-24,343626.0,343720.0,False,2279.9775280898875
AGREGAT,Agregat,1,lin,2025-12-17,2025-12-24,343626.0,344298.6836454432,False,2279.9775280898875
AGREGAT,Agregat,1,ar1,2025-12-17,2025-12-24,343626.0,342909.5591288961,False,2279.9775280898875
AGREGAT,Agregat,1,naivni,2025-12-24,2025-12-31,343532.0,343626.0,False,2255.688888888889
AGREGAT,Agregat,1,lin,2025-12-24,2025-12-31,343532.0,344822.79780219786,False,2255.688888888889
AGREGAT,Agregat,1,ar1,2025-12-24,2025-12-31,343532.0,342847.63356443855,False,2255.688888888889
AGREGAT,Agregat,1,naivni,2025-12-31,2026-01-07,343438.0,343532.0,True,2231.934065934066
AGREGAT,Agregat,1,lin,2025-12-31,2026-01-07,343438.0,345319.87673196354,True,2231.934065934066
AGREGAT,Agregat,1,ar1,2025-12-31,2026-01-07,343438.0,342783.31952939916,True,2231.934065934066
AGREGAT,Agregat,1,naivni,2026-01-07,2026-01-14,344389.0,343438.0,True,2208.695652173913
AGREGAT,Agregat,1,lin,2026-01-07,2026-01-14,344389.0,345791.23118279554,True,2208.695652173913
AGREGAT,Agregat,1,ar1,2026-01-07,2026-01-14,344389.0,342716.88761642645,True,2208.695652173913
AGREGAT,Agregat,1,naivni,2026-01-14,2026-01-21,346342.0,344389.0,True,2195.1720430107525
AGREGAT,Agregat,1,lin,2026-01-14,2026-01-21,346342.0,346282.56554564176,True,2195.1720430107525
AGREGAT,Agregat,1,ar1,2026-01-14,2026-01-21,346342.0,343679.8078462369,True,2195.1720430107525
AGREGAT,Agregat,1,naivni,2026-01-21,2026-01-28,349679.0,346342.0,True,2192.595744680851
AGREGAT,Agregat,1,lin,2026-01-21,2026-01-28,349679.0,346835.129675252,True,2192.595744680851
AGREGAT,Agregat,1,ar1,2026-01-21,2026-01-28,349679.0,345638.1102833118,True,2192.595744680851
AGREGAT,Agregat,1,naivni,2026-01-28,2026-02-04,351644.0,349679.0,True,2204.642105263158
AGREGAT,Agregat,1,lin,2026-01-28,2026-02-04,351644.0,347503.7249999999,True,2204.642105263158
AGREGAT,Agregat,1,ar1,2026-01-28,2026-02-04,351644.0,348990.8416451862,True,2204.642105263158
AGREGAT,Agregat,1,naivni,2026-02-04,2026-02-11,353144.0,351644.0,True,2202.1458333333335
AGREGAT,Agregat,1,lin,2026-02-04,2026-02-11,353144.0,348226.3911082475,True,2202.1458333333335
AGREGAT,Agregat,1,ar1,2026-02-04,2026-02-11,353144.0,350995.28080527304,True,2202.1458333333335
AGREGAT,Agregat,1,naivni,2026-02-11,2026-02-18,357623.0,353144.0,True,2194.907216494845
AGREGAT,Agregat,1,lin,2026-02-11,2026-02-18,357623.0,348981.65621712606,True,2194.907216494845
AGREGAT,Agregat,1,ar1,2026-02-11,2026-02-18,357623.0,352539.3870254794,True,2194.907216494845
AGREGAT,Agregat,1,naivni,2026-02-18,2026-02-25,356328.0,357623.0,True,2218.214285714286
AGREGAT,Agregat,1,lin,2026-02-18,2026-02-25,356328.0,349888.3889919605,True,2218.214285714286
AGREGAT,Agregat,1,ar1,2026-02-18,2026-02-25,356328.0,357122.41245416604,True,2218.214285714286
AGREGAT,Agregat,1,naivni,2026-02-25,2026-03-04,354998.0,356328.0,True,2208.8888888888887
AGREGAT,Agregat,1,lin,2026-02-25,2026-03-04,354998.0,350708.79818181833,True,2208.8888888888887
AGREGAT,Agregat,1,ar1,2026-02-25,2026-03-04,354998.0,355823.5142333141,True,2208.8888888888887
AGREGAT,Agregat,1,naivni,2026-03-04,2026-03-11,356104.0,354998.0,True,2200.1
AGREGAT,Agregat,1,lin,2026-03-04,2026-03-11,356104.0,351445.3178217822,True,2200.1
AGREGAT,Agregat,1,ar1,2026-03-04,2026-03-11,356104.0,354494.79490355763,True,2200.1
AGREGAT,Agregat,1,naivni,2026-03-11,2026-03-18,356088.0,356104.0,True,2189.267326732673
AGREGAT,Agregat,1,lin,2026-03-11,2026-03-18,356088.0,352197.1595806639,True,2189.267326732673
AGREGAT,Agregat,1,ar1,2026-03-11,2026-03-18,356088.0,355638.2238712924,True,2189.267326732673
AGREGAT,Agregat,1,naivni,2026-03-18,2026-03-25,358335.0,356088.0,True,2167.9607843137255
AGREGAT,Agregat,1,lin,2026-03-18,2026-03-25,358335.0,352920.0691033696,True,2167.9607843137255
AGREGAT,Agregat,1,ar1,2026-03-18,2026-03-25,358335.0,355642.33193593245,True,2167.9607843137255
AGREGAT,Agregat,1,naivni,2026-03-25,2026-04-01,357293.0,358335.0,False,2168.7281553398057
AGREGAT,Agregat,1,lin,2026-03-25,2026-04-01,357293.0,353702.323935773,False,2168.7281553398057
AGREGAT,Agregat,1,ar1,2026-03-25,2026-04-01,357293.0,357943.1242806497,False,2168.7281553398057
AGREGAT,Agregat,1,naivni,2026-04-01,2026-04-08,356251.0,357293.0,True,2157.894230769231
AGREGAT,Agregat,1,lin,2026-04-01,2026-04-08,356251.0,354416.0750915751,True,2157.894230769231
AGREGAT,Agregat,1,ar1,2026-04-01,2026-04-08,356251.0,356900.28127478785,True,2157.894230769231
AGREGAT,Agregat,1,naivni,2026-04-08,2026-04-15,354433.0,356251.0,True,2147.266666666667
AGREGAT,Agregat,1,lin,2026-04-08,2026-04-15,354433.0,355064.2167115905,True,2147.266666666667
AGREGAT,Agregat,1,ar1,2026-04-08,2026-04-15,354433.0,355860.53660890524,True,2147.266666666667
AGREGAT,Agregat,1,naivni,2026-04-15,2026-04-22,356117.0,354433.0,False,2144.1603773584907
AGREGAT,Agregat,1,lin,2026-04-15,2026-04-22,356117.0,355620.489684359,False,2144.1603773584907
AGREGAT,Agregat,1,ar1,2026-04-15,2026-04-22,356117.0,354041.5206053087,False,2144.1603773584907
AGREGAT,Agregat,1,naivni,2026-04-22,2026-04-29,357801.0,356117.0,True,2139.8598130841124
AGREGAT,Agregat,1,lin,2026-04-22,2026-04-29,357801.0,356218.4210799583,True,2139.8598130841124
AGREGAT,Agregat,1,ar1,2026-04-22,2026-04-29,357801.0,355748.56874043687,True,2139.8598130841124
AGREGAT,Agregat,1,naivni,2026-04-29,2026-05-06,355597.0,357801.0,True,2135.6388888888887
AGREGAT,Agregat,1,lin,2026-04-29,2026-05-06,355597.0,356856.2925586137,True,2135.6388888888887
AGREGAT,Agregat,1,ar1,2026-04-29,2026-05-06,355597.0,357460.68445406423,True,2135.6388888888887
AGREGAT,Agregat,1,naivni,2026-05-06,2026-05-13,356367.0,355597.0,True,2136.266055045872
AGREGAT,Agregat,1,lin,2026-05-06,2026-05-13,356367.0,357391.08723936626,True,2136.266055045872
AGREGAT,Agregat,1,ar1,2026-05-06,2026-05-13,356367.0,355248.9566660132,True,2136.266055045872
AGREGAT,Agregat,1,naivni,2026-05-13,2026-05-20,355114.0,356367.0,True,2123.8454545454547
AGREGAT,Agregat,1,lin,2026-05-13,2026-05-20,355114.0,357934.15151515155,True,2123.8454545454547
AGREGAT,Agregat,1,ar1,2026-05-13,2026-05-20,355114.0,356034.05580467934,True,2123.8454545454547
AGREGAT,Agregat,1,naivni,2026-05-20,2026-05-27,357006.0,355114.0,True,2116.0
AGREGAT,Agregat,1,lin,2026-05-20,2026-05-27,357006.0,358412.90588803083,True,2116.0
AGREGAT,Agregat,1,ar1,2026-05-20,2026-05-27,357006.0,354785.5126745136,True,2116.0
AGREGAT,Agregat,1,naivni,2026-05-27,2026-06-03,354706.0,357006.0,True,2114.0
AGREGAT,Agregat,1,lin,2026-05-27,2026-06-03,354706.0,358941.2409924147,True,2114.0
AGREGAT,Agregat,1,ar1,2026-05-27,2026-06-03,354706.0,356693.9958894818,True,2114.0
AGREGAT,Agregat,1,naivni,2026-06-03,2026-06-10,353378.5,354706.0,False,2115.646017699115
AGREGAT,Agregat,1,lin,2026-06-03,2026-06-10,353378.5,359370.1178388448,False,2115.646017699115
AGREGAT,Agregat,1,ar1,2026-06-03,2026-06-10,353378.5,354394.3799794115,False,2115.646017699115
AGREGAT,Agregat,1,naivni,2026-06-10,2026-06-17,352051.0,353378.5,True,2108.7324561403507
AGREGAT,Agregat,1,lin,2026-06-10,2026-06-17,352051.0,359737.25720823795,True,2108.7324561403507
AGREGAT,Agregat,1,ar1,2026-06-10,2026-06-17,352051.0,353075.8917737518,True,2108.7324561403507
AGREGAT,Agregat,1,naivni,2026-06-17,2026-06-24,352445.0,352051.0,True,2101.939130434783
AGREGAT,Agregat,1,lin,2026-06-17,2026-06-24,352445.0,360045.0624437782,True,2101.939130434783
AGREGAT,Agregat,1,ar1,2026-06-17,2026-06-24,352445.0,351760.2766855605,True,2101.939130434783
AGREGAT,Agregat,1,naivni,2026-06-24,2026-07-01,351046.0,352445.0,True,2087.2155172413795
AGREGAT,Agregat,1,lin,2026-06-24,2026-07-01,351046.0,360354.681844975,True,2087.2155172413795
AGREGAT,Agregat,1,ar1,2026-06-24,2026-07-01,351046.0,352158.82671852683,True,2087.2155172413795
AGREGAT,Agregat,1,naivni,2026-07-01,2026-07-08,350810.0,351046.0,True,2081.3333333333335
AGREGAT,Agregat,1,lin,2026-07-01,2026-07-08,350810.0,360605.280964798,True,2081.3333333333335
AGREGAT,Agregat,1,ar1,2026-07-01,2026-07-08,350810.0,350774.22928891174,True,2081.3333333333335
AGREGAT,Agregat,1,naivni,2026-07-08,2026-07-15,351969.0,350810.0,True,2065.6949152542375
AGREGAT,Agregat,1,lin,2026-07-08,2026-07-15,351969.0,360838.19797749625,True,2065.6949152542375
AGREGAT,Agregat,1,ar1,2026-07-08,2026-07-15,351969.0,350545.590860259,True,2065.6949152542375
AGREGAT,Agregat,4,naivni,2025-03-26,2025-04-23,327005.0,323814.0,True,1598.0392156862745
AGREGAT,Agregat,4,lin,2025-03-26,2025-04-23,327005.0,314459.15995048237,True,1598.0392156862745
AGREGAT,Agregat,4,ar1,2025-03-26,2025-04-23,327005.0,323794.2320962304,True,1598.0392156862745
AGREGAT,Agregat,4,naivni,2025-04-02,2025-04-30,330206.0,324171.0,True,1574.173076923077
AGREGAT,Agregat,4,lin,2025-04-02,2025-04-30,330206.0,315561.19351717475,True,1574.173076923077
AGREGAT,Agregat,4,ar1,2025-04-02,2025-04-30,330206.0,324336.0340359576,True,1574.173076923077
AGREGAT,Agregat,4,naivni,2025-04-09,2025-05-07,328455.0,325445.0,True,1568.5094339622642
AGREGAT,Agregat,4,lin,2025-04-09,2025-05-07,328455.0,316687.19062321325,True,1568.5094339622642
AGREGAT,Agregat,4,ar1,2025-04-09,2025-05-07,328455.0,326211.40547635936,True,1568.5094339622642
AGREGAT,Agregat,4,naivni,2025-04-16,2025-05-14,329807.0,326003.0,True,1549.7962962962963
AGREGAT,Agregat,4,lin,2025-04-16,2025-05-14,329807.0,317778.5360750361,True,1549.7962962962963
AGREGAT,Agregat,4,ar1,2025-04-16,2025-05-14,329807.0,326942.80810921063,True,1549.7962962962963
AGREGAT,Agregat,4,naivni,2025-04-23,2025-05-21,329389.0,327005.0,True,1539.8363636363636
AGREGAT,Agregat,4,lin,2025-04-23,2025-05-21,329389.0,318872.1112440192,True,1539.8363636363636
AGREGAT,Agregat,4,ar1,2025-04-23,2025-05-21,329389.0,328306.6880907818,True,1539.8363636363636
AGREGAT,Agregat,4,naivni,2025-04-30,2025-05-28,331652.0,330206.0,True,1569.5
AGREGAT,Agregat,4,lin,2025-04-30,2025-05-28,331652.0,320133.7715841327,True,1569.5
AGREGAT,Agregat,4,ar1,2025-04-30,2025-05-28,331652.0,333078.2856786875,True,1569.5
AGREGAT,Agregat,4,naivni,2025-05-07,2025-06-04,334280.0,328455.0,True,1572.6842105263158
AGREGAT,Agregat,4,lin,2025-05-07,2025-06-04,334280.0,321181.9762527301,True,1572.6842105263158
AGREGAT,Agregat,4,ar1,2025-05-07,2025-06-04,334280.0,329952.9241282948,True,1572.6842105263158
AGREGAT,Agregat,4,naivni,2025-05-14,2025-06-11,301611.0,329807.0,True,1568.8793103448277
AGREGAT,Agregat,4,lin,2025-05-14,2025-06-11,301611.0,322259.75353594386,True,1568.8793103448277
AGREGAT,Agregat,4,ar1,2025-05-14,2025-06-11,301611.0,331735.2686971397,True,1568.8793103448277
AGREGAT,Agregat,4,naivni,2025-05-21,2025-06-18,332772.0,329389.0,True,1549.3728813559321
AGREGAT,Agregat,4,lin,2025-05-21,2025-06-18,332772.0,323237.8733259237,True,1549.3728813559321
AGREGAT,Agregat,4,ar1,2025-05-21,2025-06-18,332772.0,330931.13018540986,True,1549.3728813559321
AGREGAT,Agregat,4,naivni,2025-05-28,2025-06-25,333140.0,331652.0,False,1561.2666666666667
AGREGAT,Agregat,4,lin,2025-05-28,2025-06-25,333140.0,324312.4411422528,False,1561.2666666666667
AGREGAT,Agregat,4,ar1,2025-05-28,2025-06-25,333140.0,333955.3512798077,False,1561.2666666666667
AGREGAT,Agregat,4,naivni,2025-06-04,2025-07-02,333508.0,334280.0,True,1578.7540983606557
AGREGAT,Agregat,4,lin,2025-06-04,2025-07-02,333508.0,325501.1807055979,True,1578.7540983606557
AGREGAT,Agregat,4,ar1,2025-06-04,2025-07-02,333508.0,337588.96076314925,True,1578.7540983606557
AGREGAT,Agregat,4,naivni,2025-06-11,2025-07-09,334710.0,301611.0,True,2080.2096774193546
AGREGAT,Agregat,4,lin,2025-06-11,2025-07-09,334710.0,324396.7075012802,True,2080.2096774193546
AGREGAT,Agregat,4,ar1,2025-06-11,2025-07-09,334710.0,305069.5323561886,True,2080.2096774193546
AGREGAT,Agregat,4,naivni,2025-06-18,2025-07-16,334073.0,332772.0,True,2541.809523809524
AGREGAT,Agregat,4,lin,2025-06-18,2025-07-16,334073.0,325433.5904075091,True,2541.809523809524
AGREGAT,Agregat,4,ar1,2025-06-18,2025-07-16,334073.0,322926.7666279902,True,2541.809523809524
AGREGAT,Agregat,4,naivni,2025-06-25,2025-07-23,337328.0,333140.0,True,2507.84375
AGREGAT,Agregat,4,lin,2025-06-25,2025-07-23,337328.0,326432.5715034966,True,2507.84375
AGREGAT,Agregat,4,ar1,2025-06-25,2025-07-23,337328.0,323931.7237416464,True,2507.84375
AGREGAT,Agregat,4,naivni,2025-07-02,2025-07-30,336061.0,333508.0,True,2474.923076923077
AGREGAT,Agregat,4,lin,2025-07-02,2025-07-30,336061.0,327396.21722854266,True,2474.923076923077
AGREGAT,Agregat,4,ar1,2025-07-02,2025-07-30,336061.0,324868.50768176746,True,2474.923076923077
AGREGAT,Agregat,4,naivni,2025-07-09,2025-08-06,337298.0,334710.0,True,2455.6363636363635
AGREGAT,Agregat,4,lin,2025-07-09,2025-08-06,337298.0,328379.97326203197,True,2455.6363636363635
AGREGAT,Agregat,4,ar1,2025-07-09,2025-08-06,337298.0,326416.4589749639,True,2455.6363636363635
AGREGAT,Agregat,4,naivni,2025-07-16,2025-08-13,338360.0,334073.0,True,2428.492537313433
AGREGAT,Agregat,4,lin,2025-07-16,2025-08-13,338360.0,329267.1033324425,True,2428.492537313433
AGREGAT,Agregat,4,ar1,2025-07-16,2025-08-13,338360.0,326468.4564412198,True,2428.492537313433
AGREGAT,Agregat,4,naivni,2025-07-23,2025-08-20,330223.0,337328.0,True,2440.6470588235293
AGREGAT,Agregat,4,lin,2025-07-23,2025-08-20,330223.0,330304.2169285107,True,2440.6470588235293
AGREGAT,Agregat,4,ar1,2025-07-23,2025-08-20,330223.0,329672.46671520144,True,2440.6470588235293
AGREGAT,Agregat,4,naivni,2025-07-30,2025-08-27,336866.0,336061.0,True,2423.6376811594205
AGREGAT,Agregat,4,lin,2025-07-30,2025-08-27,336866.0,331206.37083369767,True,2423.6376811594205
AGREGAT,Agregat,4,ar1,2025-07-30,2025-08-27,336866.0,329108.6988234531,True,2423.6376811594205
AGREGAT,Agregat,4,naivni,2025-08-06,2025-09-03,336324.0,337298.0,True,2406.6857142857143
AGREGAT,Agregat,4,lin,2025-08-06,2025-09-03,336324.0,332132.2806841048,True,2406.6857142857143
AGREGAT,Agregat,4,ar1,2025-08-06,2025-09-03,336324.0,330622.6403590591,True,2406.6857142857143
AGREGAT,Agregat,4,naivni,2025-08-13,2025-09-10,337284.0,338360.0,True,2387.7464788732395
AGREGAT,Agregat,4,lin,2025-08-13,2025-09-10,337284.0,333069.99508542835,True,2387.7464788732395
AGREGAT,Agregat,4,ar1,2025-08-13,2025-09-10,337284.0,332003.7480281655,True,2387.7464788732395
AGREGAT,Agregat,4,naivni,2025-08-20,2025-09-17,337606.0,330223.0,True,2467.597222222222
AGREGAT,Agregat,4,lin,2025-08-20,2025-09-17,337606.0,333483.9681599406,True,2467.597222222222
AGREGAT,Agregat,4,ar1,2025-08-20,2025-09-17,337606.0,325451.29543757363,True,2467.597222222222
AGREGAT,Agregat,4,naivni,2025-08-27,2025-09-24,338438.0,336866.0,True,2524.794520547945
AGREGAT,Agregat,4,lin,2025-08-27,2025-09-24,338438.0,334254.20213254355,True,2524.794520547945
AGREGAT,Agregat,4,ar1,2025-08-27,2025-09-24,338438.0,330877.7581857668,True,2524.794520547945
AGREGAT,Agregat,4,naivni,2025-09-03,2025-10-01,337912.0,336324.0,True,2498.0
AGREGAT,Agregat,4,lin,2025-09-03,2025-10-01,337912.0,334952.5323376008,True,2498.0
AGREGAT,Agregat,4,ar1,2025-09-03,2025-10-01,337912.0,330725.88510657486,True,2498.0
AGREGAT,Agregat,4,naivni,2025-09-10,2025-10-08,339426.0,337284.0,True,2477.4933333333333
AGREGAT,Agregat,4,lin,2025-09-10,2025-10-08,339426.0,335667.02344497584,True,2477.4933333333333
AGREGAT,Agregat,4,ar1,2025-09-10,2025-10-08,339426.0,331823.6107739586,True,2477.4933333333333
AGREGAT,Agregat,4,naivni,2025-09-17,2025-10-15,341525.0,337606.0,True,2449.1315789473683
AGREGAT,Agregat,4,lin,2025-09-17,2025-10-15,341525.0,336361.60507913143,True,2449.1315789473683
AGREGAT,Agregat,4,ar1,2025-09-17,2025-10-15,341525.0,332373.16191878205,True,2449.1315789473683
AGREGAT,Agregat,4,naivni,2025-09-24,2025-10-22,342725.0,338438.0,True,2428.12987012987
AGREGAT,Agregat,4,lin,2025-09-24,2025-10-22,342725.0,337065.0842111476,True,2428.12987012987
AGREGAT,Agregat,4,ar1,2025-09-24,2025-10-22,342725.0,333358.1839874762,True,2428.12987012987
AGREGAT,Agregat,4,naivni,2025-10-01,2025-10-29,345945.0,337912.0,True,2403.74358974359
AGREGAT,Agregat,4,lin,2025-10-01,2025-10-29,345945.0,337704.27801850066,True,2403.74358974359
AGREGAT,Agregat,4,ar1,2025-10-01,2025-10-29,345945.0,333133.90097909776,True,2403.74358974359
AGREGAT,Agregat,4,naivni,2025-10-08,2025-11-05,344187.0,339426.0,True,2392.481012658228
AGREGAT,Agregat,4,lin,2025-10-08,2025-11-05,344187.0,338390.5866033755,True,2392.481012658228
AGREGAT,Agregat,4,ar1,2025-10-08,2025-11-05,344187.0,334696.1017257717,True,2392.481012658228
AGREGAT,Agregat,4,naivni,2025-10-15,2025-11-12,345410.0,341525.0,True,2388.8125
AGREGAT,Agregat,4,lin,2025-10-15,2025-11-12,345410.0,339151.74468533584,True,2388.8125
AGREGAT,Agregat,4,ar1,2025-10-15,2025-11-12,345410.0,336845.1411106046,True,2388.8125
AGREGAT,Agregat,4,naivni,2025-10-22,2025-11-19,345542.0,342725.0,True,2374.135802469136
AGREGAT,Agregat,4,lin,2025-10-22,2025-11-19,345542.0,339937.2282408767,True,2374.135802469136
AGREGAT,Agregat,4,ar1,2025-10-22,2025-11-19,345542.0,338217.90541444195,True,2374.135802469136
AGREGAT,Agregat,4,naivni,2025-10-29,2025-11-26,346771.0,345945.0,True,2384.451219512195
AGREGAT,Agregat,4,lin,2025-10-29,2025-11-26,346771.0,340848.19917299866,True,2384.451219512195
AGREGAT,Agregat,4,ar1,2025-10-29,2025-11-26,346771.0,341594.9249006614,True,2384.451219512195
AGREGAT,Agregat,4,naivni,2025-11-05,2025-12-03,346438.0,344187.0,True,2376.9036144578313
AGREGAT,Agregat,4,lin,2025-11-05,2025-12-03,346438.0,341628.0448010529,True,2376.9036144578313
AGREGAT,Agregat,4,ar1,2025-11-05,2025-12-03,346438.0,340093.79978949175,True,2376.9036144578313
AGREGAT,Agregat,4,naivni,2025-11-12,2025-12-10,345448.0,345410.0,True,2363.1666666666665
AGREGAT,Agregat,4,lin,2025-11-12,2025-12-10,345448.0,342431.54539769405,True,2363.1666666666665
AGREGAT,Agregat,4,ar1,2025-11-12,2025-12-10,345448.0,341499.5871461977,True,2363.1666666666665
AGREGAT,Agregat,4,naivni,2025-11-19,2025-12-17,343720.0,345542.0,True,2336.9176470588236
AGREGAT,Agregat,4,lin,2025-11-19,2025-12-17,343720.0,343204.017255531,True,2336.9176470588236
AGREGAT,Agregat,4,ar1,2025-11-19,2025-12-17,343720.0,341830.48035873496,True,2336.9176470588236
AGREGAT,Agregat,4,naivni,2025-11-26,2025-12-24,343626.0,346771.0,False,2324.0348837209303
AGREGAT,Agregat,4,lin,2025-11-26,2025-12-24,343626.0,344000.10901314655,False,2324.0348837209303
AGREGAT,Agregat,4,ar1,2025-11-26,2025-12-24,343626.0,343235.34069960675,False,2324.0348837209303
AGREGAT,Agregat,4,naivni,2025-12-03,2025-12-31,343532.0,346438.0,False,2301.1494252873563
AGREGAT,Agregat,4,lin,2025-12-03,2025-12-31,343532.0,344743.95133140776,False,2301.1494252873563
AGREGAT,Agregat,4,ar1,2025-12-03,2025-12-31,343532.0,343078.26466727763,False,2301.1494252873563
AGREGAT,Agregat,4,naivni,2025-12-10,2026-01-07,343438.0,345448.0,True,2286.25
AGREGAT,Agregat,4,lin,2025-12-10,2026-01-07,343438.0,345407.2492339122,True,2286.25
AGREGAT,Agregat,4,ar1,2025-12-10,2026-01-07,343438.0,342255.8304040863,True,2286.25
AGREGAT,Agregat,4,naivni,2025-12-17,2026-01-14,344389.0,343720.0,True,2279.9775280898875
AGREGAT,Agregat,4,lin,2025-12-17,2026-01-14,344389.0,345959.73165136983,True,2279.9775280898875
AGREGAT,Agregat,4,ar1,2025-12-17,2026-01-14,344389.0,340716.38979319134,True,2279.9775280898875
AGREGAT,Agregat,4,naivni,2025-12-24,2026-01-21,346342.0,343626.0,True,2255.688888888889
AGREGAT,Agregat,4,lin,2025-12-24,2026-01-21,346342.0,346482.399522217,True,2255.688888888889
AGREGAT,Agregat,4,ar1,2025-12-24,2026-01-21,346342.0,340737.8188687827,True,2255.688888888889
AGREGAT,Agregat,4,naivni,2025-12-31,2026-01-28,349679.0,343532.0,True,2231.934065934066
AGREGAT,Agregat,4,lin,2025-12-31,2026-01-28,349679.0,346976.7628885839,True,2231.934065934066
AGREGAT,Agregat,4,ar1,2025-12-31,2026-01-28,349679.0,340750.9312224895,True,2231.934065934066
AGREGAT,Agregat,4,naivni,2026-01-07,2026-02-04,351644.0,343438.0,True,2208.695652173913
AGREGAT,Agregat,4,lin,2026-01-07,2026-02-04,351644.0,347444.2425074352,True,2208.695652173913
AGREGAT,Agregat,4,ar1,2026-01-07,2026-02-04,351644.0,340756.64220905607,True,2208.695652173913
AGREGAT,Agregat,4,naivni,2026-01-14,2026-02-11,353144.0,344389.0,True,2195.1720430107525
AGREGAT,Agregat,4,lin,2026-01-14,2026-02-11,353144.0,347932.7504244482,True,2195.1720430107525
AGREGAT,Agregat,4,ar1,2026-01-14,2026-02-11,353144.0,341745.4425484239,True,2195.1720430107525
AGREGAT,Agregat,4,naivni,2026-01-21,2026-02-18,357623.0,346342.0,True,2192.595744680851
AGREGAT,Agregat,4,lin,2026-01-21,2026-02-18,357623.0,348485.4318589026,True,2192.595744680851
AGREGAT,Agregat,4,ar1,2026-01-21,2026-02-18,357623.0,343707.82218887703,True,2192.595744680851
AGREGAT,Agregat,4,naivni,2026-01-28,2026-02-25,356328.0,349679.0,True,2204.642105263158
AGREGAT,Agregat,4,lin,2026-01-28,2026-02-25,356328.0,349159.52435567,True,2204.642105263158
AGREGAT,Agregat,4,ar1,2026-01-28,2026-02-25,356328.0,347087.5824807308,True,2204.642105263158
AGREGAT,Agregat,4,naivni,2026-02-04,2026-03-04,354998.0,351644.0,True,2202.1458333333335
AGREGAT,Agregat,4,lin,2026-02-04,2026-03-04,354998.0,349890.0302440564,True,2202.1458333333335
AGREGAT,Agregat,4,ar1,2026-02-04,2026-03-04,354998.0,349190.26840893005,True,2202.1458333333335
AGREGAT,Agregat,4,naivni,2026-02-11,2026-03-11,356104.0,353144.0,True,2194.907216494845
AGREGAT,Agregat,4,lin,2026-02-11,2026-03-11,356104.0,350654.41893158393,True,2194.907216494845
AGREGAT,Agregat,4,ar1,2026-02-11,2026-03-11,356104.0,350848.7268633276,True,2194.907216494845
AGREGAT,Agregat,4,naivni,2026-02-18,2026-03-18,356088.0,357623.0,True,2218.214285714286
AGREGAT,Agregat,4,lin,2026-02-18,2026-03-18,356088.0,351576.863240569,True,2218.214285714286
AGREGAT,Agregat,4,ar1,2026-02-18,2026-03-18,356088.0,355706.13641487795,True,2218.214285714286
AGREGAT,Agregat,4,naivni,2026-02-25,2026-03-25,358335.0,356328.0,True,2208.8888888888887
AGREGAT,Agregat,4,lin,2026-02-25,2026-03-25,358335.0,352408.74896489666,True,2208.8888888888887
AGREGAT,Agregat,4,ar1,2026-02-25,2026-03-25,358335.0,354399.0236050831,True,2208.8888888888887
AGREGAT,Agregat,4,naivni,2026-03-04,2026-04-01,357293.0,354998.0,False,2200.1
AGREGAT,Agregat,4,lin,2026-03-04,2026-04-01,357293.0,353152.7628421666,False,2200.1
AGREGAT,Agregat,4,ar1,2026-03-04,2026-04-01,357293.0,353076.59317379864,False,2200.1
AGREGAT,Agregat,4,naivni,2026-03-11,2026-04-08,356251.0,356104.0,True,2189.267326732673
AGREGAT,Agregat,4,lin,2026-03-11,2026-04-08,356251.0,353912.58635235304,True,2189.267326732673
AGREGAT,Agregat,4,ar1,2026-03-11,2026-04-08,356251.0,354321.0732338121,True,2189.267326732673
AGREGAT,Agregat,4,naivni,2026-03-18,2026-04-15,354433.0,356088.0,True,2167.9607843137255
AGREGAT,Agregat,4,lin,2026-03-18,2026-04-15,354433.0,354642.033881738,True,2167.9607843137255
AGREGAT,Agregat,4,ar1,2026-03-18,2026-04-15,354433.0,354380.86931748624,True,2167.9607843137255
AGREGAT,Agregat,4,naivni,2026-03-25,2026-04-22,356117.0,358335.0,False,2168.7281553398057
AGREGAT,Agregat,4,lin,2026-03-25,2026-04-22,356117.0,355433.21442441054,False,2168.7281553398057
AGREGAT,Agregat,4,ar1,2026-03-25,2026-04-22,356117.0,356827.9856012318,False,2168.7281553398057
AGREGAT,Agregat,4,naivni,2026-04-01,2026-04-29,357801.0,357293.0,True,2157.894230769231
AGREGAT,Agregat,4,lin,2026-04-01,2026-04-29,357801.0,356152.77260349714,True,2157.894230769231
AGREGAT,Agregat,4,ar1,2026-04-01,2026-04-29,357801.0,355784.2115544768,True,2157.894230769231
AGREGAT,Agregat,4,naivni,2026-04-08,2026-05-06,355597.0,356251.0,True,2147.266666666667
AGREGAT,Agregat,4,lin,2026-04-08,2026-05-06,355597.0,356803.82628914044,True,2147.266666666667
AGREGAT,Agregat,4,ar1,2026-04-08,2026-05-06,355597.0,354752.23190949095,True,2147.266666666667
AGREGAT,Agregat,4,naivni,2026-04-15,2026-05-13,356367.0,354433.0,True,2144.1603773584907
AGREGAT,Agregat,4,lin,2026-04-15,2026-05-13,356367.0,357359.11605830834,True,2144.1603773584907
AGREGAT,Agregat,4,ar1,2026-04-15,2026-05-13,356367.0,352933.116254449,True,2144.1603773584907
AGREGAT,Agregat,4,naivni,2026-04-22,2026-05-20,355114.0,356117.0,True,2139.8598130841124
AGREGAT,Agregat,4,lin,2026-04-22,2026-05-20,355114.0,357957.8066439928,True,2139.8598130841124
AGREGAT,Agregat,4,ar1,2026-04-22,2026-05-20,355114.0,354701.94429092447,True,2139.8598130841124
AGREGAT,Agregat,4,naivni,2026-04-29,2026-05-27,357006.0,357801.0,True,2135.6388888888887
AGREGAT,Agregat,4,lin,2026-04-29,2026-05-27,357006.0,358598.0539709017,True,2135.6388888888887
AGREGAT,Agregat,4,ar1,2026-04-29,2026-05-27,357006.0,356490.6850946396,True,2135.6388888888887
AGREGAT,Agregat,4,naivni,2026-05-06,2026-06-03,354706.0,355597.0,True,2136.266055045872
AGREGAT,Agregat,4,lin,2026-05-06,2026-06-03,354706.0,359130.9922007079,True,2136.266055045872
AGREGAT,Agregat,4,ar1,2026-05-06,2026-06-03,354706.0,354259.9914590154,True,2136.266055045872
AGREGAT,Agregat,4,naivni,2026-05-13,2026-06-10,353378.5,356367.0,False,2123.8454545454547
AGREGAT,Agregat,4,lin,2026-05-13,2026-06-10,353378.5,359672.5737246988,False,2123.8454545454547
AGREGAT,Agregat,4,ar1,2026-05-13,2026-06-10,353378.5,355086.40841158904,False,2123.8454545454547
AGREGAT,Agregat,4,naivni,2026-05-20,2026-06-17,352051.0,355114.0,True,2116.0
AGREGAT,Agregat,4,lin,2026-05-20,2026-06-17,352051.0,360147.3171361943,True,2116.0
AGREGAT,Agregat,4,ar1,2026-05-20,2026-06-17,352051.0,353851.829761434,True,2116.0
AGREGAT,Agregat,4,naivni,2026-05-27,2026-06-24,352445.0,357006.0,True,2114.0
AGREGAT,Agregat,4,lin,2026-05-27,2026-06-24,352445.0,360673.68637301226,True,2114.0
AGREGAT,Agregat,4,ar1,2026-05-27,2026-06-24,352445.0,355804.43116800324,True,2114.0
AGREGAT,Agregat,4,naivni,2026-06-03,2026-07-01,351046.0,354706.0,True,2115.646017699115
AGREGAT,Agregat,4,lin,2026-06-03,2026-07-01,351046.0,361096.74824325135,True,2115.646017699115
AGREGAT,Agregat,4,ar1,2026-06-03,2026-07-01,351046.0,353508.43239828007,True,2115.646017699115
AGREGAT,Agregat,4,naivni,2026-06-10,2026-07-08,350810.0,353378.5,True,2108.7324561403507
AGREGAT,Agregat,4,lin,2026-06-10,2026-07-08,350810.0,361455.80297088297,True,2108.7324561403507
AGREGAT,Agregat,4,ar1,2026-06-10,2026-07-08,350810.0,352216.6911010848,True,2108.7324561403507
AGREGAT,Agregat,4,naivni,2026-06-17,2026-07-15,351969.0,352051.0,True,2101.939130434783
AGREGAT,Agregat,4,lin,2026-06-17,2026-07-15,351969.0,361753.414231346,True,2101.939130434783
AGREGAT,Agregat,4,ar1,2026-06-17,2026-07-15,351969.0,350935.8351295626,True,2101.939130434783
